target,transition,fresh_category,fresh_final_decision,rationale_taxonomy,taxonomy_source_fields,taxonomy_source_backed,adequacy_verdict,adequacy_notes,unjustified_change,change_direction,fresh_issues_combined,fresh_rationale,fresh_requires,fresh_requires_source_fidelity_classification,fresh_requires_source_reference,fresh_requires_source_excerpt
alloc::borrow::Cow::into_owned,add_spec->skip,data_structure,skip,associated_type_or_projection_gap,fresh_issue_tags;fresh_rationale;fresh_requires_source_fidelity_rationale;manifest_source_context,true,adequate_source_backed_skip,fresh issue tags identify generic associated-type or projection results without an available public relation,false,downgrade,classification:associated_type_or_projection,"The borrowed branch calls ToOwned::to_owned, for which no public vstd result relation is supplied, while the owned branch cannot be isolated generically through an existing public specification view of Cow. Therefore no useful non-vacuous result contract is expressible.",,not_applicable,,
alloc::boxed::Box::assume_init,add_spec->skip,data_structure,skip,unsafe_or_representation_sensitive,fresh_issue_tags;fresh_rationale;fresh_requires_source_fidelity_rationale;manifest_source_context,true,adequate_source_backed_skip,"fresh issue tags identify unsafe representation, provenance, or raw pointer behavior that would be trusted as an axiom",false,downgrade,classification:unsafe_or_representation_sensitive,"This unsafe API performs a representation-sensitive transmute from Box<MaybeUninit<T>, A> to Box<T, A>. Although MemContents can describe initialization and the resulting value, an assume_specification would trust precisely the unsafe layout-preserving conversion that requires justification. Existing vstd vocabulary does not provide an ordinary, non-redundant contract that exposes stronger observable semantics without encoding that representation-sensitive operation as an axiom.",,not_applicable,,
alloc::boxed::Box::new_uninit_slice,add_spec->skip,data_structure,skip,ownership_or_uninitialized_model_gap,fresh_issue_tags;fresh_rationale;fresh_requires_source_fidelity_rationale;manifest_source_context,true,adequate_source_backed_skip,fresh issue tags identify ownership or MaybeUninit state that is not modeled by available public views,false,downgrade,classification:ownership_or_uninitialized_model;determinism_unsupported_contract_form,"Although the returned slice length is source-justified and observable, the existing vstd model does not provide a suitable ordinary contract for ownership of newly allocated uninitialized storage. The proposed postcondition also produced inconclusive determinism checking, so it should not be trusted.",,not_applicable,,
alloc::boxed::Box::write,add_spec->skip,data_structure,skip,ownership_or_uninitialized_model_gap,fresh_issue_tags;fresh_rationale;fresh_requires_source_fidelity_rationale;manifest_source_context,true,adequate_source_backed_skip,fresh issue tags identify ownership or MaybeUninit state that is not modeled by available public views,false,downgrade,classification:ownership_or_uninitialized_model;determinism_unsupported_contract_form,"The API's essential behavior is an ownership-preserving transition from Box<MaybeUninit<T>, A> to Box<T, A>. Existing vstd vocabulary cannot express allocation identity or the initialization transition. Although *result == value typechecks, it omits that defining behavior and relies on trusted modeling of Box dereference across uninitialized storage, so it is not a suitable ordinary trusted contract.",,not_applicable,,
alloc::collections::BTreeMap::get_mut,skip->add_spec,data_structure,add_spec,accepted_source_justified_precondition,fresh_rationale;fresh_requires_source_reference;fresh_requires_source_excerpt;fresh_requires_source_fidelity_rationale;manifest_source_context,true,adequate_source_backed_add_spec,fresh accepted contract has a non-empty requires clause with source-fidelity reference and excerpt,false,upgrade,,"Rust 1.96 documents BTreeMap::get_mut as returning a mutable reference to the value for the borrowed key, requires borrowed-form ordering to match the key ordering, and implements the lookup by search_tree(key) with Found(handle) returning handle.into_val_mut(). The contract chooses the stored key selected by the borrowed-key model, returns the old value through that mutable reference, and records that the lookup itself does not mutate the map.",obeys_cmp::<Key>(),source_justified,alloc/src/collections/btree/map.rs:1006,"981: K: Borrow<Q> + Ord, 982: Q: Ord, 987: /// Returns a mutable reference to the value corresponding to the key. 1006: pub fn get_mut<Q: ?Sized>(&mut self, key: &Q) -> Option<&mut V> 1008: K: Borrow<Q> + Ord, 1009: Q: Ord, 1012: match root_node.search_tree(key) { 1013: Found(handle) => Some(handle.into_val_mut()), 1014: GoDown(_) => None,"
alloc::collections::BTreeMap::remove_entry,add_spec->skip,data_structure,skip,borrowed_key_model_underdetermined,fresh_issue_tags;fresh_rationale;fresh_requires_source_fidelity_rationale;manifest_source_context,true,adequate_source_backed_skip,fresh rationale identifies borrowed-key lookup semantics that cannot select a unique stored key with existing predicates,false,downgrade,determinism_unsupported_contract_form,"Existing vstd borrowed-key predicates cannot identify the unique stored key selected by the query. Consequently, they cannot deterministically characterize the returned owned key-value pair together with the exact map update. Strengthening the contract would require vocabulary relating borrowed-key ordering to a specific owned key.",,not_applicable,,
alloc::collections::BTreeSet::take,add_spec->skip,data_structure,skip,borrowed_key_model_underdetermined,fresh_issue_tags;fresh_rationale;fresh_requires_source_fidelity_rationale;manifest_source_context,true,adequate_source_backed_skip,fresh rationale identifies borrowed-key lookup semantics that cannot select a unique stored key with existing predicates,false,downgrade,determinism_unsupported_contract_form,"The existing borrowed-key predicates are uninterpreted for general Key and Q, with concrete meaning only for special cases such as Key = Q and Key = Box<Q>. They do not establish that sets_borrowed_key_to_key identifies a unique returned Key, so the owned Some payload remains nondeterministic. Neither obeys_cmp::<Key>() nor the Rust bounds express the required coherence between Key ordering, Q ordering, and Borrow<Q>. Adding a uniqueness or borrow-coherence precondition would introduce a nonstandard, burdensome domain unsupported by existing vstd vocabulary. Therefore no useful ordinary deterministic contract is available.",,not_applicable,,
alloc::collections::LinkedList::back_mut,skip->add_spec,data_structure,add_spec,accepted_collection_lookup_or_conversion_contract,fresh_rationale;fresh_requires_source_fidelity_rationale;manifest_source_context,true,adequate_source_backed_add_spec,fresh accepted contract exposes stable collection lookup or conversion semantics with no semantic-gate issues,false,upgrade,,"Rust 1.96 implements LinkedList::back_mut as `self.tail.as_mut().map(|node| &mut node.as_mut().element)`, so it returns Some exactly for nonempty lists and projects the old tail element. The contract models only the observable sequence value of that returned mutable reference and preserves both the returned value and the list view at function return, without pointer or private-node identity claims.",,not_applicable,,
alloc::collections::VecDeque::binary_search,skip->add_spec,data_structure,add_spec,accepted_source_justified_precondition,fresh_rationale;fresh_requires_source_reference;fresh_requires_source_excerpt;fresh_requires_source_fidelity_rationale;manifest_source_context,true,adequate_source_backed_add_spec,fresh accepted contract has a non-empty requires clause with source-fidelity reference and excerpt,false,upgrade,,"For a sorted deque with lawful modeled comparison, binary_search returns the unique matching index or the unique insertion index. Requiring at most one element equal to the searched value removes the documented duplicate-match nondeterminism without requiring all deque elements to be distinct. Parenthesizing casts in chained comparisons makes the contract parse and typecheck in Verus.","obeys_cmp::<T>(); forall|i: int, j: int| 0 <= i < j < v@.len() ==>
            v@[i].cmp_spec(&v@[j]) != Ordering::Greater; forall|i: int, j: int|
            0 <= i < v@.len() && 0 <= j < v@.len()
            && v@[i].cmp_spec(x) == Ordering::Equal
            && v@[j].cmp_spec(x) == Ordering::Equal ==> i == j",source_justified,alloc/src/collections/vec_deque/mod.rs:3201,"3156: /// one of the matches could be returned. If the value is not found then 3157: /// [`Result::Err`] is returned, containing the index where a matching 3158: /// element could be inserted while maintaining sorted order. 3169: /// uniquely determined position; the second and third are not 3193: /// // If `num` is unique, `s.partition_point(|&x| x < num)` (with `<`) is equivalent to 3201: pub fn binary_search(&self, x: &T) -> Result<usize, usize> 3203: T: Ord, 3205: self.binary_search_by(|e| e.cmp(x)) 3213: /// If the `VecDeque` is not sorted or if the comparator function does not 3218: /// index of the matching element. If there are multiple matches, then any 3219: /// one of the matches could be returned. If the value is not found then 3220: /// [`Result::Err`] is returned, containing the index where a matching 3221: /// element could be inserted while maintaining sorted order. 3232: /// uniquely determined position; the second and third are not"
alloc::collections::VecDeque::binary_search_by_key,add_spec->skip,data_structure,skip,higher_order_behavior_unmodeled,fresh_issue_tags;fresh_rationale;fresh_requires_source_fidelity_rationale;manifest_source_context,true,adequate_source_backed_skip,fresh issue tags identify higher-order closure or predicate behavior that the public model cannot observe completely,false,downgrade,classification:higher_order_contract;determinism_unsupported_contract_form,"A source-justified semantic contract must relate the result to keys produced by the stateful FnMut closure, sortedness, and Ord comparisons. Existing vstd vocabulary cannot model those higher-order observations here. The previous range-only postconditions are nondeterministic and do not meaningfully specify binary search behavior; adding T: 'a would only fix the harness lifetime error.",,not_applicable,,
alloc::collections::VecDeque::capacity,add_spec->skip,data_structure,skip,duplicate_existing_vstd_spec,fresh_issue_tags;fresh_rationale;fresh_requires_source_fidelity_rationale;manifest_source_context,true,adequate_source_backed_skip,fresh issue tags identify an existing trusted vstd assume_specification for the exact API target,false,downgrade,classification:representation_or_allocator;duplicate_vstd_assume_specification,"vstd already provides an `assume_specification` for `VecDeque::capacity` through `CapacitySpec`; adding another contract is rejected as a duplicate. The existing specification supplies the observable capacity model, so no additional ordinary contract is needed.",,not_applicable,,
alloc::collections::VecDeque::partition_point,add_spec->skip,data_structure,skip,higher_order_behavior_unmodeled,fresh_issue_tags;fresh_rationale;fresh_requires_source_fidelity_rationale;manifest_source_context,true,adequate_source_backed_skip,fresh issue tags identify higher-order closure or predicate behavior that the public model cannot observe completely,false,downgrade,classification:higher_order_contract;determinism_unsupported_contract_form,"The meaningful result depends on the higher-order FnMut predicate. Expressing the partition boundary requires pred.requires and pred.ensures, but determinism of that relation was not proved. Omitting the predicate semantics leaves only the weak range fact result <= v@.len(), which does not usefully characterize the observable output. No useful ordinary contract is available in the existing vstd vocabulary.",,not_applicable,,
alloc::collections::VecDeque::pop_back_if,add_spec->skip,data_structure,skip,higher_order_behavior_unmodeled,fresh_issue_tags;fresh_rationale;fresh_requires_source_fidelity_rationale;manifest_source_context,true,adequate_source_backed_skip,fresh issue tags identify higher-order closure or predicate behavior that the public model cannot observe completely,false,downgrade,classification:higher_order_contract;determinism_unsupported_contract_form,"The result and final deque depend on invoking an arbitrary FnOnce that may mutate the last element and its captured state. Existing vstd vocabulary cannot express that higher-order interaction or determine which branch is taken, so an ordinary deterministic trusted contract would either omit essential semantics or overconstrain valid behavior.",,not_applicable,,
alloc::collections::VecDeque::pop_front_if,add_spec->skip,data_structure,skip,higher_order_behavior_unmodeled,fresh_issue_tags;fresh_rationale;fresh_requires_source_fidelity_rationale;manifest_source_context,true,adequate_source_backed_skip,fresh issue tags identify higher-order closure or predicate behavior that the public model cannot observe completely,false,downgrade,classification:higher_order_contract;determinism_unsupported_contract_form,The result and final deque depend on an arbitrary FnOnce that may inspect and mutate the front element. Existing vstd vocabulary cannot specify that call or relate its Boolean result and mutation to the method's observable outputs. Omitting that relationship yields an underconstrained higher-order contract whose determinism cannot be established.,,not_applicable,,
alloc::collections::VecDeque::reserve_exact,add_spec->skip,data_structure,skip,representation_or_allocator_model_gap,fresh_issue_tags;fresh_rationale;fresh_requires_source_fidelity_rationale;manifest_source_context,true,adequate_source_backed_skip,fresh issue tags identify allocator capacity or container representation facts rather than stable semantic outputs,false,downgrade,classification:representation_or_allocator;determinism_unsupported_contract_form,"vstd already declares an assume_specification for VecDeque::reserve_exact in std_specs/vecdeque.rs, ensuring final(v)@ == old(v)@. Verus forbids a second specification for the same function, so the proposal cannot typecheck. The existing contract already captures the modeled logical effect; adding a separate capacity guarantee is therefore not possible through another ordinary trusted contract.",,not_applicable,,
alloc::collections::VecDeque::shrink_to,add_spec->skip,data_structure,skip,duplicate_existing_vstd_spec,fresh_issue_tags;fresh_rationale;fresh_requires_source_fidelity_rationale;manifest_source_context,true,adequate_source_backed_skip,fresh issue tags identify an existing trusted vstd assume_specification for the exact API target,false,downgrade,classification:representation_or_allocator;duplicate_vstd_assume_specification,"VecDeque::shrink_to already has an assume_specification in vstd::std_specs::capacity. Adding another trusted contract is rejected as a duplicate, so this target must be skipped.",,not_applicable,,
alloc::collections::VecDeque::shrink_to_fit,add_spec->skip,data_structure,skip,duplicate_existing_vstd_spec,fresh_issue_tags;fresh_rationale;fresh_requires_source_fidelity_rationale;manifest_source_context,true,adequate_source_backed_skip,fresh issue tags identify an existing trusted vstd assume_specification for the exact API target,false,downgrade,classification:representation_or_allocator;duplicate_vstd_assume_specification,vstd already provides a trusted specification for VecDeque::shrink_to_fit with sequence preservation and sound capacity bounds. Adding another assume_specification is rejected as a duplicate.,,not_applicable,,
alloc::collections::VecDeque::try_reserve,add_spec->skip,data_structure,skip,duplicate_existing_vstd_spec,fresh_issue_tags;fresh_rationale;fresh_requires_source_fidelity_rationale;manifest_source_context,true,adequate_source_backed_skip,fresh issue tags identify an existing trusted vstd assume_specification for the exact API target,false,downgrade,classification:representation_or_allocator;duplicate_vstd_assume_specification,vstd::std_specs::capacity already provides an assume_specification for VecDeque::try_reserve. Adding another trusted contract is rejected as a duplicate and would redundantly model an allocator/representation-oriented API.,,not_applicable,,
alloc::ffi::CString::from_vec_with_nul_unchecked,skip->add_spec,other,add_spec,accepted_source_justified_precondition,fresh_rationale;fresh_requires_source_reference;fresh_requires_source_excerpt;fresh_requires_source_fidelity_rationale;manifest_source_context,true,adequate_source_backed_add_spec,fresh accepted contract has a non-empty requires clause with source-fidelity reference and excerpt,false,upgrade,,"Although the function is unsafe, its documented safety invariant is expressible exactly by the existing CString validity predicate. Under that invariant, the source stores the supplied bytes unchanged, while the existing modeled CString view exposes the payload without its required trailing nul; therefore result@ equals bytes@.drop_last().",c_string_bytes_with_nul_valid(bytes@),source_justified,alloc/src/ffi/c_str.rs:635,621: /// The given [`Vec`] **must** have one nul byte as its last element. 622: /// This means it cannot be empty nor have any other nul byte anywhere else. 635: pub unsafe fn from_vec_with_nul_unchecked(v: Vec<u8>) -> Self { 637: unsafe { Self::_from_vec_with_nul_unchecked(v) } 641: Self { inner: v.into_boxed_slice() }
alloc::rc::Rc::assume_init,add_spec->skip,data_structure,skip,unsafe_or_representation_sensitive,fresh_issue_tags;fresh_rationale;fresh_requires_source_fidelity_rationale;manifest_source_context,true,adequate_source_backed_skip,"fresh issue tags identify unsafe representation, provenance, or raw pointer behavior that would be trusted as an axiom",false,downgrade,classification:unsafe_or_representation_sensitive,"The implementation only performs a representation cast from Rc<MaybeUninit<T>, A> to Rc<T, A>. Soundness requires the hidden runtime fact that the allocation contains a fully initialized T, but the supplied public vstd vocabulary provides no predicate expressing that fact or relating MaybeUninit<T> to the resulting T. Therefore no useful non-vacuous contract is expressible.",,not_applicable,,
alloc::rc::Rc::new_uninit,add_spec->skip,data_structure,skip,ownership_or_uninitialized_model_gap,fresh_issue_tags;fresh_rationale;fresh_requires_source_fidelity_rationale;manifest_source_context,true,adequate_source_backed_skip,fresh issue tags identify ownership or MaybeUninit state that is not modeled by available public views,false,downgrade,classification:ownership_or_uninitialized_model,The function only guarantees a newly allocated Rc containing uninitialized storage. Existing public vstd vocabulary cannot soundly express that initialization state or allocation ownership without modeling hidden state.,,not_applicable,,
alloc::rc::Rc::new_uninit_slice,add_spec->skip,data_structure,skip,ownership_or_uninitialized_model_gap,fresh_issue_tags;fresh_rationale;fresh_requires_source_fidelity_rationale;manifest_source_context,true,adequate_source_backed_skip,fresh issue tags identify ownership or MaybeUninit state that is not modeled by available public views,false,downgrade,classification:ownership_or_uninitialized_model;determinism_unsupported_contract_form,"Although the returned slice length equals `len`, determinism could not be proved and the fresh allocation with uninitialized contents requires ownership and initialization semantics not expressible as a useful ordinary contract in the existing vstd vocabulary.",,not_applicable,,
alloc::str::from_boxed_utf8_unchecked,add_spec->skip,other,skip,unsafe_or_representation_sensitive,fresh_issue_tags;fresh_rationale;fresh_requires_source_fidelity_rationale;manifest_source_context,true,adequate_source_backed_skip,"fresh issue tags identify unsafe representation, provenance, or raw pointer behavior that would be trusted as an axiom",false,downgrade,classification:unsafe_or_representation_sensitive;determinism_unsupported_contract_form,"A sound contract must require that the boxed bytes form valid UTF-8. Existing public vstd vocabulary cannot express this predicate for Box<[u8]>, so an ordinary contract would omit the function's essential safety domain.",,not_applicable,,
alloc::string::String::extend_from_within,add_spec->skip,data_structure,skip,determinism_unsupported_contract_form,fresh_issue_tags;fresh_rationale;fresh_requires_source_fidelity_rationale;manifest_source_context,true,adequate_source_backed_skip,fresh determinism feedback rejected the modeled contract form and no more specific issue tag was emitted,false,downgrade,determinism_unsupported_contract_form,"The generic RangeBounds value cannot be related to the resolved byte range using the supplied public Verus vocabulary. The previous existential postcondition permits multiple distinct final strings for the same inputs, so it does not specify deterministic observable behavior. Strengthening it without modeling range resolution would be unsupported by the source.",,not_applicable,,
alloc::string::String::into_boxed_str,add_spec->skip,data_structure,skip,complex_result_or_pattern_model_gap,fresh_issue_tags;fresh_rationale;fresh_requires_source_fidelity_rationale;manifest_source_context,true,adequate_source_backed_skip,fresh issue tags identify string or pattern result semantics that lack a complete public model,false,downgrade,classification:complex_result_or_pattern_model;determinism_unsupported_contract_form,"Although the source preserves the UTF-8 contents, the available Box<str> view produces a complex result model whose equality with String's view does not establish determinism. No useful, source-justified ordinary contract is expressible in the existing vstd vocabulary.",,not_applicable,,
alloc::sync::Arc::assume_init,add_spec->skip,data_structure,skip,unsafe_or_representation_sensitive,fresh_issue_tags;fresh_rationale;fresh_requires_source_fidelity_rationale;manifest_source_context,true,adequate_source_backed_skip,"fresh issue tags identify unsafe representation, provenance, or raw pointer behavior that would be trusted as an axiom",false,downgrade,classification:unsafe_or_representation_sensitive;determinism_unsupported_contract_form,"This unsafe API performs a representation-sensitive ownership-preserving cast of an Arc allocation. Existing vstd vocabulary cannot express that allocation and ownership identity without relying on internal representation modeling. A payload-only postcondition would omit the operation's essential Arc semantics and over-trust the representation cast, so no useful ordinary contract is appropriate.",,not_applicable,,
alloc::sync::Arc::into_inner,add_spec->skip,data_structure,skip,ownership_or_uninitialized_model_gap,fresh_issue_tags;fresh_rationale;fresh_requires_source_fidelity_rationale;manifest_source_context,true,adequate_source_backed_skip,fresh issue tags identify ownership or MaybeUninit state that is not modeled by available public views,false,downgrade,classification:ownership_or_uninitialized_model;determinism_unsupported_contract_form,"The Some/None result depends on Arc's hidden atomic strong-reference state and concurrent ownership transitions, which existing public vstd vocabulary cannot model. Relating a successful payload to dereferencing the consumed Arc introduces an invalid ownership or uninitialized-state model. No useful, source-justified ordinary contract remains.",,not_applicable,,
alloc::sync::Arc::new_uninit,add_spec->skip,data_structure,skip,ownership_or_uninitialized_model_gap,fresh_issue_tags;fresh_rationale;fresh_requires_source_fidelity_rationale;manifest_source_context,true,adequate_source_backed_skip,fresh issue tags identify ownership or MaybeUninit state that is not modeled by available public views,false,downgrade,classification:ownership_or_uninitialized_model,"The result contains intentionally uninitialized T storage. Existing public vstd vocabulary cannot soundly describe its initialization state, contents, or fresh allocation identity, so no useful non-vacuous result relation is expressible.",,not_applicable,,
alloc::sync::Arc::new_uninit_slice,add_spec->skip,data_structure,skip,ownership_or_uninitialized_model_gap,fresh_issue_tags;fresh_rationale;fresh_requires_source_fidelity_rationale;manifest_source_context,true,adequate_source_backed_skip,fresh issue tags identify ownership or MaybeUninit state that is not modeled by available public views,false,downgrade,classification:ownership_or_uninitialized_model;determinism_unsupported_contract_form,"Although the source guarantees that the returned slice has length `len`, the result is an owning `Arc` over uninitialized storage. Existing vstd vocabulary does not adequately model that ownership and initialization state, and determinism of the proposed observable contract was inconclusive. An ordinary trusted contract would therefore provide insufficient semantic value.",,not_applicable,,
alloc::sync::Arc::unwrap_or_clone,add_spec->skip,data_structure,skip,ownership_or_uninitialized_model_gap,fresh_issue_tags;fresh_rationale;fresh_requires_source_fidelity_rationale;manifest_source_context,true,adequate_source_backed_skip,fresh issue tags identify ownership or MaybeUninit state that is not modeled by available public views,false,downgrade,classification:ownership_or_uninitialized_model;determinism_unsupported_contract_form,"The consumed Arc prevents directly observing its inner value in a robust postcondition, while cloned<T> is relational and does not determine the returned value. Existing vstd vocabulary cannot express the reference-count-dependent move-or-clone behavior without an ownership-model issue or an unjustified equality guarantee.",,not_applicable,,
core::array::as_mut_slice,skip->add_spec,data_structure,add_spec,accepted_slice_array_view_contract,fresh_rationale;fresh_requires_source_fidelity_rationale;manifest_source_context,true,adequate_source_backed_add_spec,fresh accepted contract exposes source-documented slice or array view semantics without extra preconditions,false,upgrade,,"Rust 1.96 documents [T; N]::as_mut_slice as returning a mutable slice over the entire array, equivalent to `&mut s[..]`, and the body returns `self`. The contract keeps exactly that whole-array view relation and final mutation correspondence.",,not_applicable,,
core::array::each_mut,skip->add_spec,data_structure,add_spec,accepted_slice_array_view_contract,fresh_rationale;fresh_requires_source_fidelity_rationale;manifest_source_context,true,adequate_source_backed_add_spec,fresh accepted contract exposes source-documented slice or array view semantics without extra preconditions,false,upgrade,,"Rust 1.96 constructs one mutable reference for each array element (`buf[i] = &raw mut self[i]`) and transmutes the initialized pointer array to `[&mut T; N]`. The contract records only observable per-index values: each returned reference initially dereferences to the corresponding pre-call array element, no mutation occurs during the call, and each final returned-reference value equals the corresponding `final(ar)@` element. It intentionally makes no pointer identity or provenance claim.",,not_applicable,,
core::array::from_fn,add_spec->skip,data_structure,skip,higher_order_behavior_unmodeled,fresh_issue_tags;fresh_rationale;fresh_requires_source_fidelity_rationale;manifest_source_context,true,adequate_source_backed_skip,fresh issue tags identify higher-order closure or predicate behavior that the public model cannot observe completely,false,downgrade,classification:higher_order_contract;determinism_unsupported_contract_form,"A useful specification must relate each output element to the corresponding invocation of the stateful FnMut closure. Existing vstd vocabulary only expresses this through higher-order closure contracts, which triggered the semantic issue and does not model ascending state transitions. Output length is already enforced by the return type, so no useful ordinary contract remains.",,not_applicable,,
core::array::from_mut,skip->add_spec,data_structure,add_spec,accepted_slice_array_view_contract,fresh_rationale;fresh_requires_source_fidelity_rationale;manifest_source_context,true,adequate_source_backed_add_spec,fresh accepted contract exposes source-documented slice or array view semantics without extra preconditions,false,upgrade,,"Rust 1.96 documents array::from_mut as converting `&mut T` to `&mut [T; 1]` without copying, and its body performs exactly the `(s as *mut T).cast::<[T; 1]>()` reinterpretation. The contract models only the observable singleton array view and the final mutation correspondence to the input reference.",,not_applicable,,
core::array::repeat,add_spec->skip,data_structure,skip,clone_semantics_unmodeled,fresh_issue_tags;fresh_rationale;fresh_requires_source_fidelity_rationale;manifest_source_context,true,adequate_source_backed_skip,fresh rationale identifies Clone behavior with no public equality or view-preservation guarantee for arbitrary T,false,downgrade,clone_semantics_unmodeled,"For arbitrary T: Clone, Rust does not guarantee that cloning preserves Verus equality or any public semantic view. The supplied implementation only establishes that the array is populated through repeated Clone operations; without a public clone-result relation, no useful sound postcondition is expressible.",,not_applicable,,
core::cell::UnsafeCell::raw_get,add_spec->skip,data_structure,skip,unsafe_or_representation_sensitive,fresh_issue_tags;fresh_rationale;fresh_requires_source_fidelity_rationale;manifest_source_context,true,adequate_source_backed_skip,"fresh issue tags identify unsafe representation, provenance, or raw pointer behavior that would be trusted as an axiom",false,downgrade,classification:unsafe_or_representation_sensitive;determinism_unsupported_contract_form,"UnsafeCell<T> is unsupported by existing vstd modeling, so an ordinary contract for this declaration does not typecheck. Adding an external type specification solely for this method would enlarge the trusted surface, while address and provenance preservation alone would still omit wide-pointer metadata and would not fully characterize the returned pointer.",,not_applicable,,
core::cmp::Ordering::then_with,add_spec->skip,data_structure,skip,higher_order_behavior_unmodeled,fresh_issue_tags;fresh_rationale;fresh_requires_source_fidelity_rationale;manifest_source_context,true,adequate_source_backed_skip,fresh issue tags identify higher-order closure or predicate behavior that the public model cannot observe completely,false,downgrade,classification:higher_order_contract;determinism_unsupported_contract_form,"The Equal branch's observable result is produced by an arbitrary FnOnce closure. Existing vstd vocabulary can describe it only through call_requires/call_ensures, whose relation is not necessarily deterministic. No useful ordinary, source-justified contract can characterize that branch without relying on this inconclusive higher-order relation.",,not_applicable,,
core::cmp::max_by,add_spec->skip,data_structure,skip,higher_order_behavior_unmodeled,fresh_issue_tags;fresh_rationale;fresh_requires_source_fidelity_rationale;manifest_source_context,true,adequate_source_backed_skip,fresh issue tags identify higher-order closure or predicate behavior that the public model cannot observe completely,false,downgrade,classification:higher_order_contract;determinism_unsupported_contract_form,"A useful contract must relate the result to the comparator invocation. In existing vstd vocabulary this requires a higher-order FnOnce requires/ensures contract whose relational postcondition does not establish a unique Ordering, so the selected return value is not deterministic. A weaker result-only contract would omit the defining comparison semantics.",,not_applicable,,
core::cmp::max_by_key,add_spec->skip,data_structure,skip,higher_order_behavior_unmodeled,fresh_issue_tags;fresh_rationale;fresh_requires_source_fidelity_rationale;manifest_source_context,true,adequate_source_backed_skip,fresh issue tags identify higher-order closure or predicate behavior that the public model cannot observe completely,false,downgrade,classification:higher_order_contract;determinism_unsupported_contract_form,"A useful source-justified contract must model two sequential calls to the stateful FnMut closure—first on v2, then on v1—and the subsequent Ord comparison. Existing vstd closure vocabulary does not expose the intermediate closure state needed to connect these calls soundly. Independent existential call_ensures facts may admit inconsistent keys and a nondeterministic result, while merely stating that the result is v1 or v2 omits the defining comparison semantics.",,not_applicable,,
core::cmp::min_by,add_spec->skip,data_structure,skip,higher_order_behavior_unmodeled,fresh_issue_tags;fresh_rationale;fresh_requires_source_fidelity_rationale;manifest_source_context,true,adequate_source_backed_skip,fresh issue tags identify higher-order closure or predicate behavior that the public model cannot observe completely,false,downgrade,classification:higher_order_contract;determinism_unsupported_contract_form,"The return value depends on invoking the caller-provided comparator. Existing vstd vocabulary cannot express a deterministic, source-justified ordinary contract for this choice without relying on higher-order FnOnce requires/ensures predicates. The comparator-independent guarantee that the result is either v1 or v2 is nondeterministic and too weak.",,not_applicable,,
core::cmp::min_by_key,add_spec->skip,data_structure,skip,higher_order_behavior_unmodeled,fresh_issue_tags;fresh_rationale;fresh_requires_source_fidelity_rationale;manifest_source_context,true,adequate_source_backed_skip,fresh issue tags identify higher-order closure or predicate behavior that the public model cannot observe completely,false,downgrade,classification:higher_order_contract;determinism_unsupported_contract_form,"The result depends on two ordered calls to an FnMut closure. Existing vstd call_requires/call_ensures vocabulary does not model the closure-state transition between those calls, so the proposed existential keys are not deterministically tied to the actual sequential execution. No useful ordinary, source-justified contract is available.",,not_applicable,,
core::fmt::Result::or_else,add_spec->skip,formatting,skip,formatting_effect_unmodeled,fresh_issue_tags;fresh_rationale;fresh_requires_source_fidelity_rationale;manifest_source_context,true,adequate_source_backed_skip,fresh issue tags identify formatter side effects rather than a pure modeled result relation,false,downgrade,classification:formatting_effect;determinism_unsupported_contract_form,"Although the resolved implementation preserves Ok and invokes op on Err, core::fmt::Result::or_else may execute a formatting-effectful FnOnce. Existing vstd vocabulary exposes only the closure's abstract requires/ensures relation and cannot model its captured formatting-state transition or prove a deterministic observable result. Strengthening the domain to require a functional postcondition would impose an artificial restriction not present in the Rust API.",,not_applicable,,
core::fmt::Result::unwrap_or_else,add_spec->skip,formatting,skip,formatting_effect_unmodeled,fresh_issue_tags;fresh_rationale;fresh_requires_source_fidelity_rationale;manifest_source_context,true,adequate_source_backed_skip,fresh issue tags identify formatter side effects rather than a pure modeled result relation,false,downgrade,classification:formatting_effect,"For core::fmt::Result, the Ok value is unit and the Err branch invokes an arbitrary FnOnce closure. Without a public specification for that closure’s behavior or formatting state, no useful non-vacuous result relation is expressible.",,not_applicable,,
core::iter::Iterator::max,add_spec->skip,trait_method,skip,trait_contract_integration_gap,fresh_issue_tags;fresh_rationale;fresh_requires_source_fidelity_rationale;manifest_source_context,true,adequate_source_backed_skip,fresh issue tags identify trait-method semantics that would require integration with trait-level contracts,false,downgrade,classification:trait_contract_integration;determinism_unsupported_contract_form,"Iterator::max is an associated trait method. The available contract harness cannot place an external specification inside the required trait context, so `self` and `Self::Item` are invalid and the proposal cannot typecheck. Recasting it as an ordinary free function would not attach the contract to the target API. Skip until external trait-method specifications are supported.",,not_applicable,,
core::ops::Bound::cloned,add_spec->skip,other,skip,needs_new_vstd_abstraction,fresh_issue_tags;fresh_rationale;fresh_requires_source_fidelity_rationale;manifest_source_context,true,adequate_source_backed_skip,fresh issue tags identify a source fact that needs new shared vstd vocabulary before it can be expressed non-vacuously,false,downgrade,classification:needs_new_vstd_abstraction;determinism_unsupported_contract_form,"Existing vstd vocabulary cannot express the semantic relation between an arbitrary value and the result of its Clone implementation. Variant preservation alone leaves payload-bearing results underdetermined, so it is not a useful ordinary contract. A specification requires a new abstraction for Clone semantics.",,not_applicable,,
core::ops::Bound::map,add_spec->skip,other,skip,higher_order_behavior_unmodeled,fresh_issue_tags;fresh_rationale;fresh_requires_source_fidelity_rationale;manifest_source_context,true,adequate_source_backed_skip,fresh issue tags identify higher-order closure or predicate behavior that the public model cannot observe completely,false,downgrade,classification:higher_order_contract;higher_order_closure_result_underdetermined,"Rust 1.96 implements Bound::map by preserving the Bound variant and calling an arbitrary `F: FnOnce(T) -> U` on the contained payload for `Included` and `Excluded`. Current vstd vocabulary has no public model for the consumed closure observation or its returned `U`, so a variant-only or constructor-shaped contract leaves the mapped payload underdetermined. This source-backed row is skipped rather than emitted as an underdetermined assume_specification.",,not_applicable,,
core::ops::ControlFlow::continue_ok,add_spec->skip,other,skip,duplicate_existing_vstd_spec,fresh_issue_tags;fresh_rationale;fresh_requires_source_fidelity_rationale;manifest_source_context,true,adequate_source_backed_skip,fresh issue tags identify an existing trusted vstd assume_specification for the exact API target,false,downgrade,duplicate_vstd_assume_specification,The existing vstd specification for ControlFlow::continue_ok already covers this API. Adding another assume_specification is rejected as a duplicate.,,not_applicable,,
core::ops::ControlFlow::map_break,add_spec->skip,other,skip,higher_order_behavior_unmodeled,fresh_issue_tags;fresh_rationale;fresh_requires_source_fidelity_rationale;manifest_source_context,true,adequate_source_backed_skip,fresh issue tags identify higher-order closure or predicate behavior that the public model cannot observe completely,false,downgrade,classification:higher_order_contract;determinism_unsupported_contract_form,"map_break is higher-order: its Break result depends on invoking an arbitrary FnOnce. Existing vstd vocabulary can relate the result only through the closure's relational ensures clause, which does not establish a deterministic observable output. Strengthening that relation would be unjustified by the source, so no useful ordinary trusted contract is available.",,not_applicable,,
core::ops::ControlFlow::map_continue,add_spec->skip,other,skip,higher_order_behavior_unmodeled,fresh_issue_tags;fresh_rationale;fresh_requires_source_fidelity_rationale;manifest_source_context,true,adequate_source_backed_skip,fresh issue tags identify higher-order closure or predicate behavior that the public model cannot observe completely,false,downgrade,classification:higher_order_contract;determinism_unsupported_contract_form,"The result depends on an arbitrary FnOnce output. Existing vstd vocabulary can relate that output through f.ensures, but cannot establish an ordinary deterministic contract without adding an unjustified functionality assumption about the closure.",,not_applicable,,
core::ops::RangeFrom::contains,add_spec->skip,other,skip,needs_new_vstd_abstraction,fresh_issue_tags;fresh_rationale;fresh_requires_source_fidelity_rationale;manifest_source_context,true,adequate_source_backed_skip,fresh issue tags identify a source fact that needs new shared vstd vocabulary before it can be expressed non-vacuously,false,downgrade,classification:needs_new_vstd_abstraction,"The implementation delegates to RangeBounds::contains, but no existing public vstd abstraction is supplied for heterogeneous PartialOrd comparisons. Expressing membership directly would require inventing unsupported comparison semantics, especially for partial orders such as NaN.",,not_applicable,,
core::ops::RangeInclusive::end,add_spec->skip,other,skip,source_unspecified_after_exhaustion,fresh_issue_tags;fresh_rationale;fresh_requires_source_fidelity_rationale;manifest_source_context,true,adequate_source_backed_skip,fresh issue tags identify APIs whose post-exhaustion value is intentionally unspecified,false,downgrade,value_unspecified_after_exhaustion,"Rust 1.96 documents that when a RangeInclusive is used for iteration, the values returned by start() and end() are unspecified after iteration has ended, and separately notes that this accessor's returned value is unspecified after the range has been iterated to exhaustion. An exec spec would have to constrain the accessor result in exhausted states that Rust leaves unspecified, so this target is source-backed as a skip rather than emitted as a deterministic assume_specification.",,not_applicable,,
core::ops::RangeInclusive::start,add_spec->skip,other,skip,source_unspecified_after_exhaustion,fresh_issue_tags;fresh_rationale;fresh_requires_source_fidelity_rationale;manifest_source_context,true,adequate_source_backed_skip,fresh issue tags identify APIs whose post-exhaustion value is intentionally unspecified,false,downgrade,value_unspecified_after_exhaustion,"Rust 1.96 documents that when a RangeInclusive is used for iteration, the values returned by start() and end() are unspecified after iteration has ended, and separately notes that this accessor's returned value is unspecified after the range has been iterated to exhaustion. An exec spec would have to constrain the accessor result in exhausted states that Rust leaves unspecified, so this target is source-backed as a skip rather than emitted as a deterministic assume_specification.",,not_applicable,,
core::ops::RangeTo::contains,add_spec->skip,other,skip,needs_new_vstd_abstraction,fresh_issue_tags;fresh_rationale;fresh_requires_source_fidelity_rationale;manifest_source_context,true,adequate_source_backed_skip,fresh issue tags identify a source fact that needs new shared vstd vocabulary before it can be expressed non-vacuously,false,downgrade,classification:needs_new_vstd_abstraction;determinism_unsupported_contract_form,"The method performs a heterogeneous partial-order comparison through RangeBounds::contains. Existing vstd PartialOrdSpec vocabulary does not adequately model the required cross-type comparison semantics and reciprocity between U: PartialOrd<Idx> and Idx: PartialOrd<U>. Although the previous contract typechecks and is deterministic, treating U::obeys_partial_cmp_spec() as sufficient is not semantically justified for this generic API. A useful contract requires a new vstd abstraction for heterogeneous PartialOrd behavior.",,not_applicable,,
core::option::Option::copied,add_spec->skip,data_structure,skip,unsafe_or_representation_sensitive,fresh_issue_tags;fresh_rationale;fresh_requires_source_fidelity_rationale;manifest_source_context,true,adequate_source_backed_skip,"fresh issue tags identify unsafe representation, provenance, or raw pointer behavior that would be trusted as an axiom",false,downgrade,classification:unsafe_or_representation_sensitive;determinism_unsupported_contract_form,A deterministic contract must relate the returned generic T value to the referenced value via dereferencing. That relation is representation-sensitive for an unrestricted Copy type in the available specification vocabulary. Specifying only the Option discriminant would be safe but incomplete and non-deterministic.,,not_applicable,,
core::option::Option::filter,add_spec->skip,data_structure,skip,higher_order_behavior_unmodeled,fresh_issue_tags;fresh_rationale;fresh_requires_source_fidelity_rationale;manifest_source_context,true,adequate_source_backed_skip,fresh issue tags identify higher-order closure or predicate behavior that the public model cannot observe completely,false,downgrade,classification:higher_order_contract;determinism_unsupported_contract_form,"Option::filter's result depends on invoking an opaque FnOnce predicate. Existing ordinary vstd vocabulary cannot express that dependency without a higher-order requires/ensures contract; omitting it leaves only weak, nondeterministic facts that do not usefully specify the API.",,not_applicable,,
core::option::Option::inspect,add_spec->skip,data_structure,skip,higher_order_behavior_unmodeled,fresh_issue_tags;fresh_rationale;fresh_requires_source_fidelity_rationale;manifest_source_context,true,adequate_source_backed_skip,fresh issue tags identify higher-order closure or predicate behavior that the public model cannot observe completely,false,downgrade,classification:higher_order_contract;determinism_unsupported_contract_form,"Although `res == option` is source-justified, `inspect` is inherently higher-order: its semantics include conditionally invoking `f` on the contained value. Existing ordinary vstd contract vocabulary cannot model that behavior without a closure contract, so the proposed contract is materially incomplete.",,not_applicable,,
core::option::Option::is_none_or,add_spec->skip,data_structure,skip,higher_order_behavior_unmodeled,fresh_issue_tags;fresh_rationale;fresh_requires_source_fidelity_rationale;manifest_source_context,true,adequate_source_backed_skip,fresh issue tags identify higher-order closure or predicate behavior that the public model cannot observe completely,false,downgrade,classification:higher_order_contract,"The observable result for Some is exactly the result of invoking an arbitrary FnOnce predicate. Existing vstd higher-order vocabulary can relate the result to f.ensures, but cannot establish an ordinary deterministic output when the predicate contract itself permits multiple results. Adding a stronger result equality would be unsupported by the callback specification, while the None-only behavior would be an incomplete and redundant domain.",,not_applicable,,
core::option::Option::is_some_and,add_spec->skip,data_structure,skip,higher_order_behavior_unmodeled,fresh_issue_tags;fresh_rationale;fresh_requires_source_fidelity_rationale;manifest_source_context,true,adequate_source_backed_skip,fresh issue tags identify higher-order closure or predicate behavior that the public model cannot observe completely,false,downgrade,classification:higher_order_contract;determinism_unsupported_contract_form,"The result depends on invoking an arbitrary FnOnce predicate. Existing vstd vocabulary can relate the actual result to f.ensures, but that relation need not determine a unique boolean output. Strengthening it to force determinism would not be source-justified, so no useful ordinary deterministic contract is available.",,not_applicable,,
core::option::Option::map_or,add_spec->skip,data_structure,skip,higher_order_behavior_unmodeled,fresh_issue_tags;fresh_rationale;fresh_requires_source_fidelity_rationale;manifest_source_context,true,adequate_source_backed_skip,fresh issue tags identify higher-order closure or predicate behavior that the public model cannot observe completely,false,downgrade,classification:higher_order_contract;determinism_unsupported_contract_form,"The Some branch's observable result is determined by invoking an arbitrary FnOnce. Existing closure requires/ensures vocabulary can relate the result to the closure contract but does not guarantee a unique result. Adding a determinism precondition would impose an unjustified domain restriction not present in the source API, so no useful ordinary deterministic contract is available.",,not_applicable,,
core::option::Option::map_or_default,add_spec->skip,data_structure,skip,higher_order_behavior_unmodeled,fresh_issue_tags;fresh_rationale;fresh_requires_source_fidelity_rationale;manifest_source_context,true,adequate_source_backed_skip,fresh issue tags identify higher-order closure or predicate behavior that the public model cannot observe completely,false,downgrade,classification:higher_order_contract;determinism_unsupported_contract_form,"The Some branch requires a higher-order FnOnce contract whose determinism could not be proved, while the None branch cannot be related to U::default() using existing public vstd vocabulary. Consequently, no useful ordinary, deterministic, source-justified contract is available.",,not_applicable,,
core::option::Option::map_or_else,add_spec->skip,data_structure,skip,higher_order_behavior_unmodeled,fresh_issue_tags;fresh_rationale;fresh_requires_source_fidelity_rationale;manifest_source_context,true,adequate_source_backed_skip,fresh issue tags identify higher-order closure or predicate behavior that the public model cannot observe completely,false,downgrade,classification:higher_order_contract,"The result is determined entirely by one of two caller-provided FnOnce closures. Existing vstd vocabulary can only forward the selected closure's requires/ensures relation, which is a higher-order contract and does not establish a deterministic observable result. Strengthening it would impose false assumptions on valid closures, while omitting closure semantics would be redundant and uninformative.",,not_applicable,,
core::option::Option::or_else,add_spec->skip,data_structure,skip,higher_order_behavior_unmodeled,fresh_issue_tags;fresh_rationale;fresh_requires_source_fidelity_rationale;manifest_source_context,true,adequate_source_backed_skip,fresh issue tags identify higher-order closure or predicate behavior that the public model cannot observe completely,false,downgrade,classification:higher_order_contract;determinism_unsupported_contract_form,"A source-complete contract must describe the result of invoking the FnOnce argument when the option is None. That requires a higher-order closure contract, for which determinism was not proved. Omitting that branch would leave the observable result materially underspecified, so no useful ordinary contract is available in the existing vstd vocabulary.",,not_applicable,,
core::option::Option::take_if,add_spec->skip,data_structure,skip,higher_order_behavior_unmodeled,fresh_issue_tags;fresh_rationale;fresh_requires_source_fidelity_rationale;manifest_source_context,true,adequate_source_backed_skip,fresh issue tags identify higher-order closure or predicate behavior that the public model cannot observe completely,false,downgrade,classification:higher_order_contract,"When self is Some, take_if invokes an FnOnce predicate through &mut T; that predicate may mutate the value, and its boolean result determines whether the final value is retained or returned. The supplied public vstd vocabulary does not provide a complete typecheckable way to relate the closure's required mutable-reference argument, its final referent, and its boolean result, so no useful non-vacuous contract can be expressed safely.",,not_applicable,,
core::option::Option::unwrap_unchecked,add_spec->skip,data_structure,skip,unsafe_or_representation_sensitive,fresh_issue_tags;fresh_rationale;fresh_requires_source_fidelity_rationale;manifest_source_context,true,adequate_source_backed_skip,"fresh issue tags identify unsafe representation, provenance, or raw pointer behavior that would be trusted as an axiom",false,downgrade,classification:unsafe_or_representation_sensitive;determinism_unsupported_contract_form,"Although the proposed precondition and result relation match the implementation, unwrap_unchecked is an unsafe API whose behavior outside the safety domain is undefined. Modeling it with assume_specification would turn its safety obligation into a trusted logical precondition and is therefore classified as unsafe or representation-sensitive rather than a useful ordinary contract.",,not_applicable,,
core::ptr::addr_eq,add_spec->skip,memory_pointer,skip,unsafe_or_representation_sensitive,fresh_issue_tags;fresh_rationale;fresh_requires_source_fidelity_rationale;manifest_source_context,true,adequate_source_backed_skip,"fresh issue tags identify unsafe representation, provenance, or raw pointer behavior that would be trusted as an axiom",false,downgrade,classification:unsafe_or_representation_sensitive;determinism_unsupported_contract_form,"Although addr_eq deterministically compares pointer addresses while ignoring metadata, raw-pointer address equality is representation-sensitive and cannot receive a useful ordinary contract in the existing vstd semantic vocabulary without exposing or trusting representation details.",,not_applicable,,
core::ptr::align_offset,add_spec->skip,memory_pointer,skip,unsafe_or_representation_sensitive,fresh_issue_tags;fresh_rationale;fresh_requires_source_fidelity_rationale;manifest_source_context,true,adequate_source_backed_skip,"fresh issue tags identify unsafe representation, provenance, or raw pointer behavior that would be trusted as an axiom",false,downgrade,classification:unsafe_or_representation_sensitive;determinism_unsupported_contract_form,"The available vstd vocabulary cannot express a source-justified, deterministic semantic result for align_offset without relying on representation-sensitive pointer addresses and layout arithmetic. The proposed alignment-only postcondition admits many results and does not characterize the observable return value, while strengthening it to an exact or minimal offset would require trusted correspondence to the implementation's pointer-address semantics.",,not_applicable,,
core::ptr::as_array,add_spec->skip,memory_pointer,skip,unsafe_or_representation_sensitive,fresh_issue_tags;fresh_rationale;fresh_requires_source_fidelity_rationale;manifest_source_context,true,adequate_source_backed_skip,"fresh issue tags identify unsafe representation, provenance, or raw pointer behavior that would be trusted as an axiom",false,downgrade,classification:unsafe_or_representation_sensitive;determinism_unsupported_contract_form,"The only useful source-level behavior relates slice-pointer metadata to the Option discriminant and, on success, returns a cast raw pointer. Existing vstd vocabulary cannot characterize this API without relying on raw-pointer representation or leaving the returned pointer unspecified, so no useful ordinary contract is proposed.",,not_applicable,,
core::ptr::as_mut_array,add_spec->skip,memory_pointer,skip,unsafe_or_representation_sensitive,fresh_issue_tags;fresh_rationale;fresh_requires_source_fidelity_rationale;manifest_source_context,true,adequate_source_backed_skip,"fresh issue tags identify unsafe representation, provenance, or raw pointer behavior that would be trusted as an axiom",false,downgrade,classification:unsafe_or_representation_sensitive;raw_pointer_representation_contract,The method only reinterprets a raw slice pointer as a raw array pointer when the slice-pointer length metadata equals `N`. A deterministic contract therefore depends on representation-sensitive raw pointer metadata and cast equalities. Existing vstd vocabulary offers no useful ordinary semantic contract for the returned raw pointer that avoids those representation assumptions.,,not_applicable,,
core::ptr::cast,add_spec->skip,memory_pointer,skip,unsafe_or_representation_sensitive,fresh_issue_tags;fresh_rationale;fresh_requires_source_fidelity_rationale;manifest_source_context,true,adequate_source_backed_skip,"fresh issue tags identify unsafe representation, provenance, or raw pointer behavior that would be trusted as an axiom",false,downgrade,classification:unsafe_or_representation_sensitive;determinism_unsupported_contract_form,"The source only performs a raw-pointer type cast. Restating the result as `ptr as *const U` is definitionally trivial, while stronger claims about address, metadata, or provenance are representation-sensitive and lack a suitable ordinary contract in existing vstd vocabulary.",,not_applicable,,
core::ptr::eq,add_spec->skip,memory_pointer,skip,unsafe_or_representation_sensitive,fresh_issue_tags;fresh_rationale;fresh_requires_source_fidelity_rationale;manifest_source_context,true,adequate_source_backed_skip,"fresh issue tags identify unsafe representation, provenance, or raw pointer behavior that would be trusted as an axiom",false,downgrade,classification:unsafe_or_representation_sensitive;determinism_unsupported_contract_form,"Raw wide-pointer equality is representation-sensitive, particularly for trait-object metadata. Existing vstd pointer observations do not provide a source-justified, ordinary semantic characterization that faithfully captures Rust's runtime metadata comparison without overcommitting to representation details.",,not_applicable,,
core::ptr::is_aligned,add_spec->skip,memory_pointer,skip,unsafe_or_representation_sensitive,fresh_issue_tags;fresh_rationale;fresh_requires_source_fidelity_rationale;manifest_source_context,true,adequate_source_backed_skip,"fresh issue tags identify unsafe representation, provenance, or raw pointer behavior that would be trusted as an axiom",false,downgrade,classification:unsafe_or_representation_sensitive;determinism_unsupported_contract_form,"The implementation observes the pointer's exposed numeric address. Expressing this through ptr@.addr would make the trusted contract representation-sensitive, while existing ordinary vstd pointer vocabulary provides no suitable abstract alignment predicate. A weaker contract would be redundant or uninformative.",,not_applicable,,
core::ptr::is_empty,add_spec->skip,memory_pointer,skip,unsafe_or_representation_sensitive,fresh_issue_tags;fresh_rationale;fresh_requires_source_fidelity_rationale;manifest_source_context,true,adequate_source_backed_skip,"fresh issue tags identify unsafe representation, provenance, or raw pointer behavior that would be trusted as an axiom",false,downgrade,classification:unsafe_or_representation_sensitive,"The only typechecked characterization exposes raw-pointer metadata directly, which is representation-sensitive rather than an ordinary semantic contract. Existing vstd vocabulary provides no non-redundant, source-justified abstraction for the raw slice length here.",,not_applicable,,
core::ptr::is_null,add_spec->skip,memory_pointer,skip,unsafe_or_representation_sensitive,fresh_issue_tags;fresh_rationale;fresh_requires_source_fidelity_rationale;manifest_source_context,true,adequate_source_backed_skip,"fresh issue tags identify unsafe representation, provenance, or raw pointer behavior that would be trusted as an axiom",false,downgrade,classification:unsafe_or_representation_sensitive;determinism_unsupported_contract_form,"The implementation tests only the raw pointer's data address, including for wide pointers. Expressing this as ptr@.addr == 0 exposes representation-sensitive raw-pointer state, while ordinary pointer equality could incorrectly include metadata or provenance. Existing vstd vocabulary therefore cannot provide a useful, representation-independent contract.",,not_applicable,,
core::ptr::len,add_spec->skip,memory_pointer,skip,unsafe_or_representation_sensitive,fresh_issue_tags;fresh_rationale;fresh_requires_source_fidelity_rationale;manifest_source_context,true,adequate_source_backed_skip,"fresh issue tags identify unsafe representation, provenance, or raw pointer behavior that would be trusted as an axiom",false,downgrade,classification:unsafe_or_representation_sensitive;determinism_unsupported_contract_form,"The result is entirely raw-slice pointer metadata. Expressing it as ptr@.metadata is representation-sensitive rather than an ordinary semantic contract, and no useful source-justified alternative exists in current vstd vocabulary.",,not_applicable,,
core::ptr::map_addr,add_spec->skip,memory_pointer,skip,unsafe_or_representation_sensitive,fresh_issue_tags;fresh_rationale;fresh_requires_source_fidelity_rationale;manifest_source_context,true,adequate_source_backed_skip,"fresh issue tags identify unsafe representation, provenance, or raw pointer behavior that would be trusted as an axiom",false,downgrade,classification:unsafe_or_representation_sensitive;determinism_unsupported_contract_form,"The address result can only be related to the higher-order FnOnce contract, which yields a trivial equal-function determinism check. The remaining behavior concerns preservation of raw-pointer provenance and metadata, which is representation-sensitive and cannot be given a useful ordinary contract in the existing vstd vocabulary.",,not_applicable,,
core::ptr::wrapping_add,add_spec->skip,memory_pointer,skip,unsafe_or_representation_sensitive,fresh_issue_tags;fresh_rationale;fresh_requires_source_fidelity_rationale;manifest_source_context,true,adequate_source_backed_skip,"fresh issue tags identify unsafe representation, provenance, or raw pointer behavior that would be trusted as an axiom",false,downgrade,classification:unsafe_or_representation_sensitive;determinism_unsupported_contract_form,"The API's observable behavior is strict-provenance pointer arithmetic, which is representation-sensitive. Existing vstd vocabulary does not provide a sufficiently stable ordinary semantic contract for the wrapped address and retained allocation provenance without exposing raw-pointer representation details. The previous field-level pointer-view contract should therefore not be trusted.",,not_applicable,,
core::ptr::wrapping_byte_add,add_spec->skip,memory_pointer,skip,unsafe_or_representation_sensitive,fresh_issue_tags;fresh_rationale;fresh_requires_source_fidelity_rationale;manifest_source_context,true,adequate_source_backed_skip,"fresh issue tags identify unsafe representation, provenance, or raw pointer behavior that would be trusted as an axiom",false,downgrade,classification:unsafe_or_representation_sensitive,"The source behavior is defined through raw-pointer address wrapping, provenance retention, and unsized-pointer metadata preservation. Expressing this requires representation-sensitive pointer-view fields, and the typechecked proposal is rejected as trivial_equal_fn. Existing vstd vocabulary does not provide a useful ordinary, non-redundant semantic contract for this API.",,not_applicable,,
core::ptr::wrapping_offset,add_spec->skip,memory_pointer,skip,unsafe_or_representation_sensitive,fresh_issue_tags;fresh_rationale;fresh_requires_source_fidelity_rationale;manifest_source_context,true,adequate_source_backed_skip,"fresh issue tags identify unsafe representation, provenance, or raw pointer behavior that would be trusted as an axiom",false,downgrade,classification:unsafe_or_representation_sensitive,"Existing vstd vocabulary does not provide a source-justified model of wrapping pointer-address arithmetic. Provenance is representation-sensitive, while metadata equality is redundant for Sized pointees; retaining only those properties would not provide a useful ordinary contract.",,not_applicable,,
core::ptr::wrapping_sub,add_spec->skip,memory_pointer,skip,unsafe_or_representation_sensitive,fresh_issue_tags;fresh_rationale;fresh_requires_source_fidelity_rationale;manifest_source_context,true,adequate_source_backed_skip,"fresh issue tags identify unsafe representation, provenance, or raw pointer behavior that would be trusted as an axiom",false,downgrade,classification:unsafe_or_representation_sensitive;determinism_unsupported_contract_form,"A useful contract requires modeling wrapping address arithmetic together with allocation attachment. Expressing this through addr, provenance, and metadata exposes representation-sensitive raw-pointer internals rather than an ordinary semantic contract. Equating the result to wrapping_offset would only restate the implementation and provide no independent specification.",,not_applicable,,
core::result::Result::and_then,add_spec->skip,data_structure,skip,higher_order_behavior_unmodeled,fresh_issue_tags;fresh_rationale;fresh_requires_source_fidelity_rationale;manifest_source_context,true,adequate_source_backed_skip,fresh issue tags identify higher-order closure or predicate behavior that the public model cannot observe completely,false,downgrade,classification:higher_order_contract;determinism_unsupported_contract_form,"A source-faithful contract for and_then must relate the Ok branch to the higher-order FnOnce contract. Existing vstd vocabulary exposes that behavior only through op.requires and op.ensures, whose postcondition need not determine a unique observable Result. Omitting that relation would materially under-specify the Ok branch, so no useful ordinary deterministic contract is available.",,not_applicable,,
core::result::Result::copied,add_spec->skip,data_structure,skip,unsafe_or_representation_sensitive,fresh_issue_tags;fresh_rationale;fresh_requires_source_fidelity_rationale;manifest_source_context,true,adequate_source_backed_skip,"fresh issue tags identify unsafe representation, provenance, or raw pointer behavior that would be trusted as an axiom",false,downgrade,classification:unsafe_or_representation_sensitive;determinism_unsupported_contract_form,"Although the proposal typechecks and is deterministic, its payload guarantees depend on guarded Result field projections and post-call dereferencing of consumed references, which the semantic review classifies as unsafe or representation-sensitive. Existing ordinary vstd vocabulary does not provide a clearly source-justified, representation-independent way to specify both copied overloads while observably relating the returned Ok value to the referent. A variant-only contract would be incomplete and not useful, so the target should be skipped.",,not_applicable,,
core::result::Result::is_err_and,add_spec->skip,data_structure,skip,higher_order_behavior_unmodeled,fresh_issue_tags;fresh_rationale;fresh_requires_source_fidelity_rationale;manifest_source_context,true,adequate_source_backed_skip,fresh issue tags identify higher-order closure or predicate behavior that the public model cannot observe completely,false,downgrade,classification:higher_order_contract;determinism_unsupported_contract_form,"The observable result for the Err branch is determined by invoking an arbitrary FnOnce predicate. Existing ordinary vstd contract vocabulary cannot characterize that result without a higher-order closure requires/ensures contract, whose determinism was not proved. Specifying only the Ok branch would be incomplete and weak, so this API should be skipped.",,not_applicable,,
core::result::Result::is_ok_and,add_spec->skip,data_structure,skip,higher_order_behavior_unmodeled,fresh_issue_tags;fresh_rationale;fresh_requires_source_fidelity_rationale;manifest_source_context,true,adequate_source_backed_skip,fresh issue tags identify higher-order closure or predicate behavior that the public model cannot observe completely,false,downgrade,classification:higher_order_contract;determinism_unsupported_contract_form,"A source-faithful contract for the Ok case must describe invoking the supplied FnOnce predicate and returning its result, which requires a higher-order closure contract. That formulation typechecks but its determinism is not proved. Omitting the Ok behavior would leave only the weak Err-to-false fact and would not provide a useful ordinary contract for this predicate-driven API.",,not_applicable,,
core::result::Result::map_or,add_spec->skip,data_structure,skip,higher_order_behavior_unmodeled,fresh_issue_tags;fresh_rationale;fresh_requires_source_fidelity_rationale;manifest_source_context,true,adequate_source_backed_skip,fresh issue tags identify higher-order closure or predicate behavior that the public model cannot observe completely,false,downgrade,classification:higher_order_contract;determinism_unsupported_contract_form,"map_or's Ok result is determined by an arbitrary FnOnce invocation. Existing vstd vocabulary can express only the closure's requires/ensures relation, which need not uniquely determine the observable output. Strengthening that relation would be unsupported by the source, while omitting it would leave the Ok branch unspecified.",,not_applicable,,
core::result::Result::map_or_default,add_spec->skip,data_structure,skip,higher_order_behavior_unmodeled,fresh_issue_tags;fresh_rationale;fresh_requires_source_fidelity_rationale;manifest_source_context,true,adequate_source_backed_skip,fresh issue tags identify higher-order closure or predicate behavior that the public model cannot observe completely,false,downgrade,classification:higher_order_contract;determinism_unsupported_contract_form,"Existing vstd vocabulary cannot express a useful ordinary contract for both branches. The Ok branch requires higher-order FnOnce requires/ensures clauses, whose determinism was not proved, while the Err branch depends on Default::default() without a public semantic specification. Any remaining output contract would therefore be vacuous, incomplete, or unsupported by the source.",,not_applicable,,
core::result::Result::map_or_else,add_spec->skip,data_structure,skip,higher_order_behavior_unmodeled,fresh_issue_tags;fresh_rationale;fresh_requires_source_fidelity_rationale;manifest_source_context,true,adequate_source_backed_skip,fresh issue tags identify higher-order closure or predicate behavior that the public model cannot observe completely,false,downgrade,classification:higher_order_contract;determinism_unsupported_contract_form,"Any source-justified relation for the observable output must defer to the selected FnOnce closure's requires/ensures. That higher-order relation does not establish a deterministic output in the existing vocabulary, while strengthening it would impose an unsupported domain on arbitrary valid closures.",,not_applicable,,
core::result::Result::or_else,add_spec->skip,data_structure,skip,higher_order_behavior_unmodeled,fresh_issue_tags;fresh_rationale;fresh_requires_source_fidelity_rationale;manifest_source_context,true,adequate_source_backed_skip,fresh issue tags identify higher-order closure or predicate behavior that the public model cannot observe completely,false,downgrade,classification:higher_order_contract;determinism_unsupported_contract_form,"The Err branch returns the result of an arbitrary FnOnce invocation. Existing vstd vocabulary exposes only the closure's requires/ensures relation, which need not determine a unique observable Result. Strengthening that relation would impose an unjustified domain on valid closures, while the Ok branch alone is insufficient for a useful contract.",,not_applicable,,
core::result::Result::unwrap_err_unchecked,add_spec->skip,data_structure,skip,unsafe_or_representation_sensitive,fresh_issue_tags;fresh_rationale;fresh_requires_source_fidelity_rationale;manifest_source_context,true,adequate_source_backed_skip,"fresh issue tags identify unsafe representation, provenance, or raw pointer behavior that would be trusted as an axiom",false,downgrade,classification:unsafe_or_representation_sensitive;determinism_unsupported_contract_form,This unsafe operation relies on the caller upholding a condition whose violation causes undefined behavior. Encoding that safety obligation as an ordinary trusted Verus precondition is representation-sensitive and unsuitable for this contract set.,,not_applicable,,
core::result::Result::unwrap_or_else,add_spec->skip,data_structure,skip,higher_order_behavior_unmodeled,fresh_issue_tags;fresh_rationale;fresh_requires_source_fidelity_rationale;manifest_source_context,true,adequate_source_backed_skip,fresh issue tags identify higher-order closure or predicate behavior that the public model cannot observe completely,false,downgrade,classification:higher_order_contract;determinism_unsupported_contract_form,"The Err branch necessarily invokes an arbitrary FnOnce. Soundly modeling that behavior requires the closure's requires/ensures contract, making the specification higher-order, while determinism of the returned value remains unproved. Omitting the closure contract would leave the Err result unconstrained and fail to model a required call precondition, so no useful ordinary contract is available in existing vstd vocabulary.",,not_applicable,,
core::result::Result::unwrap_unchecked,add_spec->skip,data_structure,skip,unsafe_or_representation_sensitive,fresh_issue_tags;fresh_rationale;fresh_requires_source_fidelity_rationale;manifest_source_context,true,adequate_source_backed_skip,"fresh issue tags identify unsafe representation, provenance, or raw pointer behavior that would be trusted as an axiom",false,downgrade,classification:unsafe_or_representation_sensitive;determinism_unsupported_contract_form,"Although the proposed contract typechecks and matches the implementation, unwrap_unchecked is an unsafe API whose behavior outside the Ok case is undefined. Encoding its caller safety obligation through variant-sensitive trusted assumptions is classified as unsafe or representation-sensitive, so it should not receive an ordinary trusted contract in the existing vstd vocabulary.",,not_applicable,,
core::slice::Iter::as_slice,add_spec->skip,data_structure,skip,needs_new_vstd_abstraction,fresh_issue_tags;fresh_rationale;fresh_requires_source_fidelity_rationale;manifest_source_context,true,adequate_source_backed_skip,fresh issue tags identify a source fact that needs new shared vstd vocabulary before it can be expressed non-vacuously,false,downgrade,classification:needs_new_vstd_abstraction;determinism_unsupported_contract_form,"The source justifies returning the iterator's exact remaining subslice, but existing vstd vocabulary exposes only the prophetic IteratorSpec::remaining sequence. Equating that sequence with the returned slice view typechecks but does not deterministically characterize the observable reference result. A useful contract requires a new slice-iterator abstraction that models the remaining subslice directly.",,not_applicable,,
core::slice::as_chunks_mut,skip->add_spec,data_structure,add_spec,accepted_source_justified_precondition,fresh_rationale;fresh_requires_source_reference;fresh_requires_source_excerpt;fresh_requires_source_fidelity_rationale;manifest_source_context,true,adequate_source_backed_add_spec,fresh accepted contract has a non-empty requires clause with source-fidelity reference and excerpt,false,upgrade,,"Rust 1.96 documents and asserts that the mutable safe chunk API panics for N == 0, then splits at len / N * N and casts the exact multiple-of-N prefix with as_chunks_unchecked_mut. The contract models the returned chunk/remainder views, preserves those returned mutable views at function return, and records the unchanged final input slice without pointer/provenance claims.",N != 0,source_justified,core/src/slice/mod.rs:1555,"1519: /// `let (chunks, remainder) = slice.as_chunks_mut()`, then: 1520: /// - `chunks.len()` equals `slice.len() / N`, 1521: /// - `remainder.len()` equals `slice.len() % N`, and 1530: /// Panics if `N` is zero. 1555: pub const fn as_chunks_mut<const N: usize>(&mut self) -> (&mut [[T; N]], &mut [T]) { 1556: assert!(N != 0, ""chunk size must be non-zero""); 1557: let len_rounded_down = self.len() / N * N; 1560: let (multiple_of_n, remainder) = unsafe { self.split_at_mut_unchecked(len_rounded_down) }; 1563: let array_slice = unsafe { multiple_of_n.as_chunks_unchecked_mut() }; 1572: /// `let (remainder, chunks) = slice.as_rchunks_mut()`, then: 1573: /// - `remainder.len()` equals `slice.len() % N`, 1574: /// - `chunks.len()` equals `slice.len() / N`, and 1583: /// Panics if `N` is zero."
core::slice::as_chunks_unchecked,add_spec->skip,data_structure,skip,unsafe_or_representation_sensitive,fresh_issue_tags;fresh_rationale;fresh_requires_source_fidelity_rationale;manifest_source_context,true,adequate_source_backed_skip,"fresh issue tags identify unsafe representation, provenance, or raw pointer behavior that would be trusted as an axiom",false,downgrade,classification:unsafe_or_representation_sensitive;determinism_unsupported_contract_form,"This unsafe API is fundamentally a representation-preserving reference cast. Although sequence lengths and elements can be described, existing vstd vocabulary cannot express the returned reference's shared storage, provenance, or identity with the input slice. Trusting only an extensional content contract would omit the operation's central representation-sensitive guarantee, while determinism of that formulation was also not proved.",,not_applicable,,
core::slice::as_mut_array,skip->add_spec,data_structure,add_spec,accepted_slice_array_view_contract,fresh_rationale;fresh_requires_source_fidelity_rationale;manifest_source_context,true,adequate_source_backed_add_spec,fresh accepted contract exposes source-documented slice or array view semantics without extra preconditions,false,upgrade,,"Rust 1.96 documents slice::as_mut_array as returning Some exactly when the slice length equals N, then reinterprets the same mutable storage as `[T; N]`. The contract models only that observable whole slice/array view, returned-view preservation, and unchanged None branch without pointer or provenance claims.",,not_applicable,,
core::slice::as_rchunks_mut,skip->add_spec,data_structure,add_spec,accepted_source_justified_precondition,fresh_rationale;fresh_requires_source_reference;fresh_requires_source_excerpt;fresh_requires_source_fidelity_rationale;manifest_source_context,true,adequate_source_backed_add_spec,fresh accepted contract has a non-empty requires clause with source-fidelity reference and excerpt,false,upgrade,,"Rust 1.96 documents and asserts that the mutable reverse chunk API panics for N == 0, then splits off the len % N leading remainder and casts the exact multiple-of-N suffix with as_chunks_unchecked_mut. The contract models those deterministic returned views, preserves them at function return, and avoids reference-identity or provenance claims.",N != 0,source_justified,core/src/slice/mod.rs:1608,"1563: let array_slice = unsafe { multiple_of_n.as_chunks_unchecked_mut() }; 1572: /// `let (remainder, chunks) = slice.as_rchunks_mut()`, then: 1573: /// - `remainder.len()` equals `slice.len() % N`, 1574: /// - `chunks.len()` equals `slice.len() / N`, and 1583: /// Panics if `N` is zero. 1608: pub const fn as_rchunks_mut<const N: usize>(&mut self) -> (&mut [T], &mut [[T; N]]) { 1609: assert!(N != 0, ""chunk size must be non-zero""); 1611: let (remainder, multiple_of_n) = self.split_at_mut(self.len() - len * N); 1614: let array_slice = unsafe { multiple_of_n.as_chunks_unchecked_mut() }; 1627: /// Panics if `N` is zero. 1650: assert!(N != 0, ""window size must be non-zero"");"
core::slice::assume_init_ref,add_spec->skip,data_structure,skip,unsafe_or_representation_sensitive,fresh_issue_tags;fresh_rationale;fresh_requires_source_fidelity_rationale;manifest_source_context,true,adequate_source_backed_skip,"fresh issue tags identify unsafe representation, provenance, or raw pointer behavior that would be trusted as an axiom",false,downgrade,classification:unsafe_or_representation_sensitive;determinism_unsupported_contract_form,"This API is a representation-sensitive reinterpretation from &[MaybeUninit<T>] to &[T]. Although mem_contents can express initialization and element values, an ordinary semantic contract cannot capture the returned reference's storage identity and aliasing relationship without relying on trusted representation details. The prior postconditions therefore omit the function's essential behavior.",,not_applicable,,
core::slice::binary_search_by,add_spec->skip,data_structure,skip,higher_order_behavior_unmodeled,fresh_issue_tags;fresh_rationale;fresh_requires_source_fidelity_rationale;manifest_source_context,true,adequate_source_backed_skip,fresh issue tags identify higher-order closure or predicate behavior that the public model cannot observe completely,false,downgrade,classification:higher_order_contract;higher_order_closure_comparator_underdetermined,"Rust 1.96 makes slice::binary_search_by depend on a stateful higher-order closure: the comparator is `F: FnMut(&T) -> Ordering`, is called on probed elements, must be consistent with the sorted order, and duplicate matches may return any matching index with an implementation choice that can change across Rust versions. Current vstd vocabulary has no model for those FnMut comparator observations or duplicate-match choice, so the prior bounds-only contract left the comparator relation and selected result underdetermined. This source-backed row is skipped rather than emitted as an underdetermined assume_specification.",,not_applicable,,
core::slice::binary_search_by_key,add_spec->skip,data_structure,skip,higher_order_behavior_unmodeled,fresh_issue_tags;fresh_rationale;fresh_requires_source_fidelity_rationale;manifest_source_context,true,adequate_source_backed_skip,fresh issue tags identify higher-order closure or predicate behavior that the public model cannot observe completely,false,downgrade,classification:higher_order_contract;higher_order_closure_key_extraction_underdetermined,"Rust 1.96 makes slice::binary_search_by_key depend on a stateful higher-order closure: the key extractor is `F: FnMut(&T) -> B`, the key type is ordered, and the body delegates to `binary_search_by` by comparing `f(k)` with the query key. The docs require sortedness by that same key function and permit any duplicate match, with the chosen duplicate index subject to future Rust changes. Current vstd vocabulary has no model for FnMut key observations or duplicate-match choice, so the prior bounds-only contract left the key relation and selected result underdetermined. This source-backed row is skipped rather than emitted as an underdetermined assume_specification.",,not_applicable,,
core::slice::ends_with,add_spec->skip,data_structure,skip,determinism_unsupported_contract_form,fresh_issue_tags;fresh_rationale;fresh_requires_source_fidelity_rationale;manifest_source_context,true,adequate_source_backed_skip,fresh determinism feedback rejected the modeled contract form and no more specific issue tag was emitted,false,downgrade,determinism_unsupported_contract_form,"The available length and empty-needle facts leave the observable boolean result underdetermined whenever the needle is nonempty and no longer than the slice. Existing vstd vocabulary cannot source-justifiably characterize arbitrary runtime PartialEq comparisons as sequence equality, so a deterministic ordinary contract cannot be provided without imposing a false additional domain restriction.",,not_applicable,,
core::slice::first_chunk_mut,skip->add_spec,data_structure,add_spec,accepted_slice_array_view_contract,fresh_rationale;fresh_requires_source_fidelity_rationale;manifest_source_context,true,adequate_source_backed_add_spec,fresh accepted contract exposes source-documented slice or array view semantics without extra preconditions,false,upgrade,,"Rust 1.96 documents first_chunk_mut as returning None when the slice is shorter than N and otherwise returning a mutable array reference to the first N items. The source casts the slice's mutable pointer after the length check, so the contract models the prefix view, returned-view preservation, and the untouched suffix.",,not_applicable,,
core::slice::from_mut,skip->add_spec,data_structure,add_spec,accepted_slice_array_view_contract,fresh_rationale;fresh_requires_source_fidelity_rationale;manifest_source_context,true,adequate_source_backed_add_spec,fresh accepted contract exposes source-documented slice or array view semantics without extra preconditions,false,upgrade,,Rust 1.96 documents slice::from_mut as producing a length-one slice without copying and implements it by delegating directly to `array::from_mut(s)`. The contract models the singleton slice contents before and after mutation through the returned view.,,not_applicable,,
core::slice::get_unchecked,add_spec->skip,data_structure,skip,unsafe_or_representation_sensitive,fresh_issue_tags;fresh_rationale;fresh_requires_source_fidelity_rationale;manifest_source_context,true,adequate_source_backed_skip,"fresh issue tags identify unsafe representation, provenance, or raw pointer behavior that would be trusted as an axiom",false,downgrade,classification:unsafe_or_representation_sensitive;determinism_unsupported_contract_form,"This unsafe API creates a reference through unchecked pointer dereference. Although existing SliceIndexSpec vocabulary can describe valid indices and the corresponding safe-get result, trusting that relation as an ordinary contract would abstract over the reference-validity and provenance obligations central to the operation. No stronger source-justified, representation-independent contract is available in existing vstd vocabulary.",,not_applicable,,
core::slice::is_sorted_by,add_spec->skip,data_structure,skip,higher_order_behavior_unmodeled,fresh_issue_tags;fresh_rationale;fresh_requires_source_fidelity_rationale;manifest_source_context,true,adequate_source_backed_skip,fresh issue tags identify higher-order closure or predicate behavior that the public model cannot observe completely,false,downgrade,classification:higher_order_contract;determinism_unsupported_contract_form,"For slices of length at least two, the observable result depends on ordered calls to a potentially stateful FnMut comparator. Existing vstd vocabulary cannot characterize those state transitions with a useful deterministic ordinary contract. Restricting the domain to slices of length at most one would exclude the API's primary use and provide only the trivial result true.",,not_applicable,,
core::slice::is_sorted_by_key,add_spec->skip,data_structure,skip,higher_order_behavior_unmodeled,fresh_issue_tags;fresh_rationale;fresh_requires_source_fidelity_rationale;manifest_source_context,true,adequate_source_backed_skip,fresh issue tags identify higher-order closure or predicate behavior that the public model cannot observe completely,false,downgrade,classification:higher_order_contract;higher_order_closure_key_extraction_underdetermined,"Rust 1.96 makes slice::is_sorted_by_key depend on a stateful higher-order closure: the key extractor is `F: FnMut(&T) -> K`, the key type is only `PartialOrd`, and the body delegates to the iterator key-sortedness check over values produced by that closure. Current vstd vocabulary has no model for FnMut key observations or PartialOrd key comparisons across adjacent elements, so a contract that only states vacuous empty/singleton behavior leaves the key-extraction relation and general boolean result underdetermined. This source-backed row is skipped rather than emitted as an underdetermined assume_specification.",,not_applicable,,
core::slice::last_chunk_mut,skip->add_spec,data_structure,add_spec,accepted_slice_array_view_contract,fresh_rationale;fresh_requires_source_fidelity_rationale;manifest_source_context,true,adequate_source_backed_add_spec,fresh accepted contract exposes source-documented slice or array view semantics without extra preconditions,false,upgrade,,"Rust 1.96 documents last_chunk_mut as returning None when the slice is shorter than N and otherwise returning a mutable array reference to the last N items. The body computes the suffix index with checked_sub, splits at that index, and casts the last slice to `[T; N]`, so the contract models the unchanged prefix and returned suffix view without provenance claims.",,not_applicable,,
core::slice::partition_point,add_spec->skip,data_structure,skip,higher_order_behavior_unmodeled,fresh_issue_tags;fresh_rationale;fresh_requires_source_fidelity_rationale;manifest_source_context,true,adequate_source_backed_skip,fresh issue tags identify higher-order closure or predicate behavior that the public model cannot observe completely,false,downgrade,classification:higher_order_contract;determinism_unsupported_contract_form,"The result depends on calls to an arbitrary stateful FnMut predicate. Existing vstd vocabulary cannot characterize that interaction with a useful ordinary deterministic contract, while the bounds-only postcondition does not capture partition_point's defining semantics.",,not_applicable,,
core::slice::reverse,skip->add_spec,data_structure,add_spec,accepted_slice_array_view_contract,fresh_rationale;fresh_requires_source_fidelity_rationale;manifest_source_context,true,adequate_source_backed_add_spec,fresh accepted contract exposes source-documented slice or array view semantics without extra preconditions,false,upgrade,,"Rust 1.96 reverses the slice in place by splitting the front and back halves and swapping mirrored elements. The contract records only the observable final sequence view, avoiding pointer or provenance claims while preserving the operation's full semantics.",,not_applicable,,
core::slice::sort_unstable_by,add_spec->skip,data_structure,skip,higher_order_behavior_unmodeled,fresh_issue_tags;fresh_rationale;fresh_requires_source_fidelity_rationale;manifest_source_context,true,adequate_source_backed_skip,fresh issue tags identify higher-order closure or predicate behavior that the public model cannot observe completely,false,downgrade,classification:higher_order_contract,Sorting cannot be specified usefully without modeling the FnMut comparator. Semantic multiset preservation would be unsound because the documentation explicitly permits comparator-driven interior mutations; element identity preservation is not expressible with public vstd vocabulary.,,not_applicable,,
core::slice::sort_unstable_by_key,add_spec->skip,data_structure,skip,higher_order_behavior_unmodeled,fresh_issue_tags;fresh_rationale;fresh_requires_source_fidelity_rationale;manifest_source_context,true,adequate_source_backed_skip,fresh issue tags identify higher-order closure or predicate behavior that the public model cannot observe completely,false,downgrade,classification:higher_order_contract,"The only readily expressible source-justified guarantee is multiset preservation, but it does not determine the observable final slice because unstable sorting permits multiple equal-key orderings. Sortedness cannot be modeled soundly in existing vstd vocabulary for a stateful FnMut key extractor and arbitrary Ord implementation. Length preservation is redundant for a mutable slice. Therefore no useful ordinary deterministic contract is available.",,not_applicable,,
core::slice::split_at_mut_checked,skip->add_spec,data_structure,add_spec,accepted_slice_array_view_contract,fresh_rationale;fresh_requires_source_fidelity_rationale;manifest_source_context,true,adequate_source_backed_add_spec,fresh accepted contract exposes source-documented slice or array view semantics without extra preconditions,false,upgrade,,"Rust 1.96 returns Some exactly when `mid <= self.len()`, delegates that branch to `self.split_at_mut_unchecked(mid)`, and otherwise returns None. The contract reuses the accepted split_at_checked Option shape, the accepted mutable split post-state preservation, and the unchanged input state on the None branch.",,not_applicable,,
core::slice::split_at_mut_unchecked,skip->add_spec,data_structure,add_spec,accepted_source_justified_precondition,fresh_rationale;fresh_requires_source_reference;fresh_requires_source_excerpt;fresh_requires_source_fidelity_rationale;manifest_source_context,true,adequate_source_backed_add_spec,fresh accepted contract has a non-empty requires clause with source-fidelity reference and excerpt,false,upgrade,,"Rust 1.96 documents the unsafe precondition `0 <= mid <= self.len()`, checks `mid <= len`, then returns the prefix and suffix with `from_raw_parts_mut(ptr, mid)` and `from_raw_parts_mut(ptr.add(mid), unchecked_sub(len, mid))`. The contract models those prefix/suffix slice views, preserves the returned sub-slice contents at function return, and exposes the final concatenated input state without specifying reference provenance.",mid as int <= old(slice)@.len(),source_justified,core/src/slice/mod.rs:2095,"2052: (mid: usize = mid, len: usize = len) => mid <= len, 2055: // SAFETY: Caller has to check that `0 <= mid <= self.len()` 2071: /// `0 <= mid <= self.len()`. 2095: pub const unsafe fn split_at_mut_unchecked(&mut self, mid: usize) -> (&mut [T], &mut [T]) { 2102: (mid: usize = mid, len: usize = len) => mid <= len, 2105: // SAFETY: Caller has to check that `0 <= mid <= self.len()`. 2107: // `[ptr; mid]` and `[mid; len]` are not overlapping, so returning a mutable reference 2111: from_raw_parts_mut(ptr, mid), 2112: from_raw_parts_mut(ptr.add(mid), unchecked_sub(len, mid)),"
core::slice::split_at_unchecked,add_spec->skip,data_structure,skip,unsafe_or_representation_sensitive,fresh_issue_tags;fresh_rationale;fresh_requires_source_fidelity_rationale;manifest_source_context,true,adequate_source_backed_skip,"fresh issue tags identify unsafe representation, provenance, or raw pointer behavior that would be trusted as an axiom",false,downgrade,classification:unsafe_or_representation_sensitive;determinism_unsupported_contract_form,"Although the sequence-view postconditions describe the returned elements, this unsafe API constructs references from raw pointers and its correctness depends on provenance, validity, and reference identity properties that are not expressible in the available ordinary vstd vocabulary. A trusted value-only contract would omit representation-sensitive obligations essential to the operation.",,not_applicable,,
core::slice::split_first_chunk_mut,skip->add_spec,data_structure,add_spec,accepted_slice_array_view_contract,fresh_rationale;fresh_requires_source_fidelity_rationale;manifest_source_context,true,adequate_source_backed_add_spec,fresh accepted contract exposes source-documented slice or array view semantics without extra preconditions,false,upgrade,,"Rust 1.96 returns Some exactly when `split_at_mut_checked(N)` succeeds, casts the checked first slice to `[T; N]`, and returns the remaining tail. The contract models those returned mutable views by their old slice/array contents, preserves each returned view at function return, and relates the final input slice to the final first-chunk and tail views without claiming pointer identity.",,not_applicable,,
core::slice::split_first_mut,skip->add_spec,data_structure,add_spec,accepted_slice_array_view_contract,fresh_rationale;fresh_requires_source_fidelity_rationale;manifest_source_context,true,adequate_source_backed_add_spec,fresh accepted contract exposes source-documented slice or array view semantics without extra preconditions,false,upgrade,,"Rust 1.96 pattern-matches `[first, tail @ ..]` and returns `Some((first, tail))` exactly for nonempty slices. The contract models the returned element by its dereferenced value, the returned tail by its semantic view, preserves both returned mutable views at function return, and reconstructs the final input slice from those views without pointer/provenance claims.",,not_applicable,,
core::slice::split_last_chunk_mut,skip->add_spec,data_structure,add_spec,accepted_slice_array_view_contract,fresh_rationale;fresh_requires_source_fidelity_rationale;manifest_source_context,true,adequate_source_backed_add_spec,fresh accepted contract exposes source-documented slice or array view semantics without extra preconditions,false,upgrade,,"Rust 1.96 returns None when `self.len().checked_sub(N)` fails; otherwise it splits at the checked index, returns the init slice and casts the last slice to `[T; N]`. The contract models that branch shape with old init/last views, preserves both returned views at function return, and reconstructs the final input slice from their final semantic views.",,not_applicable,,
core::slice::split_last_mut,skip->add_spec,data_structure,add_spec,accepted_slice_array_view_contract,fresh_rationale;fresh_requires_source_fidelity_rationale;manifest_source_context,true,adequate_source_backed_add_spec,fresh accepted contract exposes source-documented slice or array view semantics without extra preconditions,false,upgrade,,"Rust 1.96 pattern-matches `[init @ .., last]` and returns `Some((last, init))` exactly for nonempty slices. The contract models the returned element by its dereferenced value, the returned init slice by its semantic view, preserves both returned mutable views, and reconstructs the final input slice from those views.",,not_applicable,,
core::slice::split_off_first,skip->add_spec,data_structure,add_spec,accepted_slice_array_view_contract,fresh_rationale;fresh_requires_source_fidelity_rationale;manifest_source_context,true,adequate_source_backed_add_spec,fresh accepted contract exposes source-documented slice or array view semantics without extra preconditions,false,upgrade,,The implementation returns None without modifying an empty slice; otherwise it returns the first element and replaces the input slice reference with the remaining suffix. The contract compares element and slice semantic views rather than reference identity.,,not_applicable,,
core::slice::split_off_first_mut,skip->add_spec,data_structure,add_spec,accepted_slice_array_view_contract,fresh_rationale;fresh_requires_source_fidelity_rationale;manifest_source_context,true,adequate_source_backed_add_spec,fresh accepted contract exposes source-documented slice or array view semantics without extra preconditions,false,upgrade,,"Rust 1.96 replaces `self` with an empty mutable slice, delegates to `split_first_mut`, assigns `*self = rem`, and returns `Some(first)` only for nonempty slices. The contract models the returned element by dereferenced value and reconstructs the final slice reference as the remaining tail, without pointer/provenance claims.",,not_applicable,,
core::slice::split_off_last_mut,skip->add_spec,data_structure,add_spec,accepted_slice_array_view_contract,fresh_rationale;fresh_requires_source_fidelity_rationale;manifest_source_context,true,adequate_source_backed_add_spec,fresh accepted contract exposes source-documented slice or array view semantics without extra preconditions,false,upgrade,,"Rust 1.96 replaces `self` with an empty mutable slice, delegates to `split_last_mut`, assigns `*self = rem`, and returns `Some(last)` only for nonempty slices. The contract models the returned element by dereferenced value and reconstructs the final slice reference as the remaining init slice, without pointer/provenance claims.",,not_applicable,,
core::str::from_utf8,skip->add_spec,data_structure,add_spec,accepted_string_view_contract,fresh_rationale;fresh_requires_source_fidelity_rationale;manifest_source_context,true,adequate_source_backed_add_spec,fresh accepted contract exposes source-documented string byte or UTF-8 semantics without extra preconditions,false,upgrade,,"Promotes the saved round-01 source-backed contract for the inherent `str::from_utf8` declaration only. Rust 1.96 delegates the inherent constructor to `converts::from_utf8`, whose body returns `Ok` after `run_utf8_validation` succeeds and `Err(err)` otherwise; the contract specifies only the decoded string view and Result branch.",,not_applicable,,
core::str::from_utf8_mut,skip->add_spec,data_structure,add_spec,accepted_string_view_contract,fresh_rationale;fresh_requires_source_fidelity_rationale;manifest_source_context,true,adequate_source_backed_add_spec,fresh accepted contract exposes source-documented string byte or UTF-8 semantics without extra preconditions,false,upgrade,,"The contract typechecks and directly models the source behavior: conversion does not modify the bytes, succeeds exactly when the original byte sequence is valid UTF-8, and exposes the decoded semantic string on success. The determinism failure is caused by the checker passing the unsized [u8] post-state by value, not by this contract.",,not_applicable,,
core::str::get,add_spec->skip,data_structure,skip,associated_type_or_projection_gap,fresh_issue_tags;fresh_rationale;fresh_requires_source_fidelity_rationale;manifest_source_context,true,adequate_source_backed_skip,fresh issue tags identify generic associated-type or projection results without an available public relation,false,downgrade,classification:associated_type_or_projection,"The implementation only delegates to SliceIndex::get. No supplied public vstd vocabulary models generic SliceIndex validity, its associated Output, or returned-reference identity, so no useful non-vacuous result relation is expressible.",,not_applicable,,
core::str::get_unchecked,add_spec->skip,data_structure,skip,unsafe_or_representation_sensitive,fresh_issue_tags;fresh_rationale;fresh_requires_source_fidelity_rationale;manifest_source_context,true,adequate_source_backed_skip,"fresh issue tags identify unsafe representation, provenance, or raw pointer behavior that would be trusted as an axiom",false,downgrade,classification:unsafe_or_representation_sensitive,"The generic SliceIndex<str> argument exposes neither public vstd validity predicates nor a specification relating I to I::Output. Therefore the documented bounds and UTF-8-boundary preconditions, and the returned reference’s identity/view relation to self, cannot be expressed soundly and non-vacuously.",,not_applicable,,
core::str::make_ascii_lowercase,skip->add_spec,data_structure,add_spec,accepted_string_view_contract,fresh_rationale;fresh_requires_source_fidelity_rationale;manifest_source_context,true,adequate_source_backed_add_spec,fresh accepted contract exposes source-documented string byte or UTF-8 semantics without extra preconditions,false,upgrade,,"The implementation mutates the string bytes in place, mapping ASCII 'A' through 'Z' to 'a' through 'z' while preserving all other bytes and the byte length. Casting byte observations to int matches the existing vstd ASCII-folding spec style and avoids Verus branch type mismatches without changing the modeled byte relation.",,not_applicable,,
core::str::make_ascii_uppercase,skip->add_spec,data_structure,add_spec,accepted_string_view_contract,fresh_rationale;fresh_requires_source_fidelity_rationale;manifest_source_context,true,adequate_source_backed_add_spec,fresh accepted contract exposes source-documented string byte or UTF-8 semantics without extra preconditions,false,upgrade,,"The method mutates the UTF-8 bytes in place by uppercasing ASCII lowercase letters. Casting byte values to int makes both conditional branches type-compatible while still specifying the complete deterministic post-state: length is preserved, bytes in a-z are reduced by 0x20, and every other byte is unchanged.",,not_applicable,,
core::str::slice_unchecked,add_spec->skip,data_structure,skip,unsafe_or_representation_sensitive,fresh_issue_tags;fresh_rationale;fresh_requires_source_fidelity_rationale;manifest_source_context,true,adequate_source_backed_skip,"fresh issue tags identify unsafe representation, provenance, or raw pointer behavior that would be trusted as an axiom",false,downgrade,classification:unsafe_or_representation_sensitive;determinism_unsupported_contract_form,"Although the byte-content postcondition typechecks and is source-justified, determinism was not proved. More importantly, this unsafe reference-producing API is representation-sensitive: existing vstd vocabulary cannot express that the returned &str is the exact subslice of the input with the required provenance and lifetime relationship. A trusted content-only specification would omit essential semantics, so no useful ordinary contract is added.",,not_applicable,,
core::str::split_at_mut_checked,skip->add_spec,data_structure,add_spec,accepted_string_view_contract,fresh_rationale;fresh_requires_source_fidelity_rationale;manifest_source_context,true,adequate_source_backed_add_spec,fresh accepted contract exposes source-documented string byte or UTF-8 semantics without extra preconditions,false,upgrade,,"Rust 1.96 returns Some exactly when `self.is_char_boundary(mid)`, delegates that branch to `self.split_at_mut_unchecked(mid)`, and otherwise returns None. The contract models the returned mutable str slices extensionally by their byte subranges and preserves the input byte state on the None branch without claiming pointer provenance.",,not_applicable,,
std::collections::HashMap::get_mut,skip->add_spec,other,add_spec,accepted_source_justified_precondition,fresh_rationale;fresh_requires_source_reference;fresh_requires_source_excerpt;fresh_requires_source_fidelity_rationale;manifest_source_context,true,adequate_source_backed_add_spec,fresh accepted contract has a non-empty requires clause with source-fidelity reference and excerpt,false,upgrade,,"Rust 1.96 documents HashMap::get_mut as returning a mutable reference to the value for the borrowed key, requires borrowed-form Hash/Eq compatibility, and delegates to self.base.get_mut(k). The contract chooses the stored key selected by the borrowed-key model, returns the old value through the mutable reference when present, and records that the lookup itself does not mutate the map.",obeys_key_model::<Key>(); builds_valid_hashers::<S>(),source_justified,std/src/collections/hash/map.rs:1297,"1252: /// The key may be any borrowed form of the map's key type, but 1253: /// [`Hash`] and [`Eq`] on the borrowed form *must* match those for 1271: K: Borrow<Q>, 1272: Q: Hash + Eq, 1277: /// Returns a mutable reference to the value corresponding to the key. 1279: /// The key may be any borrowed form of the map's key type, but 1280: /// [`Hash`] and [`Eq`] on the borrowed form *must* match those for 1297: pub fn get_mut<Q: ?Sized>(&mut self, k: &Q) -> Option<&mut V> 1299: K: Borrow<Q>, 1300: Q: Hash + Eq, 1302: self.base.get_mut(k)"
std::collections::HashSet::take,add_spec->skip,other,skip,borrowed_key_model_underdetermined,fresh_issue_tags;fresh_rationale;fresh_requires_source_fidelity_rationale;manifest_source_context,true,adequate_source_backed_skip,fresh rationale identifies borrowed-key lookup semantics that cannot select a unique stored key with existing predicates,false,downgrade,determinism_unsupported_contract_form,"The existing borrowed-key vocabulary uses uninterpreted relations that do not establish a unique owned Key for an arbitrary Q. Consequently, a source-justified contract cannot determine the Some payload or the removed set element. Weakening the contract to Option::is_some would leave the observable payload unconstrained, while adding uniqueness assumptions would introduce a false or redundant domain.",,not_applicable,,
std::net::TcpStream::peek,add_spec->skip,io_os_runtime,skip,runtime_or_hidden_state,fresh_issue_tags;fresh_rationale;fresh_requires_source_fidelity_rationale;manifest_source_context,true,adequate_source_backed_skip,"fresh issue tags identify OS, runtime, synchronization, or hidden state effects outside the public vstd model",false,downgrade,classification:runtime_or_hidden_state;determinism_unsupported_contract_form,"TcpStream and std::io::Error are unsupported by the existing vstd vocabulary, so the ordinary assume_specification declaration does not typecheck. Introducing external type specifications would exceed the target contract's scope, while the socket-dependent result and peeked bytes cannot otherwise be usefully modeled.",,not_applicable,,
std::sync::LockResult::and_then,add_spec->skip,io_os_runtime,skip,runtime_or_hidden_state,fresh_issue_tags;fresh_rationale;fresh_requires_source_fidelity_rationale;manifest_source_context,true,adequate_source_backed_skip,"fresh issue tags identify OS, runtime, synchronization, or hidden state effects outside the public vstd model",false,downgrade,classification:runtime_or_hidden_state;determinism_unsupported_contract_form,"LockResult is an alias for Result, so this resolves to generic Result::and_then. Its Ok-case output depends on an opaque FnOnce callback, which cannot receive a deterministic ordinary external specification in existing vstd vocabulary. Specifying only the Err branch does not remedy the unsupported contract form.",,not_applicable,,
std::sync::LockResult::as_mut,add_spec->skip,io_os_runtime,skip,runtime_or_hidden_state,fresh_issue_tags;fresh_rationale;fresh_requires_source_fidelity_rationale;manifest_source_context,true,adequate_source_backed_skip,"fresh issue tags identify OS, runtime, synchronization, or hidden state effects outside the public vstd model",false,downgrade,classification:runtime_or_hidden_state;determinism_unsupported_contract_form,"The meaningful behavior is a mutable reborrow tying the returned reference to the selected payload of the original Result. Expressing that relationship requires mutable-reference prophecy/final-state semantics, which the determinism check cannot establish and classifies as runtime or hidden state. A contract describing only the discriminant would omit the API's essential observable behavior, so no useful ordinary contract is available in the existing vstd vocabulary.",,not_applicable,,
std::sync::LockResult::unwrap_or_else,add_spec->skip,io_os_runtime,skip,runtime_or_hidden_state,fresh_issue_tags;fresh_rationale;fresh_requires_source_fidelity_rationale;manifest_source_context,true,adequate_source_backed_skip,"fresh issue tags identify OS, runtime, synchronization, or hidden state effects outside the public vstd model",false,downgrade,classification:runtime_or_hidden_state;determinism_unsupported_contract_form,"The Err result depends on invoking an arbitrary FnOnce closure, whose captured runtime or hidden state is not modeled by existing vstd vocabulary. The source-justified FnOnce requires/ensures contract typechecks but does not establish a deterministic relation for the observable return value. Strengthening the closure domain would exclude valid Rust callers, so no useful ordinary trusted contract is appropriate.",,not_applicable,,
std::sync::TryLockResult::and_then,add_spec->skip,io_os_runtime,skip,runtime_or_hidden_state,fresh_issue_tags;fresh_rationale;fresh_requires_source_fidelity_rationale;manifest_source_context,true,adequate_source_backed_skip,"fresh issue tags identify OS, runtime, synchronization, or hidden state effects outside the public vstd model",false,downgrade,classification:runtime_or_hidden_state;determinism_unsupported_contract_form,"The Ok branch invokes an arbitrary FnOnce whose result may depend on runtime or hidden state. Existing vstd vocabulary can only defer to op.ensures, which does not establish a deterministic observable result and adds no independent semantic guarantee. The Err branch alone is insufficient to justify a useful contract.",,not_applicable,,
std::sync::TryLockResult::is_err_and,add_spec->skip,io_os_runtime,skip,runtime_or_hidden_state,fresh_issue_tags;fresh_rationale;fresh_requires_source_fidelity_rationale;manifest_source_context,true,adequate_source_backed_skip,"fresh issue tags identify OS, runtime, synchronization, or hidden state effects outside the public vstd model",false,downgrade,classification:runtime_or_hidden_state;determinism_unsupported_contract_form,"The observable result on the Err branch is determined by invoking an arbitrary FnOnce predicate, whose outcome may depend on runtime or hidden state. Existing vstd closure requires/ensures vocabulary can relate the result to an allowed postcondition but cannot establish a deterministic value. Strengthening that relation would be unjustified by the Rust source, while the Ok-only guarantee is too partial to warrant a trusted contract.",,not_applicable,,
std::sync::TryLockResult::is_ok_and,add_spec->skip,io_os_runtime,skip,runtime_or_hidden_state,fresh_issue_tags;fresh_rationale;fresh_requires_source_fidelity_rationale;manifest_source_context,true,adequate_source_backed_skip,"fresh issue tags identify OS, runtime, synchronization, or hidden state effects outside the public vstd model",false,downgrade,classification:runtime_or_hidden_state;determinism_unsupported_contract_form,"TryLockResult is a type alias, so this method resolves to Result::is_ok_and rather than a synchronization-specific API. Its observable result depends on an arbitrary FnOnce predicate whose runtime behavior is not deterministically modeled by existing vstd closure vocabulary. Attaching the proposed relational contract globally to Result::is_ok_and would also exceed the target domain and does not resolve the determinism or structured-contract concerns.",,not_applicable,,
std::sync::TryLockResult::map_or,add_spec->skip,io_os_runtime,skip,runtime_or_hidden_state,fresh_issue_tags;fresh_rationale;fresh_requires_source_fidelity_rationale;manifest_source_context,true,adequate_source_backed_skip,"fresh issue tags identify OS, runtime, synchronization, or hidden state effects outside the public vstd model",false,downgrade,classification:runtime_or_hidden_state,"The Err branch merely returns the supplied default, while the Ok branch's observable result is determined by an arbitrary FnOnce closure and potentially its captured runtime state. Expressing that branch only through f.requires/f.ensures does not provide a deterministic ordinary value relation, and specifying only the Err branch would create a redundant partial domain. No useful source-justified ordinary contract is available in the existing vstd vocabulary.",,not_applicable,,
std::sync::TryLockResult::map_or_default,add_spec->skip,io_os_runtime,skip,runtime_or_hidden_state,fresh_issue_tags;fresh_rationale;fresh_requires_source_fidelity_rationale;manifest_source_context,true,adequate_source_backed_skip,"fresh issue tags identify OS, runtime, synchronization, or hidden state effects outside the public vstd model",false,downgrade,classification:runtime_or_hidden_state,"The Ok branch invokes an arbitrary FnOnce and the Err branch returns U::default(). Without existing public vstd specifications for both calls, no complete, non-vacuous result relation is expressible; specifying only the Ok branch would leave the Err result unconstrained.",,not_applicable,,
std::sync::TryLockResult::unwrap_or_else,add_spec->skip,io_os_runtime,skip,runtime_or_hidden_state,fresh_issue_tags;fresh_rationale;fresh_requires_source_fidelity_rationale;manifest_source_context,true,adequate_source_backed_skip,"fresh issue tags identify OS, runtime, synchronization, or hidden state effects outside the public vstd model",false,downgrade,classification:runtime_or_hidden_state;determinism_unsupported_contract_form,"The Err branch invokes an arbitrary FnOnce whose result may depend on captured runtime or hidden state. Although the proposed relational postcondition typechecks and matches the implementation, existing vstd closure vocabulary cannot establish an ordinary deterministic contract for the observable return value. Attaching the specification to Result::unwrap_or_else would also broaden it beyond the TryLockResult alias.",,not_applicable,,
std::thread::Result::and_then,add_spec->skip,io_os_runtime,skip,runtime_or_hidden_state,fresh_issue_tags;fresh_rationale;fresh_requires_source_fidelity_rationale;manifest_source_context,true,adequate_source_backed_skip,"fresh issue tags identify OS, runtime, synchronization, or hidden state effects outside the public vstd model",false,downgrade,classification:runtime_or_hidden_state,"The Err branch preserves the error, but no useful generic Verus relation can express preservation of an unconstrained E without additional specification vocabulary. The Ok branch invokes an arbitrary FnOnce whose result and effects require the closure's contract; the supplied signature provides no such law. Therefore a sound, non-vacuous result relation is not expressible here.",,not_applicable,,
std::thread::Result::flatten,skip->add_spec,io_os_runtime,add_spec,accepted_enum_result_forwarding_contract,fresh_rationale;fresh_requires_source_fidelity_rationale;manifest_source_context,true,adequate_source_backed_add_spec,fresh accepted contract is a pure source-level forwarding relation over nested Result values,false,upgrade,,"The contract exactly follows the implementation: an Ok returns its inner Result unchanged, while an Err is preserved. Result is a modeled output, so payload-preserving equality gives a source-justified deterministic specification rather than merely constraining the output variant. The canonical core Result method is targeted because std::thread::Result is a type alias.",,not_applicable,,
std::thread::Result::is_err_and,add_spec->skip,io_os_runtime,skip,runtime_or_hidden_state,fresh_issue_tags;fresh_rationale;fresh_requires_source_fidelity_rationale;manifest_source_context,true,adequate_source_backed_skip,"fresh issue tags identify OS, runtime, synchronization, or hidden state effects outside the public vstd model",false,downgrade,classification:runtime_or_hidden_state,"For Err(e), the observable result is produced by an arbitrary FnOnce predicate whose behavior may depend on runtime or hidden state. Existing vstd vocabulary can describe the callback only through f.requires/f.ensures, but that proposal does not yield a deterministic ordinary contract and triggers the structured-contract mismatch. Specifying only the Ok branch would leave a redundant or incomplete domain, so no useful source-justified contract should be added.",,not_applicable,,
std::thread::Result::map_or,add_spec->skip,io_os_runtime,skip,runtime_or_hidden_state,fresh_issue_tags;fresh_rationale;fresh_requires_source_fidelity_rationale;manifest_source_context,true,adequate_source_backed_skip,"fresh issue tags identify OS, runtime, synchronization, or hidden state effects outside the public vstd model",false,downgrade,classification:runtime_or_hidden_state,"The Err branch has a useful relation (`result == default`), but the Ok branch invokes an arbitrary `FnOnce`. Without a supplied, public vstd mechanism and compatible bounds for expressing that closure's call precondition and postcondition, no complete non-vacuous contract covering both branches can be justified from the supplied implementation.",,not_applicable,,
std::thread::Result::map_or_default,add_spec->skip,io_os_runtime,skip,runtime_or_hidden_state,fresh_issue_tags;fresh_rationale;fresh_requires_source_fidelity_rationale;manifest_source_context,true,adequate_source_backed_skip,"fresh issue tags identify OS, runtime, synchronization, or hidden state effects outside the public vstd model",false,downgrade,classification:runtime_or_hidden_state,"The returned value comes from either invoking the supplied FnOnce or U::default(). Without public vstd vocabulary describing those calls, no useful result relation is expressible without modeling hidden behavior.",,not_applicable,,
std::thread::Result::or_else,add_spec->skip,io_os_runtime,skip,runtime_or_hidden_state,fresh_issue_tags;fresh_rationale;fresh_requires_source_fidelity_rationale;manifest_source_context,true,adequate_source_backed_skip,"fresh issue tags identify OS, runtime, synchronization, or hidden state effects outside the public vstd model",false,downgrade,classification:runtime_or_hidden_state,"The Ok branch preserves its value, but the Err branch returns the result of invoking an arbitrary FnOnce closure. No complete, non-vacuous output relation is expressible using existing public vstd vocabulary without specifying the closure's behavior or hidden state.",,not_applicable,,
std::thread::Result::unwrap_or,add_spec->skip,io_os_runtime,skip,runtime_or_hidden_state,fresh_issue_tags;fresh_rationale;fresh_requires_source_fidelity_rationale;manifest_source_context,true,adequate_source_backed_skip,"fresh issue tags identify OS, runtime, synchronization, or hidden state effects outside the public vstd model",false,downgrade,classification:runtime_or_hidden_state;determinism_unsupported_contract_form,"Although the returned value is deterministic, this consuming operation may run destructors for the unused default or Err payload. Those observable runtime effects are not expressible in the existing vstd contract vocabulary, so the proposed purely value-level specification is structurally incomplete.",,not_applicable,,
std::thread::Result::unwrap_or_else,add_spec->skip,io_os_runtime,skip,runtime_or_hidden_state,fresh_issue_tags;fresh_rationale;fresh_requires_source_fidelity_rationale;manifest_source_context,true,adequate_source_backed_skip,"fresh issue tags identify OS, runtime, synchronization, or hidden state effects outside the public vstd model",false,downgrade,classification:runtime_or_hidden_state;determinism_unsupported_contract_form,The Err branch returns the result of an arbitrary FnOnce closure whose output may depend on captured runtime or hidden state. Existing vstd closure requires/ensures vocabulary yields only a relational result and does not establish deterministic observable output. Specifying only the Ok branch would omit the method's essential behavior and provide an incomplete ordinary contract.,,not_applicable,,
