api_path,mechanism,source_file,source_line,raw_target,confidence
alloc::boxed::Box::new,assume_specification,std_specs/smart_ptrs.rs,17,Box::<T>::new,high
alloc::boxed::Box::new_uninit,assume_specification,std_specs/alloc.rs,36,alloc::boxed::Box::<T>::new_uninit,high
alloc::boxed::box_assume_init_into_vec_unsafe,assume_specification,std_specs/alloc.rs,15,alloc::boxed::box_assume_init_into_vec_unsafe,high
alloc::collections::BTreeMap::clear,assume_specification,std_specs/btree.rs,579,"BTreeMap::<Key, Value, A>::clear",high
alloc::collections::BTreeMap::contains_key,assume_specification,std_specs/btree.rs,456,"BTreeMap::<Key, Value, A>::contains_key::<Q>",high
alloc::collections::BTreeMap::contains_key,assume_specification,std_specs/btree.rs,461,"BTreeMap::<Key, Value, A>::contains_key::<Q>",high
alloc::collections::BTreeMap::get,assume_specification,std_specs/btree.rs,504,"BTreeMap::<Key, Value, A>::get::<Q>",high
alloc::collections::BTreeMap::get,assume_specification,std_specs/btree.rs,510,"BTreeMap::<Key, Value, A>::get::<Q>",high
alloc::collections::BTreeMap::insert,assume_specification,std_specs/btree.rs,410,"BTreeMap::<
    Key,
    Value,
    A,
>::insert",high
alloc::collections::BTreeMap::is_empty,assume_specification,std_specs/btree.rs,383,"BTreeMap::<Key, Value, A>::is_empty",high
alloc::collections::BTreeMap::iter,assume_specification,std_specs/btree.rs,204,"BTreeMap::<Key, Value, A>::iter",high
alloc::collections::BTreeMap::keys,assume_specification,std_specs/btree.rs,609,"BTreeMap::<Key, Value, A>::keys",high
alloc::collections::BTreeMap::len,assume_specification,std_specs/btree.rs,376,"BTreeMap::<Key, Value, A>::len",high
alloc::collections::BTreeMap::new,assume_specification,std_specs/btree.rs,399,"BTreeMap::<Key, Value>::new",high
alloc::collections::BTreeMap::remove,assume_specification,std_specs/btree.rs,562,"BTreeMap::<Key, Value, A>::remove::<Q>",high
alloc::collections::BTreeMap::remove,assume_specification,std_specs/btree.rs,567,"BTreeMap::<Key, Value, A>::remove::<Q>",high
alloc::collections::BTreeMap::values,assume_specification,std_specs/btree.rs,641,"BTreeMap::<Key, Value, A>::values",high
alloc::collections::BTreeSet::clear,assume_specification,std_specs/btree.rs,905,"BTreeSet::<Key, A>::clear",high
alloc::collections::BTreeSet::contains,assume_specification,std_specs/btree.rs,809,"BTreeSet::<
    Key,
    A,
>::contains",high
alloc::collections::BTreeSet::get,assume_specification,std_specs/btree.rs,848,"BTreeSet::<Key, A>::get::<Q>",high
alloc::collections::BTreeSet::get,assume_specification,std_specs/btree.rs,853,"BTreeSet::<Key, A>::get::<Q>",high
alloc::collections::BTreeSet::insert,assume_specification,std_specs/btree.rs,772,"BTreeSet::<Key, A>::insert",high
alloc::collections::BTreeSet::is_empty,assume_specification,std_specs/btree.rs,746,"BTreeSet::<Key, A>::is_empty",high
alloc::collections::BTreeSet::iter,assume_specification,std_specs/btree.rs,935,"BTreeSet::<Key, A>::iter",high
alloc::collections::BTreeSet::len,assume_specification,std_specs/btree.rs,739,"BTreeSet::<Key, A>::len",high
alloc::collections::BTreeSet::new,assume_specification,std_specs/btree.rs,760,BTreeSet::<Key>::new,high
alloc::collections::BTreeSet::remove,assume_specification,std_specs/btree.rs,894,"BTreeSet::<
    Key,
    A,
>::remove::<Q>",high
alloc::collections::BinaryHeap::append,assume_specification,std_specs/collections_extra.rs,78,"BinaryHeap::<T, A>::append",high
alloc::collections::BinaryHeap::as_slice,assume_specification,std_specs/collections_extra.rs,111,"BinaryHeap::<T, A>::as_slice",high
alloc::collections::BinaryHeap::capacity,assume_specification,std_specs/capacity.rs,161,"BinaryHeap::<T, A>::capacity",high
alloc::collections::BinaryHeap::clear,assume_specification,std_specs/collections_extra.rs,65,"BinaryHeap::<T, A>::clear",high
alloc::collections::BinaryHeap::into_sorted_vec,assume_specification,std_specs/collections_extra.rs,125,"BinaryHeap::<T, A>::into_sorted_vec",high
alloc::collections::BinaryHeap::into_vec,assume_specification,std_specs/collections_extra.rs,118,"BinaryHeap::<T, A>::into_vec",high
alloc::collections::BinaryHeap::is_empty,assume_specification,std_specs/collections_extra.rs,58,"BinaryHeap::<T, A>::is_empty",high
alloc::collections::BinaryHeap::len,assume_specification,std_specs/collections_extra.rs,51,"BinaryHeap::<T, A>::len",high
alloc::collections::BinaryHeap::new,assume_specification,std_specs/collections_extra.rs,46,BinaryHeap::<T>::new,high
alloc::collections::BinaryHeap::peek,assume_specification,std_specs/collections_extra.rs,103,"BinaryHeap::<T, A>::peek",high
alloc::collections::BinaryHeap::pop,assume_specification,std_specs/collections_extra.rs,87,"BinaryHeap::<T, A>::pop",high
alloc::collections::BinaryHeap::push,assume_specification,std_specs/collections_extra.rs,70,"BinaryHeap::<T, A>::push",high
alloc::collections::BinaryHeap::reserve,assume_specification,std_specs/capacity.rs,175,"BinaryHeap::<T, A>::reserve",high
alloc::collections::BinaryHeap::reserve_exact,assume_specification,std_specs/capacity.rs,184,"BinaryHeap::<T, A>::reserve_exact",high
alloc::collections::BinaryHeap::shrink_to,assume_specification,std_specs/capacity.rs,220,"BinaryHeap::<T, A>::shrink_to",high
alloc::collections::BinaryHeap::shrink_to_fit,assume_specification,std_specs/capacity.rs,211,"BinaryHeap::<T, A>::shrink_to_fit",high
alloc::collections::BinaryHeap::try_reserve,assume_specification,std_specs/capacity.rs,193,"BinaryHeap::<T, A>::try_reserve",high
alloc::collections::BinaryHeap::try_reserve_exact,assume_specification,std_specs/capacity.rs,202,"BinaryHeap::<T, A>::try_reserve_exact",high
alloc::collections::BinaryHeap::with_capacity,assume_specification,std_specs/capacity.rs,168,BinaryHeap::<T>::with_capacity,high
alloc::collections::LinkedList::append,assume_specification,std_specs/collections_extra.rs,216,LinkedList::<T>::append,high
alloc::collections::LinkedList::back,assume_specification,std_specs/collections_extra.rs,208,"LinkedList::<T, A>::back",high
alloc::collections::LinkedList::clear,assume_specification,std_specs/collections_extra.rs,161,"LinkedList::<T, A>::clear",high
alloc::collections::LinkedList::contains,assume_specification,std_specs/collections_extra.rs,151,"LinkedList::<T, A>::contains",high
alloc::collections::LinkedList::front,assume_specification,std_specs/collections_extra.rs,200,"LinkedList::<T, A>::front",high
alloc::collections::LinkedList::is_empty,assume_specification,std_specs/collections_extra.rs,144,"LinkedList::<T, A>::is_empty",high
alloc::collections::LinkedList::len,assume_specification,std_specs/collections_extra.rs,137,"LinkedList::<T, A>::len",high
alloc::collections::LinkedList::new,assume_specification,std_specs/collections_extra.rs,132,LinkedList::<T>::new,high
alloc::collections::LinkedList::pop_back,assume_specification,std_specs/collections_extra.rs,191,"LinkedList::<T, A>::pop_back",high
alloc::collections::LinkedList::pop_front,assume_specification,std_specs/collections_extra.rs,182,"LinkedList::<T, A>::pop_front",high
alloc::collections::LinkedList::push_back,assume_specification,std_specs/collections_extra.rs,174,"LinkedList::<T, A>::push_back",high
alloc::collections::LinkedList::push_front,assume_specification,std_specs/collections_extra.rs,166,"LinkedList::<T, A>::push_front",high
alloc::collections::LinkedList::split_off,assume_specification,std_specs/collections_extra.rs,225,"LinkedList::<T, A>::split_off",high
alloc::collections::VecDeque::capacity,assume_specification,std_specs/capacity.rs,128,"VecDeque::<T, A>::capacity",high
alloc::collections::VecDeque::shrink_to,assume_specification,std_specs/capacity.rs,151,"VecDeque::<T, A>::shrink_to",high
alloc::collections::VecDeque::shrink_to_fit,assume_specification,std_specs/capacity.rs,144,"VecDeque::<T, A>::shrink_to_fit",high
alloc::collections::VecDeque::try_reserve,assume_specification,std_specs/capacity.rs,135,"VecDeque::<T, A>::try_reserve",high
alloc::collections::vec_deque::VecDeque::append,assume_specification,std_specs/vecdeque.rs,303,"VecDeque::<T, A>::append",high
alloc::collections::vec_deque::VecDeque::as_slices,assume_specification,std_specs/vecdeque.rs,246,"VecDeque::<T, A>::as_slices",high
alloc::collections::vec_deque::VecDeque::back,assume_specification,std_specs/vecdeque.rs,230,"VecDeque::<T, A>::back",high
alloc::collections::vec_deque::VecDeque::clear,assume_specification,std_specs/vecdeque.rs,341,"VecDeque::<T, A>::clear",high
alloc::collections::vec_deque::VecDeque::contains,assume_specification,std_specs/vecdeque.rs,253,"VecDeque::<T, A>::contains",high
alloc::collections::vec_deque::VecDeque::front,assume_specification,std_specs/vecdeque.rs,223,"VecDeque::<T, A>::front",high
alloc::collections::vec_deque::VecDeque::get,assume_specification,std_specs/vecdeque.rs,237,"VecDeque::<T, A>::get",high
alloc::collections::vec_deque::VecDeque::index,assume_specification,std_specs/vecdeque.rs,71,"VecDeque::<T, A>::index",high
alloc::collections::vec_deque::VecDeque::insert,assume_specification,std_specs/vecdeque.rs,312,"VecDeque::<T, A>::insert",high
alloc::collections::vec_deque::VecDeque::is_empty,assume_specification,std_specs/vecdeque.rs,216,"VecDeque::<T, A>::is_empty",high
alloc::collections::vec_deque::VecDeque::iter,assume_specification,std_specs/vecdeque.rs,471,"VecDeque::<T, A>::iter",high
alloc::collections::vec_deque::VecDeque::len,assume_specification,std_specs/vecdeque.rs,80,"VecDeque::<T, A>::len",high
alloc::collections::vec_deque::VecDeque::new,assume_specification,std_specs/vecdeque.rs,86,VecDeque::<T>::new,high
alloc::collections::vec_deque::VecDeque::pop_back,assume_specification,std_specs/vecdeque.rs,143,"VecDeque::<T, A>::pop_back",high
alloc::collections::vec_deque::VecDeque::pop_front,assume_specification,std_specs/vecdeque.rs,160,"VecDeque::<T, A>::pop_front",high
alloc::collections::vec_deque::VecDeque::push_back,assume_specification,std_specs/vecdeque.rs,127,"VecDeque::<T, A>::push_back",high
alloc::collections::vec_deque::VecDeque::push_front,assume_specification,std_specs/vecdeque.rs,135,"VecDeque::<T, A>::push_front",high
alloc::collections::vec_deque::VecDeque::remove,assume_specification,std_specs/vecdeque.rs,323,"VecDeque::<T, A>::remove",high
alloc::collections::vec_deque::VecDeque::reserve,assume_specification,std_specs/vecdeque.rs,103,"VecDeque::<T, A>::reserve",high
alloc::collections::vec_deque::VecDeque::reserve_exact,assume_specification,std_specs/vecdeque.rs,111,"VecDeque::<T, A>::reserve_exact",high
alloc::collections::vec_deque::VecDeque::resize,assume_specification,std_specs/vecdeque.rs,383,"VecDeque::<T, A>::resize",high
alloc::collections::vec_deque::VecDeque::rotate_left,assume_specification,std_specs/vecdeque.rs,263,"VecDeque::<T, A>::rotate_left",high
alloc::collections::vec_deque::VecDeque::rotate_right,assume_specification,std_specs/vecdeque.rs,276,"VecDeque::<T, A>::rotate_right",high
alloc::collections::vec_deque::VecDeque::split_off,assume_specification,std_specs/vecdeque.rs,346,"VecDeque::<T, A>::split_off",high
alloc::collections::vec_deque::VecDeque::swap,assume_specification,std_specs/vecdeque.rs,288,"VecDeque::<T, A>::swap",high
alloc::collections::vec_deque::VecDeque::swap_remove_back,assume_specification,std_specs/vecdeque.rs,177,"VecDeque::<T, A>::swap_remove_back",high
alloc::collections::vec_deque::VecDeque::swap_remove_front,assume_specification,std_specs/vecdeque.rs,195,"VecDeque::<T, A>::swap_remove_front",high
alloc::collections::vec_deque::VecDeque::truncate,assume_specification,std_specs/vecdeque.rs,374,"VecDeque::<T, A>::truncate",high
alloc::collections::vec_deque::VecDeque::try_reserve_exact,assume_specification,std_specs/vecdeque.rs,119,"VecDeque::<T, A>::try_reserve_exact",high
alloc::collections::vec_deque::VecDeque::with_capacity,assume_specification,std_specs/vecdeque.rs,98,VecDeque::<T>::with_capacity,high
alloc::ffi::CString::as_bytes,assume_specification,std_specs/ffi.rs,225,CString::as_bytes,high
alloc::ffi::CString::as_bytes_with_nul,assume_specification,std_specs/ffi.rs,231,CString::as_bytes_with_nul,high
alloc::ffi::CString::as_c_str,assume_specification,std_specs/ffi.rs,237,CString::as_c_str,high
alloc::ffi::CString::from_vec_with_nul,assume_specification,std_specs/ffi.rs,261,CString::from_vec_with_nul,high
alloc::ffi::CString::into_boxed_c_str,assume_specification,std_specs/ffi.rs,255,CString::into_boxed_c_str,high
alloc::ffi::CString::into_bytes,assume_specification,std_specs/ffi.rs,243,CString::into_bytes,high
alloc::ffi::CString::into_bytes_with_nul,assume_specification,std_specs/ffi.rs,249,CString::into_bytes_with_nul,high
alloc::ffi::CString::into_string,assume_specification,std_specs/ffi.rs,272,CString::into_string,high
alloc::ffi::FromVecWithNulError::as_bytes,assume_specification,std_specs/ffi.rs,316,alloc::ffi::FromVecWithNulError::as_bytes,high
alloc::ffi::FromVecWithNulError::into_bytes,assume_specification,std_specs/ffi.rs,324,alloc::ffi::FromVecWithNulError::into_bytes,high
alloc::ffi::IntoStringError::into_cstring,assume_specification,std_specs/ffi.rs,332,alloc::ffi::IntoStringError::into_cstring,high
alloc::ffi::IntoStringError::utf8_error,assume_specification,std_specs/ffi.rs,340,alloc::ffi::IntoStringError::utf8_error,high
alloc::ffi::NulError::into_vec,assume_specification,std_specs/ffi.rs,309,alloc::ffi::NulError::into_vec,high
alloc::ffi::NulError::nul_position,assume_specification,std_specs/ffi.rs,301,alloc::ffi::NulError::nul_position,high
alloc::intrinsics::write_box_via_move,assume_specification,std_specs/alloc.rs,26,alloc::intrinsics::write_box_via_move,high
alloc::rc::Rc::into_inner,assume_specification,std_specs/smart_ptrs.rs,71,"Rc::<T, A>::into_inner",high
alloc::rc::Rc::new,assume_specification,std_specs/smart_ptrs.rs,29,Rc::<T>::new,high
alloc::rc::Rc::try_unwrap,assume_specification,std_specs/smart_ptrs.rs,60,"Rc::<T, A>::try_unwrap",high
alloc::string::FromUtf8Error::as_bytes,assume_specification,std_specs/ffi.rs,282,FromUtf8Error::as_bytes,high
alloc::string::FromUtf8Error::into_bytes,assume_specification,std_specs/ffi.rs,288,FromUtf8Error::into_bytes,high
alloc::string::FromUtf8Error::utf8_error,assume_specification,std_specs/ffi.rs,294,FromUtf8Error::utf8_error,high
alloc::string::String::as_str,assume_specification,string.rs,332,String::as_str,high
alloc::string::String::capacity,assume_specification,std_specs/capacity.rs,77,String::capacity,high
alloc::string::String::new,assume_specification,string.rs,357,String::new,high
alloc::string::String::reserve,assume_specification,std_specs/capacity.rs,88,String::reserve,high
alloc::string::String::reserve_exact,assume_specification,std_specs/capacity.rs,94,String::reserve_exact,high
alloc::string::String::shrink_to,assume_specification,std_specs/capacity.rs,121,String::shrink_to,high
alloc::string::String::shrink_to_fit,assume_specification,std_specs/capacity.rs,114,String::shrink_to_fit,high
alloc::string::String::try_reserve,assume_specification,std_specs/capacity.rs,100,String::try_reserve,high
alloc::string::String::try_reserve_exact,assume_specification,std_specs/capacity.rs,107,String::try_reserve_exact,high
alloc::string::String::with_capacity,assume_specification,std_specs/capacity.rs,82,String::with_capacity,high
alloc::string::ToString::to_string,assume_specification,string.rs,158,<T as ToString>::to_string,high
alloc::sync::Arc::new,assume_specification,std_specs/smart_ptrs.rs,41,Arc::<T>::new,high
alloc::vec::Vec::append,assume_specification,std_specs/vec.rs,154,"Vec::<T, A>::append",high
alloc::vec::Vec::as_mut_slice,assume_specification,std_specs/vec.rs,242,"Vec::<T, A>::as_mut_slice",high
alloc::vec::Vec::as_slice,assume_specification,std_specs/vec.rs,236,"Vec::<T, A>::as_slice",high
alloc::vec::Vec::capacity,assume_specification,std_specs/capacity.rs,37,"Vec::<T, A>::capacity",high
alloc::vec::Vec::clear,assume_specification,std_specs/vec.rs,231,"Vec::<T, A>::clear",high
alloc::vec::Vec::extend_from_slice,assume_specification,std_specs/vec.rs,163,"Vec::<T, A>::extend_from_slice",high
alloc::vec::Vec::index,assume_specification,std_specs/vec.rs,184,"Vec::<T, A>::index",high
alloc::vec::Vec::insert,assume_specification,std_specs/vec.rs,203,"Vec::<T, A>::insert",high
alloc::vec::Vec::into_iter,assume_specification,std_specs/vec.rs,446,"Vec::<T, A>::into_iter",high
alloc::vec::Vec::is_empty,assume_specification,std_specs/vec.rs,214,"<Vec<T, A>>::is_empty",high
alloc::vec::Vec::len,assume_specification,std_specs/vec.rs,93,"Vec::<T, A>::len",high
alloc::vec::Vec::new,assume_specification,std_specs/vec.rs,100,Vec::<T>::new,high
alloc::vec::Vec::new_in,assume_specification,std_specs/vec.rs,110,"Vec::<T, A>::new_in",high
alloc::vec::Vec::pop,assume_specification,std_specs/vec.rs,146,"Vec::<T, A>::pop",high
alloc::vec::Vec::push,assume_specification,std_specs/vec.rs,141,"Vec::<T, A>::push",high
alloc::vec::Vec::remove,assume_specification,std_specs/vec.rs,220,"Vec::<T, A>::remove",high
alloc::vec::Vec::reserve,assume_specification,std_specs/vec.rs,125,"Vec::<T, A>::reserve",high
alloc::vec::Vec::reserve_exact,assume_specification,std_specs/capacity.rs,42,"Vec::<T, A>::reserve_exact",high
alloc::vec::Vec::resize,assume_specification,std_specs/vec.rs,306,"Vec::<T, A>::resize",high
alloc::vec::Vec::shrink_to,assume_specification,std_specs/capacity.rs,67,"Vec::<T, A>::shrink_to",high
alloc::vec::Vec::shrink_to_fit,assume_specification,std_specs/capacity.rs,60,"Vec::<T, A>::shrink_to_fit",high
alloc::vec::Vec::split_off,assume_specification,std_specs/vec.rs,263,"Vec::<T, A>::split_off",high
alloc::vec::Vec::swap_remove,assume_specification,std_specs/vec.rs,192,"Vec::<T, A>::swap_remove",high
alloc::vec::Vec::truncate,assume_specification,std_specs/vec.rs,300,"Vec::<T, A>::truncate",high
alloc::vec::Vec::try_reserve,assume_specification,std_specs/vec.rs,133,"Vec::<T, A>::try_reserve",high
alloc::vec::Vec::try_reserve_exact,assume_specification,std_specs/capacity.rs,51,"Vec::<T, A>::try_reserve_exact",high
alloc::vec::Vec::with_capacity,assume_specification,std_specs/vec.rs,115,Vec::<T>::with_capacity,high
alloc::vec::Vec::with_capacity_in,assume_specification,std_specs/vec.rs,120,"Vec::<T, A>::with_capacity_in",high
alloc::vec::from_elem,assume_specification,std_specs/vec.rs,409,alloc::vec::from_elem,high
core::alloc::Layout::align,assume_specification,std_specs/layout_value.rs,75,Layout::align,high
core::alloc::Layout::align_to,assume_specification,std_specs/layout_value.rs,93,Layout::align_to,high
core::alloc::Layout::array,assume_specification,std_specs/layout_value.rs,215,Layout::array::<T>,high
core::alloc::Layout::extend,assume_specification,std_specs/layout_value.rs,113,Layout::extend,high
core::alloc::Layout::extend_packed,assume_specification,std_specs/layout_value.rs,143,Layout::extend_packed,high
core::alloc::Layout::for_value,assume_specification,std_specs/layout_value.rs,85,Layout::for_value::<T>,high
core::alloc::Layout::from_size_align,assume_specification,std_specs/layout_value.rs,50,Layout::from_size_align,high
core::alloc::Layout::from_size_align_unchecked,assume_specification,std_specs/layout_value.rs,62,Layout::from_size_align_unchecked,high
core::alloc::Layout::new,assume_specification,std_specs/layout_value.rs,80,Layout::new::<T>,high
core::alloc::Layout::pad_to_align,assume_specification,std_specs/layout_value.rs,107,Layout::pad_to_align,high
core::alloc::Layout::repeat,assume_specification,std_specs/layout_value.rs,161,Layout::repeat,high
core::alloc::Layout::repeat_packed,assume_specification,std_specs/layout_value.rs,197,Layout::repeat_packed,high
core::alloc::Layout::size,assume_specification,std_specs/layout_value.rs,70,Layout::size,high
core::array::as_slice,assume_specification,array.rs,143,<[T; N]>::as_slice,high
core::bool::then,assume_specification,std_specs/core.rs,175,bool::then,high
core::clone::Clone::clone,assume_specification,float.rs,95,<f32 as Clone>::clone,high
core::clone::Clone::clone,assume_specification,float.rs,100,<f64 as Clone>::clone,high
core::clone::Clone::clone,assume_specification,std_specs/btree.rs,390,"<BTreeMap::<
    K,
    V,
    A,
> as Clone>::clone",high
core::clone::Clone::clone,assume_specification,std_specs/btree.rs,753,"<BTreeSet::<K, A> as Clone>::clone",high
core::clone::Clone::clone,external_trait_specification,std_specs/clone.rs,10,core::clone::Clone::clone,high
core::clone::Clone::clone,assume_specification,std_specs/clone.rs,26,<bool as Clone>::clone,high
core::clone::Clone::clone,assume_specification,std_specs/clone.rs,31,<char as Clone>::clone,high
core::clone::Clone::clone,assume_specification,std_specs/clone.rs,37,<&'b T as Clone>::clone,high
core::clone::Clone::clone,assume_specification,std_specs/clone.rs,44,<[T; N] as Clone>::clone,high
core::clone::Clone::clone,assume_specification,std_specs/clone.rs,61,<Tracked<T> as Clone>::clone,high
core::clone::Clone::clone,assume_specification,std_specs/clone.rs,68,<Ghost<T> as Clone>::clone,high
core::clone::Clone::clone,assume_specification,std_specs/hash.rs,612,"<HashMap::<
    K,
    V,
    S,
    A,
> as Clone>::clone",high
core::clone::Clone::clone,assume_specification,std_specs/manually_drop.rs,40,<ManuallyDrop<T> as Clone>::clone,high
core::clone::Clone::clone,assume_specification,std_specs/nonzero.rs,164,<NonZero<T> as Clone>::clone,high
core::clone::Clone::clone,macro:num_specs,std_specs/num.rs,453,<i8 as Clone>::clone,macro_inferred
core::clone::Clone::clone,macro:num_specs,std_specs/num.rs,453,<u8 as Clone>::clone,macro_inferred
core::clone::Clone::clone,macro:num_specs,std_specs/num.rs,454,<i16 as Clone>::clone,macro_inferred
core::clone::Clone::clone,macro:num_specs,std_specs/num.rs,454,<u16 as Clone>::clone,macro_inferred
core::clone::Clone::clone,macro:num_specs,std_specs/num.rs,455,<i32 as Clone>::clone,macro_inferred
core::clone::Clone::clone,macro:num_specs,std_specs/num.rs,455,<u32 as Clone>::clone,macro_inferred
core::clone::Clone::clone,macro:num_specs,std_specs/num.rs,456,<u64 as Clone>::clone,macro_inferred
core::clone::Clone::clone,macro:num_specs,std_specs/num.rs,456,<i64 as Clone>::clone,macro_inferred
core::clone::Clone::clone,macro:num_specs,std_specs/num.rs,457,<u128 as Clone>::clone,macro_inferred
core::clone::Clone::clone,macro:num_specs,std_specs/num.rs,457,<i128 as Clone>::clone,macro_inferred
core::clone::Clone::clone,macro:num_specs,std_specs/num.rs,466,<usize as Clone>::clone,macro_inferred
core::clone::Clone::clone,macro:num_specs,std_specs/num.rs,466,<isize as Clone>::clone,macro_inferred
core::clone::Clone::clone,assume_specification,std_specs/option.rs,275,<Option<T> as Clone>::clone,high
core::clone::Clone::clone,assume_specification,std_specs/smart_ptrs.rs,53,"<Box<T, A> as Clone>::clone",high
core::clone::Clone::clone,assume_specification,std_specs/vec.rs,278,"<Vec<T, A> as Clone>::clone",high
core::clone::Clone::clone,assume_specification,std_specs/vecdeque.rs,364,"<VecDeque<T, A> as Clone>::clone",high
core::clone::Clone::clone,assume_specification,string.rs,345,<String as Clone>::clone,high
core::cmp::Ord::clamp,external_trait_specification,std_specs/cmp.rs,159,Ord::clamp,high
core::cmp::Ord::cmp,external_trait_specification,std_specs/cmp.rs,123,Ord::cmp,high
core::cmp::Ord::cmp,assume_specification,std_specs/cmp.rs,446,<&'a A as Ord>::cmp,high
core::cmp::Ord::cmp,macro:num_specs,std_specs/num.rs,453,<u8 as Ord>::cmp,macro_inferred
core::cmp::Ord::cmp,macro:num_specs,std_specs/num.rs,453,<i8 as Ord>::cmp,macro_inferred
core::cmp::Ord::cmp,macro:num_specs,std_specs/num.rs,454,<i16 as Ord>::cmp,macro_inferred
core::cmp::Ord::cmp,macro:num_specs,std_specs/num.rs,454,<u16 as Ord>::cmp,macro_inferred
core::cmp::Ord::cmp,macro:num_specs,std_specs/num.rs,455,<i32 as Ord>::cmp,macro_inferred
core::cmp::Ord::cmp,macro:num_specs,std_specs/num.rs,455,<u32 as Ord>::cmp,macro_inferred
core::cmp::Ord::cmp,macro:num_specs,std_specs/num.rs,456,<i64 as Ord>::cmp,macro_inferred
core::cmp::Ord::cmp,macro:num_specs,std_specs/num.rs,456,<u64 as Ord>::cmp,macro_inferred
core::cmp::Ord::cmp,macro:num_specs,std_specs/num.rs,457,<i128 as Ord>::cmp,macro_inferred
core::cmp::Ord::cmp,macro:num_specs,std_specs/num.rs,457,<u128 as Ord>::cmp,macro_inferred
core::cmp::Ord::cmp,macro:num_specs,std_specs/num.rs,466,<isize as Ord>::cmp,macro_inferred
core::cmp::Ord::cmp,macro:num_specs,std_specs/num.rs,466,<usize as Ord>::cmp,macro_inferred
core::cmp::Ord::cmp,assume_specification,std_specs/option.rs,341,<Option<T> as Ord>::cmp,high
core::cmp::Ord::max,external_trait_specification,std_specs/cmp.rs,127,Ord::max,high
core::cmp::Ord::min,external_trait_specification,std_specs/cmp.rs,143,Ord::min,high
core::cmp::Ordering::is_eq,assume_specification,std_specs/ordering.rs,8,Ordering::is_eq,high
core::cmp::Ordering::is_ge,assume_specification,std_specs/ordering.rs,33,Ordering::is_ge,high
core::cmp::Ordering::is_gt,assume_specification,std_specs/ordering.rs,23,Ordering::is_gt,high
core::cmp::Ordering::is_le,assume_specification,std_specs/ordering.rs,28,Ordering::is_le,high
core::cmp::Ordering::is_lt,assume_specification,std_specs/ordering.rs,18,Ordering::is_lt,high
core::cmp::Ordering::is_ne,assume_specification,std_specs/ordering.rs,13,Ordering::is_ne,high
core::cmp::Ordering::reverse,assume_specification,std_specs/ordering.rs,38,Ordering::reverse,high
core::cmp::Ordering::then,assume_specification,std_specs/ordering.rs,47,Ordering::then,high
core::cmp::PartialEq::eq,assume_specification,raw_ptr.rs,198,<*mut T as PartialEq<*mut T>>::eq,high
core::cmp::PartialEq::eq,assume_specification,raw_ptr.rs,221,<*const T as PartialEq<*const T>>::eq,high
core::cmp::PartialEq::eq,external_trait_specification,std_specs/cmp.rs,19,PartialEq<Rhs>::eq,high
core::cmp::PartialEq::eq,assume_specification,std_specs/cmp.rs,250,<bool as PartialEq<bool>>::eq,high
core::cmp::PartialEq::eq,assume_specification,std_specs/cmp.rs,279,<f32 as PartialEq<f32>>::eq,high
core::cmp::PartialEq::eq,assume_specification,std_specs/cmp.rs,316,<f64 as PartialEq<f64>>::eq,high
core::cmp::PartialEq::eq,assume_specification,std_specs/cmp.rs,367,<&'a A as PartialEq<&B>>::eq,high
core::cmp::PartialEq::eq,macro:num_specs,std_specs/num.rs,453,<i8 as PartialEq<i8>>::eq,macro_inferred
core::cmp::PartialEq::eq,macro:num_specs,std_specs/num.rs,453,<u8 as PartialEq<u8>>::eq,macro_inferred
core::cmp::PartialEq::eq,macro:num_specs,std_specs/num.rs,454,<u16 as PartialEq<u16>>::eq,macro_inferred
core::cmp::PartialEq::eq,macro:num_specs,std_specs/num.rs,454,<i16 as PartialEq<i16>>::eq,macro_inferred
core::cmp::PartialEq::eq,macro:num_specs,std_specs/num.rs,455,<u32 as PartialEq<u32>>::eq,macro_inferred
core::cmp::PartialEq::eq,macro:num_specs,std_specs/num.rs,455,<i32 as PartialEq<i32>>::eq,macro_inferred
core::cmp::PartialEq::eq,macro:num_specs,std_specs/num.rs,456,<u64 as PartialEq<u64>>::eq,macro_inferred
core::cmp::PartialEq::eq,macro:num_specs,std_specs/num.rs,456,<i64 as PartialEq<i64>>::eq,macro_inferred
core::cmp::PartialEq::eq,macro:num_specs,std_specs/num.rs,457,<u128 as PartialEq<u128>>::eq,macro_inferred
core::cmp::PartialEq::eq,macro:num_specs,std_specs/num.rs,457,<i128 as PartialEq<i128>>::eq,macro_inferred
core::cmp::PartialEq::eq,macro:num_specs,std_specs/num.rs,466,<usize as PartialEq<usize>>::eq,macro_inferred
core::cmp::PartialEq::eq,macro:num_specs,std_specs/num.rs,466,<isize as PartialEq<isize>>::eq,macro_inferred
core::cmp::PartialEq::eq,assume_specification,std_specs/option.rs,298,<Option<T> as PartialEq>::eq,high
core::cmp::PartialEq::eq,assume_specification,std_specs/vec.rs,343,"<Vec<T, A1> as PartialEq<Vec<U, A2>>>::eq",high
core::cmp::PartialEq::eq,assume_specification,string.rs,351,<String as PartialEq>::eq,high
core::cmp::PartialEq::ne,external_trait_specification,std_specs/cmp.rs,23,PartialEq<Rhs>::ne,high
core::cmp::PartialEq::ne,assume_specification,std_specs/cmp.rs,252,<bool as PartialEq<bool>>::ne,high
core::cmp::PartialEq::ne,assume_specification,std_specs/cmp.rs,285,<f32 as PartialEq<f32>>::ne,high
core::cmp::PartialEq::ne,assume_specification,std_specs/cmp.rs,322,<f64 as PartialEq<f64>>::ne,high
core::cmp::PartialEq::ne,assume_specification,std_specs/cmp.rs,375,<&'a A as PartialEq<&B>>::ne,high
core::cmp::PartialEq::ne,macro:num_specs,std_specs/num.rs,453,<u8 as PartialEq<u8>>::ne,macro_inferred
core::cmp::PartialEq::ne,macro:num_specs,std_specs/num.rs,453,<i8 as PartialEq<i8>>::ne,macro_inferred
core::cmp::PartialEq::ne,macro:num_specs,std_specs/num.rs,454,<u16 as PartialEq<u16>>::ne,macro_inferred
core::cmp::PartialEq::ne,macro:num_specs,std_specs/num.rs,454,<i16 as PartialEq<i16>>::ne,macro_inferred
core::cmp::PartialEq::ne,macro:num_specs,std_specs/num.rs,455,<u32 as PartialEq<u32>>::ne,macro_inferred
core::cmp::PartialEq::ne,macro:num_specs,std_specs/num.rs,455,<i32 as PartialEq<i32>>::ne,macro_inferred
core::cmp::PartialEq::ne,macro:num_specs,std_specs/num.rs,456,<u64 as PartialEq<u64>>::ne,macro_inferred
core::cmp::PartialEq::ne,macro:num_specs,std_specs/num.rs,456,<i64 as PartialEq<i64>>::ne,macro_inferred
core::cmp::PartialEq::ne,macro:num_specs,std_specs/num.rs,457,<i128 as PartialEq<i128>>::ne,macro_inferred
core::cmp::PartialEq::ne,macro:num_specs,std_specs/num.rs,457,<u128 as PartialEq<u128>>::ne,macro_inferred
core::cmp::PartialEq::ne,macro:num_specs,std_specs/num.rs,466,<usize as PartialEq<usize>>::ne,macro_inferred
core::cmp::PartialEq::ne,macro:num_specs,std_specs/num.rs,466,<isize as PartialEq<isize>>::ne,macro_inferred
core::cmp::PartialOrd::ge,external_trait_specification,std_specs/cmp.rs,95,PartialOrd<Rhs>::ge,high
core::cmp::PartialOrd::ge,assume_specification,std_specs/cmp.rs,310,<f32 as PartialOrd<f32>>::ge,high
core::cmp::PartialOrd::ge,assume_specification,std_specs/cmp.rs,347,<f64 as PartialOrd<f64>>::ge,high
core::cmp::PartialOrd::ge,assume_specification,std_specs/cmp.rs,428,<&'a A as PartialOrd<&B>>::ge,high
core::cmp::PartialOrd::ge,macro:num_specs,std_specs/num.rs,453,<i8 as PartialOrd<i8>>::ge,macro_inferred
core::cmp::PartialOrd::ge,macro:num_specs,std_specs/num.rs,453,<u8 as PartialOrd<u8>>::ge,macro_inferred
core::cmp::PartialOrd::ge,macro:num_specs,std_specs/num.rs,454,<u16 as PartialOrd<u16>>::ge,macro_inferred
core::cmp::PartialOrd::ge,macro:num_specs,std_specs/num.rs,454,<i16 as PartialOrd<i16>>::ge,macro_inferred
core::cmp::PartialOrd::ge,macro:num_specs,std_specs/num.rs,455,<i32 as PartialOrd<i32>>::ge,macro_inferred
core::cmp::PartialOrd::ge,macro:num_specs,std_specs/num.rs,455,<u32 as PartialOrd<u32>>::ge,macro_inferred
core::cmp::PartialOrd::ge,macro:num_specs,std_specs/num.rs,456,<u64 as PartialOrd<u64>>::ge,macro_inferred
core::cmp::PartialOrd::ge,macro:num_specs,std_specs/num.rs,456,<i64 as PartialOrd<i64>>::ge,macro_inferred
core::cmp::PartialOrd::ge,macro:num_specs,std_specs/num.rs,457,<u128 as PartialOrd<u128>>::ge,macro_inferred
core::cmp::PartialOrd::ge,macro:num_specs,std_specs/num.rs,457,<i128 as PartialOrd<i128>>::ge,macro_inferred
core::cmp::PartialOrd::ge,macro:num_specs,std_specs/num.rs,466,<usize as PartialOrd<usize>>::ge,macro_inferred
core::cmp::PartialOrd::ge,macro:num_specs,std_specs/num.rs,466,<isize as PartialOrd<isize>>::ge,macro_inferred
core::cmp::PartialOrd::gt,external_trait_specification,std_specs/cmp.rs,83,PartialOrd<Rhs>::gt,high
core::cmp::PartialOrd::gt,assume_specification,std_specs/cmp.rs,305,<f32 as PartialOrd<f32>>::gt,high
core::cmp::PartialOrd::gt,assume_specification,std_specs/cmp.rs,342,<f64 as PartialOrd<f64>>::gt,high
core::cmp::PartialOrd::gt,assume_specification,std_specs/cmp.rs,420,<&'a A as PartialOrd<&B>>::gt,high
core::cmp::PartialOrd::gt,macro:num_specs,std_specs/num.rs,453,<u8 as PartialOrd<u8>>::gt,macro_inferred
core::cmp::PartialOrd::gt,macro:num_specs,std_specs/num.rs,453,<i8 as PartialOrd<i8>>::gt,macro_inferred
core::cmp::PartialOrd::gt,macro:num_specs,std_specs/num.rs,454,<i16 as PartialOrd<i16>>::gt,macro_inferred
core::cmp::PartialOrd::gt,macro:num_specs,std_specs/num.rs,454,<u16 as PartialOrd<u16>>::gt,macro_inferred
core::cmp::PartialOrd::gt,macro:num_specs,std_specs/num.rs,455,<i32 as PartialOrd<i32>>::gt,macro_inferred
core::cmp::PartialOrd::gt,macro:num_specs,std_specs/num.rs,455,<u32 as PartialOrd<u32>>::gt,macro_inferred
core::cmp::PartialOrd::gt,macro:num_specs,std_specs/num.rs,456,<u64 as PartialOrd<u64>>::gt,macro_inferred
core::cmp::PartialOrd::gt,macro:num_specs,std_specs/num.rs,456,<i64 as PartialOrd<i64>>::gt,macro_inferred
core::cmp::PartialOrd::gt,macro:num_specs,std_specs/num.rs,457,<u128 as PartialOrd<u128>>::gt,macro_inferred
core::cmp::PartialOrd::gt,macro:num_specs,std_specs/num.rs,457,<i128 as PartialOrd<i128>>::gt,macro_inferred
core::cmp::PartialOrd::gt,macro:num_specs,std_specs/num.rs,466,<usize as PartialOrd<usize>>::gt,macro_inferred
core::cmp::PartialOrd::gt,macro:num_specs,std_specs/num.rs,466,<isize as PartialOrd<isize>>::gt,macro_inferred
core::cmp::PartialOrd::le,external_trait_specification,std_specs/cmp.rs,65,PartialOrd<Rhs>::le,high
core::cmp::PartialOrd::le,assume_specification,std_specs/cmp.rs,300,<f32 as PartialOrd<f32>>::le,high
core::cmp::PartialOrd::le,assume_specification,std_specs/cmp.rs,337,<f64 as PartialOrd<f64>>::le,high
core::cmp::PartialOrd::le,assume_specification,std_specs/cmp.rs,412,<&'a A as PartialOrd<&B>>::le,high
core::cmp::PartialOrd::le,macro:num_specs,std_specs/num.rs,453,<u8 as PartialOrd<u8>>::le,macro_inferred
core::cmp::PartialOrd::le,macro:num_specs,std_specs/num.rs,453,<i8 as PartialOrd<i8>>::le,macro_inferred
core::cmp::PartialOrd::le,macro:num_specs,std_specs/num.rs,454,<u16 as PartialOrd<u16>>::le,macro_inferred
core::cmp::PartialOrd::le,macro:num_specs,std_specs/num.rs,454,<i16 as PartialOrd<i16>>::le,macro_inferred
core::cmp::PartialOrd::le,macro:num_specs,std_specs/num.rs,455,<u32 as PartialOrd<u32>>::le,macro_inferred
core::cmp::PartialOrd::le,macro:num_specs,std_specs/num.rs,455,<i32 as PartialOrd<i32>>::le,macro_inferred
core::cmp::PartialOrd::le,macro:num_specs,std_specs/num.rs,456,<u64 as PartialOrd<u64>>::le,macro_inferred
core::cmp::PartialOrd::le,macro:num_specs,std_specs/num.rs,456,<i64 as PartialOrd<i64>>::le,macro_inferred
core::cmp::PartialOrd::le,macro:num_specs,std_specs/num.rs,457,<u128 as PartialOrd<u128>>::le,macro_inferred
core::cmp::PartialOrd::le,macro:num_specs,std_specs/num.rs,457,<i128 as PartialOrd<i128>>::le,macro_inferred
core::cmp::PartialOrd::le,macro:num_specs,std_specs/num.rs,466,<isize as PartialOrd<isize>>::le,macro_inferred
core::cmp::PartialOrd::le,macro:num_specs,std_specs/num.rs,466,<usize as PartialOrd<usize>>::le,macro_inferred
core::cmp::PartialOrd::lt,external_trait_specification,std_specs/cmp.rs,53,PartialOrd<Rhs>::lt,high
core::cmp::PartialOrd::lt,assume_specification,std_specs/cmp.rs,295,<f32 as PartialOrd<f32>>::lt,high
core::cmp::PartialOrd::lt,assume_specification,std_specs/cmp.rs,332,<f64 as PartialOrd<f64>>::lt,high
core::cmp::PartialOrd::lt,assume_specification,std_specs/cmp.rs,404,<&'a A as PartialOrd<&B>>::lt,high
core::cmp::PartialOrd::lt,macro:num_specs,std_specs/num.rs,453,<i8 as PartialOrd<i8>>::lt,macro_inferred
core::cmp::PartialOrd::lt,macro:num_specs,std_specs/num.rs,453,<u8 as PartialOrd<u8>>::lt,macro_inferred
core::cmp::PartialOrd::lt,macro:num_specs,std_specs/num.rs,454,<u16 as PartialOrd<u16>>::lt,macro_inferred
core::cmp::PartialOrd::lt,macro:num_specs,std_specs/num.rs,454,<i16 as PartialOrd<i16>>::lt,macro_inferred
core::cmp::PartialOrd::lt,macro:num_specs,std_specs/num.rs,455,<u32 as PartialOrd<u32>>::lt,macro_inferred
core::cmp::PartialOrd::lt,macro:num_specs,std_specs/num.rs,455,<i32 as PartialOrd<i32>>::lt,macro_inferred
core::cmp::PartialOrd::lt,macro:num_specs,std_specs/num.rs,456,<u64 as PartialOrd<u64>>::lt,macro_inferred
core::cmp::PartialOrd::lt,macro:num_specs,std_specs/num.rs,456,<i64 as PartialOrd<i64>>::lt,macro_inferred
core::cmp::PartialOrd::lt,macro:num_specs,std_specs/num.rs,457,<i128 as PartialOrd<i128>>::lt,macro_inferred
core::cmp::PartialOrd::lt,macro:num_specs,std_specs/num.rs,457,<u128 as PartialOrd<u128>>::lt,macro_inferred
core::cmp::PartialOrd::lt,macro:num_specs,std_specs/num.rs,466,<isize as PartialOrd<isize>>::lt,macro_inferred
core::cmp::PartialOrd::lt,macro:num_specs,std_specs/num.rs,466,<usize as PartialOrd<usize>>::lt,macro_inferred
core::cmp::PartialOrd::partial_cmp,external_trait_specification,std_specs/cmp.rs,49,PartialOrd<Rhs>::partial_cmp,high
core::cmp::PartialOrd::partial_cmp,assume_specification,std_specs/cmp.rs,290,<f32 as PartialOrd<f32>>::partial_cmp,high
core::cmp::PartialOrd::partial_cmp,assume_specification,std_specs/cmp.rs,327,<f64 as PartialOrd<f64>>::partial_cmp,high
core::cmp::PartialOrd::partial_cmp,assume_specification,std_specs/cmp.rs,396,<&'a A as PartialOrd<&B>>::partial_cmp,high
core::cmp::PartialOrd::partial_cmp,macro:num_specs,std_specs/num.rs,453,<u8 as PartialOrd<u8>>::partial_cmp,macro_inferred
core::cmp::PartialOrd::partial_cmp,macro:num_specs,std_specs/num.rs,453,<i8 as PartialOrd<i8>>::partial_cmp,macro_inferred
core::cmp::PartialOrd::partial_cmp,macro:num_specs,std_specs/num.rs,454,<u16 as PartialOrd<u16>>::partial_cmp,macro_inferred
core::cmp::PartialOrd::partial_cmp,macro:num_specs,std_specs/num.rs,454,<i16 as PartialOrd<i16>>::partial_cmp,macro_inferred
core::cmp::PartialOrd::partial_cmp,macro:num_specs,std_specs/num.rs,455,<i32 as PartialOrd<i32>>::partial_cmp,macro_inferred
core::cmp::PartialOrd::partial_cmp,macro:num_specs,std_specs/num.rs,455,<u32 as PartialOrd<u32>>::partial_cmp,macro_inferred
core::cmp::PartialOrd::partial_cmp,macro:num_specs,std_specs/num.rs,456,<u64 as PartialOrd<u64>>::partial_cmp,macro_inferred
core::cmp::PartialOrd::partial_cmp,macro:num_specs,std_specs/num.rs,456,<i64 as PartialOrd<i64>>::partial_cmp,macro_inferred
core::cmp::PartialOrd::partial_cmp,macro:num_specs,std_specs/num.rs,457,<i128 as PartialOrd<i128>>::partial_cmp,macro_inferred
core::cmp::PartialOrd::partial_cmp,macro:num_specs,std_specs/num.rs,457,<u128 as PartialOrd<u128>>::partial_cmp,macro_inferred
core::cmp::PartialOrd::partial_cmp,macro:num_specs,std_specs/num.rs,466,<isize as PartialOrd<isize>>::partial_cmp,macro_inferred
core::cmp::PartialOrd::partial_cmp,macro:num_specs,std_specs/num.rs,466,<usize as PartialOrd<usize>>::partial_cmp,macro_inferred
core::cmp::PartialOrd::partial_cmp,assume_specification,std_specs/option.rs,320,<Option<T> as PartialOrd>::partial_cmp,high
core::convert::From::from,external_trait_specification,std_specs/convert.rs,17,core::convert::From<T>::from,high
core::convert::Into::into,external_trait_specification,std_specs/convert.rs,32,core::convert::Into<T>::into,high
core::convert::Into::into,assume_specification,std_specs/convert.rs,48,<T as Into<U>>::into,high
core::convert::TryFrom::try_from,external_trait_specification,std_specs/convert.rs,68,TryFrom<T>::try_from,high
core::convert::TryFrom::try_from,assume_specification,std_specs/convert.rs,109,<T as TryFrom<U>>::try_from,high
core::convert::TryInto::try_into,external_trait_specification,std_specs/convert.rs,85,TryInto<T>::try_into,high
core::convert::TryInto::try_into,assume_specification,std_specs/convert.rs,101,<T as TryInto<U>>::try_into,high
core::default::Default::default,assume_specification,std_specs/btree.rs,404,"<BTreeMap<K, V> as core::default::Default>::default",high
core::default::Default::default,assume_specification,std_specs/btree.rs,765,<BTreeSet<T> as core::default::Default>::default,high
core::default::Default::default,external_trait_specification,std_specs/default.rs,10,core::default::Default::default,high
core::default::Default::default,macro:assume_default_value,std_specs/default.rs,25,<bool as core::default::Default>::default,macro_inferred
core::default::Default::default,macro:assume_default_value,std_specs/default.rs,26,<char as core::default::Default>::default,macro_inferred
core::default::Default::default,macro:assume_default_value,std_specs/default.rs,27,<f32 as core::default::Default>::default,macro_inferred
core::default::Default::default,macro:assume_default_value,std_specs/default.rs,28,<f64 as core::default::Default>::default,macro_inferred
core::default::Default::default,macro:assume_default_value,std_specs/default.rs,29,<i8 as core::default::Default>::default,macro_inferred
core::default::Default::default,macro:assume_default_value,std_specs/default.rs,30,<i16 as core::default::Default>::default,macro_inferred
core::default::Default::default,macro:assume_default_value,std_specs/default.rs,31,<i32 as core::default::Default>::default,macro_inferred
core::default::Default::default,macro:assume_default_value,std_specs/default.rs,32,<i64 as core::default::Default>::default,macro_inferred
core::default::Default::default,macro:assume_default_value,std_specs/default.rs,33,<i128 as core::default::Default>::default,macro_inferred
core::default::Default::default,macro:assume_default_value,std_specs/default.rs,34,<isize as core::default::Default>::default,macro_inferred
core::default::Default::default,macro:assume_default_value,std_specs/default.rs,35,<u8 as core::default::Default>::default,macro_inferred
core::default::Default::default,macro:assume_default_value,std_specs/default.rs,36,<u16 as core::default::Default>::default,macro_inferred
core::default::Default::default,macro:assume_default_value,std_specs/default.rs,37,<u32 as core::default::Default>::default,macro_inferred
core::default::Default::default,macro:assume_default_value,std_specs/default.rs,38,<u64 as core::default::Default>::default,macro_inferred
core::default::Default::default,macro:assume_default_value,std_specs/default.rs,39,<u128 as core::default::Default>::default,macro_inferred
core::default::Default::default,macro:assume_default_value,std_specs/default.rs,40,<() as core::default::Default>::default,macro_inferred
core::default::Default::default,macro:assume_default_value,std_specs/default.rs,41,<usize as core::default::Default>::default,macro_inferred
core::default::Default::default,assume_specification,std_specs/default.rs,46,<Option<T> as core::default::Default>::default,high
core::default::Default::default,assume_specification,std_specs/default.rs,51,<&'a str as core::default::Default>::default,high
core::default::Default::default,assume_specification,std_specs/default.rs,56,"<core::marker::PhantomData<
    T,
> as core::default::Default>::default",high
core::default::Default::default,assume_specification,std_specs/default.rs,63,"<(
    U,
    T,
) as core::default::Default>::default",high
core::default::Default::default,assume_specification,std_specs/default.rs,72,"<(V, U, T) as core::default::Default>::default",high
core::default::Default::default,assume_specification,std_specs/default.rs,76,"<(V, U, T) as core::default::Default>::default",high
core::default::Default::default,assume_specification,std_specs/hash.rs,634,"<HashMap<
    K,
    V,
    S,
> as core::default::Default>::default",high
core::default::Default::default,assume_specification,std_specs/hash.rs,1012,"<HashSet<
    T,
    S,
> as core::default::Default>::default",high
core::default::Default::default,assume_specification,std_specs/smart_ptrs.rs,22,"<Box<
    T,
> as core::default::Default>::default",high
core::default::Default::default,assume_specification,std_specs/smart_ptrs.rs,34,"<Rc<
    T,
> as core::default::Default>::default",high
core::default::Default::default,assume_specification,std_specs/smart_ptrs.rs,46,"<Arc<
    T,
> as core::default::Default>::default",high
core::default::Default::default,assume_specification,std_specs/vec.rs,105,<Vec<T> as core::default::Default>::default,high
core::default::Default::default,assume_specification,std_specs/vecdeque.rs,91,<VecDeque<T> as core::default::Default>::default,high
core::default::Default::default,assume_specification,string.rs,363,<String as core::default::Default>::default,high
core::ffi::CStr::count_bytes,assume_specification,std_specs/ffi.rs,159,CStr::count_bytes,high
core::ffi::CStr::from_bytes_until_nul,assume_specification,std_specs/ffi.rs,189,CStr::from_bytes_until_nul,high
core::ffi::CStr::from_bytes_with_nul,assume_specification,std_specs/ffi.rs,179,CStr::from_bytes_with_nul,high
core::ffi::CStr::is_empty,assume_specification,std_specs/ffi.rs,164,CStr::is_empty,high
core::ffi::CStr::to_bytes,assume_specification,std_specs/ffi.rs,169,CStr::to_bytes,high
core::ffi::CStr::to_bytes_with_nul,assume_specification,std_specs/ffi.rs,174,CStr::to_bytes_with_nul,high
core::ffi::CStr::to_str,assume_specification,std_specs/ffi.rs,201,CStr::to_str,high
core::fmt::Result::branch,assume_specification,std_specs/control_flow.rs,18,"Result::<T, E>::branch",high
core::fmt::Result::from_residual,assume_specification,std_specs/control_flow.rs,113,"Result::<T, F>::from_residual",high
core::hint::unreachable_unchecked,assume_specification,std_specs/slice.rs,92,core::hint::unreachable_unchecked,high
core::i128::checked_add,macro:num_specs,std_specs/num.rs,457,<i128>::checked_add,macro_inferred
core::i128::checked_add_unsigned,macro:num_specs,std_specs/num.rs,457,<i128>::checked_add_unsigned,macro_inferred
core::i128::checked_div,macro:num_specs,std_specs/num.rs,457,<i128>::checked_div,macro_inferred
core::i128::checked_div_euclid,macro:num_specs,std_specs/num.rs,457,<i128>::checked_div_euclid,macro_inferred
core::i128::checked_mul,macro:num_specs,std_specs/num.rs,457,<i128>::checked_mul,macro_inferred
core::i128::checked_rem,macro:num_specs,std_specs/num.rs,457,<i128>::checked_rem,macro_inferred
core::i128::checked_rem_euclid,macro:num_specs,std_specs/num.rs,457,<i128>::checked_rem_euclid,macro_inferred
core::i128::checked_sub,macro:num_specs,std_specs/num.rs,457,<i128>::checked_sub,macro_inferred
core::i128::checked_sub_unsigned,macro:num_specs,std_specs/num.rs,457,<i128>::checked_sub_unsigned,macro_inferred
core::i128::wrapping_add,macro:num_specs,std_specs/num.rs,457,<i128>::wrapping_add,macro_inferred
core::i128::wrapping_add_unsigned,macro:num_specs,std_specs/num.rs,457,<i128>::wrapping_add_unsigned,macro_inferred
core::i128::wrapping_mul,macro:num_specs,std_specs/num.rs,457,<i128>::wrapping_mul,macro_inferred
core::i128::wrapping_shl,macro:num_specs,std_specs/num.rs,457,<i128>::wrapping_shl,macro_inferred
core::i128::wrapping_shr,macro:num_specs,std_specs/num.rs,457,<i128>::wrapping_shr,macro_inferred
core::i128::wrapping_sub,macro:num_specs,std_specs/num.rs,457,<i128>::wrapping_sub,macro_inferred
core::i16::checked_add,macro:num_specs,std_specs/num.rs,454,<i16>::checked_add,macro_inferred
core::i16::checked_add_unsigned,macro:num_specs,std_specs/num.rs,454,<i16>::checked_add_unsigned,macro_inferred
core::i16::checked_div,macro:num_specs,std_specs/num.rs,454,<i16>::checked_div,macro_inferred
core::i16::checked_div_euclid,macro:num_specs,std_specs/num.rs,454,<i16>::checked_div_euclid,macro_inferred
core::i16::checked_mul,macro:num_specs,std_specs/num.rs,454,<i16>::checked_mul,macro_inferred
core::i16::checked_rem,macro:num_specs,std_specs/num.rs,454,<i16>::checked_rem,macro_inferred
core::i16::checked_rem_euclid,macro:num_specs,std_specs/num.rs,454,<i16>::checked_rem_euclid,macro_inferred
core::i16::checked_sub,macro:num_specs,std_specs/num.rs,454,<i16>::checked_sub,macro_inferred
core::i16::checked_sub_unsigned,macro:num_specs,std_specs/num.rs,454,<i16>::checked_sub_unsigned,macro_inferred
core::i16::wrapping_add,macro:num_specs,std_specs/num.rs,454,<i16>::wrapping_add,macro_inferred
core::i16::wrapping_add_unsigned,macro:num_specs,std_specs/num.rs,454,<i16>::wrapping_add_unsigned,macro_inferred
core::i16::wrapping_mul,macro:num_specs,std_specs/num.rs,454,<i16>::wrapping_mul,macro_inferred
core::i16::wrapping_shl,macro:num_specs,std_specs/num.rs,454,<i16>::wrapping_shl,macro_inferred
core::i16::wrapping_shr,macro:num_specs,std_specs/num.rs,454,<i16>::wrapping_shr,macro_inferred
core::i16::wrapping_sub,macro:num_specs,std_specs/num.rs,454,<i16>::wrapping_sub,macro_inferred
core::i32::checked_add,macro:num_specs,std_specs/num.rs,455,<i32>::checked_add,macro_inferred
core::i32::checked_add_unsigned,macro:num_specs,std_specs/num.rs,455,<i32>::checked_add_unsigned,macro_inferred
core::i32::checked_div,macro:num_specs,std_specs/num.rs,455,<i32>::checked_div,macro_inferred
core::i32::checked_div_euclid,macro:num_specs,std_specs/num.rs,455,<i32>::checked_div_euclid,macro_inferred
core::i32::checked_mul,macro:num_specs,std_specs/num.rs,455,<i32>::checked_mul,macro_inferred
core::i32::checked_rem,macro:num_specs,std_specs/num.rs,455,<i32>::checked_rem,macro_inferred
core::i32::checked_rem_euclid,macro:num_specs,std_specs/num.rs,455,<i32>::checked_rem_euclid,macro_inferred
core::i32::checked_sub,macro:num_specs,std_specs/num.rs,455,<i32>::checked_sub,macro_inferred
core::i32::checked_sub_unsigned,macro:num_specs,std_specs/num.rs,455,<i32>::checked_sub_unsigned,macro_inferred
core::i32::wrapping_add,macro:num_specs,std_specs/num.rs,455,<i32>::wrapping_add,macro_inferred
core::i32::wrapping_add_unsigned,macro:num_specs,std_specs/num.rs,455,<i32>::wrapping_add_unsigned,macro_inferred
core::i32::wrapping_mul,macro:num_specs,std_specs/num.rs,455,<i32>::wrapping_mul,macro_inferred
core::i32::wrapping_shl,macro:num_specs,std_specs/num.rs,455,<i32>::wrapping_shl,macro_inferred
core::i32::wrapping_shr,macro:num_specs,std_specs/num.rs,455,<i32>::wrapping_shr,macro_inferred
core::i32::wrapping_sub,macro:num_specs,std_specs/num.rs,455,<i32>::wrapping_sub,macro_inferred
core::i64::checked_add,macro:num_specs,std_specs/num.rs,456,<i64>::checked_add,macro_inferred
core::i64::checked_add_unsigned,macro:num_specs,std_specs/num.rs,456,<i64>::checked_add_unsigned,macro_inferred
core::i64::checked_div,macro:num_specs,std_specs/num.rs,456,<i64>::checked_div,macro_inferred
core::i64::checked_div_euclid,macro:num_specs,std_specs/num.rs,456,<i64>::checked_div_euclid,macro_inferred
core::i64::checked_mul,macro:num_specs,std_specs/num.rs,456,<i64>::checked_mul,macro_inferred
core::i64::checked_rem,macro:num_specs,std_specs/num.rs,456,<i64>::checked_rem,macro_inferred
core::i64::checked_rem_euclid,macro:num_specs,std_specs/num.rs,456,<i64>::checked_rem_euclid,macro_inferred
core::i64::checked_sub,macro:num_specs,std_specs/num.rs,456,<i64>::checked_sub,macro_inferred
core::i64::checked_sub_unsigned,macro:num_specs,std_specs/num.rs,456,<i64>::checked_sub_unsigned,macro_inferred
core::i64::wrapping_add,macro:num_specs,std_specs/num.rs,456,<i64>::wrapping_add,macro_inferred
core::i64::wrapping_add_unsigned,macro:num_specs,std_specs/num.rs,456,<i64>::wrapping_add_unsigned,macro_inferred
core::i64::wrapping_mul,macro:num_specs,std_specs/num.rs,456,<i64>::wrapping_mul,macro_inferred
core::i64::wrapping_shl,macro:num_specs,std_specs/num.rs,456,<i64>::wrapping_shl,macro_inferred
core::i64::wrapping_shr,macro:num_specs,std_specs/num.rs,456,<i64>::wrapping_shr,macro_inferred
core::i64::wrapping_sub,macro:num_specs,std_specs/num.rs,456,<i64>::wrapping_sub,macro_inferred
core::i8::checked_add,macro:num_specs,std_specs/num.rs,453,<i8>::checked_add,macro_inferred
core::i8::checked_add_unsigned,macro:num_specs,std_specs/num.rs,453,<i8>::checked_add_unsigned,macro_inferred
core::i8::checked_div,macro:num_specs,std_specs/num.rs,453,<i8>::checked_div,macro_inferred
core::i8::checked_div_euclid,macro:num_specs,std_specs/num.rs,453,<i8>::checked_div_euclid,macro_inferred
core::i8::checked_mul,macro:num_specs,std_specs/num.rs,453,<i8>::checked_mul,macro_inferred
core::i8::checked_rem,macro:num_specs,std_specs/num.rs,453,<i8>::checked_rem,macro_inferred
core::i8::checked_rem_euclid,macro:num_specs,std_specs/num.rs,453,<i8>::checked_rem_euclid,macro_inferred
core::i8::checked_sub,macro:num_specs,std_specs/num.rs,453,<i8>::checked_sub,macro_inferred
core::i8::checked_sub_unsigned,macro:num_specs,std_specs/num.rs,453,<i8>::checked_sub_unsigned,macro_inferred
core::i8::wrapping_add,macro:num_specs,std_specs/num.rs,453,<i8>::wrapping_add,macro_inferred
core::i8::wrapping_add_unsigned,macro:num_specs,std_specs/num.rs,453,<i8>::wrapping_add_unsigned,macro_inferred
core::i8::wrapping_mul,macro:num_specs,std_specs/num.rs,453,<i8>::wrapping_mul,macro_inferred
core::i8::wrapping_shl,macro:num_specs,std_specs/num.rs,453,<i8>::wrapping_shl,macro_inferred
core::i8::wrapping_shr,macro:num_specs,std_specs/num.rs,453,<i8>::wrapping_shr,macro_inferred
core::i8::wrapping_sub,macro:num_specs,std_specs/num.rs,453,<i8>::wrapping_sub,macro_inferred
core::intrinsics::likely,assume_specification,std_specs/core.rs,165,core::intrinsics::likely,high
core::intrinsics::unlikely,assume_specification,std_specs/core.rs,170,core::intrinsics::unlikely,high
core::isize::checked_add,macro:num_specs,std_specs/num.rs,466,<isize>::checked_add,macro_inferred
core::isize::checked_add_unsigned,macro:num_specs,std_specs/num.rs,466,<isize>::checked_add_unsigned,macro_inferred
core::isize::checked_div,macro:num_specs,std_specs/num.rs,466,<isize>::checked_div,macro_inferred
core::isize::checked_div_euclid,macro:num_specs,std_specs/num.rs,466,<isize>::checked_div_euclid,macro_inferred
core::isize::checked_mul,macro:num_specs,std_specs/num.rs,466,<isize>::checked_mul,macro_inferred
core::isize::checked_rem,macro:num_specs,std_specs/num.rs,466,<isize>::checked_rem,macro_inferred
core::isize::checked_rem_euclid,macro:num_specs,std_specs/num.rs,466,<isize>::checked_rem_euclid,macro_inferred
core::isize::checked_sub,macro:num_specs,std_specs/num.rs,466,<isize>::checked_sub,macro_inferred
core::isize::checked_sub_unsigned,macro:num_specs,std_specs/num.rs,466,<isize>::checked_sub_unsigned,macro_inferred
core::isize::wrapping_add,macro:num_specs,std_specs/num.rs,466,<isize>::wrapping_add,macro_inferred
core::isize::wrapping_add_unsigned,macro:num_specs,std_specs/num.rs,466,<isize>::wrapping_add_unsigned,macro_inferred
core::isize::wrapping_mul,macro:num_specs,std_specs/num.rs,466,<isize>::wrapping_mul,macro_inferred
core::isize::wrapping_shl,macro:num_specs,std_specs/num.rs,466,<isize>::wrapping_shl,macro_inferred
core::isize::wrapping_shr,macro:num_specs,std_specs/num.rs,466,<isize>::wrapping_shr,macro_inferred
core::isize::wrapping_sub,macro:num_specs,std_specs/num.rs,466,<isize>::wrapping_sub,macro_inferred
core::iter::DoubleEndedIterator::next_back,external_trait_specification,std_specs/iter.rs,213,DoubleEndedIterator::next_back,high
core::iter::FromIterator::from_iter,external_trait_specification,std_specs/iter.rs,278,FromIterator<A>::from_iter,high
core::iter::IntoIterator::into_iter,assume_specification,array.rs,116,<&'a [T; N] as core::iter::IntoIterator>::into_iter,high
core::iter::IntoIterator::into_iter,assume_specification,array.rs,120,<&'a [T; N] as core::iter::IntoIterator>::into_iter,high
core::iter::IntoIterator::into_iter,assume_specification,std_specs/iter.rs,254,<I as IntoIterator>::into_iter,high
core::iter::IntoIterator::into_iter,assume_specification,std_specs/slice.rs,158,<&'a [T] as core::iter::IntoIterator>::into_iter,high
core::iter::IntoIterator::into_iter,assume_specification,std_specs/vec.rs,457,"<&'a Vec<T, A> as core::iter::IntoIterator>::into_iter",high
core::iter::Iterator::all,external_trait_specification,std_specs/iter.rs,135,Iterator::all,high
core::iter::Iterator::any,external_trait_specification,std_specs/iter.rs,166,Iterator::any,high
core::iter::Iterator::collect,external_trait_specification,std_specs/iter.rs,88,Iterator::collect,high
core::iter::Iterator::find,external_trait_specification,std_specs/iter.rs,98,Iterator::find,high
core::iter::Iterator::next,external_trait_specification,std_specs/iter.rs,37,Iterator::next,high
core::iter::Iterator::next,assume_specification,std_specs/range.rs,228,<Range<A> as Iterator>::next,high
core::iter::Iterator::rev,external_trait_specification,std_specs/iter.rs,81,Iterator::rev,high
core::mem::ManuallyDrop::into_inner,assume_specification,std_specs/manually_drop.rs,35,ManuallyDrop::<T>::into_inner,high
core::mem::ManuallyDrop::new,assume_specification,std_specs/manually_drop.rs,30,ManuallyDrop::<T>::new,high
core::mem::MaybeUninit::assume_init,assume_specification,std_specs/maybe_uninit.rs,39,MaybeUninit::<T>::assume_init,high
core::mem::MaybeUninit::assume_init_mut,assume_specification,std_specs/maybe_uninit.rs,51,MaybeUninit::<T>::assume_init_mut,high
core::mem::MaybeUninit::assume_init_ref,assume_specification,std_specs/maybe_uninit.rs,45,MaybeUninit::<T>::assume_init_ref,high
core::mem::MaybeUninit::new,assume_specification,std_specs/maybe_uninit.rs,29,MaybeUninit::<T>::new,high
core::mem::MaybeUninit::uninit,assume_specification,std_specs/maybe_uninit.rs,34,MaybeUninit::<T>::uninit,high
core::mem::align_of,assume_specification,layout.rs,85,core::mem::align_of::<V>,high
core::mem::align_of_val,assume_specification,layout.rs,101,core::mem::align_of_val::<V>,high
core::mem::size_of,assume_specification,layout.rs,77,core::mem::size_of::<V>,high
core::mem::size_of_val,assume_specification,layout.rs,93,core::mem::size_of_val::<V>,high
core::mem::swap,assume_specification,std_specs/core.rs,132,core::mem::swap::<T>,high
core::net::IpAddr::is_ipv4,assume_specification,std_specs/net.rs,303,IpAddr::is_ipv4,high
core::net::IpAddr::is_ipv6,assume_specification,std_specs/net.rs,308,IpAddr::is_ipv6,high
core::net::IpAddr::is_loopback,assume_specification,std_specs/net.rs,318,IpAddr::is_loopback,high
core::net::IpAddr::is_multicast,assume_specification,std_specs/net.rs,323,IpAddr::is_multicast,high
core::net::IpAddr::is_unspecified,assume_specification,std_specs/net.rs,313,IpAddr::is_unspecified,high
core::net::IpAddr::to_canonical,assume_specification,std_specs/net.rs,469,IpAddr::to_canonical,high
core::net::Ipv4Addr::from_bits,assume_specification,std_specs/net.rs,484,Ipv4Addr::from_bits,high
core::net::Ipv4Addr::from_octets,assume_specification,std_specs/net.rs,213,Ipv4Addr::from_octets,high
core::net::Ipv4Addr::is_broadcast,assume_specification,std_specs/net.rs,248,Ipv4Addr::is_broadcast,high
core::net::Ipv4Addr::is_documentation,assume_specification,std_specs/net.rs,253,Ipv4Addr::is_documentation,high
core::net::Ipv4Addr::is_link_local,assume_specification,std_specs/net.rs,238,Ipv4Addr::is_link_local,high
core::net::Ipv4Addr::is_loopback,assume_specification,std_specs/net.rs,228,Ipv4Addr::is_loopback,high
core::net::Ipv4Addr::is_multicast,assume_specification,std_specs/net.rs,243,Ipv4Addr::is_multicast,high
core::net::Ipv4Addr::is_private,assume_specification,std_specs/net.rs,233,Ipv4Addr::is_private,high
core::net::Ipv4Addr::is_unspecified,assume_specification,std_specs/net.rs,223,Ipv4Addr::is_unspecified,high
core::net::Ipv4Addr::new,assume_specification,std_specs/net.rs,208,Ipv4Addr::new,high
core::net::Ipv4Addr::octets,assume_specification,std_specs/net.rs,218,Ipv4Addr::octets,high
core::net::Ipv4Addr::to_bits,assume_specification,std_specs/net.rs,494,Ipv4Addr::to_bits,high
core::net::Ipv4Addr::to_ipv6_compatible,assume_specification,std_specs/net.rs,258,Ipv4Addr::to_ipv6_compatible,high
core::net::Ipv4Addr::to_ipv6_mapped,assume_specification,std_specs/net.rs,263,Ipv4Addr::to_ipv6_mapped,high
core::net::Ipv6Addr::from_bits,assume_specification,std_specs/net.rs,500,Ipv6Addr::from_bits,high
core::net::Ipv6Addr::from_octets,assume_specification,std_specs/net.rs,268,Ipv6Addr::from_octets,high
core::net::Ipv6Addr::from_segments,assume_specification,std_specs/net.rs,522,Ipv6Addr::from_segments,high
core::net::Ipv6Addr::is_loopback,assume_specification,std_specs/net.rs,283,Ipv6Addr::is_loopback,high
core::net::Ipv6Addr::is_multicast,assume_specification,std_specs/net.rs,288,Ipv6Addr::is_multicast,high
core::net::Ipv6Addr::is_unicast_link_local,assume_specification,std_specs/net.rs,298,Ipv6Addr::is_unicast_link_local,high
core::net::Ipv6Addr::is_unique_local,assume_specification,std_specs/net.rs,293,Ipv6Addr::is_unique_local,high
core::net::Ipv6Addr::is_unspecified,assume_specification,std_specs/net.rs,278,Ipv6Addr::is_unspecified,high
core::net::Ipv6Addr::new,assume_specification,std_specs/net.rs,544,Ipv6Addr::new,high
core::net::Ipv6Addr::octets,assume_specification,std_specs/net.rs,273,Ipv6Addr::octets,high
core::net::Ipv6Addr::segments,assume_specification,std_specs/net.rs,575,Ipv6Addr::segments,high
core::net::Ipv6Addr::to_bits,assume_specification,std_specs/net.rs,587,Ipv6Addr::to_bits,high
core::net::Ipv6Addr::to_canonical,assume_specification,std_specs/net.rs,601,Ipv6Addr::to_canonical,high
core::net::Ipv6Addr::to_ipv4,assume_specification,std_specs/net.rs,613,Ipv6Addr::to_ipv4,high
core::net::Ipv6Addr::to_ipv4_mapped,assume_specification,std_specs/net.rs,620,Ipv6Addr::to_ipv4_mapped,high
core::net::SocketAddr::ip,assume_specification,std_specs/net.rs,443,SocketAddr::ip,high
core::net::SocketAddr::is_ipv4,assume_specification,std_specs/net.rs,433,SocketAddr::is_ipv4,high
core::net::SocketAddr::is_ipv6,assume_specification,std_specs/net.rs,438,SocketAddr::is_ipv6,high
core::net::SocketAddr::new,assume_specification,std_specs/net.rs,423,SocketAddr::new,high
core::net::SocketAddr::port,assume_specification,std_specs/net.rs,451,SocketAddr::port,high
core::net::SocketAddr::set_ip,assume_specification,std_specs/net.rs,631,SocketAddr::set_ip,high
core::net::SocketAddr::set_port,assume_specification,std_specs/net.rs,459,SocketAddr::set_port,high
core::net::SocketAddrV4::ip,assume_specification,std_specs/net.rs,333,SocketAddrV4::ip,high
core::net::SocketAddrV4::new,assume_specification,std_specs/net.rs,328,SocketAddrV4::new,high
core::net::SocketAddrV4::port,assume_specification,std_specs/net.rs,343,SocketAddrV4::port,high
core::net::SocketAddrV4::set_ip,assume_specification,std_specs/net.rs,338,SocketAddrV4::set_ip,high
core::net::SocketAddrV4::set_port,assume_specification,std_specs/net.rs,348,SocketAddrV4::set_port,high
core::net::SocketAddrV6::flowinfo,assume_specification,std_specs/net.rs,393,SocketAddrV6::flowinfo,high
core::net::SocketAddrV6::ip,assume_specification,std_specs/net.rs,363,SocketAddrV6::ip,high
core::net::SocketAddrV6::new,assume_specification,std_specs/net.rs,353,SocketAddrV6::new,high
core::net::SocketAddrV6::port,assume_specification,std_specs/net.rs,378,SocketAddrV6::port,high
core::net::SocketAddrV6::scope_id,assume_specification,std_specs/net.rs,408,SocketAddrV6::scope_id,high
core::net::SocketAddrV6::set_flowinfo,assume_specification,std_specs/net.rs,398,SocketAddrV6::set_flowinfo,high
core::net::SocketAddrV6::set_ip,assume_specification,std_specs/net.rs,368,SocketAddrV6::set_ip,high
core::net::SocketAddrV6::set_port,assume_specification,std_specs/net.rs,383,SocketAddrV6::set_port,high
core::net::SocketAddrV6::set_scope_id,assume_specification,std_specs/net.rs,413,SocketAddrV6::set_scope_id,high
core::num::NonZero::get,assume_specification,std_specs/nonzero.rs,98,NonZero::<T>::get,high
core::num::NonZero::new,assume_specification,std_specs/nonzero.rs,70,NonZero::<T>::new,high
core::num::NonZero::new_unchecked,assume_specification,std_specs/nonzero.rs,82,NonZero::<T>::new_unchecked,high
core::ops::Add::add,assume_specification,std_specs/ops.rs,469,<f32 as core::ops::Add>::add,high
core::ops::Add::add,assume_specification,std_specs/ops.rs,494,<f64 as core::ops::Add>::add,high
core::ops::ControlFlow::break_ok,assume_specification,std_specs/control_flow.rs,84,"ControlFlow::<B, C>::break_ok",high
core::ops::ControlFlow::break_value,assume_specification,std_specs/control_flow.rs,64,"ControlFlow::<B, C>::break_value",high
core::ops::ControlFlow::continue_ok,assume_specification,std_specs/control_flow.rs,94,"ControlFlow::<B, C>::continue_ok",high
core::ops::ControlFlow::continue_value,assume_specification,std_specs/control_flow.rs,74,"ControlFlow::<B, C>::continue_value",high
core::ops::ControlFlow::is_break,assume_specification,std_specs/control_flow.rs,50,"ControlFlow::<B, C>::is_break",high
core::ops::ControlFlow::is_continue,assume_specification,std_specs/control_flow.rs,57,"ControlFlow::<B, C>::is_continue",high
core::ops::Deref::deref,external_trait_specification,std_specs/core.rs,36,core::ops::Deref::deref,high
core::ops::Deref::deref,assume_specification,std_specs/manually_drop.rs,47,<ManuallyDrop<T> as Deref>::deref,high
core::ops::Deref::deref,assume_specification,std_specs/vec.rs,248,"<Vec<T, A> as core::ops::Deref>::deref",high
core::ops::Deref::deref,assume_specification,string.rs,339,<String as core::ops::Deref>::deref,high
core::ops::DerefMut::deref_mut,external_trait_specification,std_specs/core.rs,43,core::ops::DerefMut::deref_mut,high
core::ops::DerefMut::deref_mut,assume_specification,std_specs/vec.rs,255,"<Vec<T, A> as core::ops::DerefMut>::deref_mut",high
core::ops::Div::div,assume_specification,std_specs/ops.rs,484,<f32 as core::ops::Div>::div,high
core::ops::Div::div,assume_specification,std_specs/ops.rs,509,<f64 as core::ops::Div>::div,high
core::ops::Index::index,external_trait_specification,std_specs/core.rs,55,core::ops::Index<Idx>::index,high
core::ops::Index::index,assume_specification,std_specs/slice.rs,75,<[T] as Index<I>>::index,high
core::ops::Index::index,assume_specification,std_specs/slice.rs,83,<[T; N] as Index<I>>::index,high
core::ops::Mul::mul,assume_specification,std_specs/ops.rs,479,<f32 as core::ops::Mul>::mul,high
core::ops::Mul::mul,assume_specification,std_specs/ops.rs,504,<f64 as core::ops::Mul>::mul,high
core::ops::Neg::neg,assume_specification,std_specs/ops.rs,464,<f32 as core::ops::Neg>::neg,high
core::ops::Neg::neg,assume_specification,std_specs/ops.rs,489,<f64 as core::ops::Neg>::neg,high
core::ops::Range::contains,assume_specification,std_specs/range.rs,74,Range::<Idx>::contains,high
core::ops::RangeBounds::end_bound,assume_specification,std_specs/range.rs,290,<Range<T> as RangeBounds<T>>::end_bound,high
core::ops::RangeBounds::end_bound,assume_specification,std_specs/range.rs,304,<RangeFull as RangeBounds<T>>::end_bound,high
core::ops::RangeBounds::end_bound,assume_specification,std_specs/range.rs,318,<RangeFrom<T> as RangeBounds<T>>::end_bound,high
core::ops::RangeBounds::end_bound,assume_specification,std_specs/range.rs,332,<RangeTo<T> as RangeBounds<T>>::end_bound,high
core::ops::RangeBounds::end_bound,assume_specification,std_specs/range.rs,346,<RangeInclusive<T> as RangeBounds<T>>::end_bound,high
core::ops::RangeBounds::end_bound,assume_specification,std_specs/range.rs,360,<RangeToInclusive<T> as RangeBounds<T>>::end_bound,high
core::ops::RangeBounds::end_bound,assume_specification,std_specs/range.rs,374,"<(Bound<T>, Bound<T>) as RangeBounds<T>>::end_bound",high
core::ops::RangeBounds::end_bound,external_trait_specification,std_specs/range.rs,398,RangeBounds<T>::end_bound,high
core::ops::RangeBounds::start_bound,assume_specification,std_specs/range.rs,283,<Range<T> as RangeBounds<T>>::start_bound,high
core::ops::RangeBounds::start_bound,assume_specification,std_specs/range.rs,297,<RangeFull as RangeBounds<T>>::start_bound,high
core::ops::RangeBounds::start_bound,assume_specification,std_specs/range.rs,311,<RangeFrom<T> as RangeBounds<T>>::start_bound,high
core::ops::RangeBounds::start_bound,assume_specification,std_specs/range.rs,325,<RangeTo<T> as RangeBounds<T>>::start_bound,high
core::ops::RangeBounds::start_bound,assume_specification,std_specs/range.rs,339,<RangeInclusive<T> as RangeBounds<T>>::start_bound,high
core::ops::RangeBounds::start_bound,assume_specification,std_specs/range.rs,353,<RangeToInclusive<T> as RangeBounds<T>>::start_bound,high
core::ops::RangeBounds::start_bound,assume_specification,std_specs/range.rs,367,"<(Bound<T>, Bound<T>) as RangeBounds<T>>::start_bound",high
core::ops::RangeBounds::start_bound,external_trait_specification,std_specs/range.rs,396,RangeBounds<T>::start_bound,high
core::ops::RangeInclusive::contains,assume_specification,std_specs/range.rs,82,RangeInclusive::<Idx>::contains,high
core::ops::RangeInclusive::new,assume_specification,std_specs/range.rs,111,RangeInclusive::<Idx>::new,high
core::ops::Sub::sub,assume_specification,std_specs/ops.rs,474,<f32 as core::ops::Sub>::sub,high
core::ops::Sub::sub,assume_specification,std_specs/ops.rs,499,<f64 as core::ops::Sub>::sub,high
core::option::Option::and_then,assume_specification,std_specs/option.rs,227,Option::<T>::and_then,high
core::option::Option::as_mut,assume_specification,std_specs/option.rs,363,Option::as_mut,high
core::option::Option::as_mut_slice,assume_specification,std_specs/option.rs,381,Option::as_mut_slice,high
core::option::Option::as_ref,assume_specification,std_specs/option.rs,143,Option::<T>::as_ref,high
core::option::Option::as_slice,assume_specification,std_specs/option.rs,372,Option::as_slice,high
core::option::Option::branch,assume_specification,std_specs/control_flow.rs,30,Option::<T>::branch,high
core::option::Option::cloned,assume_specification,std_specs/option.rs,219,Option::<&'a T>::cloned,high
core::option::Option::expect,assume_specification,std_specs/option.rs,193,Option::<T>::expect,high
core::option::Option::from_residual,assume_specification,std_specs/control_flow.rs,42,Option::<T>::from_residual,high
core::option::Option::get_or_insert,assume_specification,std_specs/option.rs,402,Option::get_or_insert,high
core::option::Option::insert,assume_specification,std_specs/option.rs,395,Option::insert,high
core::option::Option::is_none,assume_specification,std_specs/option.rs,136,Option::<T>::is_none,high
core::option::Option::is_some,assume_specification,std_specs/option.rs,123,Option::<T>::is_some,high
core::option::Option::map,assume_specification,std_specs/option.rs,209,Option::<T>::map,high
core::option::Option::ok_or,assume_specification,std_specs/option.rs,357,Option::ok_or,high
core::option::Option::ok_or_else,assume_specification,std_specs/option.rs,239,Option::<T>::ok_or_else,high
core::option::Option::take,assume_specification,std_specs/option.rs,201,Option::<T>::take,high
core::option::Option::unwrap,assume_specification,std_specs/option.rs,160,Option::<T>::unwrap,high
core::option::Option::unwrap_or,assume_specification,std_specs/option.rs,177,Option::<T>::unwrap_or,high
core::option::Option::unwrap_or_default,assume_specification,std_specs/option.rs,254,Option::<T>::unwrap_or_default,high
core::option::Option::unwrap_or_else,assume_specification,std_specs/option.rs,263,Option::<T>::unwrap_or_else,high
core::panic::Location::column,assume_specification,std_specs/location.rs,42,Location::column,high
core::panic::Location::file,assume_specification,std_specs/location.rs,26,Location::file,high
core::panic::Location::file_as_c_str,assume_specification,std_specs/location.rs,31,Location::file_as_c_str,high
core::panic::Location::line,assume_specification,std_specs/location.rs,37,Location::line,high
core::ptr::null,assume_specification,raw_ptr.rs,401,core::ptr::null,high
core::ptr::null,assume_specification,raw_ptr.rs,403,core::ptr::null,high
core::ptr::null_mut,assume_specification,raw_ptr.rs,422,core::ptr::null_mut,high
core::ptr::null_mut,assume_specification,raw_ptr.rs,424,core::ptr::null_mut,high
core::result::Result::as_ref,assume_specification,std_specs/result.rs,155,"Result::<T, E>::as_ref",high
core::result::Result::err,assume_specification,std_specs/result.rs,278,"Result::<T, E>::err",high
core::result::Result::expect,assume_specification,std_specs/result.rs,215,"Result::<T, E>::expect",high
core::result::Result::is_err,assume_specification,std_specs/result.rs,148,"Result::<T, E>::is_err",high
core::result::Result::is_ok,assume_specification,std_specs/result.rs,135,"Result::<T, E>::is_ok",high
core::result::Result::map,assume_specification,std_specs/result.rs,226,"Result::<T, E>::map",high
core::result::Result::map_err,assume_specification,std_specs/result.rs,242,"Result::<T, E>::map_err",high
core::result::Result::ok,assume_specification,std_specs/result.rs,262,"Result::<T, E>::ok",high
core::result::Result::unwrap,assume_specification,std_specs/result.rs,177,"Result::<T, E>::unwrap",high
core::result::Result::unwrap_err,assume_specification,std_specs/result.rs,196,"Result::<T, E>::unwrap_err",high
core::slice::SliceIndex::index,external_trait_specification,slice.rs,127,SliceIndex<T>::index,high
core::slice::SliceIndex::index,assume_specification,std_specs/slice.rs,44,<usize as SliceIndex<[T]>>::index,high
core::slice::SliceIndex::index,assume_specification,std_specs/slice.rs,56,<Range<usize> as SliceIndex<[T]>>::index,high
core::slice::copy_from_slice,assume_specification,std_specs/slice.rs,213,<[T]>::copy_from_slice,high
core::slice::copy_within,assume_specification,std_specs/slice.rs,243,<[T]>::copy_within::<R>,high
core::slice::first,assume_specification,std_specs/slice.rs,166,<[T]>::first,high
core::slice::first_mut,assume_specification,std_specs/slice.rs,179,<[T]>::first_mut,high
core::slice::get,assume_specification,slice.rs,133,<[T]>::get::<I>,high
core::slice::into_vec,assume_specification,std_specs/smart_ptrs.rs,12,<[T]>::into_vec,high
core::slice::is_empty,assume_specification,slice.rs,93,<[T]>::is_empty,high
core::slice::iter,assume_specification,std_specs/slice.rs,150,<[T]>::iter,high
core::slice::last,assume_specification,std_specs/slice.rs,172,<[T]>::last,high
core::slice::last_mut,assume_specification,std_specs/slice.rs,187,<[T]>::last_mut,high
core::slice::len,assume_specification,slice.rs,83,<[T]>::len,high
core::slice::split_at,assume_specification,std_specs/slice.rs,194,<[T]>::split_at,high
core::slice::split_at_mut,assume_specification,std_specs/slice.rs,203,<[T]>::split_at_mut,high
core::str::Utf8Error::error_len,assume_specification,std_specs/ffi.rs,217,core::str::Utf8Error::error_len,high
core::str::Utf8Error::valid_up_to,assume_specification,std_specs/ffi.rs,210,core::str::Utf8Error::valid_up_to,high
core::str::as_bytes,assume_specification,string.rs,100,str::as_bytes,high
core::str::chars,assume_specification,string.rs,452,str::chars,high
core::str::from_utf8_unchecked,assume_specification,string.rs,136,str::from_utf8_unchecked,high
core::str::is_ascii,assume_specification,string.rs,85,str::is_ascii,high
core::str::is_char_boundary,assume_specification,string.rs,121,str::is_char_boundary,high
core::str::is_empty,assume_specification,string.rs,114,str::is_empty,high
core::str::len,assume_specification,string.rs,107,str::len,high
core::str::split_at,assume_specification,string.rs,127,str::split_at,high
core::str::to_owned,assume_specification,string.rs,94,str::to_owned,high
core::sync::atomic::AtomicBool::compare_exchange,macro:atomic_specs_common,std_specs/atomic.rs,105,<AtomicBool>::compare_exchange,macro_inferred
core::sync::atomic::AtomicBool::compare_exchange_weak,macro:atomic_specs_common,std_specs/atomic.rs,105,<AtomicBool>::compare_exchange_weak,macro_inferred
core::sync::atomic::AtomicBool::fetch_and,macro:atomic_specs_common,std_specs/atomic.rs,105,<AtomicBool>::fetch_and,macro_inferred
core::sync::atomic::AtomicBool::fetch_nand,macro:atomic_specs_common,std_specs/atomic.rs,105,<AtomicBool>::fetch_nand,macro_inferred
core::sync::atomic::AtomicBool::fetch_or,macro:atomic_specs_common,std_specs/atomic.rs,105,<AtomicBool>::fetch_or,macro_inferred
core::sync::atomic::AtomicBool::fetch_xor,macro:atomic_specs_common,std_specs/atomic.rs,105,<AtomicBool>::fetch_xor,macro_inferred
core::sync::atomic::AtomicBool::load,macro:atomic_specs_common,std_specs/atomic.rs,105,<AtomicBool>::load,macro_inferred
core::sync::atomic::AtomicBool::new,macro:atomic_specs_common,std_specs/atomic.rs,105,<AtomicBool>::new,macro_inferred
core::sync::atomic::AtomicBool::store,macro:atomic_specs_common,std_specs/atomic.rs,105,<AtomicBool>::store,macro_inferred
core::sync::atomic::AtomicBool::swap,macro:atomic_specs_common,std_specs/atomic.rs,105,<AtomicBool>::swap,macro_inferred
core::sync::atomic::AtomicI16::compare_exchange,macro:atomic_specs_common,std_specs/atomic.rs,99,<AtomicI16>::compare_exchange,macro_inferred
core::sync::atomic::AtomicI16::compare_exchange_weak,macro:atomic_specs_common,std_specs/atomic.rs,99,<AtomicI16>::compare_exchange_weak,macro_inferred
core::sync::atomic::AtomicI16::fetch_add,macro:atomic_specs_int_specific,std_specs/atomic.rs,99,<AtomicI16>::fetch_add,macro_inferred
core::sync::atomic::AtomicI16::fetch_and,macro:atomic_specs_common,std_specs/atomic.rs,99,<AtomicI16>::fetch_and,macro_inferred
core::sync::atomic::AtomicI16::fetch_max,macro:atomic_specs_int_specific,std_specs/atomic.rs,99,<AtomicI16>::fetch_max,macro_inferred
core::sync::atomic::AtomicI16::fetch_min,macro:atomic_specs_int_specific,std_specs/atomic.rs,99,<AtomicI16>::fetch_min,macro_inferred
core::sync::atomic::AtomicI16::fetch_nand,macro:atomic_specs_common,std_specs/atomic.rs,99,<AtomicI16>::fetch_nand,macro_inferred
core::sync::atomic::AtomicI16::fetch_or,macro:atomic_specs_common,std_specs/atomic.rs,99,<AtomicI16>::fetch_or,macro_inferred
core::sync::atomic::AtomicI16::fetch_sub,macro:atomic_specs_int_specific,std_specs/atomic.rs,99,<AtomicI16>::fetch_sub,macro_inferred
core::sync::atomic::AtomicI16::fetch_xor,macro:atomic_specs_common,std_specs/atomic.rs,99,<AtomicI16>::fetch_xor,macro_inferred
core::sync::atomic::AtomicI16::load,macro:atomic_specs_common,std_specs/atomic.rs,99,<AtomicI16>::load,macro_inferred
core::sync::atomic::AtomicI16::new,macro:atomic_specs_common,std_specs/atomic.rs,99,<AtomicI16>::new,macro_inferred
core::sync::atomic::AtomicI16::store,macro:atomic_specs_common,std_specs/atomic.rs,99,<AtomicI16>::store,macro_inferred
core::sync::atomic::AtomicI16::swap,macro:atomic_specs_common,std_specs/atomic.rs,99,<AtomicI16>::swap,macro_inferred
core::sync::atomic::AtomicI32::compare_exchange,macro:atomic_specs_common,std_specs/atomic.rs,100,<AtomicI32>::compare_exchange,macro_inferred
core::sync::atomic::AtomicI32::compare_exchange_weak,macro:atomic_specs_common,std_specs/atomic.rs,100,<AtomicI32>::compare_exchange_weak,macro_inferred
core::sync::atomic::AtomicI32::fetch_add,macro:atomic_specs_int_specific,std_specs/atomic.rs,100,<AtomicI32>::fetch_add,macro_inferred
core::sync::atomic::AtomicI32::fetch_and,macro:atomic_specs_common,std_specs/atomic.rs,100,<AtomicI32>::fetch_and,macro_inferred
core::sync::atomic::AtomicI32::fetch_max,macro:atomic_specs_int_specific,std_specs/atomic.rs,100,<AtomicI32>::fetch_max,macro_inferred
core::sync::atomic::AtomicI32::fetch_min,macro:atomic_specs_int_specific,std_specs/atomic.rs,100,<AtomicI32>::fetch_min,macro_inferred
core::sync::atomic::AtomicI32::fetch_nand,macro:atomic_specs_common,std_specs/atomic.rs,100,<AtomicI32>::fetch_nand,macro_inferred
core::sync::atomic::AtomicI32::fetch_or,macro:atomic_specs_common,std_specs/atomic.rs,100,<AtomicI32>::fetch_or,macro_inferred
core::sync::atomic::AtomicI32::fetch_sub,macro:atomic_specs_int_specific,std_specs/atomic.rs,100,<AtomicI32>::fetch_sub,macro_inferred
core::sync::atomic::AtomicI32::fetch_xor,macro:atomic_specs_common,std_specs/atomic.rs,100,<AtomicI32>::fetch_xor,macro_inferred
core::sync::atomic::AtomicI32::load,macro:atomic_specs_common,std_specs/atomic.rs,100,<AtomicI32>::load,macro_inferred
core::sync::atomic::AtomicI32::new,macro:atomic_specs_common,std_specs/atomic.rs,100,<AtomicI32>::new,macro_inferred
core::sync::atomic::AtomicI32::store,macro:atomic_specs_common,std_specs/atomic.rs,100,<AtomicI32>::store,macro_inferred
core::sync::atomic::AtomicI32::swap,macro:atomic_specs_common,std_specs/atomic.rs,100,<AtomicI32>::swap,macro_inferred
core::sync::atomic::AtomicI64::compare_exchange,macro:atomic_specs_common,std_specs/atomic.rs,102,<AtomicI64>::compare_exchange,macro_inferred
core::sync::atomic::AtomicI64::compare_exchange_weak,macro:atomic_specs_common,std_specs/atomic.rs,102,<AtomicI64>::compare_exchange_weak,macro_inferred
core::sync::atomic::AtomicI64::fetch_add,macro:atomic_specs_int_specific,std_specs/atomic.rs,102,<AtomicI64>::fetch_add,macro_inferred
core::sync::atomic::AtomicI64::fetch_and,macro:atomic_specs_common,std_specs/atomic.rs,102,<AtomicI64>::fetch_and,macro_inferred
core::sync::atomic::AtomicI64::fetch_max,macro:atomic_specs_int_specific,std_specs/atomic.rs,102,<AtomicI64>::fetch_max,macro_inferred
core::sync::atomic::AtomicI64::fetch_min,macro:atomic_specs_int_specific,std_specs/atomic.rs,102,<AtomicI64>::fetch_min,macro_inferred
core::sync::atomic::AtomicI64::fetch_nand,macro:atomic_specs_common,std_specs/atomic.rs,102,<AtomicI64>::fetch_nand,macro_inferred
core::sync::atomic::AtomicI64::fetch_or,macro:atomic_specs_common,std_specs/atomic.rs,102,<AtomicI64>::fetch_or,macro_inferred
core::sync::atomic::AtomicI64::fetch_sub,macro:atomic_specs_int_specific,std_specs/atomic.rs,102,<AtomicI64>::fetch_sub,macro_inferred
core::sync::atomic::AtomicI64::fetch_xor,macro:atomic_specs_common,std_specs/atomic.rs,102,<AtomicI64>::fetch_xor,macro_inferred
core::sync::atomic::AtomicI64::load,macro:atomic_specs_common,std_specs/atomic.rs,102,<AtomicI64>::load,macro_inferred
core::sync::atomic::AtomicI64::new,macro:atomic_specs_common,std_specs/atomic.rs,102,<AtomicI64>::new,macro_inferred
core::sync::atomic::AtomicI64::store,macro:atomic_specs_common,std_specs/atomic.rs,102,<AtomicI64>::store,macro_inferred
core::sync::atomic::AtomicI64::swap,macro:atomic_specs_common,std_specs/atomic.rs,102,<AtomicI64>::swap,macro_inferred
core::sync::atomic::AtomicI8::compare_exchange,macro:atomic_specs_common,std_specs/atomic.rs,98,<AtomicI8>::compare_exchange,macro_inferred
core::sync::atomic::AtomicI8::compare_exchange_weak,macro:atomic_specs_common,std_specs/atomic.rs,98,<AtomicI8>::compare_exchange_weak,macro_inferred
core::sync::atomic::AtomicI8::fetch_add,macro:atomic_specs_int_specific,std_specs/atomic.rs,98,<AtomicI8>::fetch_add,macro_inferred
core::sync::atomic::AtomicI8::fetch_and,macro:atomic_specs_common,std_specs/atomic.rs,98,<AtomicI8>::fetch_and,macro_inferred
core::sync::atomic::AtomicI8::fetch_max,macro:atomic_specs_int_specific,std_specs/atomic.rs,98,<AtomicI8>::fetch_max,macro_inferred
core::sync::atomic::AtomicI8::fetch_min,macro:atomic_specs_int_specific,std_specs/atomic.rs,98,<AtomicI8>::fetch_min,macro_inferred
core::sync::atomic::AtomicI8::fetch_nand,macro:atomic_specs_common,std_specs/atomic.rs,98,<AtomicI8>::fetch_nand,macro_inferred
core::sync::atomic::AtomicI8::fetch_or,macro:atomic_specs_common,std_specs/atomic.rs,98,<AtomicI8>::fetch_or,macro_inferred
core::sync::atomic::AtomicI8::fetch_sub,macro:atomic_specs_int_specific,std_specs/atomic.rs,98,<AtomicI8>::fetch_sub,macro_inferred
core::sync::atomic::AtomicI8::fetch_xor,macro:atomic_specs_common,std_specs/atomic.rs,98,<AtomicI8>::fetch_xor,macro_inferred
core::sync::atomic::AtomicI8::load,macro:atomic_specs_common,std_specs/atomic.rs,98,<AtomicI8>::load,macro_inferred
core::sync::atomic::AtomicI8::new,macro:atomic_specs_common,std_specs/atomic.rs,98,<AtomicI8>::new,macro_inferred
core::sync::atomic::AtomicI8::store,macro:atomic_specs_common,std_specs/atomic.rs,98,<AtomicI8>::store,macro_inferred
core::sync::atomic::AtomicI8::swap,macro:atomic_specs_common,std_specs/atomic.rs,98,<AtomicI8>::swap,macro_inferred
core::sync::atomic::AtomicIsize::compare_exchange,macro:atomic_specs_common,std_specs/atomic.rs,103,<AtomicIsize>::compare_exchange,macro_inferred
core::sync::atomic::AtomicIsize::compare_exchange_weak,macro:atomic_specs_common,std_specs/atomic.rs,103,<AtomicIsize>::compare_exchange_weak,macro_inferred
core::sync::atomic::AtomicIsize::fetch_add,macro:atomic_specs_int_specific,std_specs/atomic.rs,103,<AtomicIsize>::fetch_add,macro_inferred
core::sync::atomic::AtomicIsize::fetch_and,macro:atomic_specs_common,std_specs/atomic.rs,103,<AtomicIsize>::fetch_and,macro_inferred
core::sync::atomic::AtomicIsize::fetch_max,macro:atomic_specs_int_specific,std_specs/atomic.rs,103,<AtomicIsize>::fetch_max,macro_inferred
core::sync::atomic::AtomicIsize::fetch_min,macro:atomic_specs_int_specific,std_specs/atomic.rs,103,<AtomicIsize>::fetch_min,macro_inferred
core::sync::atomic::AtomicIsize::fetch_nand,macro:atomic_specs_common,std_specs/atomic.rs,103,<AtomicIsize>::fetch_nand,macro_inferred
core::sync::atomic::AtomicIsize::fetch_or,macro:atomic_specs_common,std_specs/atomic.rs,103,<AtomicIsize>::fetch_or,macro_inferred
core::sync::atomic::AtomicIsize::fetch_sub,macro:atomic_specs_int_specific,std_specs/atomic.rs,103,<AtomicIsize>::fetch_sub,macro_inferred
core::sync::atomic::AtomicIsize::fetch_xor,macro:atomic_specs_common,std_specs/atomic.rs,103,<AtomicIsize>::fetch_xor,macro_inferred
core::sync::atomic::AtomicIsize::load,macro:atomic_specs_common,std_specs/atomic.rs,103,<AtomicIsize>::load,macro_inferred
core::sync::atomic::AtomicIsize::new,macro:atomic_specs_common,std_specs/atomic.rs,103,<AtomicIsize>::new,macro_inferred
core::sync::atomic::AtomicIsize::store,macro:atomic_specs_common,std_specs/atomic.rs,103,<AtomicIsize>::store,macro_inferred
core::sync::atomic::AtomicIsize::swap,macro:atomic_specs_common,std_specs/atomic.rs,103,<AtomicIsize>::swap,macro_inferred
core::sync::atomic::AtomicU16::compare_exchange,macro:atomic_specs_common,std_specs/atomic.rs,92,<AtomicU16>::compare_exchange,macro_inferred
core::sync::atomic::AtomicU16::compare_exchange_weak,macro:atomic_specs_common,std_specs/atomic.rs,92,<AtomicU16>::compare_exchange_weak,macro_inferred
core::sync::atomic::AtomicU16::fetch_add,macro:atomic_specs_int_specific,std_specs/atomic.rs,92,<AtomicU16>::fetch_add,macro_inferred
core::sync::atomic::AtomicU16::fetch_and,macro:atomic_specs_common,std_specs/atomic.rs,92,<AtomicU16>::fetch_and,macro_inferred
core::sync::atomic::AtomicU16::fetch_max,macro:atomic_specs_int_specific,std_specs/atomic.rs,92,<AtomicU16>::fetch_max,macro_inferred
core::sync::atomic::AtomicU16::fetch_min,macro:atomic_specs_int_specific,std_specs/atomic.rs,92,<AtomicU16>::fetch_min,macro_inferred
core::sync::atomic::AtomicU16::fetch_nand,macro:atomic_specs_common,std_specs/atomic.rs,92,<AtomicU16>::fetch_nand,macro_inferred
core::sync::atomic::AtomicU16::fetch_or,macro:atomic_specs_common,std_specs/atomic.rs,92,<AtomicU16>::fetch_or,macro_inferred
core::sync::atomic::AtomicU16::fetch_sub,macro:atomic_specs_int_specific,std_specs/atomic.rs,92,<AtomicU16>::fetch_sub,macro_inferred
core::sync::atomic::AtomicU16::fetch_xor,macro:atomic_specs_common,std_specs/atomic.rs,92,<AtomicU16>::fetch_xor,macro_inferred
core::sync::atomic::AtomicU16::load,macro:atomic_specs_common,std_specs/atomic.rs,92,<AtomicU16>::load,macro_inferred
core::sync::atomic::AtomicU16::new,macro:atomic_specs_common,std_specs/atomic.rs,92,<AtomicU16>::new,macro_inferred
core::sync::atomic::AtomicU16::store,macro:atomic_specs_common,std_specs/atomic.rs,92,<AtomicU16>::store,macro_inferred
core::sync::atomic::AtomicU16::swap,macro:atomic_specs_common,std_specs/atomic.rs,92,<AtomicU16>::swap,macro_inferred
core::sync::atomic::AtomicU32::compare_exchange,macro:atomic_specs_common,std_specs/atomic.rs,93,<AtomicU32>::compare_exchange,macro_inferred
core::sync::atomic::AtomicU32::compare_exchange_weak,macro:atomic_specs_common,std_specs/atomic.rs,93,<AtomicU32>::compare_exchange_weak,macro_inferred
core::sync::atomic::AtomicU32::fetch_add,macro:atomic_specs_int_specific,std_specs/atomic.rs,93,<AtomicU32>::fetch_add,macro_inferred
core::sync::atomic::AtomicU32::fetch_and,macro:atomic_specs_common,std_specs/atomic.rs,93,<AtomicU32>::fetch_and,macro_inferred
core::sync::atomic::AtomicU32::fetch_max,macro:atomic_specs_int_specific,std_specs/atomic.rs,93,<AtomicU32>::fetch_max,macro_inferred
core::sync::atomic::AtomicU32::fetch_min,macro:atomic_specs_int_specific,std_specs/atomic.rs,93,<AtomicU32>::fetch_min,macro_inferred
core::sync::atomic::AtomicU32::fetch_nand,macro:atomic_specs_common,std_specs/atomic.rs,93,<AtomicU32>::fetch_nand,macro_inferred
core::sync::atomic::AtomicU32::fetch_or,macro:atomic_specs_common,std_specs/atomic.rs,93,<AtomicU32>::fetch_or,macro_inferred
core::sync::atomic::AtomicU32::fetch_sub,macro:atomic_specs_int_specific,std_specs/atomic.rs,93,<AtomicU32>::fetch_sub,macro_inferred
core::sync::atomic::AtomicU32::fetch_xor,macro:atomic_specs_common,std_specs/atomic.rs,93,<AtomicU32>::fetch_xor,macro_inferred
core::sync::atomic::AtomicU32::load,macro:atomic_specs_common,std_specs/atomic.rs,93,<AtomicU32>::load,macro_inferred
core::sync::atomic::AtomicU32::new,macro:atomic_specs_common,std_specs/atomic.rs,93,<AtomicU32>::new,macro_inferred
core::sync::atomic::AtomicU32::store,macro:atomic_specs_common,std_specs/atomic.rs,93,<AtomicU32>::store,macro_inferred
core::sync::atomic::AtomicU32::swap,macro:atomic_specs_common,std_specs/atomic.rs,93,<AtomicU32>::swap,macro_inferred
core::sync::atomic::AtomicU64::compare_exchange,macro:atomic_specs_common,std_specs/atomic.rs,95,<AtomicU64>::compare_exchange,macro_inferred
core::sync::atomic::AtomicU64::compare_exchange_weak,macro:atomic_specs_common,std_specs/atomic.rs,95,<AtomicU64>::compare_exchange_weak,macro_inferred
core::sync::atomic::AtomicU64::fetch_add,macro:atomic_specs_int_specific,std_specs/atomic.rs,95,<AtomicU64>::fetch_add,macro_inferred
core::sync::atomic::AtomicU64::fetch_and,macro:atomic_specs_common,std_specs/atomic.rs,95,<AtomicU64>::fetch_and,macro_inferred
core::sync::atomic::AtomicU64::fetch_max,macro:atomic_specs_int_specific,std_specs/atomic.rs,95,<AtomicU64>::fetch_max,macro_inferred
core::sync::atomic::AtomicU64::fetch_min,macro:atomic_specs_int_specific,std_specs/atomic.rs,95,<AtomicU64>::fetch_min,macro_inferred
core::sync::atomic::AtomicU64::fetch_nand,macro:atomic_specs_common,std_specs/atomic.rs,95,<AtomicU64>::fetch_nand,macro_inferred
core::sync::atomic::AtomicU64::fetch_or,macro:atomic_specs_common,std_specs/atomic.rs,95,<AtomicU64>::fetch_or,macro_inferred
core::sync::atomic::AtomicU64::fetch_sub,macro:atomic_specs_int_specific,std_specs/atomic.rs,95,<AtomicU64>::fetch_sub,macro_inferred
core::sync::atomic::AtomicU64::fetch_xor,macro:atomic_specs_common,std_specs/atomic.rs,95,<AtomicU64>::fetch_xor,macro_inferred
core::sync::atomic::AtomicU64::load,macro:atomic_specs_common,std_specs/atomic.rs,95,<AtomicU64>::load,macro_inferred
core::sync::atomic::AtomicU64::new,macro:atomic_specs_common,std_specs/atomic.rs,95,<AtomicU64>::new,macro_inferred
core::sync::atomic::AtomicU64::store,macro:atomic_specs_common,std_specs/atomic.rs,95,<AtomicU64>::store,macro_inferred
core::sync::atomic::AtomicU64::swap,macro:atomic_specs_common,std_specs/atomic.rs,95,<AtomicU64>::swap,macro_inferred
core::sync::atomic::AtomicU8::compare_exchange,macro:atomic_specs_common,std_specs/atomic.rs,91,<AtomicU8>::compare_exchange,macro_inferred
core::sync::atomic::AtomicU8::compare_exchange_weak,macro:atomic_specs_common,std_specs/atomic.rs,91,<AtomicU8>::compare_exchange_weak,macro_inferred
core::sync::atomic::AtomicU8::fetch_add,macro:atomic_specs_int_specific,std_specs/atomic.rs,91,<AtomicU8>::fetch_add,macro_inferred
core::sync::atomic::AtomicU8::fetch_and,macro:atomic_specs_common,std_specs/atomic.rs,91,<AtomicU8>::fetch_and,macro_inferred
core::sync::atomic::AtomicU8::fetch_max,macro:atomic_specs_int_specific,std_specs/atomic.rs,91,<AtomicU8>::fetch_max,macro_inferred
core::sync::atomic::AtomicU8::fetch_min,macro:atomic_specs_int_specific,std_specs/atomic.rs,91,<AtomicU8>::fetch_min,macro_inferred
core::sync::atomic::AtomicU8::fetch_nand,macro:atomic_specs_common,std_specs/atomic.rs,91,<AtomicU8>::fetch_nand,macro_inferred
core::sync::atomic::AtomicU8::fetch_or,macro:atomic_specs_common,std_specs/atomic.rs,91,<AtomicU8>::fetch_or,macro_inferred
core::sync::atomic::AtomicU8::fetch_sub,macro:atomic_specs_int_specific,std_specs/atomic.rs,91,<AtomicU8>::fetch_sub,macro_inferred
core::sync::atomic::AtomicU8::fetch_xor,macro:atomic_specs_common,std_specs/atomic.rs,91,<AtomicU8>::fetch_xor,macro_inferred
core::sync::atomic::AtomicU8::load,macro:atomic_specs_common,std_specs/atomic.rs,91,<AtomicU8>::load,macro_inferred
core::sync::atomic::AtomicU8::new,macro:atomic_specs_common,std_specs/atomic.rs,91,<AtomicU8>::new,macro_inferred
core::sync::atomic::AtomicU8::store,macro:atomic_specs_common,std_specs/atomic.rs,91,<AtomicU8>::store,macro_inferred
core::sync::atomic::AtomicU8::swap,macro:atomic_specs_common,std_specs/atomic.rs,91,<AtomicU8>::swap,macro_inferred
core::sync::atomic::AtomicUsize::compare_exchange,macro:atomic_specs_common,std_specs/atomic.rs,96,<AtomicUsize>::compare_exchange,macro_inferred
core::sync::atomic::AtomicUsize::compare_exchange_weak,macro:atomic_specs_common,std_specs/atomic.rs,96,<AtomicUsize>::compare_exchange_weak,macro_inferred
core::sync::atomic::AtomicUsize::fetch_add,macro:atomic_specs_int_specific,std_specs/atomic.rs,96,<AtomicUsize>::fetch_add,macro_inferred
core::sync::atomic::AtomicUsize::fetch_and,macro:atomic_specs_common,std_specs/atomic.rs,96,<AtomicUsize>::fetch_and,macro_inferred
core::sync::atomic::AtomicUsize::fetch_max,macro:atomic_specs_int_specific,std_specs/atomic.rs,96,<AtomicUsize>::fetch_max,macro_inferred
core::sync::atomic::AtomicUsize::fetch_min,macro:atomic_specs_int_specific,std_specs/atomic.rs,96,<AtomicUsize>::fetch_min,macro_inferred
core::sync::atomic::AtomicUsize::fetch_nand,macro:atomic_specs_common,std_specs/atomic.rs,96,<AtomicUsize>::fetch_nand,macro_inferred
core::sync::atomic::AtomicUsize::fetch_or,macro:atomic_specs_common,std_specs/atomic.rs,96,<AtomicUsize>::fetch_or,macro_inferred
core::sync::atomic::AtomicUsize::fetch_sub,macro:atomic_specs_int_specific,std_specs/atomic.rs,96,<AtomicUsize>::fetch_sub,macro_inferred
core::sync::atomic::AtomicUsize::fetch_xor,macro:atomic_specs_common,std_specs/atomic.rs,96,<AtomicUsize>::fetch_xor,macro_inferred
core::sync::atomic::AtomicUsize::load,macro:atomic_specs_common,std_specs/atomic.rs,96,<AtomicUsize>::load,macro_inferred
core::sync::atomic::AtomicUsize::new,macro:atomic_specs_common,std_specs/atomic.rs,96,<AtomicUsize>::new,macro_inferred
core::sync::atomic::AtomicUsize::store,macro:atomic_specs_common,std_specs/atomic.rs,96,<AtomicUsize>::store,macro_inferred
core::sync::atomic::AtomicUsize::swap,macro:atomic_specs_common,std_specs/atomic.rs,96,<AtomicUsize>::swap,macro_inferred
core::time::Duration::abs_diff,assume_specification,std_specs/duration.rs,250,Duration::abs_diff,high
core::time::Duration::as_micros,assume_specification,std_specs/duration.rs,240,Duration::as_micros,high
core::time::Duration::as_millis,assume_specification,std_specs/duration.rs,235,Duration::as_millis,high
core::time::Duration::as_nanos,assume_specification,std_specs/duration.rs,245,Duration::as_nanos,high
core::time::Duration::as_secs,assume_specification,std_specs/duration.rs,205,Duration::as_secs,high
core::time::Duration::as_secs_f32,assume_specification,std_specs/duration.rs,210,Duration::as_secs_f32,high
core::time::Duration::as_secs_f64,assume_specification,std_specs/duration.rs,215,Duration::as_secs_f64,high
core::time::Duration::checked_add,assume_specification,std_specs/duration.rs,259,Duration::checked_add,high
core::time::Duration::checked_div,assume_specification,std_specs/duration.rs,314,Duration::checked_div,high
core::time::Duration::checked_mul,assume_specification,std_specs/duration.rs,296,Duration::checked_mul,high
core::time::Duration::checked_sub,assume_specification,std_specs/duration.rs,278,Duration::checked_sub,high
core::time::Duration::div_duration_f32,assume_specification,std_specs/duration.rs,394,Duration::div_duration_f32,high
core::time::Duration::div_duration_f64,assume_specification,std_specs/duration.rs,403,Duration::div_duration_f64,high
core::time::Duration::div_f32,assume_specification,std_specs/duration.rs,343,Duration::div_f32,high
core::time::Duration::div_f64,assume_specification,std_specs/duration.rs,336,Duration::div_f64,high
core::time::Duration::from_hours,assume_specification,std_specs/duration.rs,186,Duration::from_hours,high
core::time::Duration::from_micros,assume_specification,std_specs/duration.rs,169,Duration::from_micros,high
core::time::Duration::from_millis,assume_specification,std_specs/duration.rs,164,Duration::from_millis,high
core::time::Duration::from_mins,assume_specification,std_specs/duration.rs,193,Duration::from_mins,high
core::time::Duration::from_nanos,assume_specification,std_specs/duration.rs,174,Duration::from_nanos,high
core::time::Duration::from_nanos_u128,assume_specification,std_specs/duration.rs,179,Duration::from_nanos_u128,high
core::time::Duration::from_secs,assume_specification,std_specs/duration.rs,159,Duration::from_secs,high
core::time::Duration::from_secs_f32,assume_specification,std_specs/duration.rs,350,Duration::from_secs_f32,high
core::time::Duration::from_secs_f64,assume_specification,std_specs/duration.rs,357,Duration::from_secs_f64,high
core::time::Duration::is_zero,assume_specification,std_specs/duration.rs,200,Duration::is_zero,high
core::time::Duration::mul_f32,assume_specification,std_specs/duration.rs,329,Duration::mul_f32,high
core::time::Duration::mul_f64,assume_specification,std_specs/duration.rs,322,Duration::mul_f64,high
core::time::Duration::new,assume_specification,std_specs/duration.rs,152,Duration::new,high
core::time::Duration::saturating_add,assume_specification,std_specs/duration.rs,268,Duration::saturating_add,high
core::time::Duration::saturating_mul,assume_specification,std_specs/duration.rs,305,Duration::saturating_mul,high
core::time::Duration::saturating_sub,assume_specification,std_specs/duration.rs,286,Duration::saturating_sub,high
core::time::Duration::subsec_micros,assume_specification,std_specs/duration.rs,225,Duration::subsec_micros,high
core::time::Duration::subsec_millis,assume_specification,std_specs/duration.rs,220,Duration::subsec_millis,high
core::time::Duration::subsec_nanos,assume_specification,std_specs/duration.rs,230,Duration::subsec_nanos,high
core::time::Duration::try_from_secs_f32,assume_specification,std_specs/duration.rs,364,Duration::try_from_secs_f32,high
core::time::Duration::try_from_secs_f64,assume_specification,std_specs/duration.rs,379,Duration::try_from_secs_f64,high
core::u128::checked_add,macro:num_specs,std_specs/num.rs,457,<u128>::checked_add,macro_inferred
core::u128::checked_add_signed,macro:num_specs,std_specs/num.rs,457,<u128>::checked_add_signed,macro_inferred
core::u128::checked_div,macro:num_specs,std_specs/num.rs,457,<u128>::checked_div,macro_inferred
core::u128::checked_div_euclid,macro:num_specs,std_specs/num.rs,457,<u128>::checked_div_euclid,macro_inferred
core::u128::checked_mul,macro:num_specs,std_specs/num.rs,457,<u128>::checked_mul,macro_inferred
core::u128::checked_rem,macro:num_specs,std_specs/num.rs,457,<u128>::checked_rem,macro_inferred
core::u128::checked_rem_euclid,macro:num_specs,std_specs/num.rs,457,<u128>::checked_rem_euclid,macro_inferred
core::u128::checked_sub,macro:num_specs,std_specs/num.rs,457,<u128>::checked_sub,macro_inferred
core::u128::is_multiple_of,macro:num_specs,std_specs/num.rs,457,<u128>::is_multiple_of,macro_inferred
core::u128::saturating_add,macro:num_specs,std_specs/num.rs,457,<u128>::saturating_add,macro_inferred
core::u128::saturating_sub,macro:num_specs,std_specs/num.rs,457,<u128>::saturating_sub,macro_inferred
core::u128::wrapping_add,macro:num_specs,std_specs/num.rs,457,<u128>::wrapping_add,macro_inferred
core::u128::wrapping_add_signed,macro:num_specs,std_specs/num.rs,457,<u128>::wrapping_add_signed,macro_inferred
core::u128::wrapping_mul,macro:num_specs,std_specs/num.rs,457,<u128>::wrapping_mul,macro_inferred
core::u128::wrapping_shl,macro:num_specs,std_specs/num.rs,457,<u128>::wrapping_shl,macro_inferred
core::u128::wrapping_shr,macro:num_specs,std_specs/num.rs,457,<u128>::wrapping_shr,macro_inferred
core::u128::wrapping_sub,macro:num_specs,std_specs/num.rs,457,<u128>::wrapping_sub,macro_inferred
core::u16::checked_add,macro:num_specs,std_specs/num.rs,454,<u16>::checked_add,macro_inferred
core::u16::checked_add_signed,macro:num_specs,std_specs/num.rs,454,<u16>::checked_add_signed,macro_inferred
core::u16::checked_div,macro:num_specs,std_specs/num.rs,454,<u16>::checked_div,macro_inferred
core::u16::checked_div_euclid,macro:num_specs,std_specs/num.rs,454,<u16>::checked_div_euclid,macro_inferred
core::u16::checked_mul,macro:num_specs,std_specs/num.rs,454,<u16>::checked_mul,macro_inferred
core::u16::checked_rem,macro:num_specs,std_specs/num.rs,454,<u16>::checked_rem,macro_inferred
core::u16::checked_rem_euclid,macro:num_specs,std_specs/num.rs,454,<u16>::checked_rem_euclid,macro_inferred
core::u16::checked_sub,macro:num_specs,std_specs/num.rs,454,<u16>::checked_sub,macro_inferred
core::u16::is_multiple_of,macro:num_specs,std_specs/num.rs,454,<u16>::is_multiple_of,macro_inferred
core::u16::leading_ones,assume_specification,std_specs/bits.rs,236,u16::leading_ones,high
core::u16::leading_zeros,assume_specification,std_specs/bits.rs,230,u16::leading_zeros,high
core::u16::saturating_add,macro:num_specs,std_specs/num.rs,454,<u16>::saturating_add,macro_inferred
core::u16::saturating_sub,macro:num_specs,std_specs/num.rs,454,<u16>::saturating_sub,macro_inferred
core::u16::trailing_ones,assume_specification,std_specs/bits.rs,224,u16::trailing_ones,high
core::u16::trailing_zeros,assume_specification,std_specs/bits.rs,218,u16::trailing_zeros,high
core::u16::wrapping_add,macro:num_specs,std_specs/num.rs,454,<u16>::wrapping_add,macro_inferred
core::u16::wrapping_add_signed,macro:num_specs,std_specs/num.rs,454,<u16>::wrapping_add_signed,macro_inferred
core::u16::wrapping_mul,macro:num_specs,std_specs/num.rs,454,<u16>::wrapping_mul,macro_inferred
core::u16::wrapping_shl,macro:num_specs,std_specs/num.rs,454,<u16>::wrapping_shl,macro_inferred
core::u16::wrapping_shr,macro:num_specs,std_specs/num.rs,454,<u16>::wrapping_shr,macro_inferred
core::u16::wrapping_sub,macro:num_specs,std_specs/num.rs,454,<u16>::wrapping_sub,macro_inferred
core::u32::checked_add,macro:num_specs,std_specs/num.rs,455,<u32>::checked_add,macro_inferred
core::u32::checked_add_signed,macro:num_specs,std_specs/num.rs,455,<u32>::checked_add_signed,macro_inferred
core::u32::checked_div,macro:num_specs,std_specs/num.rs,455,<u32>::checked_div,macro_inferred
core::u32::checked_div_euclid,macro:num_specs,std_specs/num.rs,455,<u32>::checked_div_euclid,macro_inferred
core::u32::checked_mul,macro:num_specs,std_specs/num.rs,455,<u32>::checked_mul,macro_inferred
core::u32::checked_rem,macro:num_specs,std_specs/num.rs,455,<u32>::checked_rem,macro_inferred
core::u32::checked_rem_euclid,macro:num_specs,std_specs/num.rs,455,<u32>::checked_rem_euclid,macro_inferred
core::u32::checked_sub,macro:num_specs,std_specs/num.rs,455,<u32>::checked_sub,macro_inferred
core::u32::is_multiple_of,macro:num_specs,std_specs/num.rs,455,<u32>::is_multiple_of,macro_inferred
core::u32::leading_ones,assume_specification,std_specs/bits.rs,412,u32::leading_ones,high
core::u32::leading_zeros,assume_specification,std_specs/bits.rs,406,u32::leading_zeros,high
core::u32::saturating_add,macro:num_specs,std_specs/num.rs,455,<u32>::saturating_add,macro_inferred
core::u32::saturating_sub,macro:num_specs,std_specs/num.rs,455,<u32>::saturating_sub,macro_inferred
core::u32::trailing_ones,assume_specification,std_specs/bits.rs,400,u32::trailing_ones,high
core::u32::trailing_zeros,assume_specification,std_specs/bits.rs,394,u32::trailing_zeros,high
core::u32::wrapping_add,macro:num_specs,std_specs/num.rs,455,<u32>::wrapping_add,macro_inferred
core::u32::wrapping_add_signed,macro:num_specs,std_specs/num.rs,455,<u32>::wrapping_add_signed,macro_inferred
core::u32::wrapping_mul,macro:num_specs,std_specs/num.rs,455,<u32>::wrapping_mul,macro_inferred
core::u32::wrapping_shl,macro:num_specs,std_specs/num.rs,455,<u32>::wrapping_shl,macro_inferred
core::u32::wrapping_shr,macro:num_specs,std_specs/num.rs,455,<u32>::wrapping_shr,macro_inferred
core::u32::wrapping_sub,macro:num_specs,std_specs/num.rs,455,<u32>::wrapping_sub,macro_inferred
core::u64::checked_add,macro:num_specs,std_specs/num.rs,456,<u64>::checked_add,macro_inferred
core::u64::checked_add_signed,macro:num_specs,std_specs/num.rs,456,<u64>::checked_add_signed,macro_inferred
core::u64::checked_div,macro:num_specs,std_specs/num.rs,456,<u64>::checked_div,macro_inferred
core::u64::checked_div_euclid,macro:num_specs,std_specs/num.rs,456,<u64>::checked_div_euclid,macro_inferred
core::u64::checked_mul,macro:num_specs,std_specs/num.rs,456,<u64>::checked_mul,macro_inferred
core::u64::checked_rem,macro:num_specs,std_specs/num.rs,456,<u64>::checked_rem,macro_inferred
core::u64::checked_rem_euclid,macro:num_specs,std_specs/num.rs,456,<u64>::checked_rem_euclid,macro_inferred
core::u64::checked_sub,macro:num_specs,std_specs/num.rs,456,<u64>::checked_sub,macro_inferred
core::u64::is_multiple_of,macro:num_specs,std_specs/num.rs,456,<u64>::is_multiple_of,macro_inferred
core::u64::leading_ones,assume_specification,std_specs/bits.rs,589,u64::leading_ones,high
core::u64::leading_zeros,assume_specification,std_specs/bits.rs,583,u64::leading_zeros,high
core::u64::saturating_add,macro:num_specs,std_specs/num.rs,456,<u64>::saturating_add,macro_inferred
core::u64::saturating_sub,macro:num_specs,std_specs/num.rs,456,<u64>::saturating_sub,macro_inferred
core::u64::trailing_ones,assume_specification,std_specs/bits.rs,577,u64::trailing_ones,high
core::u64::trailing_zeros,assume_specification,std_specs/bits.rs,571,u64::trailing_zeros,high
core::u64::wrapping_add,macro:num_specs,std_specs/num.rs,456,<u64>::wrapping_add,macro_inferred
core::u64::wrapping_add_signed,macro:num_specs,std_specs/num.rs,456,<u64>::wrapping_add_signed,macro_inferred
core::u64::wrapping_mul,macro:num_specs,std_specs/num.rs,456,<u64>::wrapping_mul,macro_inferred
core::u64::wrapping_shl,macro:num_specs,std_specs/num.rs,456,<u64>::wrapping_shl,macro_inferred
core::u64::wrapping_shr,macro:num_specs,std_specs/num.rs,456,<u64>::wrapping_shr,macro_inferred
core::u64::wrapping_sub,macro:num_specs,std_specs/num.rs,456,<u64>::wrapping_sub,macro_inferred
core::u8::checked_add,macro:num_specs,std_specs/num.rs,453,<u8>::checked_add,macro_inferred
core::u8::checked_add_signed,macro:num_specs,std_specs/num.rs,453,<u8>::checked_add_signed,macro_inferred
core::u8::checked_div,macro:num_specs,std_specs/num.rs,453,<u8>::checked_div,macro_inferred
core::u8::checked_div_euclid,macro:num_specs,std_specs/num.rs,453,<u8>::checked_div_euclid,macro_inferred
core::u8::checked_mul,macro:num_specs,std_specs/num.rs,453,<u8>::checked_mul,macro_inferred
core::u8::checked_rem,macro:num_specs,std_specs/num.rs,453,<u8>::checked_rem,macro_inferred
core::u8::checked_rem_euclid,macro:num_specs,std_specs/num.rs,453,<u8>::checked_rem_euclid,macro_inferred
core::u8::checked_sub,macro:num_specs,std_specs/num.rs,453,<u8>::checked_sub,macro_inferred
core::u8::is_multiple_of,macro:num_specs,std_specs/num.rs,453,<u8>::is_multiple_of,macro_inferred
core::u8::leading_ones,assume_specification,std_specs/bits.rs,66,u8::leading_ones,high
core::u8::leading_zeros,assume_specification,std_specs/bits.rs,60,u8::leading_zeros,high
core::u8::saturating_add,macro:num_specs,std_specs/num.rs,453,<u8>::saturating_add,macro_inferred
core::u8::saturating_sub,macro:num_specs,std_specs/num.rs,453,<u8>::saturating_sub,macro_inferred
core::u8::trailing_ones,assume_specification,std_specs/bits.rs,54,u8::trailing_ones,high
core::u8::trailing_zeros,assume_specification,std_specs/bits.rs,48,u8::trailing_zeros,high
core::u8::wrapping_add,macro:num_specs,std_specs/num.rs,453,<u8>::wrapping_add,macro_inferred
core::u8::wrapping_add_signed,macro:num_specs,std_specs/num.rs,453,<u8>::wrapping_add_signed,macro_inferred
core::u8::wrapping_mul,macro:num_specs,std_specs/num.rs,453,<u8>::wrapping_mul,macro_inferred
core::u8::wrapping_shl,macro:num_specs,std_specs/num.rs,453,<u8>::wrapping_shl,macro_inferred
core::u8::wrapping_shr,macro:num_specs,std_specs/num.rs,453,<u8>::wrapping_shr,macro_inferred
core::u8::wrapping_sub,macro:num_specs,std_specs/num.rs,453,<u8>::wrapping_sub,macro_inferred
core::usize::checked_add,macro:num_specs,std_specs/num.rs,466,<usize>::checked_add,macro_inferred
core::usize::checked_add_signed,macro:num_specs,std_specs/num.rs,466,<usize>::checked_add_signed,macro_inferred
core::usize::checked_div,macro:num_specs,std_specs/num.rs,466,<usize>::checked_div,macro_inferred
core::usize::checked_div_euclid,macro:num_specs,std_specs/num.rs,466,<usize>::checked_div_euclid,macro_inferred
core::usize::checked_mul,macro:num_specs,std_specs/num.rs,466,<usize>::checked_mul,macro_inferred
core::usize::checked_rem,macro:num_specs,std_specs/num.rs,466,<usize>::checked_rem,macro_inferred
core::usize::checked_rem_euclid,macro:num_specs,std_specs/num.rs,466,<usize>::checked_rem_euclid,macro_inferred
core::usize::checked_sub,macro:num_specs,std_specs/num.rs,466,<usize>::checked_sub,macro_inferred
core::usize::is_multiple_of,macro:num_specs,std_specs/num.rs,466,<usize>::is_multiple_of,macro_inferred
core::usize::saturating_add,macro:num_specs,std_specs/num.rs,466,<usize>::saturating_add,macro_inferred
core::usize::saturating_sub,macro:num_specs,std_specs/num.rs,466,<usize>::saturating_sub,macro_inferred
core::usize::wrapping_add,macro:num_specs,std_specs/num.rs,466,<usize>::wrapping_add,macro_inferred
core::usize::wrapping_add_signed,macro:num_specs,std_specs/num.rs,466,<usize>::wrapping_add_signed,macro_inferred
core::usize::wrapping_mul,macro:num_specs,std_specs/num.rs,466,<usize>::wrapping_mul,macro_inferred
core::usize::wrapping_shl,macro:num_specs,std_specs/num.rs,466,<usize>::wrapping_shl,macro_inferred
core::usize::wrapping_shr,macro:num_specs,std_specs/num.rs,466,<usize>::wrapping_shr,macro_inferred
core::usize::wrapping_sub,macro:num_specs,std_specs/num.rs,466,<usize>::wrapping_sub,macro_inferred
std::collections::HashMap::clear,assume_specification,std_specs/hash.rs,848,"HashMap::<Key, Value, S, A>::clear",high
std::collections::HashMap::contains_key,assume_specification,std_specs/hash.rs,710,"HashMap::<Key, Value, S, A>::contains_key::<Q>",high
std::collections::HashMap::contains_key,assume_specification,std_specs/hash.rs,716,"HashMap::<Key, Value, S, A>::contains_key::<Q>",high
std::collections::HashMap::entry,assume_specification,std_specs/hash.rs,1355,"HashMap::<
    Key,
    Value,
    S,
    A,
>::entry",high
std::collections::HashMap::get,assume_specification,std_specs/hash.rs,768,"HashMap::<Key, Value, S, A>::get::<Q>",high
std::collections::HashMap::get,assume_specification,std_specs/hash.rs,775,"HashMap::<Key, Value, S, A>::get::<Q>",high
std::collections::HashMap::insert,assume_specification,std_specs/hash.rs,659,"HashMap::<
    Key,
    Value,
    S,
    A,
>::insert",high
std::collections::HashMap::is_empty,assume_specification,std_specs/hash.rs,605,"HashMap::<Key, Value, S, A>::is_empty",high
std::collections::HashMap::iter,assume_specification,std_specs/hash.rs,417,"HashMap::<Key, Value, S, A>::iter",high
std::collections::HashMap::keys,assume_specification,std_specs/hash.rs,877,"HashMap::<Key, Value, S, A>::keys",high
std::collections::HashMap::len,assume_specification,std_specs/hash.rs,598,"HashMap::<Key, Value, S, A>::len",high
std::collections::HashMap::new,assume_specification,std_specs/hash.rs,625,"HashMap::<Key, Value>::new",high
std::collections::HashMap::remove,assume_specification,std_specs/hash.rs,830,"HashMap::<Key, Value, S, A>::remove::<Q>",high
std::collections::HashMap::remove,assume_specification,std_specs/hash.rs,836,"HashMap::<Key, Value, S, A>::remove::<Q>",high
std::collections::HashMap::reserve,assume_specification,std_specs/hash.rs,649,"HashMap::<
    Key,
    Value,
    S,
    A,
>::reserve",high
std::collections::HashMap::values,assume_specification,std_specs/hash.rs,909,"HashMap::<Key, Value, S, A>::values",high
std::collections::HashMap::with_capacity,assume_specification,std_specs/hash.rs,643,"HashMap::<Key, Value>::with_capacity",high
std::collections::HashSet::clear,assume_specification,std_specs/hash.rs,1188,"HashSet::<Key, S, A>::clear",high
std::collections::HashSet::contains,assume_specification,std_specs/hash.rs,1079,"HashSet::<Key, S, A>::contains",high
std::collections::HashSet::contains,assume_specification,std_specs/hash.rs,1084,"HashSet::<Key, S, A>::contains",high
std::collections::HashSet::get,assume_specification,std_specs/hash.rs,1124,"HashSet::<Key, S, A>::get::<Q>",high
std::collections::HashSet::get,assume_specification,std_specs/hash.rs,1130,"HashSet::<Key, S, A>::get::<Q>",high
std::collections::HashSet::insert,assume_specification,std_specs/hash.rs,1037,"HashSet::<
    Key,
    S,
    A,
>::insert",high
std::collections::HashSet::is_empty,assume_specification,std_specs/hash.rs,1000,"HashSet::<Key, S, A>::is_empty",high
std::collections::HashSet::iter,assume_specification,std_specs/hash.rs,1216,"HashSet::<Key, S, A>::iter",high
std::collections::HashSet::len,assume_specification,std_specs/hash.rs,993,"HashSet::<Key, S, A>::len",high
std::collections::HashSet::new,assume_specification,std_specs/hash.rs,1007,HashSet::<Key>::new,high
std::collections::HashSet::remove,assume_specification,std_specs/hash.rs,1175,"HashSet::<Key, S, A>::remove::<Q>",high
std::collections::HashSet::remove,assume_specification,std_specs/hash.rs,1180,"HashSet::<Key, S, A>::remove::<Q>",high
std::collections::HashSet::reserve,assume_specification,std_specs/hash.rs,1028,"HashSet::<
    Key,
    S,
    A,
>::reserve",high
std::collections::HashSet::with_capacity,assume_specification,std_specs/hash.rs,1020,HashSet::<Key>::with_capacity,high
std::collections::hash_map::DefaultHasher::finish,assume_specification,std_specs/hash.rs,84,DefaultHasher::finish,high
std::collections::hash_map::DefaultHasher::new,assume_specification,std_specs/hash.rs,72,DefaultHasher::new,high
std::collections::hash_map::DefaultHasher::write,assume_specification,std_specs/hash.rs,78,DefaultHasher::write,high
std::collections::hash_map::Entry::insert_entry,assume_specification,std_specs/hash.rs,1390,Entry::insert_entry,high
std::collections::hash_map::Entry::key,assume_specification,std_specs/hash.rs,1371,Entry::key,high
std::collections::hash_map::Entry::or_insert,assume_specification,std_specs/hash.rs,1378,Entry::or_insert,high
std::collections::hash_map::OccupiedEntry::get,assume_specification,std_specs/hash.rs,1424,OccupiedEntry::get,high
std::collections::hash_map::OccupiedEntry::get_mut,assume_specification,std_specs/hash.rs,1431,OccupiedEntry::get_mut,high
std::collections::hash_map::OccupiedEntry::insert,assume_specification,std_specs/hash.rs,1449,OccupiedEntry::insert,high
std::collections::hash_map::OccupiedEntry::into_mut,assume_specification,std_specs/hash.rs,1441,OccupiedEntry::into_mut,high
std::collections::hash_map::OccupiedEntry::key,assume_specification,std_specs/hash.rs,1406,OccupiedEntry::key,high
std::collections::hash_map::OccupiedEntry::remove,assume_specification,std_specs/hash.rs,1460,OccupiedEntry::remove,high
std::collections::hash_map::OccupiedEntry::remove_entry,assume_specification,std_specs/hash.rs,1415,OccupiedEntry::remove_entry,high
std::collections::hash_map::VacantEntry::insert,assume_specification,std_specs/hash.rs,1491,VacantEntry::insert,high
std::collections::hash_map::VacantEntry::insert_entry,assume_specification,std_specs/hash.rs,1500,VacantEntry::insert_entry,high
std::collections::hash_map::VacantEntry::into_key,assume_specification,std_specs/hash.rs,1483,VacantEntry::into_key,high
std::collections::hash_map::VacantEntry::key,assume_specification,std_specs/hash.rs,1474,VacantEntry::key,high
