target,input_order,module,active_run_id,active_r0_z3,active_unknown_reason_class,active_unknown_reason,semantic_family,catalog_status,abcd_status,active_contract_text,active_contract_sha256,retained_contract_text,retained_contract_sha256,contract_drift,contract_authority,generated_declaration_path,generated_declaration_start_line,generated_declaration_end_line,generated_declaration_text,generated_declaration_sha256,shared_vocabulary_path,shared_vocabulary_sha256,source_reference,source_path,source_file_sha256,source_item_start_line,source_item_end_line,source_item_sha256,source_item_text,public_docs_reference,public_docs_start_line,public_docs_end_line,public_docs_sha256,public_docs_text,harness_path,harness_sha256,source_body_manifest_path,source_body_manifest_sha256,transformation_manifest_path,transformation_manifest_sha256,dependency_manifest_path,dependency_manifest_sha256,frozen_harness_path,frozen_source_body_manifest_path,frozen_transformation_manifest_path,frozen_dependency_manifest_path,frozen_canonical_source_path,proof_order_index,proof_tier,proof_status,direct_call_names_json,dependency_record_count,dependency_record_ids,private_helper_record_count,private_helper_record_ids,external_body_count,external_body_site_ids,all_trust_site_ids,semantically_adjudicated_trust_site_count,admissible_boundary_site_count,context_only_site_count,inadmissible_boundary_site_count,inadmissible_trust_site_ids,unlinked_external_body_count,boundary_schema_id,boundary_allowed_observations_json,proof_boundary_assumption,boundary_model_requirement,boundary_admissibility,boundary_admissibility_rationale,boundary_narrower_than_target,boundary_narrowness_rationale,equivalence_kind,equivalence_policy,equivalence_source_citation,equivalence_positive_witness,equivalence_negative_witness,exact_output_determinism_status,completeness_modulo_reviewed_equivalence_status
core::slice::align_to,8,slice,all-20260815T0127Z-ascii-whitespace-vtab-repair,unknown,raw-pointer-provenance-boundary,"pointer address, provenance, alignment, or layout state is source-observable but not uniquely recoverable from the pure slice Seq view",raw-pointer-and-provenance,generated-new-real-relation-spec,B,"pub assume_specification<T, U>[ <[T]>::align_to::<U> ]( slice: &[T], ) -> (ret: (&[T], &[U], &[T])) requires slice_align_to_domain::<T, U>(slice@), ensures slice_align_to_result::<T, U>(slice@, ret.0@, ret.1@, ret.2@), ;",ecdec7dc102f8a00f610ae369191cf306fabe2a435b651d7cc69d2775d75e321,"pub assume_specification<T, U>[ <[T]>::align_to::<U> ]( slice: &[T], ) -> (ret: (&[T], &[U], &[T])) requires slice_align_to_domain::<T, U>(slice@), ensures slice_align_to_result::<T, U>(slice@, ret.0@, ret.1@, ret.2@), ;",ecdec7dc102f8a00f610ae369191cf306fabe2a435b651d7cc69d2775d75e321,no,active-catalog-and-generated-declaration,/home/chentianyu/nanvix-rust-std-spec-survey/nanvix-rust-std-slice-specgen-2026-08-11/specs/generated_slice_specs.rs,904,911,"pub assume_specification<T, U>[ <[T]>::align_to::<U> ](
    slice: &[T],
) -> (ret: (&[T], &[U], &[T]))
    requires
        slice_align_to_domain::<T, U>(slice@),
    ensures
        slice_align_to_result::<T, U>(slice@, ret.0@, ret.1@, ret.2@),
;
",a18a1f81c64ecab30a7f332372dc68f21f4c6350636ba8f7845c7bbcefa12069,/home/chentianyu/nanvix-rust-std-spec-survey/nanvix-rust-std-slice-specgen-2026-08-11/specs/slice_shared_vocabulary.rs,f47deb4c5da97621b87c7bbfb1909c5eda7303e8be0422fbe43fd6588fdf1c33,core/src/slice/mod.rs:4506,/home/chentianyu/nanvix-rust-std-spec-survey/rust-1.96/library/core/src/slice/mod.rs,58901fa6437dbd4d77c68427bbced0fc3a91a10fdb8bd2e233adf6a9ba27d2d5,4499,4532,38394f129cf389381904f8fea0ae93d1d1059f79b4a8505a540992907e485706,"    pub unsafe fn align_to<U>(&self) -> (&[T], &[U], &[T]) {
        // Note that most of this function will be constant-evaluated,
        if U::IS_ZST || T::IS_ZST {
            // handle ZSTs specially, which is – don't handle them at all.
            return (self, &[], &[]);
        }

        // First, find at what point do we split between the first and 2nd slice. Easy with
        // ptr.align_offset.
        let ptr = self.as_ptr();
        // SAFETY: See the `align_to_mut` method for the detailed safety comment.
        let offset = unsafe { crate::ptr::align_offset(ptr, align_of::<U>()) };
        if offset > self.len() {
            (self, &[], &[])
        } else {
            let (left, rest) = self.split_at(offset);
            let (us_len, ts_len) = rest.align_to_offsets::<U>();
            // Inform Miri that we want to consider the ""middle"" pointer to be suitably aligned.
            #[cfg(miri)]
            crate::intrinsics::miri_promise_symbolic_alignment(
                rest.as_ptr().cast(),
                align_of::<U>(),
            );
            // SAFETY: now `rest` is definitely aligned, so `from_raw_parts` below is okay,
            // since the caller guarantees that we can transmute `T` to `U` safely.
            unsafe {
                (
                    left,
                    from_raw_parts(rest.as_ptr() as *const U, us_len),
                    from_raw_parts(rest.as_ptr().add(rest.len() - ts_len), ts_len),
                )
            }
        }
    }
",core/src/slice/mod.rs:4469-4496,4469,4496,5449c5d4d86040933c1064183eba9a9cc3dfceb49334739afaca790e0eb79a0d,"Transmutes the slice to a slice of another type, ensuring alignment of the types is
maintained.

This method splits the slice into three distinct slices: prefix, correctly aligned middle
slice of a new type, and the suffix slice. The middle part will be as big as possible under
the given alignment constraint and element size.

This method has no purpose when either input element `T` or output element `U` are
zero-sized and will return the original slice without splitting anything.

# Safety

This method is essentially a `transmute` with respect to the elements in the returned
middle slice, so all the usual caveats pertaining to `transmute::<T, U>` also apply here.

# Examples

Basic usage:

```
unsafe {
let bytes: [u8; 7] = [1, 2, 3, 4, 5, 6, 7];
let (prefix, shorts, suffix) = bytes.align_to::<u16>();
// less_efficient_algorithm_for_bytes(prefix);
// more_efficient_algorithm_for_aligned_shorts(shorts);
// less_efficient_algorithm_for_bytes(suffix);
}
```
",/home/chentianyu/nanvix-rust-std-spec-survey/nanvix-rust-std-slice-vec-implproof-2026-08-12/proof_harnesses/008_core_slice_align_to/harness.rs,059ff7a8fd6b7ee2c1167e9ce34dd245447273c8d6a1afe87d1ded981df64162,/home/chentianyu/nanvix-rust-std-spec-survey/nanvix-rust-std-slice-vec-implproof-2026-08-12/proof_manifests/008_core_slice_align_to/source_body.json,dbbdd57c88e28e940b2622120777f2f294c7cad57320b1b3937186aac5411676,/home/chentianyu/nanvix-rust-std-spec-survey/nanvix-rust-std-slice-vec-implproof-2026-08-12/proof_manifests/008_core_slice_align_to/transformation_manifest.json,e0a6210b244b72ef4199cb02dfe4b0924630727e661d376149e84e50dd89c51e,/home/chentianyu/nanvix-rust-std-spec-survey/nanvix-rust-std-slice-vec-implproof-2026-08-12/proof_manifests/008_core_slice_align_to/dependency_assumption_manifest.json,bbbb4df5e8d2e9dc13f9cc75066b46581b615584afa4bfc965120788b67cda2e,provenance/frozen/implproof/008_core_slice_align_to/harness.rs,provenance/frozen/implproof/008_core_slice_align_to/source_body.json,provenance/frozen/implproof/008_core_slice_align_to/transformation_manifest.json,provenance/frozen/implproof/008_core_slice_align_to/dependency_assumption_manifest.json,provenance/frozen/rust-1.96/library/core/src/slice/mod.rs,94,2,actual_verus_verified_modulo_source_backed_align_offset_offsets_arithmetic_raw_parts_provenance_and_split_boundary:proof_harnesses/008_core_slice_align_to/evidence/verus_stdout.txt,"[""rust_1_96_type_is_zst"",""rust_1_96_slice_as_ptr"",""rust_1_96_ptr_align_offset"",""split_at"",""rust_1_96_align_to_offsets"",""rust_1_96_align_to_from_raw_parts"",""rust_1_96_align_to_zst_or_overflow_result"",""rust_1_96_align_to_split_raw_parts_result""]",4,TS-008-D001;TS-008-D002;TS-008-D003;TS-008-D004,1,TS-008-C001,6,TS-008-E001;TS-008-E002;TS-008-E003;TS-008-E004;TS-008-E005;TS-008-E006,TS-008-D001;TS-008-D002;TS-008-D003;TS-008-D004;TS-008-C001;TS-008-E001;TS-008-E002;TS-008-E003;TS-008-E004;TS-008-E005;TS-008-E006,11,6,2,3,TS-008-D004;TS-008-E005;TS-008-E006,0,raw_input_memory_provenance_v1,"[""input allocation identity, base address, provenance, and alive range"",""input length and pointer metadata"",""source and destination element layouts, alignment, and ZST flags"",""individual source-backed pointer arithmetic or alignment-helper observations""]","Boundary_T fixes the hidden raw representation of the input and only source-used pointer/layout helper observations. It does not contain the returned pointer, returned ranges, aggregate post-state, or an encoding of the selected output. TS-008-D001 shared_model_helper `slice_align_to_domain;slice_align_to_result;slice_aligned_middle`: The executable target carries the generated align_to contract vocabulary. The harness does not use assume_specification and does not mark the public target as external_body. [status=existing_generated_contract_vocabulary_boundary; source=manifest-local; semantic-disposition=context-only-specification-vocabulary] TS-008-D002 source_backed_raw_pointer_provenance_boundary `rust_1_96_ptr_align_offset`: The local rust_1_96_slice_as_ptr helper now executes the reviewed null-provenance len-address Slice start-pointer model. This retained boundary covers only crate::ptr::align_offset(ptr, align_of::<U>()), including alignment-offset semantics cited from the frozen target body. [status=minimal_trusted_boundary_until_pointer_alignment_intrinsics_are_recursively_modeled; source=core/src/slice/mod.rs:4508-4513,4569-4584; semantic-disposition=admissible-source-backed-support] TS-008-D003 source_backed_offsets_arithmetic_fit_boundary `rust_1_96_align_to_offsets_mul_fits;rust_1_96_align_to_offsets_view_bridge`: The Rust 1.96 private align_to_offsets helper now executes its gcd, ts/us, rest_len / ts * us, and rest_len % ts arithmetic in the harness. The retained offsets-specific boundary is narrowed to the source-backed slice-layout multiplication-fit fact needed to rule out usize overflow, plus the bridge from the computed lengths to the abstract align_to_offsets_view consumed by the raw-parts result boundary. [status=narrow_retained_boundary_after_executable_offsets_arithmetic; source=core/src/slice/mod.rs:4433-4464,4515; semantic-disposition=admissible-source-backed-support] TS-008-D004 source_backed_raw_parts_split_boundary `rust_1_96_align_to_from_raw_parts;rust_1_96_align_to_split_raw_parts_result`: The public target performs `slice.split_at(offset)` directly; this boundary covers the final unsafe `from_raw_parts(rest.as_ptr() as *const U, us_len)` and `from_raw_parts(rest.as_ptr().add(rest.len() - ts_len), ts_len)` construction plus the proof bridge to the generated `slice_aligned_middle` relation. It does not mark `split_at`, `from_raw_parts`, raw pointer casts/addition, or provenance complete for other targets. [status=minimal_trusted_boundary_until_raw_parts_provenance_and_split_contracts_are_recursively_proved; source=core/src/slice/mod.rs:4514-4531; semantic-disposition=mixed-support-includes-answer-bearing-site] TS-008-C001 source-indexed callee `align_to_offsets`: core/src/slice/mod.rs:4433-4458 [status=source-indexed; semantic-disposition=context-only-source-closure]. TS-008-E001 external_body `rust_1_96_align_to_offsets_mul_fits` at /home/chentianyu/nanvix-rust-std-spec-survey/nanvix-rust-std-slice-vec-implproof-2026-08-12/proof_harnesses/008_core_slice_align_to/harness.rs:60 is an explicit trusted function body; backing dependency records=TS-008-D003; semantic-disposition=admissible-source-backed-lower-boundary. TS-008-E002 external_body `rust_1_96_align_to_offsets_view_bridge` at /home/chentianyu/nanvix-rust-std-spec-survey/nanvix-rust-std-slice-vec-implproof-2026-08-12/proof_harnesses/008_core_slice_align_to/harness.rs:86 is an explicit trusted function body; backing dependency records=TS-008-D003; semantic-disposition=admissible-source-backed-lower-boundary. TS-008-E003 external_body `rust_1_96_ptr_align_offset` at /home/chentianyu/nanvix-rust-std-spec-survey/nanvix-rust-std-slice-vec-implproof-2026-08-12/proof_harnesses/008_core_slice_align_to/harness.rs:119 is an explicit trusted function body; backing dependency records=TS-008-D002; semantic-disposition=admissible-source-backed-lower-boundary. TS-008-E004 external_body `rust_1_96_align_to_from_raw_parts` at /home/chentianyu/nanvix-rust-std-spec-survey/nanvix-rust-std-slice-vec-implproof-2026-08-12/proof_harnesses/008_core_slice_align_to/harness.rs:169 is an explicit trusted function body; backing dependency records=TS-008-D004; semantic-disposition=admissible-source-backed-lower-boundary. TS-008-E005 external_body `rust_1_96_align_to_zst_or_overflow_result` at /home/chentianyu/nanvix-rust-std-spec-survey/nanvix-rust-std-slice-vec-implproof-2026-08-12/proof_harnesses/008_core_slice_align_to/harness.rs:183 is an explicit trusted function body; backing dependency records=TS-008-D001; semantic-disposition=inadmissible-complete-branch-postcondition. TS-008-E006 external_body `rust_1_96_align_to_split_raw_parts_result` at /home/chentianyu/nanvix-rust-std-spec-survey/nanvix-rust-std-slice-vec-implproof-2026-08-12/proof_harnesses/008_core_slice_align_to/harness.rs:194 is an explicit trusted function body; backing dependency records=TS-008-D004; semantic-disposition=inadmissible-complete-branch-postcondition.",The target definition must compute pointer/range observations from the fixed input memory model and reviewed Rust transition semantics.,inadmissible,"Boundary_T must exclude or replace TS-008-D004, TS-008-E005, TS-008-E006 with recursively modeled lower transitions before a conditional-completeness obligation is admissible.",no,"Retained trust site(s) TS-008-D004, TS-008-E005, TS-008-E006 supply a complete target/branch postcondition or an answer-equivalent result, so the current proof boundary is not narrower than the target.",exact-principal-return-and-final-state,"Principal return values, returned reference identities, and final-state observations are compared by exact equality.",,,,conditional-complete,conditional-complete
core::slice::align_to_mut,9,slice,all-20260815T0127Z-ascii-whitespace-vtab-repair,unknown,raw-pointer-provenance-boundary,"pointer address, provenance, alignment, or layout state is source-observable but not uniquely recoverable from the pure slice Seq view",raw-pointer-and-provenance,generated-new-real-relation-spec,B,"pub assume_specification<T, U>[ <[T]>::align_to_mut::<U> ]( slice: &mut [T], ) -> (ret: (&mut [T], &mut [U], &mut [T])) requires slice_align_to_domain::<T, U>(old(slice)@), ensures slice_align_to_mut_result::<T, U>( old(slice)@, ret.0@, ret.1@, ret.2@, final(ret.0)@, final(ret.1)@, final(ret.2)@, final(slice)@, ), ;",d3f3080fe88dd4be74e095f3d06df2b686c52dd000e8bba962feaa71695cd330,"pub assume_specification<T, U>[ <[T]>::align_to_mut::<U> ]( slice: &mut [T], ) -> (ret: (&mut [T], &mut [U], &mut [T])) requires slice_align_to_domain::<T, U>(old(slice)@), ensures slice_align_to_mut_result::<T, U>( old(slice)@, ret.0@, ret.1@, ret.2@, final(ret.0)@, final(ret.1)@, final(ret.2)@, final(slice)@, ), ;",d3f3080fe88dd4be74e095f3d06df2b686c52dd000e8bba962feaa71695cd330,no,active-catalog-and-generated-declaration,/home/chentianyu/nanvix-rust-std-spec-survey/nanvix-rust-std-slice-specgen-2026-08-11/specs/generated_slice_specs.rs,913,929,"pub assume_specification<T, U>[ <[T]>::align_to_mut::<U> ](
    slice: &mut [T],
) -> (ret: (&mut [T], &mut [U], &mut [T]))
    requires
        slice_align_to_domain::<T, U>(old(slice)@),
    ensures
        slice_align_to_mut_result::<T, U>(
            old(slice)@,
            ret.0@,
            ret.1@,
            ret.2@,
            final(ret.0)@,
            final(ret.1)@,
            final(ret.2)@,
            final(slice)@,
        ),
;
",544155c98fb4c6154eb41466dbd23924202ab1d72c14261a778a88a5ed47d771,/home/chentianyu/nanvix-rust-std-spec-survey/nanvix-rust-std-slice-specgen-2026-08-11/specs/slice_shared_vocabulary.rs,f47deb4c5da97621b87c7bbfb1909c5eda7303e8be0422fbe43fd6588fdf1c33,core/src/slice/mod.rs:4571,/home/chentianyu/nanvix-rust-std-spec-survey/rust-1.96/library/core/src/slice/mod.rs,58901fa6437dbd4d77c68427bbced0fc3a91a10fdb8bd2e233adf6a9ba27d2d5,4564,4605,79bc07c28c34e853de5c1bbc49ebb8f27b4e8837109fc51c6a15eef97565ec27,"    pub unsafe fn align_to_mut<U>(&mut self) -> (&mut [T], &mut [U], &mut [T]) {
        // Note that most of this function will be constant-evaluated,
        if U::IS_ZST || T::IS_ZST {
            // handle ZSTs specially, which is – don't handle them at all.
            return (self, &mut [], &mut []);
        }

        // First, find at what point do we split between the first and 2nd slice. Easy with
        // ptr.align_offset.
        let ptr = self.as_ptr();
        // SAFETY: Here we are ensuring we will use aligned pointers for U for the
        // rest of the method. This is done by passing a pointer to &[T] with an
        // alignment targeted for U.
        // `crate::ptr::align_offset` is called with a correctly aligned and
        // valid pointer `ptr` (it comes from a reference to `self`) and with
        // a size that is a power of two (since it comes from the alignment for U),
        // satisfying its safety constraints.
        let offset = unsafe { crate::ptr::align_offset(ptr, align_of::<U>()) };
        if offset > self.len() {
            (self, &mut [], &mut [])
        } else {
            let (left, rest) = self.split_at_mut(offset);
            let (us_len, ts_len) = rest.align_to_offsets::<U>();
            let rest_len = rest.len();
            let mut_ptr = rest.as_mut_ptr();
            // Inform Miri that we want to consider the ""middle"" pointer to be suitably aligned.
            #[cfg(miri)]
            crate::intrinsics::miri_promise_symbolic_alignment(
                mut_ptr.cast() as *const (),
                align_of::<U>(),
            );
            // We can't use `rest` again after this, that would invalidate its alias `mut_ptr`!
            // SAFETY: see comments for `align_to`.
            unsafe {
                (
                    left,
                    from_raw_parts_mut(mut_ptr as *mut U, us_len),
                    from_raw_parts_mut(mut_ptr.add(rest_len - ts_len), ts_len),
                )
            }
        }
    }
",core/src/slice/mod.rs:4534-4561,4534,4561,c17a8e1c3a33f3c6c8105c9df7e7a2e3221b44c818b14ee2debe35958974b234,"Transmutes the mutable slice to a mutable slice of another type, ensuring alignment of the
types is maintained.

This method splits the slice into three distinct slices: prefix, correctly aligned middle
slice of a new type, and the suffix slice. The middle part will be as big as possible under
the given alignment constraint and element size.

This method has no purpose when either input element `T` or output element `U` are
zero-sized and will return the original slice without splitting anything.

# Safety

This method is essentially a `transmute` with respect to the elements in the returned
middle slice, so all the usual caveats pertaining to `transmute::<T, U>` also apply here.

# Examples

Basic usage:

```
unsafe {
let mut bytes: [u8; 7] = [1, 2, 3, 4, 5, 6, 7];
let (prefix, shorts, suffix) = bytes.align_to_mut::<u16>();
// less_efficient_algorithm_for_bytes(prefix);
// more_efficient_algorithm_for_aligned_shorts(shorts);
// less_efficient_algorithm_for_bytes(suffix);
}
```
",/home/chentianyu/nanvix-rust-std-spec-survey/nanvix-rust-std-slice-vec-implproof-2026-08-12/proof_harnesses/009_core_slice_align_to_mut/harness.rs,27f0152fe8fbc5f0ddee8324f6ce96dd547673f2b229e095a57d191fa2dedb43,/home/chentianyu/nanvix-rust-std-spec-survey/nanvix-rust-std-slice-vec-implproof-2026-08-12/proof_manifests/009_core_slice_align_to_mut/source_body.json,f7d8bcba4dccc6a5eca616f0a0a15f6d476e6460150e503e2df180c3087fba2d,/home/chentianyu/nanvix-rust-std-spec-survey/nanvix-rust-std-slice-vec-implproof-2026-08-12/proof_manifests/009_core_slice_align_to_mut/transformation_manifest.json,cec4cf204fa42d4fc154edf21b41b97d709e9e55bd7a047c917e4fd80a75d229,/home/chentianyu/nanvix-rust-std-spec-survey/nanvix-rust-std-slice-vec-implproof-2026-08-12/proof_manifests/009_core_slice_align_to_mut/dependency_assumption_manifest.json,8bd80759ceec3be97eefa5f2f15742016fc83faac0d893621bfad79fb1e775ed,provenance/frozen/implproof/009_core_slice_align_to_mut/harness.rs,provenance/frozen/implproof/009_core_slice_align_to_mut/source_body.json,provenance/frozen/implproof/009_core_slice_align_to_mut/transformation_manifest.json,provenance/frozen/implproof/009_core_slice_align_to_mut/dependency_assumption_manifest.json,provenance/frozen/rust-1.96/library/core/src/slice/mod.rs,95,2,actual_verus_verified_modulo_source_backed_align_offset_offsets_arithmetic_mut_raw_parts_provenance_split_at_mut_and_final_frame_boundary:proof_harnesses/009_core_slice_align_to_mut/evidence/verus_stdout.txt,"[""rust_1_96_type_is_zst"",""rust_1_96_slice_as_ptr"",""rust_1_96_ptr_align_offset"",""rust_1_96_align_to_mut_zst_or_overflow"",""rust_1_96_align_to_offsets_from_len"",""rust_1_96_align_to_mut_split_offsets_raw_parts""]",4,TS-009-D001;TS-009-D002;TS-009-D003;TS-009-D004,1,TS-009-C001,4,TS-009-E001;TS-009-E002;TS-009-E003;TS-009-E004,TS-009-D001;TS-009-D002;TS-009-D003;TS-009-D004;TS-009-C001;TS-009-E001;TS-009-E002;TS-009-E003;TS-009-E004,9,4,2,3,TS-009-D004;TS-009-E003;TS-009-E004,0,raw_input_memory_provenance_v1,"[""input allocation identity, base address, provenance, and alive range"",""input length and pointer metadata"",""source and destination element layouts, alignment, and ZST flags"",""individual source-backed pointer arithmetic or alignment-helper observations""]","Boundary_T fixes the hidden raw representation of the input and only source-used pointer/layout helper observations. It does not contain the returned pointer, returned ranges, aggregate post-state, or an encoding of the selected output. TS-009-D001 shared_model_helper `slice_align_to_domain;slice_align_to_mut_result;slice_align_to_result;slice_aligned_middle`: The executable target carries the generated mutable align_to contract vocabulary. The harness does not use assume_specification and does not mark the public target as external_body. [status=existing_generated_contract_vocabulary_boundary; source=manifest-local; semantic-disposition=context-only-specification-vocabulary] TS-009-D002 source_backed_raw_pointer_provenance_boundary `rust_1_96_ptr_align_offset`: The local rust_1_96_slice_as_ptr helper now executes the reviewed null-provenance len-address Slice start-pointer model. This retained boundary covers only crate::ptr::align_offset(ptr, align_of::<U>()), including alignment-offset semantics cited from the frozen target body. [status=minimal_trusted_boundary_until_pointer_alignment_intrinsics_are_recursively_modeled; source=core/src/slice/mod.rs:4573-4584; semantic-disposition=admissible-source-backed-support] TS-009-D003 source_backed_offsets_arithmetic_fit_boundary `rust_1_96_align_to_offsets_mul_fits`: The mutable target now computes the Rust 1.96 private align_to_offsets gcd, ts/us, rest_len / ts * us, and rest_len % ts arithmetic before entering the retained mutable raw-parts/final-frame boundary. The retained offsets-specific boundary is narrowed to the source-backed slice-layout multiplication-fit fact needed to rule out usize overflow; ts_len <= rest_len is proved from div/mod arithmetic. [status=narrow_retained_boundary_after_executable_offsets_arithmetic; source=core/src/slice/mod.rs:4433-4464,4589-4590; semantic-disposition=admissible-source-backed-support] TS-009-D004 source_backed_mut_raw_parts_final_frame_boundary `rust_1_96_align_to_mut_zst_or_overflow;rust_1_96_align_to_mut_from_split_raw_parts`: The ZST/overflow helper remains the reviewed early-return boundary. In the aligned branch, rust_1_96_align_to_mut_split_offsets_raw_parts is now executable source-shaped code: it performs split_at_mut(offset), observes rest.len(), and uses the executable mutable Slice start-pointer model before delegating only the from_raw_parts_mut middle/suffix construction, raw-pointer provenance/aliasing, and generated-contract final-frame bridge to rust_1_96_align_to_mut_from_split_raw_parts. This does not mark from_raw_parts_mut, pointer casts/addition, provenance, or aliasing complete for other targets. [status=narrow_retained_boundary_after_executable_aligned_branch_split_setup; source=core/src/slice/mod.rs:4585-4604; semantic-disposition=inadmissible-answer-bearing-support] TS-009-C001 source-indexed callee `align_to_offsets`: core/src/slice/mod.rs:4433-4458 [status=source-indexed; semantic-disposition=context-only-source-closure]. TS-009-E001 external_body `rust_1_96_align_to_offsets_mul_fits` at /home/chentianyu/nanvix-rust-std-spec-survey/nanvix-rust-std-slice-vec-implproof-2026-08-12/proof_harnesses/009_core_slice_align_to_mut/harness.rs:78 is an explicit trusted function body; backing dependency records=TS-009-D003; semantic-disposition=admissible-source-backed-lower-boundary. TS-009-E002 external_body `rust_1_96_ptr_align_offset` at /home/chentianyu/nanvix-rust-std-spec-survey/nanvix-rust-std-slice-vec-implproof-2026-08-12/proof_harnesses/009_core_slice_align_to_mut/harness.rs:141 is an explicit trusted function body; backing dependency records=TS-009-D002; semantic-disposition=admissible-source-backed-lower-boundary. TS-009-E003 external_body `rust_1_96_align_to_mut_zst_or_overflow` at /home/chentianyu/nanvix-rust-std-spec-survey/nanvix-rust-std-slice-vec-implproof-2026-08-12/proof_harnesses/009_core_slice_align_to_mut/harness.rs:179 is an explicit trusted function body; backing dependency records=TS-009-D004; semantic-disposition=inadmissible-complete-branch-postcondition. TS-009-E004 external_body `rust_1_96_align_to_mut_from_split_raw_parts` at /home/chentianyu/nanvix-rust-std-spec-survey/nanvix-rust-std-slice-vec-implproof-2026-08-12/proof_harnesses/009_core_slice_align_to_mut/harness.rs:199 is an explicit trusted function body; backing dependency records=TS-009-D004; semantic-disposition=inadmissible-complete-branch-postcondition.",The target definition must compute pointer/range observations from the fixed input memory model and reviewed Rust transition semantics.,inadmissible,"Boundary_T must exclude or replace TS-009-D004, TS-009-E003, TS-009-E004 with recursively modeled lower transitions before a conditional-completeness obligation is admissible.",no,"Retained trust site(s) TS-009-D004, TS-009-E003, TS-009-E004 supply a complete target/branch postcondition or an answer-equivalent result, so the current proof boundary is not narrower than the target.",exact-principal-return-and-final-state,"Principal return values, returned reference identities, and final-state observations are compared by exact equality.",,,,conditional-complete,conditional-incomplete
core::slice::as_chunks,12,slice,all-20260815T0127Z-ascii-whitespace-vtab-repair,unknown,iterator-or-subslice-state-boundary,"contract fixes source/remaining/subrange state, but the Rust iterator, chunk, split, or borrowed subslice value retains opaque runtime/lifetime state",iterator-splitting-and-chunking,generated-new-real-relation-spec,B,"pub assume_specification<T, const N: usize>[ <[T]>::as_chunks::<N> ]( slice: &[T], ) -> (ret: (&[[T; N]], &[T])) requires N != 0, ensures slice_array_chunks_partition::<T, N>(slice@, ret.0@, ret.1@), ret.0@.len() == slice@.len() / (N as nat), ret.1@.len() == slice@.len() % (N as nat), forall|chunk: int| 0 <= chunk < ret.0@.len() ==> array_value_view::<T, N>(ret.0@[chunk]) == slice@.subrange(chunk * (N as int), (chunk + 1) * (N as int)), ret.1@ == slice@.subrange((ret.0@.len() * (N as nat)) as int, slice@.len() as int), ;",9d7c778009f44f0fd043dfc0e22215c99b3c90dde9ed5434c911087402bbe05f,"pub assume_specification<T, const N: usize>[ <[T]>::as_chunks::<N> ]( slice: &[T], ) -> (ret: (&[[T; N]], &[T])) requires N != 0, ensures slice_array_chunks_partition::<T, N>(slice@, ret.0@, ret.1@), ;",3b57534adcd1c2d3cf18052a45f2e11ea9dfc2889dcef6ab4586a35bc8501ef9,yes,active-catalog-and-generated-declaration,/home/chentianyu/nanvix-rust-std-spec-survey/nanvix-rust-std-slice-specgen-2026-08-11/specs/generated_slice_specs.rs,286,299,"pub assume_specification<T, const N: usize>[ <[T]>::as_chunks::<N> ](
    slice: &[T],
) -> (ret: (&[[T; N]], &[T]))
    requires
        N != 0,
    ensures
        slice_array_chunks_partition::<T, N>(slice@, ret.0@, ret.1@),
        ret.0@.len() == slice@.len() / (N as nat),
        ret.1@.len() == slice@.len() % (N as nat),
        forall|chunk: int| 0 <= chunk < ret.0@.len() ==> array_value_view::<T, N>(
            ret.0@[chunk],
        ) == slice@.subrange(chunk * (N as int), (chunk + 1) * (N as int)),
        ret.1@ == slice@.subrange((ret.0@.len() * (N as nat)) as int, slice@.len() as int),
;
",970e8aac914ef4dacb67e98dbc2fd23eba408632cd30b09935f3012b2ab77cd0,/home/chentianyu/nanvix-rust-std-spec-survey/nanvix-rust-std-slice-specgen-2026-08-11/specs/slice_shared_vocabulary.rs,f47deb4c5da97621b87c7bbfb1909c5eda7303e8be0422fbe43fd6588fdf1c33,core/src/slice/mod.rs:1399,/home/chentianyu/nanvix-rust-std-spec-survey/rust-1.96/library/core/src/slice/mod.rs,58901fa6437dbd4d77c68427bbced0fc3a91a10fdb8bd2e233adf6a9ba27d2d5,1396,1406,9c4af13742dd8487899f401b86e30b861c36502191a1600057eb26d1ef9e7234,"    pub const fn as_chunks<const N: usize>(&self) -> (&[[T; N]], &[T]) {
        assert!(N != 0, ""chunk size must be non-zero"");
        let len_rounded_down = self.len() / N * N;
        // SAFETY: The rounded-down value is always the same or smaller than the
        // original length, and thus must be in-bounds of the slice.
        let (multiple_of_n, remainder) = unsafe { self.split_at_unchecked(len_rounded_down) };
        // SAFETY: We already panicked for zero, and ensured by construction
        // that the length of the subslice is a multiple of N.
        let array_slice = unsafe { multiple_of_n.as_chunks_unchecked() };
        (array_slice, remainder)
    }
",core/src/slice/mod.rs:1351-1390,1351,1390,776e8a6f9b74110562e83969ccba3a7a03ce3eb28bbcf8359a9aa56eeb78a497,"Splits the slice into a slice of `N`-element arrays,
starting at the beginning of the slice,
and a remainder slice with length strictly less than `N`.

The remainder is meaningful in the division sense.  Given
`let (chunks, remainder) = slice.as_chunks()`, then:
- `chunks.len()` equals `slice.len() / N`,
- `remainder.len()` equals `slice.len() % N`, and
- `slice.len()` equals `chunks.len() * N + remainder.len()`.

You can flatten the chunks back into a slice-of-`T` with [`as_flattened`].

[`as_flattened`]: slice::as_flattened

# Panics

Panics if `N` is zero.

Note that this check is against a const generic parameter, not a runtime
value, and thus a particular monomorphization will either always panic
or it will never panic.

# Examples

```
let slice = ['l', 'o', 'r', 'e', 'm'];
let (chunks, remainder) = slice.as_chunks();
assert_eq!(chunks, &[['l', 'o'], ['r', 'e']]);
assert_eq!(remainder, &['m']);
```

If you expect the slice to be an exact multiple, you can combine
`let`-`else` with an empty slice pattern:
```
let slice = ['R', 'u', 's', 't'];
let (chunks, []) = slice.as_chunks::<2>() else {
panic!(""slice didn't have even length"")
};
assert_eq!(chunks, &[['R', 'u'], ['s', 't']]);
```
",/home/chentianyu/nanvix-rust-std-spec-survey/nanvix-rust-std-slice-vec-implproof-2026-08-12/proof_harnesses/012_core_slice_as_chunks/harness.rs,5c6b45939a1cdfaa04d040f99c4cb6b4a82a953403212d63ac13c1868dbcbc8d,/home/chentianyu/nanvix-rust-std-spec-survey/nanvix-rust-std-slice-vec-implproof-2026-08-12/proof_manifests/012_core_slice_as_chunks/source_body.json,0811a0686a746b800a084ad17b1dfb794a7214fe6f0b82e03faf374dcc07cd30,/home/chentianyu/nanvix-rust-std-spec-survey/nanvix-rust-std-slice-vec-implproof-2026-08-12/proof_manifests/012_core_slice_as_chunks/transformation_manifest.json,e0623015a824d3a8c96ace12b93ac6b598045c89186e3e44dff78fe958ffe80f,/home/chentianyu/nanvix-rust-std-spec-survey/nanvix-rust-std-slice-vec-implproof-2026-08-12/proof_manifests/012_core_slice_as_chunks/dependency_assumption_manifest.json,2c973947a3b7429cb910232fce1bbee736b9b145a7d9d2cf625bc69df88b09f3,provenance/frozen/implproof/012_core_slice_as_chunks/harness.rs,provenance/frozen/implproof/012_core_slice_as_chunks/source_body.json,provenance/frozen/implproof/012_core_slice_as_chunks/transformation_manifest.json,provenance/frozen/implproof/012_core_slice_as_chunks/dependency_assumption_manifest.json,provenance/frozen/rust-1.96/library/core/src/slice/mod.rs,123,2,actual_verus_verified_modulo_source_shaped_split_at_unchecked_raw_parts_boundary_and_as_chunks_unchecked_array_chunk_boundary:proof_inventory/raw_slice_start_pointer_tail_consumers_20260818T0802Z/evidence/012_core_slice_as_chunks_actual.stdout,"[""as_chunks_unchecked"",""assert!"",""len"",""split_at_unchecked""]",4,TS-012-D001;TS-012-D002;TS-012-D003;TS-012-D004,3,TS-012-C001;TS-012-C002;TS-012-C003,3,TS-012-E001;TS-012-E002;TS-012-E003,TS-012-D001;TS-012-D002;TS-012-D003;TS-012-D004;TS-012-C001;TS-012-C002;TS-012-C003;TS-012-E001;TS-012-E002;TS-012-E003,10,6,4,0,,0,iterator_private_state_v1,"[""input borrow and allocation identity"",""iterator front/back cursor and remaining source range"",""private chunk or split state read by the implementation proof"",""individual source-backed raw-slice constructor observations""]","Boundary_T fixes the input borrow/allocation identity and only the iterator, range, or raw-slice-constructor observations consumed by the proof. Target-returned references, aggregate post-state, and a complete execution trace remain outside b. TS-012-D001 shared_model_helper `array_value_view;flatten_array_chunks;slice_array_chunks_partition`: The generated immutable chunks-and-remainder vocabulary is instantiated locally as open spec definitions so Verus checks the partition without assuming the target postcondition. [status=audited_generated_contract_vocabulary_instantiated_in_harness; source=frozen_inputs/slice/specs/slice_shared_vocabulary.rs:937-952; semantic-disposition=context-only-specification-vocabulary] TS-012-D002 reviewed_generated_dependency_boundary `core::slice::split_at_unchecked`: The harness now replaces the prior target-local external split_at_unchecked wrapper with the source-shaped len/as_ptr/unsafe-precondition flow from the reviewed split_at_unchecked proof, while retaining named start-pointer and raw-parts construction boundaries. [status=source_shaped_unchecked_split_helper_verified_in_harness_modulo_raw_parts_boundary; source=core/src/slice/mod.rs:1401-1403; proof_harnesses/087_core_slice_split_at_unchecked/harness.rs; semantic-disposition=admissible-source-backed-support] TS-012-D003 reviewed_generated_dependency_boundary `core::slice::as_chunks_unchecked`: The Rust 1.96 body converts the multiple-of-N prefix with unsafe as_chunks_unchecked. The harness reuses the verified immutable array-chunk view after proving the prefix length is divisible by N. [status=reviewed_dependency_reused_for_immutable_array_chunk_view_fact; source=core/src/slice/mod.rs:1404-1405; proof_harnesses/014_core_slice_as_chunks_unchecked/harness.rs; semantic-disposition=admissible-source-backed-support] TS-012-D004 panic_or_bounds `assert!(N != 0)`: The generated precondition N != 0 makes the Rust assertion pass; the Verus harness keeps the assertion and uses div/mod lemmas to prove the source rounded-down length and remainder bounds. [status=discharged_by_target_precondition_and_arithmetic_proof; source=core/src/slice/mod.rs:1397-1400; semantic-disposition=admissible-source-backed-support] TS-012-C001 source-indexed callee `len`: core/src/slice/iter/macros.rs:142-144 [status=source-indexed; semantic-disposition=context-only-source-closure]. TS-012-C002 source-indexed callee `len`: core/src/slice/sort/stable/drift.rs:295-297 [status=source-indexed; semantic-disposition=context-only-source-closure]. TS-012-C003 source-indexed callee `len`: alloc/src/vec/in_place_drop.rs:15-17 [status=source-indexed; semantic-disposition=context-only-source-closure]. TS-012-E001 external_body `from_raw_parts` at /home/chentianyu/nanvix-rust-std-spec-survey/nanvix-rust-std-slice-vec-implproof-2026-08-12/proof_harnesses/012_core_slice_as_chunks/harness.rs:93 is an explicit trusted function body; backing dependency records=TS-012-D002; semantic-disposition=admissible-source-backed-lower-boundary. TS-012-E002 external_body `rust_1_96_split_at_unchecked_raw_parts` at /home/chentianyu/nanvix-rust-std-spec-survey/nanvix-rust-std-slice-vec-implproof-2026-08-12/proof_harnesses/012_core_slice_as_chunks/harness.rs:102 is an explicit trusted function body; backing dependency records=TS-012-D002; semantic-disposition=admissible-source-backed-lower-boundary. TS-012-E003 external_body `as_chunks_unchecked` at /home/chentianyu/nanvix-rust-std-spec-survey/nanvix-rust-std-slice-vec-implproof-2026-08-12/proof_harnesses/012_core_slice_as_chunks/harness.rs:146 is an explicit trusted function body; backing dependency records=TS-012-D003; semantic-disposition=admissible-source-backed-lower-boundary.",The target definition must derive returned subranges and borrow observations from these inputs with source-backed transitions.,admissible,All executable trust sites are source-linked and semantically partial; context-only vocabulary and call-closure records are not admitted as Boundary_T observations.,yes,Every executable dependency and external-body contract is present in the frozen exhaustive audit and limited to a lower source transition; none supplies a complete branch or answer-equivalent target result.,exact-principal-return-and-final-state,"Principal return values, returned reference identities, and final-state observations are compared by exact equality.",,,,conditional-complete,conditional-complete
core::slice::as_chunks_mut,13,slice,all-20260815T0127Z-ascii-whitespace-vtab-repair,unknown,iterator-or-subslice-state-boundary,"contract fixes source/remaining/subrange state, but the Rust iterator, chunk, split, or borrowed subslice value retains opaque runtime/lifetime state",iterator-splitting-and-chunking,generated-new-real-relation-spec,B,"pub assume_specification<T, const N: usize>[ <[T]>::as_chunks_mut::<N> ]( slice: &mut [T], ) -> (ret: (&mut [[T; N]], &mut [T])) requires N != 0, ensures slice_array_chunks_partition::<T, N>(old(slice)@, ret.0@, ret.1@), ret.0@.len() == old(slice)@.len() / (N as nat), ret.1@.len() == old(slice)@.len() % (N as nat), forall|chunk: int| 0 <= chunk < ret.0@.len() ==> array_value_view::<T, N>(ret.0@[chunk]) == old(slice)@.subrange(chunk * (N as int), (chunk + 1) * (N as int)), ret.1@ == old(slice)@.subrange((ret.0@.len() * (N as nat)) as int, old(slice)@.len() as int), final(ret.0)@.len() == ret.0@.len(), final(ret.1)@.len() == ret.1@.len(), final(slice)@ == flatten_array_chunks::<T, N>(final(ret.0)@) + final(ret.1)@, forall|chunk: int| 0 <= chunk < final(ret.0)@.len() ==> array_value_view::<T, N>(final(ret.0)@[chunk]) == final(slice)@.subrange(chunk * (N as int), (chunk + 1) * (N as int)), final(ret.1)@ == final(slice)@.subrange((final(ret.0)@.len() * (N as nat)) as int, final(slice)@.len() as int), ;",669f8bbc7a27aa64da763386dccd397f1d7e81db22ef7b672e71a40b69ff5e7c,"pub assume_specification<T, const N: usize>[ <[T]>::as_chunks_mut::<N> ]( slice: &mut [T], ) -> (ret: (&mut [[T; N]], &mut [T])) requires N != 0, ensures slice_array_chunks_partition::<T, N>(old(slice)@, ret.0@, ret.1@), final(slice)@ == flatten_array_chunks::<T, N>(final(ret.0)@) + final(ret.1)@, ;",8c6cc8f88b4de3b1f2c2c1a25965e3744c851cf8ac05d251cc0effd85d0f590e,yes,active-catalog-and-generated-declaration,/home/chentianyu/nanvix-rust-std-spec-survey/nanvix-rust-std-slice-specgen-2026-08-11/specs/generated_slice_specs.rs,333,359,"pub assume_specification<T, const N: usize>[ <[T]>::as_chunks_mut::<N> ](
    slice: &mut [T],
) -> (ret: (&mut [[T; N]], &mut [T]))
    requires
        N != 0,
    ensures
        slice_array_chunks_partition::<T, N>(old(slice)@, ret.0@, ret.1@),
        ret.0@.len() == old(slice)@.len() / (N as nat),
        ret.1@.len() == old(slice)@.len() % (N as nat),
        forall|chunk: int| 0 <= chunk < ret.0@.len() ==> array_value_view::<T, N>(
            ret.0@[chunk],
        ) == old(slice)@.subrange(chunk * (N as int), (chunk + 1) * (N as int)),
        ret.1@ == old(slice)@.subrange(
            (ret.0@.len() * (N as nat)) as int,
            old(slice)@.len() as int,
        ),
        final(ret.0)@.len() == ret.0@.len(),
        final(ret.1)@.len() == ret.1@.len(),
        final(slice)@ == flatten_array_chunks::<T, N>(final(ret.0)@) + final(ret.1)@,
        forall|chunk: int| 0 <= chunk < final(ret.0)@.len() ==> array_value_view::<T, N>(
            final(ret.0)@[chunk],
        ) == final(slice)@.subrange(chunk * (N as int), (chunk + 1) * (N as int)),
        final(ret.1)@ == final(slice)@.subrange(
            (final(ret.0)@.len() * (N as nat)) as int,
            final(slice)@.len() as int,
        ),
;
",eca3e1a7b2af00d2ca6cfa237c6f0ecd2f56a35ba9a92ddc93d8adf96a23716c,/home/chentianyu/nanvix-rust-std-spec-survey/nanvix-rust-std-slice-specgen-2026-08-11/specs/slice_shared_vocabulary.rs,f47deb4c5da97621b87c7bbfb1909c5eda7303e8be0422fbe43fd6588fdf1c33,core/src/slice/mod.rs:1555,/home/chentianyu/nanvix-rust-std-spec-survey/rust-1.96/library/core/src/slice/mod.rs,58901fa6437dbd4d77c68427bbced0fc3a91a10fdb8bd2e233adf6a9ba27d2d5,1552,1562,53fb689ca4c691d2e432cbea572e07fcc1c5cd487734c27f9d0b82841f5b7ae8,"    pub const fn as_chunks_mut<const N: usize>(&mut self) -> (&mut [[T; N]], &mut [T]) {
        assert!(N != 0, ""chunk size must be non-zero"");
        let len_rounded_down = self.len() / N * N;
        // SAFETY: The rounded-down value is always the same or smaller than the
        // original length, and thus must be in-bounds of the slice.
        let (multiple_of_n, remainder) = unsafe { self.split_at_mut_unchecked(len_rounded_down) };
        // SAFETY: We already panicked for zero, and ensured by construction
        // that the length of the subslice is a multiple of N.
        let array_slice = unsafe { multiple_of_n.as_chunks_unchecked_mut() };
        (array_slice, remainder)
    }
",core/src/slice/mod.rs:1511-1546,1511,1546,986332d601961e17ef244ede7dd141f1e5f7b1f4da29264ca1ac152950073972,"Splits the slice into a slice of `N`-element arrays,
starting at the beginning of the slice,
and a remainder slice with length strictly less than `N`.

The remainder is meaningful in the division sense.  Given
`let (chunks, remainder) = slice.as_chunks_mut()`, then:
- `chunks.len()` equals `slice.len() / N`,
- `remainder.len()` equals `slice.len() % N`, and
- `slice.len()` equals `chunks.len() * N + remainder.len()`.

You can flatten the chunks back into a slice-of-`T` with [`as_flattened_mut`].

[`as_flattened_mut`]: slice::as_flattened_mut

# Panics

Panics if `N` is zero.

Note that this check is against a const generic parameter, not a runtime
value, and thus a particular monomorphization will either always panic
or it will never panic.

# Examples

```
let v = &mut [0, 0, 0, 0, 0];
let mut count = 1;

let (chunks, remainder) = v.as_chunks_mut();
remainder[0] = 9;
for chunk in chunks {
*chunk = [count; 2];
count += 1;
}
assert_eq!(v, &[1, 1, 2, 2, 9]);
```
",/home/chentianyu/nanvix-rust-std-spec-survey/nanvix-rust-std-slice-vec-implproof-2026-08-12/proof_harnesses/013_core_slice_as_chunks_mut/harness.rs,5c022c7411e1b3ce67fbdde646d7638fedd80277a017bc3bb247886c457f740c,/home/chentianyu/nanvix-rust-std-spec-survey/nanvix-rust-std-slice-vec-implproof-2026-08-12/proof_manifests/013_core_slice_as_chunks_mut/source_body.json,90040d2830b09af2ef941156037a9d09a4b0cce108b0615922000e1849c18609,/home/chentianyu/nanvix-rust-std-spec-survey/nanvix-rust-std-slice-vec-implproof-2026-08-12/proof_manifests/013_core_slice_as_chunks_mut/transformation_manifest.json,2d11bf84541de5d79337c43beb785bcd9006fc133401d7f7a6fcd4680d994b93,/home/chentianyu/nanvix-rust-std-spec-survey/nanvix-rust-std-slice-vec-implproof-2026-08-12/proof_manifests/013_core_slice_as_chunks_mut/dependency_assumption_manifest.json,2251dd7eb689cc09a405f6adeba7f16a83a0554695e2a52b10264069e1db879a,provenance/frozen/implproof/013_core_slice_as_chunks_mut/harness.rs,provenance/frozen/implproof/013_core_slice_as_chunks_mut/source_body.json,provenance/frozen/implproof/013_core_slice_as_chunks_mut/transformation_manifest.json,provenance/frozen/implproof/013_core_slice_as_chunks_mut/dependency_assumption_manifest.json,provenance/frozen/rust-1.96/library/core/src/slice/mod.rs,120,2,actual_verus_verified_modulo_source_shaped_split_at_mut_unchecked_raw_parts_final_frame_boundary_and_as_chunks_unchecked_mut_array_chunk_final_frame_boundary:proof_inventory/raw_slice_start_pointer_tail_consumers_20260818T0802Z/evidence/013_core_slice_as_chunks_mut_actual.stdout,"[""as_chunks_unchecked_mut"",""assert!"",""len"",""split_at_mut_unchecked""]",4,TS-013-D001;TS-013-D002;TS-013-D003;TS-013-D004,3,TS-013-C001;TS-013-C002;TS-013-C003,3,TS-013-E001;TS-013-E002;TS-013-E003,TS-013-D001;TS-013-D002;TS-013-D003;TS-013-D004;TS-013-C001;TS-013-C002;TS-013-C003;TS-013-E001;TS-013-E002;TS-013-E003,10,6,4,0,,0,iterator_private_state_v1,"[""input borrow and allocation identity"",""iterator front/back cursor and remaining source range"",""private chunk or split state read by the implementation proof"",""individual source-backed raw-slice constructor observations""]","Boundary_T fixes the input borrow/allocation identity and only the iterator, range, or raw-slice-constructor observations consumed by the proof. Target-returned references, aggregate post-state, and a complete execution trace remain outside b. TS-013-D001 shared_model_helper `array_value_view;flatten_array_chunks;slice_array_chunks_partition`: The generated mutable chunks-and-remainder vocabulary is instantiated locally as open spec definitions so Verus checks the old-view partition and final mutable frame without assuming the target postcondition. [status=audited_generated_contract_vocabulary_instantiated_in_harness; source=frozen_inputs/slice/specs/slice_shared_vocabulary.rs:937-952; semantic-disposition=context-only-specification-vocabulary] TS-013-D002 reviewed_generated_dependency_boundary `core::slice::split_at_mut_unchecked`: The harness now replaces the prior target-local external split_at_mut_unchecked wrapper with the source-shaped len/as_mut_ptr/unsafe-precondition flow from the reviewed split_at_mut_unchecked proof, while retaining named mutable start-pointer, raw-parts, and final-frame boundaries. [status=source_shaped_unchecked_mut_split_helper_verified_in_harness_modulo_raw_parts_final_frame_boundary; source=core/src/slice/mod.rs:1557-1559; proof_harnesses/086_core_slice_split_at_mut_unchecked/harness.rs; semantic-disposition=admissible-source-backed-support] TS-013-D003 reviewed_generated_dependency_boundary `core::slice::as_chunks_unchecked_mut`: The Rust 1.96 body converts the multiple-of-N prefix with unsafe as_chunks_unchecked_mut. The harness reuses the verified mutable array-chunk old-view and final-frame shape after proving the prefix length is divisible by N. [status=reviewed_dependency_reused_for_mutable_array_chunk_view_and_final_frame_fact; source=core/src/slice/mod.rs:1560-1561; proof_harnesses/015_core_slice_as_chunks_unchecked_mut/harness.rs; semantic-disposition=admissible-source-backed-support] TS-013-D004 panic_or_bounds `assert!(N != 0)`: The generated precondition N != 0 makes the Rust assertion pass; the Verus harness keeps the assertion and uses div/mod lemmas to prove the source rounded-down length and remainder bounds. [status=discharged_by_target_precondition_and_arithmetic_proof; source=core/src/slice/mod.rs:1553-1556; semantic-disposition=admissible-source-backed-support] TS-013-C001 source-indexed callee `len`: core/src/slice/iter/macros.rs:142-144 [status=source-indexed; semantic-disposition=context-only-source-closure]. TS-013-C002 source-indexed callee `len`: core/src/slice/sort/stable/drift.rs:295-297 [status=source-indexed; semantic-disposition=context-only-source-closure]. TS-013-C003 source-indexed callee `len`: alloc/src/vec/in_place_drop.rs:15-17 [status=source-indexed; semantic-disposition=context-only-source-closure]. TS-013-E001 external_body `from_raw_parts_mut` at /home/chentianyu/nanvix-rust-std-spec-survey/nanvix-rust-std-slice-vec-implproof-2026-08-12/proof_harnesses/013_core_slice_as_chunks_mut/harness.rs:109 is an explicit trusted function body; backing dependency records=TS-013-D002; semantic-disposition=admissible-source-backed-lower-boundary. TS-013-E002 external_body `rust_1_96_split_at_mut_unchecked_raw_parts` at /home/chentianyu/nanvix-rust-std-spec-survey/nanvix-rust-std-slice-vec-implproof-2026-08-12/proof_harnesses/013_core_slice_as_chunks_mut/harness.rs:118 is an explicit trusted function body; backing dependency records=TS-013-D002; semantic-disposition=admissible-source-backed-lower-boundary. TS-013-E003 external_body `as_chunks_unchecked_mut` at /home/chentianyu/nanvix-rust-std-spec-survey/nanvix-rust-std-slice-vec-implproof-2026-08-12/proof_harnesses/013_core_slice_as_chunks_mut/harness.rs:175 is an explicit trusted function body; backing dependency records=TS-013-D003; semantic-disposition=admissible-source-backed-lower-boundary.",The target definition must derive returned subranges and borrow observations from these inputs with source-backed transitions.,admissible,All executable trust sites are source-linked and semantically partial; context-only vocabulary and call-closure records are not admitted as Boundary_T observations.,yes,Every executable dependency and external-body contract is present in the frozen exhaustive audit and limited to a lower source transition; none supplies a complete branch or answer-equivalent target result.,exact-principal-return-and-final-state,"Principal return values, returned reference identities, and final-state observations are compared by exact equality.",,,,conditional-complete,conditional-incomplete
core::slice::as_chunks_unchecked,14,slice,all-20260815T0127Z-ascii-whitespace-vtab-repair,unknown,iterator-or-subslice-state-boundary,"contract fixes source/remaining/subrange state, but the Rust iterator, chunk, split, or borrowed subslice value retains opaque runtime/lifetime state",iterator-splitting-and-chunking,generated-new-real-relation-spec,B,"pub assume_specification<T, const N: usize>[ <[T]>::as_chunks_unchecked::<N> ]( slice: &[T], ) -> (ret: &[[T; N]]) requires N != 0, slice@.len() % (N as nat) == 0, ensures flatten_array_chunks::<T, N>(ret@) == slice@, ret@.len() == slice@.len() / (N as nat), forall|chunk: int| 0 <= chunk < ret@.len() ==> array_value_view::<T, N>(ret@[chunk]) == slice@.subrange(chunk * (N as int), (chunk + 1) * (N as int)), ;",a2a5116af11a32d4169f8b90ce1a319e948a4705e36b8a2c171f6a8191655b66,"pub assume_specification<T, const N: usize>[ <[T]>::as_chunks_unchecked::<N> ]( slice: &[T], ) -> (ret: &[[T; N]]) requires N != 0, slice@.len() % (N as nat) == 0, ensures flatten_array_chunks::<T, N>(ret@) == slice@, ;",0d342b93267baa83df2dd43ffee6dcc76c257cf313c3f7d6a0c76f7bd309eab1,yes,active-catalog-and-generated-declaration,/home/chentianyu/nanvix-rust-std-spec-survey/nanvix-rust-std-slice-specgen-2026-08-11/specs/generated_slice_specs.rs,319,331,"pub assume_specification<T, const N: usize>[ <[T]>::as_chunks_unchecked::<N> ](
    slice: &[T],
) -> (ret: &[[T; N]])
    requires
        N != 0,
        slice@.len() % (N as nat) == 0,
    ensures
        flatten_array_chunks::<T, N>(ret@) == slice@,
        ret@.len() == slice@.len() / (N as nat),
        forall|chunk: int| 0 <= chunk < ret@.len() ==> array_value_view::<T, N>(
            ret@[chunk],
        ) == slice@.subrange(chunk * (N as int), (chunk + 1) * (N as int)),
;
",24fbfc983997bef845ef900639feda1c100da780687b1b3fa1293ba1b6a36202,/home/chentianyu/nanvix-rust-std-spec-survey/nanvix-rust-std-slice-specgen-2026-08-11/specs/slice_shared_vocabulary.rs,f47deb4c5da97621b87c7bbfb1909c5eda7303e8be0422fbe43fd6588fdf1c33,core/src/slice/mod.rs:1341,/home/chentianyu/nanvix-rust-std-spec-survey/rust-1.96/library/core/src/slice/mod.rs,58901fa6437dbd4d77c68427bbced0fc3a91a10fdb8bd2e233adf6a9ba27d2d5,1338,1349,1af5889426d173ab1e019f11a75a4697ca2a0e9e0a280108402b7b5ca699ddc3,"    pub const unsafe fn as_chunks_unchecked<const N: usize>(&self) -> &[[T; N]] {
        assert_unsafe_precondition!(
            check_language_ub,
            ""slice::as_chunks_unchecked requires `N != 0` and the slice to split exactly into `N`-element chunks"",
            (n: usize = N, len: usize = self.len()) => n != 0 && len.is_multiple_of(n),
        );
        // SAFETY: Caller must guarantee that `N` is nonzero and exactly divides the slice length
        let new_len = unsafe { exact_div(self.len(), N) };
        // SAFETY: We cast a slice of `new_len * N` elements into
        // a slice of `new_len` many `N` elements chunks.
        unsafe { from_raw_parts(self.as_ptr().cast(), new_len) }
    }
",core/src/slice/mod.rs:1295-1332,1295,1332,38d47b49172e9c996c6f52e008e0db879469776cd20dc4edd7a15e2e7ebca190,"Splits the slice into a slice of `N`-element arrays,
assuming that there's no remainder.

This is the inverse operation to [`as_flattened`].

[`as_flattened`]: slice::as_flattened

As this is `unsafe`, consider whether you could use [`as_chunks`] or
[`as_rchunks`] instead, perhaps via something like
`if let (chunks, []) = slice.as_chunks()` or
`let (chunks, []) = slice.as_chunks() else { unreachable!() };`.

[`as_chunks`]: slice::as_chunks
[`as_rchunks`]: slice::as_rchunks

# Safety

This may only be called when
- The slice splits exactly into `N`-element chunks (aka `self.len() % N == 0`).
- `N != 0`.

# Examples

```
let slice: &[char] = &['l', 'o', 'r', 'e', 'm', '!'];
let chunks: &[[char; 1]] =
// SAFETY: 1-element chunks never have remainder
unsafe { slice.as_chunks_unchecked() };
assert_eq!(chunks, &[['l'], ['o'], ['r'], ['e'], ['m'], ['!']]);
let chunks: &[[char; 3]] =
// SAFETY: The slice length (6) is a multiple of 3
unsafe { slice.as_chunks_unchecked() };
assert_eq!(chunks, &[['l', 'o', 'r'], ['e', 'm', '!']]);

// These would be unsound:
// let chunks: &[[_; 5]] = slice.as_chunks_unchecked() // The slice length is not a multiple of 5
// let chunks: &[[_; 0]] = slice.as_chunks_unchecked() // Zero-length chunks are never allowed
```
",/home/chentianyu/nanvix-rust-std-spec-survey/nanvix-rust-std-slice-vec-implproof-2026-08-12/proof_harnesses/014_core_slice_as_chunks_unchecked/harness.rs,8a250c70e57d84aa7fa49b20ab41e6a50ea65200e22737c9a30832c9dcef5129,/home/chentianyu/nanvix-rust-std-spec-survey/nanvix-rust-std-slice-vec-implproof-2026-08-12/proof_manifests/014_core_slice_as_chunks_unchecked/source_body.json,ffa076e54a3c19660d0656983388d10a4b2c79a4d395c752b45f3c2aa2646558,/home/chentianyu/nanvix-rust-std-spec-survey/nanvix-rust-std-slice-vec-implproof-2026-08-12/proof_manifests/014_core_slice_as_chunks_unchecked/transformation_manifest.json,b46ef08e7a35bca9f90d2cbdf23a147c624471fbed9875d5573f2015cdffb1b0,/home/chentianyu/nanvix-rust-std-spec-survey/nanvix-rust-std-slice-vec-implproof-2026-08-12/proof_manifests/014_core_slice_as_chunks_unchecked/dependency_assumption_manifest.json,07211ad1d7502f41056916ae4e629495cad63d59ba7665b95eb6425b8fa8388a,provenance/frozen/implproof/014_core_slice_as_chunks_unchecked/harness.rs,provenance/frozen/implproof/014_core_slice_as_chunks_unchecked/source_body.json,provenance/frozen/implproof/014_core_slice_as_chunks_unchecked/transformation_manifest.json,provenance/frozen/implproof/014_core_slice_as_chunks_unchecked/dependency_assumption_manifest.json,provenance/frozen/rust-1.96/library/core/src/slice/mod.rs,97,2,actual_verus_verified_modulo_source_backed_ub_precondition_raw_pointer_cast_and_raw_parts_boundary,"[""as_ptr"",""assert_unsafe_precondition"",""cast"",""exact_div"",""from_raw_parts"",""is_multiple_of"",""len""]",6,TS-014-D001;TS-014-D002;TS-014-D003;TS-014-D004;TS-014-D005;TS-014-D006,3,TS-014-C001;TS-014-C002;TS-014-C003,2,TS-014-E001;TS-014-E002,TS-014-D001;TS-014-D002;TS-014-D003;TS-014-D004;TS-014-D005;TS-014-D006;TS-014-C001;TS-014-C002;TS-014-C003;TS-014-E001;TS-014-E002,11,7,4,0,,0,iterator_private_state_v1,"[""input borrow and allocation identity"",""iterator front/back cursor and remaining source range"",""private chunk or split state read by the implementation proof"",""individual source-backed raw-slice constructor observations""]","Boundary_T fixes the input borrow/allocation identity and only the iterator, range, or raw-slice-constructor observations consumed by the proof. Target-returned references, aggregate post-state, and a complete execution trace remain outside b. TS-014-D001 shared_model_helper `array_value_view;flatten_array_chunks`: The generated contract's fixed-array chunk vocabulary is inlined as open spec definitions so Verus checks `flatten_array_chunks(ret@) == slice@` without assuming the target postcondition. [status=audited_generated_contract_vocabulary_instantiated_in_harness; source=frozen_inputs/slice/specs/slice_shared_vocabulary.rs:921-944; semantic-disposition=context-only-specification-vocabulary] TS-014-D002 generated_target_dependency `core::slice::as_ptr`: The Rust 1.96 body calls `self.as_ptr()` before `cast()`. The harness reuses the already reviewed as_ptr pointer-start pattern through a local executable wrapper that produces `slice_start_ptr(slice@, ptr)`. [status=reviewed_dependency_reused_for_pointer_start_fact; source=core/src/slice/mod.rs:1348; proof_harnesses/021_core_slice_as_ptr/harness.rs; semantic-disposition=admissible-source-backed-support] TS-014-D003 generated_target_dependency `core::slice::from_raw_parts`: The Rust 1.96 body finishes with `from_raw_parts(self.as_ptr().cast(), new_len)`. The harness reuses the reviewed raw-parts domain shape and specializes the returned slice relation to array chunks. [status=reviewed_dependency_pattern_reused_for_raw_parts_domain; source=core/src/slice/mod.rs:1348; proof_harnesses/048_core_slice_from_raw_parts/harness.rs; semantic-disposition=admissible-source-backed-support] TS-014-D004 source_backed_ub_precondition_boundary `ub_checks::assert_unsafe_precondition`: The generated precondition is exactly the Rust UB precondition `N != 0` and `len.is_multiple_of(N)`. The harness keeps the check as a local preconditioned executable call before the unsafe division and raw-parts construction. [status=discharged_by_target_precondition; source=core/src/slice/mod.rs:1339-1343; semantic-disposition=admissible-source-backed-support] TS-014-D005 source_backed_raw_pointer_cast_boundary `rust_1_96_ptr_cast_array_chunks`: Verus cannot prove Rust raw-pointer provenance for `self.as_ptr().cast()` directly. The boundary body is the source-backed `ptr.cast()` operation and only links the reviewed slice-start pointer plus `new_len * N == len` fact to the array-chunk pointer source and raw-domain facts. [status=minimal_trusted_boundary_for_source_backed_ptr_cast_to_array_chunks; source=core/src/slice/mod.rs:1348; semantic-disposition=admissible-source-backed-support] TS-014-D006 source_backed_raw_parts_provenance_boundary `rust_1_96_from_raw_parts_array_chunks`: The public target body calls a local `from_raw_parts` wrapper after the source-backed pointer cast. The only isolated operation is the raw slice construction over `[T; N]`, whose contract relates the returned chunk slice to the pointer source through `flatten_array_chunks`. [status=minimal_trusted_boundary_for_source_backed_array_chunk_raw_parts; source=core/src/slice/mod.rs:1348; core/src/slice/raw.rs:124-141; semantic-disposition=admissible-source-backed-support] TS-014-C001 source-indexed callee `len`: core/src/slice/iter/macros.rs:142-144 [status=source-indexed; semantic-disposition=context-only-source-closure]. TS-014-C002 source-indexed callee `len`: core/src/slice/sort/stable/drift.rs:295-297 [status=source-indexed; semantic-disposition=context-only-source-closure]. TS-014-C003 source-indexed callee `len`: alloc/src/vec/in_place_drop.rs:15-17 [status=source-indexed; semantic-disposition=context-only-source-closure]. TS-014-E001 external_body `rust_1_96_ptr_cast_array_chunks` at /home/chentianyu/nanvix-rust-std-spec-survey/nanvix-rust-std-slice-vec-implproof-2026-08-12/proof_harnesses/014_core_slice_as_chunks_unchecked/harness.rs:136 is an explicit trusted function body; backing dependency records=TS-014-D005; semantic-disposition=admissible-source-backed-lower-boundary. TS-014-E002 external_body `rust_1_96_from_raw_parts_array_chunks` at /home/chentianyu/nanvix-rust-std-spec-survey/nanvix-rust-std-slice-vec-implproof-2026-08-12/proof_harnesses/014_core_slice_as_chunks_unchecked/harness.rs:157 is an explicit trusted function body; backing dependency records=TS-014-D006; semantic-disposition=admissible-source-backed-lower-boundary.",The target definition must derive returned subranges and borrow observations from these inputs with source-backed transitions.,admissible,All executable trust sites are source-linked and semantically partial; context-only vocabulary and call-closure records are not admitted as Boundary_T observations.,yes,Every executable dependency and external-body contract is present in the frozen exhaustive audit and limited to a lower source transition; none supplies a complete branch or answer-equivalent target result.,exact-principal-return-and-final-state,"Principal return values, returned reference identities, and final-state observations are compared by exact equality.",,,,conditional-complete,conditional-complete
core::slice::as_chunks_unchecked_mut,15,slice,all-20260815T0127Z-ascii-whitespace-vtab-repair,unknown,iterator-or-subslice-state-boundary,"contract fixes source/remaining/subrange state, but the Rust iterator, chunk, split, or borrowed subslice value retains opaque runtime/lifetime state",iterator-splitting-and-chunking,generated-new-real-relation-spec,B,"pub assume_specification<T, const N: usize>[ <[T]>::as_chunks_unchecked_mut::<N> ]( slice: &mut [T], ) -> (ret: &mut [[T; N]]) requires N != 0, old(slice)@.len() % (N as nat) == 0, ensures flatten_array_chunks::<T, N>(ret@) == old(slice)@, ret@.len() == old(slice)@.len() / (N as nat), forall|chunk: int| 0 <= chunk < ret@.len() ==> array_value_view::<T, N>(ret@[chunk]) == old(slice)@.subrange(chunk * (N as int), (chunk + 1) * (N as int)), final(ret)@.len() == ret@.len(), final(slice)@ == flatten_array_chunks::<T, N>(final(ret)@), forall|chunk: int| 0 <= chunk < final(ret)@.len() ==> array_value_view::<T, N>(final(ret)@[chunk]) == final(slice)@.subrange(chunk * (N as int), (chunk + 1) * (N as int)), ;",c7cdf29658c01698013e14c2ab14e93699f855167a15eb4e3d697742a7d40c9a,"pub assume_specification<T, const N: usize>[ <[T]>::as_chunks_unchecked_mut::<N> ]( slice: &mut [T], ) -> (ret: &mut [[T; N]]) requires N != 0, old(slice)@.len() % (N as nat) == 0, ensures flatten_array_chunks::<T, N>(ret@) == old(slice)@, final(slice)@ == flatten_array_chunks::<T, N>(final(ret)@), ;",7cd825e6f6de9150b8a4e29d505fd432ddcb44e1add7c2053c43317a3dcacb0f,yes,active-catalog-and-generated-declaration,/home/chentianyu/nanvix-rust-std-spec-survey/nanvix-rust-std-slice-specgen-2026-08-11/specs/generated_slice_specs.rs,389,406,"pub assume_specification<T, const N: usize>[ <[T]>::as_chunks_unchecked_mut::<N> ](
    slice: &mut [T],
) -> (ret: &mut [[T; N]])
    requires
        N != 0,
        old(slice)@.len() % (N as nat) == 0,
    ensures
        flatten_array_chunks::<T, N>(ret@) == old(slice)@,
        ret@.len() == old(slice)@.len() / (N as nat),
        forall|chunk: int| 0 <= chunk < ret@.len() ==> array_value_view::<T, N>(
            ret@[chunk],
        ) == old(slice)@.subrange(chunk * (N as int), (chunk + 1) * (N as int)),
        final(ret)@.len() == ret@.len(),
        final(slice)@ == flatten_array_chunks::<T, N>(final(ret)@),
        forall|chunk: int| 0 <= chunk < final(ret)@.len() ==> array_value_view::<T, N>(
            final(ret)@[chunk],
        ) == final(slice)@.subrange(chunk * (N as int), (chunk + 1) * (N as int)),
;
",7a75bc1a2b53cd75b4128630a76659f25ccf4c3671f9a6177a2c816b2cde1a52,/home/chentianyu/nanvix-rust-std-spec-survey/nanvix-rust-std-slice-specgen-2026-08-11/specs/slice_shared_vocabulary.rs,f47deb4c5da97621b87c7bbfb1909c5eda7303e8be0422fbe43fd6588fdf1c33,core/src/slice/mod.rs:1501,/home/chentianyu/nanvix-rust-std-spec-survey/rust-1.96/library/core/src/slice/mod.rs,58901fa6437dbd4d77c68427bbced0fc3a91a10fdb8bd2e233adf6a9ba27d2d5,1498,1509,010fedd7bf7435cf32f970fa8b916ebc3c94e0d0770c06b6c4361ce21c5ba4e4,"    pub const unsafe fn as_chunks_unchecked_mut<const N: usize>(&mut self) -> &mut [[T; N]] {
        assert_unsafe_precondition!(
            check_language_ub,
            ""slice::as_chunks_unchecked requires `N != 0` and the slice to split exactly into `N`-element chunks"",
            (n: usize = N, len: usize = self.len()) => n != 0 && len.is_multiple_of(n)
        );
        // SAFETY: Caller must guarantee that `N` is nonzero and exactly divides the slice length
        let new_len = unsafe { exact_div(self.len(), N) };
        // SAFETY: We cast a slice of `new_len * N` elements into
        // a slice of `new_len` many `N` elements chunks.
        unsafe { from_raw_parts_mut(self.as_mut_ptr().cast(), new_len) }
    }
",core/src/slice/mod.rs:1453-1492,1453,1492,7ff4a2f7a85247a7742f03ad8b26e6405980b039fb710bda266bb3644f59d349,"Splits the slice into a slice of `N`-element arrays,
assuming that there's no remainder.

This is the inverse operation to [`as_flattened_mut`].

[`as_flattened_mut`]: slice::as_flattened_mut

As this is `unsafe`, consider whether you could use [`as_chunks_mut`] or
[`as_rchunks_mut`] instead, perhaps via something like
`if let (chunks, []) = slice.as_chunks_mut()` or
`let (chunks, []) = slice.as_chunks_mut() else { unreachable!() };`.

[`as_chunks_mut`]: slice::as_chunks_mut
[`as_rchunks_mut`]: slice::as_rchunks_mut

# Safety

This may only be called when
- The slice splits exactly into `N`-element chunks (aka `self.len() % N == 0`).
- `N != 0`.

# Examples

```
let slice: &mut [char] = &mut ['l', 'o', 'r', 'e', 'm', '!'];
let chunks: &mut [[char; 1]] =
// SAFETY: 1-element chunks never have remainder
unsafe { slice.as_chunks_unchecked_mut() };
chunks[0] = ['L'];
assert_eq!(chunks, &[['L'], ['o'], ['r'], ['e'], ['m'], ['!']]);
let chunks: &mut [[char; 3]] =
// SAFETY: The slice length (6) is a multiple of 3
unsafe { slice.as_chunks_unchecked_mut() };
chunks[1] = ['a', 'x', '?'];
assert_eq!(slice, &['L', 'o', 'r', 'a', 'x', '?']);

// These would be unsound:
// let chunks: &[[_; 5]] = slice.as_chunks_unchecked_mut() // The slice length is not a multiple of 5
// let chunks: &[[_; 0]] = slice.as_chunks_unchecked_mut() // Zero-length chunks are never allowed
```
",/home/chentianyu/nanvix-rust-std-spec-survey/nanvix-rust-std-slice-vec-implproof-2026-08-12/proof_harnesses/015_core_slice_as_chunks_unchecked_mut/harness.rs,6e8257a0027930489a22c6724b37d7ca928bdf15825bb0d3437dda327b31b8da,/home/chentianyu/nanvix-rust-std-spec-survey/nanvix-rust-std-slice-vec-implproof-2026-08-12/proof_manifests/015_core_slice_as_chunks_unchecked_mut/source_body.json,127e081710b82cb569f4e68733828e329c0667192790a867f8a1037dc60d73d0,/home/chentianyu/nanvix-rust-std-spec-survey/nanvix-rust-std-slice-vec-implproof-2026-08-12/proof_manifests/015_core_slice_as_chunks_unchecked_mut/transformation_manifest.json,81591c7e315b1c4266978e675873aec10b18c013531c9fc6d1adf1ee4dbc6725,/home/chentianyu/nanvix-rust-std-spec-survey/nanvix-rust-std-slice-vec-implproof-2026-08-12/proof_manifests/015_core_slice_as_chunks_unchecked_mut/dependency_assumption_manifest.json,b27468dad216ab49efeff2069627a13777b339a9aeb391f7dca754bb99fe2c51,provenance/frozen/implproof/015_core_slice_as_chunks_unchecked_mut/harness.rs,provenance/frozen/implproof/015_core_slice_as_chunks_unchecked_mut/source_body.json,provenance/frozen/implproof/015_core_slice_as_chunks_unchecked_mut/transformation_manifest.json,provenance/frozen/implproof/015_core_slice_as_chunks_unchecked_mut/dependency_assumption_manifest.json,provenance/frozen/rust-1.96/library/core/src/slice/mod.rs,98,2,actual_verus_verified_modulo_source_backed_ub_precondition_mut_raw_pointer_cast_raw_parts_and_final_frame_boundary,"[""as_mut_ptr"",""assert_unsafe_precondition"",""cast"",""exact_div"",""from_raw_parts_mut"",""is_multiple_of"",""len""]",6,TS-015-D001;TS-015-D002;TS-015-D003;TS-015-D004;TS-015-D005;TS-015-D006,3,TS-015-C001;TS-015-C002;TS-015-C003,2,TS-015-E001;TS-015-E002,TS-015-D001;TS-015-D002;TS-015-D003;TS-015-D004;TS-015-D005;TS-015-D006;TS-015-C001;TS-015-C002;TS-015-C003;TS-015-E001;TS-015-E002,11,5,4,2,TS-015-D006;TS-015-E002,0,iterator_private_state_v1,"[""input borrow and allocation identity"",""iterator front/back cursor and remaining source range"",""private chunk or split state read by the implementation proof"",""individual source-backed raw-slice constructor observations""]","Boundary_T fixes the input borrow/allocation identity and only the iterator, range, or raw-slice-constructor observations consumed by the proof. Target-returned references, aggregate post-state, and a complete execution trace remain outside b. TS-015-D001 shared_model_helper `array_value_view;flatten_array_chunks;SliceRawDomain;SliceRawMutability;slice_raw_mut_domain;slice_raw_domain_valid;slice_raw_domain_valid_for;slice_start_mut_ptr`: The generated mutable chunk and raw-domain vocabulary is instantiated locally so Verus checks the old-view and final-frame contract without assuming the target postcondition. [status=audited_generated_contract_vocabulary_instantiated_in_harness; source=frozen_inputs/slice/specs/slice_shared_vocabulary.rs:921-1040; semantic-disposition=context-only-specification-vocabulary] TS-015-D002 generated_target_dependency `core::slice::as_mut_ptr`: The Rust 1.96 body calls `self.as_mut_ptr()` before `cast()`. The harness reuses the reviewed mutable start-pointer pattern through a local executable wrapper that preserves the mutable-slice frame and produces `slice_start_mut_ptr(old(slice)@, ptr)`. [status=reviewed_dependency_reused_for_mutable_pointer_start_fact; source=core/src/slice/mod.rs:1508; proof_harnesses/019_core_slice_as_mut_ptr/harness.rs; semantic-disposition=admissible-source-backed-support] TS-015-D003 generated_target_dependency `core::slice::from_raw_parts_mut`: The Rust 1.96 body finishes with `from_raw_parts_mut(self.as_mut_ptr().cast(), new_len)`. The harness reuses the reviewed mutable raw-parts domain shape and specializes the returned slice relation to mutable array chunks plus the final-frame bridge required by the generated contract. [status=reviewed_dependency_pattern_reused_for_mutable_raw_parts_domain; source=core/src/slice/mod.rs:1508; proof_harnesses/049_core_slice_from_raw_parts_mut/harness.rs; semantic-disposition=admissible-source-backed-support] TS-015-D004 source_backed_ub_precondition_boundary `ub_checks::assert_unsafe_precondition`: The generated precondition is exactly the Rust UB precondition `N != 0` and `len.is_multiple_of(N)`. The harness keeps the check as a local preconditioned executable call before the unsafe division and raw-parts construction. [status=discharged_by_target_precondition; source=core/src/slice/mod.rs:1499-1503; semantic-disposition=admissible-source-backed-support] TS-015-D005 source_backed_mutable_raw_pointer_cast_boundary `rust_1_96_mut_ptr_cast_array_chunks`: Verus cannot prove Rust mutable raw-pointer provenance for `self.as_mut_ptr().cast()` directly. The boundary body is the source-backed `ptr.cast()` operation and only links the reviewed mutable slice-start pointer plus `new_len * N == len` fact to the mutable array-chunk pointer source and raw-domain facts. [status=minimal_trusted_boundary_for_source_backed_mut_ptr_cast_to_array_chunks; source=core/src/slice/mod.rs:1508; semantic-disposition=admissible-source-backed-support] TS-015-D006 source_backed_mutable_raw_parts_final_frame_boundary `rust_1_96_from_raw_parts_mut_array_chunks`: The public target body calls a local `from_raw_parts_mut` wrapper after the source-backed mutable pointer cast. The only isolated operation is the mutable raw slice construction over `[T; N]`, whose contract relates the returned chunk slice to the pointer source and connects `final(slice)@` to `flatten_array_chunks(final(ret)@)`. [status=minimal_trusted_boundary_for_source_backed_mutable_array_chunk_raw_parts_and_final_frame; source=core/src/slice/mod.rs:1508; core/src/slice/raw.rs:179-196; semantic-disposition=inadmissible-answer-bearing-support] TS-015-C001 source-indexed callee `len`: core/src/slice/iter/macros.rs:142-144 [status=source-indexed; semantic-disposition=context-only-source-closure]. TS-015-C002 source-indexed callee `len`: core/src/slice/sort/stable/drift.rs:295-297 [status=source-indexed; semantic-disposition=context-only-source-closure]. TS-015-C003 source-indexed callee `len`: alloc/src/vec/in_place_drop.rs:15-17 [status=source-indexed; semantic-disposition=context-only-source-closure]. TS-015-E001 external_body `rust_1_96_mut_ptr_cast_array_chunks` at /home/chentianyu/nanvix-rust-std-spec-survey/nanvix-rust-std-slice-vec-implproof-2026-08-12/proof_harnesses/015_core_slice_as_chunks_unchecked_mut/harness.rs:138 is an explicit trusted function body; backing dependency records=TS-015-D005; semantic-disposition=admissible-source-backed-lower-boundary. TS-015-E002 external_body `rust_1_96_from_raw_parts_mut_array_chunks` at /home/chentianyu/nanvix-rust-std-spec-survey/nanvix-rust-std-slice-vec-implproof-2026-08-12/proof_harnesses/015_core_slice_as_chunks_unchecked_mut/harness.rs:160 is an explicit trusted function body; backing dependency records=TS-015-D006; semantic-disposition=inadmissible-complete-target-postcondition.",The target definition must derive returned subranges and borrow observations from these inputs with source-backed transitions.,inadmissible,"Boundary_T must exclude or replace TS-015-D006, TS-015-E002 with recursively modeled lower transitions before a conditional-completeness obligation is admissible.",no,"Retained trust site(s) TS-015-D006, TS-015-E002 supply a complete target/branch postcondition or an answer-equivalent result, so the current proof boundary is not narrower than the target.",exact-principal-return-and-final-state,"Principal return values, returned reference identities, and final-state observations are compared by exact equality.",,,,conditional-complete,conditional-incomplete
core::slice::as_flattened_mut,17,slice,all-20260815T0127Z-ascii-whitespace-vtab-repair,unknown,mutable-reference-view-boundary,"contract fixes the Seq view and old/final frame, but mutable reference identity and alias/lifetime state are not uniquely determined by that view",views-and-fixed-subranges,generated-new-real-relation-spec,B,"pub assume_specification<T, const N: usize>[ <[[T; N]]>::as_flattened_mut ]( slice: &mut [[T; N]], ) -> (ret: &mut [T]) ensures ret@ == flatten_array_chunks::<T, N>(old(slice)@), flatten_array_chunks::<T, N>(final(slice)@) == final(ret)@, ;",a5ef69f84bb6df4db9de0ae1fa18a85f58543273066f89266651e0d57090e756,"pub assume_specification<T, const N: usize>[ <[[T; N]]>::as_flattened_mut ]( slice: &mut [[T; N]], ) -> (ret: &mut [T]) ensures ret@ == flatten_array_chunks::<T, N>(old(slice)@), flatten_array_chunks::<T, N>(final(slice)@) == final(ret)@, ;",a5ef69f84bb6df4db9de0ae1fa18a85f58543273066f89266651e0d57090e756,no,active-catalog-and-generated-declaration,/home/chentianyu/nanvix-rust-std-spec-survey/nanvix-rust-std-slice-specgen-2026-08-11/specs/generated_slice_specs.rs,938,944,"pub assume_specification<T, const N: usize>[ <[[T; N]]>::as_flattened_mut ](
    slice: &mut [[T; N]],
) -> (ret: &mut [T])
    ensures
        ret@ == flatten_array_chunks::<T, N>(old(slice)@),
        flatten_array_chunks::<T, N>(final(slice)@) == final(ret)@,
;
",357c043a08d8ac465e740ff1915de3deee4fb55b147dfb1699c9bcb6c5b84735,/home/chentianyu/nanvix-rust-std-spec-survey/nanvix-rust-std-slice-specgen-2026-08-11/specs/slice_shared_vocabulary.rs,f47deb4c5da97621b87c7bbfb1909c5eda7303e8be0422fbe43fd6588fdf1c33,core/src/slice/mod.rs:5493,/home/chentianyu/nanvix-rust-std-spec-survey/rust-1.96/library/core/src/slice/mod.rs,58901fa6437dbd4d77c68427bbced0fc3a91a10fdb8bd2e233adf6a9ba27d2d5,5487,5497,d3fdd4bf0c5162b4000f8b7d767f7802944c5834053070e69dd3469f640dc5a2,"    pub const fn as_flattened_mut(&mut self) -> &mut [T] {
        let len = if T::IS_ZST {
            self.len().checked_mul(N).expect(""slice len overflow"")
        } else {
            // SAFETY: `self.len() * N` cannot overflow because `self` is
            // already in the address space.
            unsafe { self.len().unchecked_mul(N) }
        };
        // SAFETY: `[T]` is layout-identical to `[T; N]`
        unsafe { from_raw_parts_mut(self.as_mut_ptr().cast(), len) }
    }
",core/src/slice/mod.rs:5457-5484,5457,5484,7908de0c40fb04e7c35bbcf338499a2f06f08ab90a3c543c39a10a0906378e4e,"Takes a `&mut [[T; N]]`, and flattens it to a `&mut [T]`.

For the opposite operation, see [`as_chunks_mut`] and [`as_rchunks_mut`].

[`as_chunks_mut`]: slice::as_chunks_mut
[`as_rchunks_mut`]: slice::as_rchunks_mut

# Panics

This panics if the length of the resulting slice would overflow a `usize`.

This is only possible when flattening a slice of arrays of zero-sized
types, and thus tends to be irrelevant in practice. If
`size_of::<T>() > 0`, this will never panic.

# Examples

```
fn add_5_to_all(slice: &mut [i32]) {
for i in slice {
*i += 5;
}
}

let mut array = [[1, 2, 3], [4, 5, 6], [7, 8, 9]];
add_5_to_all(array.as_flattened_mut());
assert_eq!(array, [[6, 7, 8], [9, 10, 11], [12, 13, 14]]);
```
",/home/chentianyu/nanvix-rust-std-spec-survey/nanvix-rust-std-slice-vec-implproof-2026-08-12/proof_harnesses/017_core_slice_as_flattened_mut/harness.rs,b53e7533553d3ab89c1ada866cff1967dc0abb224d6f7bd2dea143fc4a3aca00,/home/chentianyu/nanvix-rust-std-spec-survey/nanvix-rust-std-slice-vec-implproof-2026-08-12/proof_manifests/017_core_slice_as_flattened_mut/source_body.json,5874e3c82723399608d7b37f74e38ce289de8202b1c65f156062b7175b79dc8e,/home/chentianyu/nanvix-rust-std-spec-survey/nanvix-rust-std-slice-vec-implproof-2026-08-12/proof_manifests/017_core_slice_as_flattened_mut/transformation_manifest.json,3eb646cd2457a3cfb4955d105204f00e517811b1d4d269d86c2b5be3783d8e00,/home/chentianyu/nanvix-rust-std-spec-survey/nanvix-rust-std-slice-vec-implproof-2026-08-12/proof_manifests/017_core_slice_as_flattened_mut/dependency_assumption_manifest.json,fb38c0fe19a752d2bdde17d4f1b95536a09b0e7fbd5ee0165f93c7afa309059e,provenance/frozen/implproof/017_core_slice_as_flattened_mut/harness.rs,provenance/frozen/implproof/017_core_slice_as_flattened_mut/source_body.json,provenance/frozen/implproof/017_core_slice_as_flattened_mut/transformation_manifest.json,provenance/frozen/implproof/017_core_slice_as_flattened_mut/dependency_assumption_manifest.json,provenance/frozen/rust-1.96/library/core/src/slice/mod.rs,100,2,actual_verus_verified_modulo_source_backed_mut_raw_pointer_cast_boundary_and_slice_flattened_raw_parts_intrinsic_panic_final_frame_boundary:proof_inventory/raw_slice_start_pointer_tail_consumers_20260818T0802Z/evidence/017_core_slice_as_flattened_mut_actual.stdout,"[""T::IS_ZST"",""as_mut_ptr"",""checked_mul"",""expect"",""from_raw_parts_mut"",""len"",""ptr.cast"",""unchecked_mul""]",6,TS-017-D001;TS-017-D002;TS-017-D003;TS-017-D004;TS-017-D005;TS-017-D006,3,TS-017-C001;TS-017-C002;TS-017-C003,4,TS-017-E001;TS-017-E002;TS-017-E003;TS-017-E004,TS-017-D001;TS-017-D002;TS-017-D003;TS-017-D004;TS-017-D005;TS-017-D006;TS-017-C001;TS-017-C002;TS-017-C003;TS-017-E001;TS-017-E002;TS-017-E003;TS-017-E004,13,7,4,2,TS-017-D006;TS-017-E004,0,mutable_borrow_transition_v1,"[""input root allocation, provenance, and borrow identity"",""source-backed subrange and alias-permission transitions"",""individual caller mutation events and their local state transitions""]","Boundary_T fixes the input mutable-borrow identity and any genuine caller mutation transitions already represented by the proof. It does not freeze returned references, aggregate post-state, or a complete target trace. TS-017-D001 shared_model_helper `array_value_view;flatten_array_chunks`: The generated fixed-array flattening vocabulary is inlined as open spec definitions so Verus checks the old-view and final-frame clauses without assuming the target postcondition. [status=audited_generated_contract_vocabulary_instantiated_in_harness; source=frozen_inputs/slice/specs/slice_shared_vocabulary.rs:921-944; semantic-disposition=context-only-specification-vocabulary] TS-017-D002 generated_target_dependency `core::slice::as_mut_ptr`: The Rust 1.96 body calls `self.as_mut_ptr()` before `cast()`. The harness reuses the reviewed mutable as_mut_ptr pointer-start/final-frame pattern through a local executable wrapper producing `slice_start_mut_ptr(old(slice)@, ptr)` and preserving the source slice view until the raw-parts reconstruction. [status=reviewed_dependency_reused_for_mut_pointer_start_fact; source=core/src/slice/mod.rs:5487-5497; proof_harnesses/019_core_slice_as_mut_ptr/harness.rs; semantic-disposition=admissible-source-backed-support] TS-017-D003 generated_target_dependency `core::slice::from_raw_parts_mut`: The Rust 1.96 body finishes with `from_raw_parts_mut(self.as_mut_ptr().cast(), len)`. The harness reuses the reviewed mutable raw-parts domain shape and specializes the returned mutable slice relation to the flattened element source and final-frame reconstruction. [status=reviewed_dependency_pattern_reused_for_mut_raw_parts_domain_and_final_frame; source=core/src/slice/mod.rs:5487-5497; core/src/slice/raw.rs:179-196; proof_harnesses/049_core_slice_from_raw_parts_mut/harness.rs; semantic-disposition=admissible-source-backed-support] TS-017-D004 source_backed_intrinsic_and_panic_boundary `checked_mul normal return, slice len overflow panic helper, and unchecked_mul`: The public target body keeps the Rust 1.96 ZST checked-multiply path but now verifies the checked_mul Some/normal-return arithmetic in executable code. The retained trusted portion is only the source panic edge for overflow plus the existing non-ZST unchecked multiplication address-space fact needed to establish len == self.len() * N while preserving the mutable final-frame contract. [status=minimal_trusted_boundary_for_checked_mul_overflow_panic_and_unchecked_arithmetic; source=core/src/slice/mod.rs:5488-5493; semantic-disposition=admissible-source-backed-support] TS-017-D005 source_backed_mut_raw_pointer_cast_boundary `rust_1_96_array_mut_ptr_cast_relation`: The harness now executes the source-shaped `*mut [T; N]` to `*mut T` raw cast directly. The remaining proof-only boundary links the reviewed mutable slice-start pointer plus length multiplication fact to the flattened element source, mutable raw-domain facts, and no-change frame that Verus cannot derive from raw-pointer provenance. [status=minimal_trusted_boundary_for_source_backed_mut_ptr_cast_relation_to_flat_slice; source=core/src/slice/mod.rs:5496; semantic-disposition=admissible-source-backed-support] TS-017-D006 source_backed_mut_raw_parts_final_frame_boundary `rust_1_96_from_raw_parts_mut_flat`: The public target body calls a local `from_raw_parts_mut` wrapper after the source-backed pointer cast. The only isolated operation is the mutable raw slice construction over `T`, whose contract relates the returned old view to the flattened old source and the final returned mutable slice to `flatten_array_chunks(final(slice)@)`. [status=minimal_trusted_boundary_for_source_backed_flat_mut_slice_raw_parts_and_final_frame; source=core/src/slice/mod.rs:5496; core/src/slice/raw.rs:179-196; semantic-disposition=inadmissible-answer-bearing-support] TS-017-C001 source-indexed callee `len`: core/src/slice/iter/macros.rs:142-144 [status=source-indexed; semantic-disposition=context-only-source-closure]. TS-017-C002 source-indexed callee `len`: core/src/slice/sort/stable/drift.rs:295-297 [status=source-indexed; semantic-disposition=context-only-source-closure]. TS-017-C003 source-indexed callee `len`: alloc/src/vec/in_place_drop.rs:15-17 [status=source-indexed; semantic-disposition=context-only-source-closure]. TS-017-E001 external_body `rust_1_96_slice_len_overflow_panic` at /home/chentianyu/nanvix-rust-std-spec-survey/nanvix-rust-std-slice-vec-implproof-2026-08-12/proof_harnesses/017_core_slice_as_flattened_mut/harness.rs:94 is an explicit trusted function body; backing dependency records=TS-017-D004; semantic-disposition=admissible-source-backed-lower-boundary. TS-017-E002 external_body `rust_1_96_unchecked_mul` at /home/chentianyu/nanvix-rust-std-spec-survey/nanvix-rust-std-slice-vec-implproof-2026-08-12/proof_harnesses/017_core_slice_as_flattened_mut/harness.rs:99 is an explicit trusted function body; backing dependency records=TS-017-D004; semantic-disposition=admissible-source-backed-lower-boundary. TS-017-E003 external_body `rust_1_96_array_mut_ptr_cast_relation` at /home/chentianyu/nanvix-rust-std-spec-survey/nanvix-rust-std-slice-vec-implproof-2026-08-12/proof_harnesses/017_core_slice_as_flattened_mut/harness.rs:128 is an explicit trusted function body; backing dependency records=TS-017-D005; semantic-disposition=admissible-source-backed-lower-boundary. TS-017-E004 external_body `rust_1_96_from_raw_parts_mut_flat` at /home/chentianyu/nanvix-rust-std-spec-survey/nanvix-rust-std-slice-vec-implproof-2026-08-12/proof_harnesses/017_core_slice_as_flattened_mut/harness.rs:171 is an explicit trusted function body; backing dependency records=TS-017-D006; semantic-disposition=inadmissible-complete-target-postcondition.",The target definition must construct returned borrow identities and frames from source-backed range and ownership transitions.,inadmissible,"Boundary_T must exclude or replace TS-017-D006, TS-017-E004 with recursively modeled lower transitions before a conditional-completeness obligation is admissible.",no,"Retained trust site(s) TS-017-D006, TS-017-E004 supply a complete target/branch postcondition or an answer-equivalent result, so the current proof boundary is not narrower than the target.",exact-principal-return-and-final-state,"Principal return values, returned reference identities, and final-state observations are compared by exact equality.",,,,conditional-complete,conditional-incomplete
core::slice::as_mut_array,18,slice,all-20260815T0127Z-ascii-whitespace-vtab-repair,unknown,mutable-reference-view-boundary,"contract fixes the Seq view and old/final frame, but mutable reference identity and alias/lifetime state are not uniquely determined by that view",views-and-fixed-subranges,generated-new-real-relation-spec,B,"pub assume_specification<T, const N: usize>[ <[T]>::as_mut_array::<N> ]( slice: &mut [T], ) -> (ret: Option<&mut [T; N]>) ensures old(slice)@.len() == N ==> ret.is_some() && array_mut_ref_view(ret.unwrap()) == old(slice)@ && final(slice)@ == array_value_view(*final(ret.unwrap())), old(slice)@.len() != N ==> ret.is_none() && final(slice)@ == old(slice)@, ;",1ac5b31b2e71effad4bc9503263318d0fe4c53b2aff998e13f2fe9faccab72c4,"pub assume_specification<T, const N: usize>[ <[T]>::as_mut_array::<N> ]( slice: &mut [T], ) -> (ret: Option<&mut [T; N]>) ensures old(slice)@.len() == N ==> ret.is_some() && array_mut_ref_view(ret.unwrap()) == old(slice)@ && final(slice)@ == array_value_view(*final(ret.unwrap())), old(slice)@.len() != N ==> ret.is_none() && final(slice)@ == old(slice)@, ;",1ac5b31b2e71effad4bc9503263318d0fe4c53b2aff998e13f2fe9faccab72c4,no,active-catalog-and-generated-declaration,/home/chentianyu/nanvix-rust-std-spec-survey/nanvix-rust-std-slice-specgen-2026-08-11/specs/generated_slice_specs.rs,276,284,"pub assume_specification<T, const N: usize>[ <[T]>::as_mut_array::<N> ](
    slice: &mut [T],
) -> (ret: Option<&mut [T; N]>)
    ensures
        old(slice)@.len() == N ==> ret.is_some()
            && array_mut_ref_view(ret.unwrap()) == old(slice)@
            && final(slice)@ == array_value_view(*final(ret.unwrap())),
        old(slice)@.len() != N ==> ret.is_none() && final(slice)@ == old(slice)@,
;
",3038bd1a29eebe65fa0ef6ce674bd2e16531ac638a37b403c287659eb8761f20,/home/chentianyu/nanvix-rust-std-spec-survey/nanvix-rust-std-slice-specgen-2026-08-11/specs/slice_shared_vocabulary.rs,f47deb4c5da97621b87c7bbfb1909c5eda7303e8be0422fbe43fd6588fdf1c33,core/src/slice/mod.rs:872,/home/chentianyu/nanvix-rust-std-spec-survey/rust-1.96/library/core/src/slice/mod.rs,58901fa6437dbd4d77c68427bbced0fc3a91a10fdb8bd2e233adf6a9ba27d2d5,869,879,d2208668f0b01536cedf4b43a19beca6d879c2dca9e7fb2ba16b10a8110d0529,"    pub const fn as_mut_array<const N: usize>(&mut self) -> Option<&mut [T; N]> {
        if self.len() == N {
            let ptr = self.as_mut_ptr().cast_array();

            // SAFETY: The underlying array of a slice can be reinterpreted as an actual array `[T; N]` if `N` is not greater than the slice's length.
            let me = unsafe { &mut *ptr };
            Some(me)
        } else {
            None
        }
    }
",core/src/slice/mod.rs:862-864,862,864,97b58410072b3efa6d86d54427d5e20ea09f14c42d26dbd89f4403f4ea382221,"Gets a mutable reference to the slice's underlying array.

If `N` is not exactly equal to the length of `self`, then this method returns `None`.
",/home/chentianyu/nanvix-rust-std-spec-survey/nanvix-rust-std-slice-vec-implproof-2026-08-12/proof_harnesses/018_core_slice_as_mut_array/harness.rs,cfb8ce05b5087df04751b6e2e996f83e752f4b4e5c6fd40e9661c58259f3326d,/home/chentianyu/nanvix-rust-std-spec-survey/nanvix-rust-std-slice-vec-implproof-2026-08-12/proof_manifests/018_core_slice_as_mut_array/source_body.json,7b1de8d9b58bfb22e299086e2b0b8bf7133eb20f29535266a5dde018d0d74155,/home/chentianyu/nanvix-rust-std-spec-survey/nanvix-rust-std-slice-vec-implproof-2026-08-12/proof_manifests/018_core_slice_as_mut_array/transformation_manifest.json,c63710c5ff71970a23437a097495f4c692da2ee02f9110028bcfc7e3dc20bb50,/home/chentianyu/nanvix-rust-std-spec-survey/nanvix-rust-std-slice-vec-implproof-2026-08-12/proof_manifests/018_core_slice_as_mut_array/dependency_assumption_manifest.json,5990c3796329b8b80c4f79138f3b84b55beede4dd26b29d6982856cb1b1740c1,provenance/frozen/implproof/018_core_slice_as_mut_array/harness.rs,provenance/frozen/implproof/018_core_slice_as_mut_array/source_body.json,provenance/frozen/implproof/018_core_slice_as_mut_array/transformation_manifest.json,provenance/frozen/implproof/018_core_slice_as_mut_array/dependency_assumption_manifest.json,provenance/frozen/rust-1.96/library/core/src/slice/mod.rs,101,2,actual_verus_verified_modulo_source_backed_raw_pointer_cast_boundary_and_mut_array_ref_final_frame_boundary:proof_harnesses/018_core_slice_as_mut_array/evidence/verus_stdout.txt,"[""len"",""as_mut_ptr"",""rust_1_96_slice_as_mut_ptr_cast"",""rust_1_96_mut_ptr_cast_array"",""rust_1_96_as_mut_array_ref""]",4,TS-018-D001;TS-018-D002;TS-018-D003;TS-018-D004,3,TS-018-C001;TS-018-C002;TS-018-C003,2,TS-018-E001;TS-018-E002,TS-018-D001;TS-018-D002;TS-018-D003;TS-018-D004;TS-018-C001;TS-018-C002;TS-018-C003;TS-018-E001;TS-018-E002,9,3,4,2,TS-018-D004;TS-018-E002,0,mutable_borrow_transition_v1,"[""input root allocation, provenance, and borrow identity"",""source-backed subrange and alias-permission transitions"",""individual caller mutation events and their local state transitions""]","Boundary_T fixes the input mutable-borrow identity and any genuine caller mutation transitions already represented by the proof. It does not freeze returned references, aggregate post-state, or a complete target trace. TS-018-D001 shared_model_helper `array_mut_ref_view;array_value_view;slice_start_mut_ptr;slice_mut_array_ptr`: The generated mutable array-reference vocabulary is inlined as open spec definitions, and the pointer provenance vocabulary connects the reviewed as_mut_ptr dependency to the source-backed cast_array/deref boundaries. The target postcondition is not assumed. [status=audited_generated_contract_vocabulary_instantiated_in_harness; source=frozen_inputs/slice/specs/slice_shared_vocabulary.rs:913-935 and raw-pointer/provenance vocabulary used by core::slice::as_mut_ptr; semantic-disposition=context-only-specification-vocabulary] TS-018-D002 generated_target_dependency `core::slice::as_mut_ptr`: The Rust 1.96 body calls `self.as_mut_ptr()` before `cast_array()`. The harness reuses the already verified as_mut_ptr dependency shape by calling a local executable wrapper with the same `slice_start_mut_ptr(old(slice)@, ptr)` and `final(slice)@ == old(slice)@` facts. [status=reviewed_dependency_reused_for_mut_pointer_start_and_final_frame_fact; source=core/src/slice/mod.rs:871; proof_harnesses/019_core_slice_as_mut_ptr/harness.rs; semantic-disposition=admissible-source-backed-support] TS-018-D003 source_backed_raw_pointer_cast_boundary `rust_1_96_mut_ptr_cast_array`: Verus cannot prove mutable raw-pointer provenance for `ptr.cast_array()` directly in the non-external target body. The boundary body is exactly the Rust 1.96 `ptr.cast_array()` operation and only links the reviewed mutable slice-start pointer to an array-pointer provenance fact while preserving the mutable-slice frame. [status=minimal_trusted_boundary_for_source_backed_mut_ptr_cast_array; source=core/src/slice/mod.rs:871; semantic-disposition=admissible-source-backed-support] TS-018-D004 source_backed_mut_array_ref_final_frame_boundary `rust_1_96_as_mut_array_ref`: The public target is executable and keeps the Rust 1.96 length guard and Some/None flow. Only the unsafe mutable array-reference dereference `unsafe { &mut *ptr }` is isolated in a target-local boundary whose precondition is the proved old slice length N plus the pointer-array provenance fact, and whose postcondition relates the returned mutable array reference to the full old slice view and final returned array value to the final slice view. [status=minimal_trusted_boundary_for_source_backed_full_mut_slice_array_ref_cast_and_final_frame; source=core/src/slice/mod.rs:874-875; semantic-disposition=inadmissible-answer-bearing-support] TS-018-C001 source-indexed callee `len`: core/src/slice/iter/macros.rs:142-144 [status=source-indexed; semantic-disposition=context-only-source-closure]. TS-018-C002 source-indexed callee `len`: core/src/slice/sort/stable/drift.rs:295-297 [status=source-indexed; semantic-disposition=context-only-source-closure]. TS-018-C003 source-indexed callee `len`: alloc/src/vec/in_place_drop.rs:15-17 [status=source-indexed; semantic-disposition=context-only-source-closure]. TS-018-E001 external_body `rust_1_96_mut_ptr_cast_array` at /home/chentianyu/nanvix-rust-std-spec-survey/nanvix-rust-std-slice-vec-implproof-2026-08-12/proof_harnesses/018_core_slice_as_mut_array/harness.rs:53 is an explicit trusted function body; backing dependency records=TS-018-D003; semantic-disposition=admissible-source-backed-lower-boundary. TS-018-E002 external_body `rust_1_96_as_mut_array_ref` at /home/chentianyu/nanvix-rust-std-spec-survey/nanvix-rust-std-slice-vec-implproof-2026-08-12/proof_harnesses/018_core_slice_as_mut_array/harness.rs:67 is an explicit trusted function body; backing dependency records=TS-018-D004; semantic-disposition=inadmissible-complete-branch-postcondition.",The target definition must construct returned borrow identities and frames from source-backed range and ownership transitions.,inadmissible,"Boundary_T must exclude or replace TS-018-D004, TS-018-E002 with recursively modeled lower transitions before a conditional-completeness obligation is admissible.",no,"Retained trust site(s) TS-018-D004, TS-018-E002 supply a complete target/branch postcondition or an answer-equivalent result, so the current proof boundary is not narrower than the target.",exact-principal-return-and-final-state,"Principal return values, returned reference identities, and final-state observations are compared by exact equality.",,,,conditional-complete,conditional-incomplete
core::slice::as_mut_ptr,19,slice,all-20260815T0127Z-ascii-whitespace-vtab-repair,unknown,raw-pointer-provenance-boundary,"pointer address, provenance, alignment, or layout state is source-observable but not uniquely recoverable from the pure slice Seq view",raw-pointer-and-provenance,generated-new-real-relation-spec,B,"pub assume_specification<T>[ <[T]>::as_mut_ptr ]( slice: &mut [T], ) -> (ptr: *mut T) ensures slice_start_mut_ptr(old(slice)@, ptr), final(slice)@ == old(slice)@, ;",840c4efc8976016ca0b1c8728d1cabb13529c6e83939e8ca3cbc31232ba6a14a,"pub assume_specification<T>[ <[T]>::as_mut_ptr ]( slice: &mut [T], ) -> (ptr: *mut T) ensures slice_start_mut_ptr(old(slice)@, ptr), final(slice)@ == old(slice)@, ;",840c4efc8976016ca0b1c8728d1cabb13529c6e83939e8ca3cbc31232ba6a14a,no,active-catalog-and-generated-declaration,/home/chentianyu/nanvix-rust-std-spec-survey/nanvix-rust-std-slice-specgen-2026-08-11/specs/generated_slice_specs.rs,946,952,"pub assume_specification<T>[ <[T]>::as_mut_ptr ](
    slice: &mut [T],
) -> (ptr: *mut T)
    ensures
        slice_start_mut_ptr(old(slice)@, ptr),
        final(slice)@ == old(slice)@,
;
",dc6d9942c011b6251d7c60ce73e084496c9d7c075a5da271d26d6b55349d7b05,/home/chentianyu/nanvix-rust-std-spec-survey/nanvix-rust-std-slice-specgen-2026-08-11/specs/slice_shared_vocabulary.rs,f47deb4c5da97621b87c7bbfb1909c5eda7303e8be0422fbe43fd6588fdf1c33,core/src/slice/mod.rs:760,/home/chentianyu/nanvix-rust-std-spec-survey/rust-1.96/library/core/src/slice/mod.rs,58901fa6437dbd4d77c68427bbced0fc3a91a10fdb8bd2e233adf6a9ba27d2d5,757,759,99e25e7a86cc5c6b6b7557a4e100daf10a6be356072e931c8a093b6c6198dd9c,"    pub const fn as_mut_ptr(&mut self) -> *mut T {
        self as *mut [T] as *mut T
    }
",core/src/slice/mod.rs:730-750,730,750,3851bf44bb329acf47bb7a8bd408c98a81a156a3a994b6c91cbb247f7b8b1991,"Returns an unsafe mutable pointer to the slice's buffer.

The caller must ensure that the slice outlives the pointer this
function returns, or else it will end up dangling.

Modifying the container referenced by this slice may cause its buffer
to be reallocated, which would also make any pointers to it invalid.

# Examples

```
let x = &mut [1, 2, 4];
let x_ptr = x.as_mut_ptr();

unsafe {
for i in 0..x.len() {
*x_ptr.add(i) += 2;
}
}
assert_eq!(x, &[3, 4, 6]);
```
",/home/chentianyu/nanvix-rust-std-spec-survey/nanvix-rust-std-slice-vec-implproof-2026-08-12/proof_harnesses/019_core_slice_as_mut_ptr/harness.rs,eb0a1e8ab4774361750cff038e81f01dc3d704ed7c6e857ae1dcc84d87ffeda5,/home/chentianyu/nanvix-rust-std-spec-survey/nanvix-rust-std-slice-vec-implproof-2026-08-12/proof_manifests/019_core_slice_as_mut_ptr/source_body.json,9392a9ae2c1f43692053ccdcc78bec57b8ccddae58e727cdc1633baf12db854c,/home/chentianyu/nanvix-rust-std-spec-survey/nanvix-rust-std-slice-vec-implproof-2026-08-12/proof_manifests/019_core_slice_as_mut_ptr/transformation_manifest.json,8db4d22fd38b5f2494c0ecbd0ab58cae39efeb3bd7626d59d86600fe4d7841e5,/home/chentianyu/nanvix-rust-std-spec-survey/nanvix-rust-std-slice-vec-implproof-2026-08-12/proof_manifests/019_core_slice_as_mut_ptr/dependency_assumption_manifest.json,ba0f724ecc64b88f8f2aaede004cfe8ffbff30ddd9e40e3554f7e6b975aa30c1,provenance/frozen/implproof/019_core_slice_as_mut_ptr/harness.rs,provenance/frozen/implproof/019_core_slice_as_mut_ptr/source_body.json,provenance/frozen/implproof/019_core_slice_as_mut_ptr/transformation_manifest.json,provenance/frozen/implproof/019_core_slice_as_mut_ptr/dependency_assumption_manifest.json,provenance/frozen/rust-1.96/library/core/src/slice/mod.rs,39,1,actual_verus_verified_modulo_source_backed_raw_pointer_cast_boundary:proof_harnesses/019_core_slice_as_mut_ptr/evidence/verus_stdout.txt,"[""rust_1_96_slice_as_mut_ptr_cast""]",2,TS-019-D001;TS-019-D002,0,,0,,TS-019-D001;TS-019-D002,2,0,1,1,TS-019-D001,0,raw_input_memory_provenance_v1,"[""input allocation identity, base address, provenance, and alive range"",""input length and pointer metadata"",""source and destination element layouts, alignment, and ZST flags"",""individual source-backed pointer arithmetic or alignment-helper observations""]","Boundary_T fixes the hidden raw representation of the input and only source-used pointer/layout helper observations. It does not contain the returned pointer, returned ranges, aggregate post-state, or an encoding of the selected output. TS-019-D001 executable_slice_start_pointer_model_boundary `rust_1_96_slice_as_mut_ptr_cast`: The literal Rust 1.96 slice-to-thin-pointer cast remains unsupported by this Verus build, so this production seed uses an executable raw-pointer model witness rather than an external-body cast. The generated public postcondition is unchanged. [status=verified_without_target_local_external_body; source=proof_harnesses/019_core_slice_as_mut_ptr/source_excerpt.rs; semantic-disposition=inadmissible-answer-equivalent-dependency] TS-019-D002 shared_model_helper `slice_start_mut_ptr`: The helper is now an open model predicate over pointer address/provenance and the slice view length; the target contains no assume_specification and no target-local external_body. [status=executable_model_vocabulary; source=manifest-local; semantic-disposition=context-only-specification-vocabulary]",The target definition must compute pointer/range observations from the fixed input memory model and reviewed Rust transition semantics.,inadmissible,Boundary_T must exclude or replace TS-019-D001 with recursively modeled lower transitions before a conditional-completeness obligation is admissible.,no,"Retained trust site(s) TS-019-D001 supply a complete target/branch postcondition or an answer-equivalent result, so the current proof boundary is not narrower than the target.",exact-principal-return-and-final-state,"Principal return values, returned reference identities, and final-state observations are compared by exact equality.",,,,conditional-complete,conditional-complete
core::slice::as_mut_ptr_range,20,slice,all-20260815T0127Z-ascii-whitespace-vtab-repair,unknown,raw-pointer-provenance-boundary,"pointer address, provenance, alignment, or layout state is source-observable but not uniquely recoverable from the pure slice Seq view",raw-pointer-and-provenance,generated-new-real-relation-spec,B,"pub assume_specification<T>[ <[T]>::as_mut_ptr_range ]( slice: &mut [T], ) -> (range: core::ops::Range<*mut T>) ensures slice_mut_ptr_range_starts_at_slice(old(slice)@, range), final(slice)@ == old(slice)@, ;",0d55922a668ea2e52e07ca14a1146f6ff2d0c9a9d68d9369ff4171f9a6d574c1,"pub assume_specification<T>[ <[T]>::as_mut_ptr_range ]( slice: &mut [T], ) -> (range: core::ops::Range<*mut T>) ensures slice_mut_ptr_range_starts_at_slice(old(slice)@, range), final(slice)@ == old(slice)@, ;",0d55922a668ea2e52e07ca14a1146f6ff2d0c9a9d68d9369ff4171f9a6d574c1,no,active-catalog-and-generated-declaration,/home/chentianyu/nanvix-rust-std-spec-survey/nanvix-rust-std-slice-specgen-2026-08-11/specs/generated_slice_specs.rs,954,960,"pub assume_specification<T>[ <[T]>::as_mut_ptr_range ](
    slice: &mut [T],
) -> (range: core::ops::Range<*mut T>)
    ensures
        slice_mut_ptr_range_starts_at_slice(old(slice)@, range),
        final(slice)@ == old(slice)@,
;
",996f0c19c05b89acb02c38cec9a4d31936d6cb17741e45071885a1c976d6a75f,/home/chentianyu/nanvix-rust-std-spec-survey/nanvix-rust-std-slice-specgen-2026-08-11/specs/slice_shared_vocabulary.rs,f47deb4c5da97621b87c7bbfb1909c5eda7303e8be0422fbe43fd6588fdf1c33,core/src/slice/mod.rs:839,/home/chentianyu/nanvix-rust-std-spec-survey/rust-1.96/library/core/src/slice/mod.rs,58901fa6437dbd4d77c68427bbced0fc3a91a10fdb8bd2e233adf6a9ba27d2d5,836,841,55220e2d82364704a997a82d83801dc9c3b9cd696b3bfa33155b979609448b31,"    pub const fn as_mut_ptr_range(&mut self) -> Range<*mut T> {
        let start = self.as_mut_ptr();
        // SAFETY: See as_ptr_range() above for why `add` here is safe.
        let end = unsafe { start.add(self.len()) };
        start..end
    }
",core/src/slice/mod.rs:816-831,816,831,df047f3639a4033dbb47b930b263d9c5a4df203be71724cdf52812595099fbcd,"Returns the two unsafe mutable pointers spanning the slice.

The returned range is half-open, which means that the end pointer
points *one past* the last element of the slice. This way, an empty
slice is represented by two equal pointers, and the difference between
the two pointers represents the size of the slice.

See [`as_mut_ptr`] for warnings on using these pointers. The end
pointer requires extra caution, as it does not point to a valid element
in the slice.

This function is useful for interacting with foreign interfaces which
use two pointers to refer to a range of elements in memory, as is
common in C++.

[`as_mut_ptr`]: slice::as_mut_ptr
",/home/chentianyu/nanvix-rust-std-spec-survey/nanvix-rust-std-slice-vec-implproof-2026-08-12/proof_harnesses/020_core_slice_as_mut_ptr_range/harness.rs,00321fafb91ca11126709e42c2c6d9f472f8ef2db374e03270feedf37bd79713,/home/chentianyu/nanvix-rust-std-spec-survey/nanvix-rust-std-slice-vec-implproof-2026-08-12/proof_manifests/020_core_slice_as_mut_ptr_range/source_body.json,167a530e1b29a9d46b7688f02d719f07e58fbcbb88b275a7f07ce48babe3f367,/home/chentianyu/nanvix-rust-std-spec-survey/nanvix-rust-std-slice-vec-implproof-2026-08-12/proof_manifests/020_core_slice_as_mut_ptr_range/transformation_manifest.json,5b58ca0deb0977570cc0ddef8e418d8a597bdf5c4c65df603a3875fc0fdde999,/home/chentianyu/nanvix-rust-std-spec-survey/nanvix-rust-std-slice-vec-implproof-2026-08-12/proof_manifests/020_core_slice_as_mut_ptr_range/dependency_assumption_manifest.json,88bf69846ba0268d13b0e8d02fa0a8667d1b751d978474f9dffc6ae8d2c41f90,provenance/frozen/implproof/020_core_slice_as_mut_ptr_range/harness.rs,provenance/frozen/implproof/020_core_slice_as_mut_ptr_range/source_body.json,provenance/frozen/implproof/020_core_slice_as_mut_ptr_range/transformation_manifest.json,provenance/frozen/implproof/020_core_slice_as_mut_ptr_range/dependency_assumption_manifest.json,provenance/frozen/rust-1.96/library/core/src/slice/mod.rs,102,2,actual_verus_verified_modulo_source_backed_raw_pointer_cast_boundary_and_raw_pointer_add_range_boundary:proof_harnesses/020_core_slice_as_mut_ptr_range/evidence/verus_stdout.txt,"[""as_mut_ptr"",""len"",""rust_1_96_mut_ptr_add_range_end"",""rust_1_96_slice_as_mut_ptr_cast""]",4,TS-020-D001;TS-020-D002;TS-020-D003;TS-020-D004,3,TS-020-C001;TS-020-C002;TS-020-C003,1,TS-020-E001,TS-020-D001;TS-020-D002;TS-020-D003;TS-020-D004;TS-020-C001;TS-020-C002;TS-020-C003;TS-020-E001,8,2,4,2,TS-020-D004;TS-020-E001,0,raw_input_memory_provenance_v1,"[""input allocation identity, base address, provenance, and alive range"",""input length and pointer metadata"",""source and destination element layouts, alignment, and ZST flags"",""individual source-backed pointer arithmetic or alignment-helper observations""]","Boundary_T fixes the hidden raw representation of the input and only source-used pointer/layout helper observations. It does not contain the returned pointer, returned ranges, aggregate post-state, or an encoding of the selected output. TS-020-D001 shared_model_helper `slice_mut_ptr_range_result;slice_mut_ptr_range_starts_at_slice;slice_start_mut_ptr`: The generated mutable pointer-range vocabulary is instantiated locally: the reviewed mutable slice-start pointer fact comes from the as_mut_ptr dependency, and the range-result fact is linked only through the source-backed `start.add(self.len())` boundary. The target postcondition is not assumed directly. [status=existing_generated_contract_vocabulary_boundary; source=manifest-local; semantic-disposition=context-only-specification-vocabulary] TS-020-D002 generated_target_dependency `core::slice::as_mut_ptr`: The Rust 1.96 body first calls `self.as_mut_ptr()`. The harness reuses the already reviewed as_mut_ptr shape by calling a local executable wrapper with `slice_start_mut_ptr(old(slice)@, ptr)` and `final(slice)@ == old(slice)@` facts. [status=reviewed_dependency_reused_for_mut_pointer_start_and_final_frame_fact; source=core/src/slice/mod.rs:757-759 and 839; proof_harnesses/019_core_slice_as_mut_ptr/harness.rs; semantic-disposition=admissible-source-backed-support] TS-020-D003 executable_slice_start_pointer_model `rust_1_96_slice_as_mut_ptr_cast`: The local core::slice::as_mut_ptr dependency wrapper now reuses the accepted null-provenance, length-address Slice start-pointer model instead of a target-local external_body cast boundary. Evidence: proof_inventory/raw_slice_start_pointer_range_consumers_20260818T0711Z/summary.json. [status=verified_executable_model_no_external_body; source=manifest-local; semantic-disposition=admissible-source-backed-support] TS-020-D004 source_backed_raw_pointer_add_range_boundary `rust_1_96_mut_ptr_add_range_end`: The public target computes `let end = unsafe { start.add(self.len()) }`. Verus does not model the raw-pointer provenance and one-past-end arithmetic for `add`, so the harness isolates exactly that operation in a source-backed unsafe boundary whose contract connects the reviewed start pointer and current length to `slice_mut_ptr_range_result` while preserving the mutable-slice frame. [status=minimal_trusted_boundary_until_raw_pointer_add_provenance_is_modeled_by_verus; source=core/src/slice/mod.rs:839-840; semantic-disposition=inadmissible-answer-bearing-support] TS-020-C001 source-indexed callee `len`: core/src/slice/iter/macros.rs:142-144 [status=source-indexed; semantic-disposition=context-only-source-closure]. TS-020-C002 source-indexed callee `len`: core/src/slice/sort/stable/drift.rs:295-297 [status=source-indexed; semantic-disposition=context-only-source-closure]. TS-020-C003 source-indexed callee `len`: alloc/src/vec/in_place_drop.rs:15-17 [status=source-indexed; semantic-disposition=context-only-source-closure]. TS-020-E001 external_body `rust_1_96_mut_ptr_add_range_end` at /home/chentianyu/nanvix-rust-std-spec-survey/nanvix-rust-std-slice-vec-implproof-2026-08-12/proof_harnesses/020_core_slice_as_mut_ptr_range/harness.rs:49 is an explicit trusted function body; backing dependency records=TS-020-D004; semantic-disposition=inadmissible-answer-equivalent-result.",The target definition must compute pointer/range observations from the fixed input memory model and reviewed Rust transition semantics.,inadmissible,"Boundary_T must exclude or replace TS-020-D004, TS-020-E001 with recursively modeled lower transitions before a conditional-completeness obligation is admissible.",no,"Retained trust site(s) TS-020-D004, TS-020-E001 supply a complete target/branch postcondition or an answer-equivalent result, so the current proof boundary is not narrower than the target.",exact-principal-return-and-final-state,"Principal return values, returned reference identities, and final-state observations are compared by exact equality.",,,,conditional-complete,conditional-complete
core::slice::as_ptr,21,slice,all-20260815T0127Z-ascii-whitespace-vtab-repair,unknown,raw-pointer-provenance-boundary,"pointer address, provenance, alignment, or layout state is source-observable but not uniquely recoverable from the pure slice Seq view",raw-pointer-and-provenance,generated-new-real-relation-spec,B,"pub assume_specification<T>[ <[T]>::as_ptr ]( slice: &[T], ) -> (ptr: *const T) ensures slice_start_ptr(slice@, ptr), ;",52c2a91bc8c7e49cd77d4429bb2b2a6e50a788211f2abca511f4df650f1a5edc,"pub assume_specification<T>[ <[T]>::as_ptr ]( slice: &[T], ) -> (ptr: *const T) ensures slice_start_ptr(slice@, ptr), ;",52c2a91bc8c7e49cd77d4429bb2b2a6e50a788211f2abca511f4df650f1a5edc,no,active-catalog-and-generated-declaration,/home/chentianyu/nanvix-rust-std-spec-survey/nanvix-rust-std-slice-specgen-2026-08-11/specs/generated_slice_specs.rs,962,967,"pub assume_specification<T>[ <[T]>::as_ptr ](
    slice: &[T],
) -> (ptr: *const T)
    ensures
        slice_start_ptr(slice@, ptr),
;
",b0ec5eae84d75f813fab5928ff03de458f1ce49a63a60c79badca458b064f978,/home/chentianyu/nanvix-rust-std-spec-survey/nanvix-rust-std-slice-specgen-2026-08-11/specs/slice_shared_vocabulary.rs,f47deb4c5da97621b87c7bbfb1909c5eda7303e8be0422fbe43fd6588fdf1c33,core/src/slice/mod.rs:728,/home/chentianyu/nanvix-rust-std-spec-survey/rust-1.96/library/core/src/slice/mod.rs,58901fa6437dbd4d77c68427bbced0fc3a91a10fdb8bd2e233adf6a9ba27d2d5,726,728,df0d49a1417773cb8932d48e9e7bb06a553039beaca7f20000b9fc6319236c1d,"    pub const fn as_ptr(&self) -> *const T {
        self as *const [T] as *const T
    }
",core/src/slice/mod.rs:694-719,694,719,666a592c613c5212ca65ff220cde84204c8baa9952bbfea0476b9dd7f6518e0a,"Returns a raw pointer to the slice's buffer.

The caller must ensure that the slice outlives the pointer this
function returns, or else it will end up dangling.

The caller must also ensure that the memory the pointer (non-transitively) points to
is never written to (except inside an `UnsafeCell`) using this pointer or any pointer
derived from it. If you need to mutate the contents of the slice, use [`as_mut_ptr`].

Modifying the container referenced by this slice may cause its buffer
to be reallocated, which would also make any pointers to it invalid.

# Examples

```
let x = &[1, 2, 4];
let x_ptr = x.as_ptr();

unsafe {
for i in 0..x.len() {
assert_eq!(x.get_unchecked(i), &*x_ptr.add(i));
}
}
```

[`as_mut_ptr`]: slice::as_mut_ptr
",/home/chentianyu/nanvix-rust-std-spec-survey/nanvix-rust-std-slice-vec-implproof-2026-08-12/proof_harnesses/021_core_slice_as_ptr/harness.rs,d081c3a1a2738f7b8301ffc39e54cc004c5a1158d504c306792f5861cba426c1,/home/chentianyu/nanvix-rust-std-spec-survey/nanvix-rust-std-slice-vec-implproof-2026-08-12/proof_manifests/021_core_slice_as_ptr/source_body.json,47e923f578936590547304916db0de2184ce8936e83a7bbd11827c9cac966d01,/home/chentianyu/nanvix-rust-std-spec-survey/nanvix-rust-std-slice-vec-implproof-2026-08-12/proof_manifests/021_core_slice_as_ptr/transformation_manifest.json,33d77f3b05d8bc672204176f1998b094f7c0a74c325d73221e0b1c122cc7d175,/home/chentianyu/nanvix-rust-std-spec-survey/nanvix-rust-std-slice-vec-implproof-2026-08-12/proof_manifests/021_core_slice_as_ptr/dependency_assumption_manifest.json,794fb78fc30e7cfbf99e9b445b68214d69c06346f247e3446b3f23a536dd565f,provenance/frozen/implproof/021_core_slice_as_ptr/harness.rs,provenance/frozen/implproof/021_core_slice_as_ptr/source_body.json,provenance/frozen/implproof/021_core_slice_as_ptr/transformation_manifest.json,provenance/frozen/implproof/021_core_slice_as_ptr/dependency_assumption_manifest.json,provenance/frozen/rust-1.96/library/core/src/slice/mod.rs,40,1,actual_verus_verified_modulo_source_backed_raw_pointer_cast_boundary:proof_harnesses/021_core_slice_as_ptr/evidence/verus_stdout.txt,"[""rust_1_96_slice_as_ptr_cast""]",2,TS-021-D001;TS-021-D002,0,,0,,TS-021-D001;TS-021-D002,2,0,1,1,TS-021-D001,0,raw_input_memory_provenance_v1,"[""input allocation identity, base address, provenance, and alive range"",""input length and pointer metadata"",""source and destination element layouts, alignment, and ZST flags"",""individual source-backed pointer arithmetic or alignment-helper observations""]","Boundary_T fixes the hidden raw representation of the input and only source-used pointer/layout helper observations. It does not contain the returned pointer, returned ranges, aggregate post-state, or an encoding of the selected output. TS-021-D001 executable_slice_start_pointer_model_boundary `rust_1_96_slice_as_ptr_cast`: The literal Rust 1.96 slice-to-thin-pointer cast remains unsupported by this Verus build, so this production seed uses an executable raw-pointer model witness rather than an external-body cast. The generated public postcondition is unchanged. [status=verified_without_target_local_external_body; source=proof_harnesses/021_core_slice_as_ptr/source_excerpt.rs; semantic-disposition=inadmissible-answer-equivalent-dependency] TS-021-D002 shared_model_helper `slice_start_ptr`: The helper is now an open model predicate over pointer address/provenance and the slice view length; the target contains no assume_specification and no target-local external_body. [status=executable_model_vocabulary; source=manifest-local; semantic-disposition=context-only-specification-vocabulary]",The target definition must compute pointer/range observations from the fixed input memory model and reviewed Rust transition semantics.,inadmissible,Boundary_T must exclude or replace TS-021-D001 with recursively modeled lower transitions before a conditional-completeness obligation is admissible.,no,"Retained trust site(s) TS-021-D001 supply a complete target/branch postcondition or an answer-equivalent result, so the current proof boundary is not narrower than the target.",exact-principal-return-and-final-state,"Principal return values, returned reference identities, and final-state observations are compared by exact equality.",,,,conditional-complete,conditional-complete
core::slice::as_ptr_range,22,slice,all-20260815T0127Z-ascii-whitespace-vtab-repair,unknown,raw-pointer-provenance-boundary,"pointer address, provenance, alignment, or layout state is source-observable but not uniquely recoverable from the pure slice Seq view",raw-pointer-and-provenance,generated-new-real-relation-spec,B,"pub assume_specification<T>[ <[T]>::as_ptr_range ]( slice: &[T], ) -> (range: core::ops::Range<*const T>) ensures slice_ptr_range_starts_at_slice(slice@, range), ;",2bb2f31be87ccb793fb77b630b4b57ca59c5d534fd90d38b858122dee6212434,"pub assume_specification<T>[ <[T]>::as_ptr_range ]( slice: &[T], ) -> (range: core::ops::Range<*const T>) ensures slice_ptr_range_starts_at_slice(slice@, range), ;",2bb2f31be87ccb793fb77b630b4b57ca59c5d534fd90d38b858122dee6212434,no,active-catalog-and-generated-declaration,/home/chentianyu/nanvix-rust-std-spec-survey/nanvix-rust-std-slice-specgen-2026-08-11/specs/generated_slice_specs.rs,969,974,"pub assume_specification<T>[ <[T]>::as_ptr_range ](
    slice: &[T],
) -> (range: core::ops::Range<*const T>)
    ensures
        slice_ptr_range_starts_at_slice(slice@, range),
;
",4675e9d8164357fbe03658193a8ee973092bdd70406e3ed8f91b8ca9c2fc39c0,/home/chentianyu/nanvix-rust-std-spec-survey/nanvix-rust-std-slice-specgen-2026-08-11/specs/slice_shared_vocabulary.rs,f47deb4c5da97621b87c7bbfb1909c5eda7303e8be0422fbe43fd6588fdf1c33,core/src/slice/mod.rs:796,/home/chentianyu/nanvix-rust-std-spec-survey/rust-1.96/library/core/src/slice/mod.rs,58901fa6437dbd4d77c68427bbced0fc3a91a10fdb8bd2e233adf6a9ba27d2d5,793,814,b42ea830188debee4c9145f4e52e8a270861f5c3845a4f1c4a50e006987ed5d7,"    pub const fn as_ptr_range(&self) -> Range<*const T> {
        let start = self.as_ptr();
        // SAFETY: The `add` here is safe, because:
        //
        //   - Both pointers are part of the same object, as pointing directly
        //     past the object also counts.
        //
        //   - The size of the slice is never larger than `isize::MAX` bytes, as
        //     noted here:
        //       - https://github.com/rust-lang/unsafe-code-guidelines/issues/102#issuecomment-473340447
        //       - https://doc.rust-lang.org/reference/behavior-considered-undefined.html
        //       - https://doc.rust-lang.org/core/slice/fn.from_raw_parts.html#safety
        //     (This doesn't seem normative yet, but the very same assumption is
        //     made in many places, including the Index implementation of slices.)
        //
        //   - There is no wrapping around involved, as slices do not wrap past
        //     the end of the address space.
        //
        // See the documentation of [`pointer::add`].
        let end = unsafe { start.add(self.len()) };
        start..end
    }
",core/src/slice/mod.rs:761-788,761,788,b473b40e5b55b1d6a5def94ba5a094dc4e03d3655da7289fca30534055a9c535,"Returns the two raw pointers spanning the slice.

The returned range is half-open, which means that the end pointer
points *one past* the last element of the slice. This way, an empty
slice is represented by two equal pointers, and the difference between
the two pointers represents the size of the slice.

See [`as_ptr`] for warnings on using these pointers. The end pointer
requires extra caution, as it does not point to a valid element in the
slice.

This function is useful for interacting with foreign interfaces which
use two pointers to refer to a range of elements in memory, as is
common in C++.

It can also be useful to check if a pointer to an element refers to an
element of this slice:

```
let a = [1, 2, 3];
let x = &a[1] as *const _;
let y = &5 as *const _;

assert!(a.as_ptr_range().contains(&x));
assert!(!a.as_ptr_range().contains(&y));
```

[`as_ptr`]: slice::as_ptr
",/home/chentianyu/nanvix-rust-std-spec-survey/nanvix-rust-std-slice-vec-implproof-2026-08-12/proof_harnesses/022_core_slice_as_ptr_range/harness.rs,687039cbba24ebc55d2e606ed50ff5ab935b164f0ef5cecc1076e8042152ef19,/home/chentianyu/nanvix-rust-std-spec-survey/nanvix-rust-std-slice-vec-implproof-2026-08-12/proof_manifests/022_core_slice_as_ptr_range/source_body.json,5c4f651c866c3926d8e9082f42b0bab9ecf51c0cda36e9148b9d811e3d2cb526,/home/chentianyu/nanvix-rust-std-spec-survey/nanvix-rust-std-slice-vec-implproof-2026-08-12/proof_manifests/022_core_slice_as_ptr_range/transformation_manifest.json,d5ac6e35755a8b6a1a2285edc13d6f4f5c673a4d34ebf983fcde0187dd365cb6,/home/chentianyu/nanvix-rust-std-spec-survey/nanvix-rust-std-slice-vec-implproof-2026-08-12/proof_manifests/022_core_slice_as_ptr_range/dependency_assumption_manifest.json,6e8dbbe6bc304a705a2dede81ba7315c67f2d562fe328929d657bdfba3c51f3d,provenance/frozen/implproof/022_core_slice_as_ptr_range/harness.rs,provenance/frozen/implproof/022_core_slice_as_ptr_range/source_body.json,provenance/frozen/implproof/022_core_slice_as_ptr_range/transformation_manifest.json,provenance/frozen/implproof/022_core_slice_as_ptr_range/dependency_assumption_manifest.json,provenance/frozen/rust-1.96/library/core/src/slice/mod.rs,103,2,actual_verus_verified_modulo_source_backed_raw_pointer_cast_boundary_and_raw_pointer_add_range_boundary:proof_harnesses/022_core_slice_as_ptr_range/evidence/verus_stdout.txt,"[""as_ptr"",""len"",""rust_1_96_ptr_add_range_end"",""rust_1_96_slice_as_ptr_cast""]",4,TS-022-D001;TS-022-D002;TS-022-D003;TS-022-D004,3,TS-022-C001;TS-022-C002;TS-022-C003,1,TS-022-E001,TS-022-D001;TS-022-D002;TS-022-D003;TS-022-D004;TS-022-C001;TS-022-C002;TS-022-C003;TS-022-E001,8,2,4,2,TS-022-D004;TS-022-E001,0,raw_input_memory_provenance_v1,"[""input allocation identity, base address, provenance, and alive range"",""input length and pointer metadata"",""source and destination element layouts, alignment, and ZST flags"",""individual source-backed pointer arithmetic or alignment-helper observations""]","Boundary_T fixes the hidden raw representation of the input and only source-used pointer/layout helper observations. It does not contain the returned pointer, returned ranges, aggregate post-state, or an encoding of the selected output. TS-022-D001 shared_model_helper `slice_ptr_range_result;slice_ptr_range_starts_at_slice;slice_start_ptr`: The generated immutable pointer-range vocabulary is instantiated locally: the reviewed immutable slice-start pointer fact comes from the as_ptr dependency, and the range-result fact is linked only through the source-backed `start.add(self.len())` boundary. The target postcondition is not assumed directly. [status=existing_generated_contract_vocabulary_boundary; source=manifest-local; semantic-disposition=context-only-specification-vocabulary] TS-022-D002 generated_target_dependency `core::slice::as_ptr`: The Rust 1.96 body first calls `self.as_ptr()`. The harness reuses the already reviewed as_ptr shape by calling a local executable wrapper with `slice_start_ptr(slice@, ptr)`. [status=reviewed_dependency_reused_for_immutable_pointer_start_fact; source=core/src/slice/mod.rs:726-728 and 794; proof_harnesses/021_core_slice_as_ptr/harness.rs; semantic-disposition=admissible-source-backed-support] TS-022-D003 executable_slice_start_pointer_model `rust_1_96_slice_as_ptr_cast`: The local core::slice::as_ptr dependency wrapper now reuses the accepted null-provenance, length-address Slice start-pointer model instead of a target-local external_body cast boundary. Evidence: proof_inventory/raw_slice_start_pointer_range_consumers_20260818T0711Z/summary.json. [status=verified_executable_model_no_external_body; source=manifest-local; semantic-disposition=admissible-source-backed-support] TS-022-D004 source_backed_raw_pointer_add_range_boundary `rust_1_96_ptr_add_range_end`: The public target computes `let end = unsafe { start.add(self.len()) }`. Verus does not model the raw-pointer provenance and one-past-end arithmetic for `add`, so the harness isolates exactly that operation in a source-backed unsafe boundary whose contract connects the reviewed start pointer and current length to `slice_ptr_range_result`. [status=minimal_trusted_boundary_until_raw_pointer_add_provenance_is_modeled_by_verus; source=core/src/slice/mod.rs:794-813; semantic-disposition=inadmissible-answer-bearing-support] TS-022-C001 source-indexed callee `len`: core/src/slice/iter/macros.rs:142-144 [status=source-indexed; semantic-disposition=context-only-source-closure]. TS-022-C002 source-indexed callee `len`: core/src/slice/sort/stable/drift.rs:295-297 [status=source-indexed; semantic-disposition=context-only-source-closure]. TS-022-C003 source-indexed callee `len`: alloc/src/vec/in_place_drop.rs:15-17 [status=source-indexed; semantic-disposition=context-only-source-closure]. TS-022-E001 external_body `rust_1_96_ptr_add_range_end` at /home/chentianyu/nanvix-rust-std-spec-survey/nanvix-rust-std-slice-vec-implproof-2026-08-12/proof_harnesses/022_core_slice_as_ptr_range/harness.rs:47 is an explicit trusted function body; backing dependency records=TS-022-D004; semantic-disposition=inadmissible-answer-equivalent-result.",The target definition must compute pointer/range observations from the fixed input memory model and reviewed Rust transition semantics.,inadmissible,"Boundary_T must exclude or replace TS-022-D004, TS-022-E001 with recursively modeled lower transitions before a conditional-completeness obligation is admissible.",no,"Retained trust site(s) TS-022-D004, TS-022-E001 supply a complete target/branch postcondition or an answer-equivalent result, so the current proof boundary is not narrower than the target.",exact-principal-return-and-final-state,"Principal return values, returned reference identities, and final-state observations are compared by exact equality.",,,,conditional-complete,conditional-complete
core::slice::as_rchunks,23,slice,all-20260815T0127Z-ascii-whitespace-vtab-repair,unknown,iterator-or-subslice-state-boundary,"contract fixes source/remaining/subrange state, but the Rust iterator, chunk, split, or borrowed subslice value retains opaque runtime/lifetime state",iterator-splitting-and-chunking,generated-new-real-relation-spec,B,"pub assume_specification<T, const N: usize>[ <[T]>::as_rchunks::<N> ]( slice: &[T], ) -> (ret: (&[T], &[[T; N]])) requires N != 0, ensures slice_array_rchunks_partition::<T, N>(slice@, ret.0@, ret.1@), ret.1@.len() == slice@.len() / (N as nat), ret.0@.len() == slice@.len() % (N as nat), ret.0@ == slice@.subrange(0, ret.0@.len() as int), forall|chunk: int| 0 <= chunk < ret.1@.len() ==> array_value_view::<T, N>(ret.1@[chunk]) == slice@.subrange(ret.0@.len() as int + chunk * (N as int), ret.0@.len() as int + (chunk + 1) * (N as int)), ;",1b3b024fdbd8f22771d68cefc3082062544ac60b7d7ac07fda1c14cab04ab3ca,"pub assume_specification<T, const N: usize>[ <[T]>::as_rchunks::<N> ]( slice: &[T], ) -> (ret: (&[T], &[[T; N]])) requires N != 0, ensures slice_array_rchunks_partition::<T, N>(slice@, ret.0@, ret.1@), ;",e2267d28d210517821bbafb80115b79374ff4925b5096b1b27fb466f399a2cec,yes,active-catalog-and-generated-declaration,/home/chentianyu/nanvix-rust-std-spec-survey/nanvix-rust-std-slice-specgen-2026-08-11/specs/generated_slice_specs.rs,301,317,"pub assume_specification<T, const N: usize>[ <[T]>::as_rchunks::<N> ](
    slice: &[T],
) -> (ret: (&[T], &[[T; N]]))
    requires
        N != 0,
    ensures
        slice_array_rchunks_partition::<T, N>(slice@, ret.0@, ret.1@),
        ret.1@.len() == slice@.len() / (N as nat),
        ret.0@.len() == slice@.len() % (N as nat),
        ret.0@ == slice@.subrange(0, ret.0@.len() as int),
        forall|chunk: int| 0 <= chunk < ret.1@.len() ==> array_value_view::<T, N>(
            ret.1@[chunk],
        ) == slice@.subrange(
            ret.0@.len() as int + chunk * (N as int),
            ret.0@.len() as int + (chunk + 1) * (N as int),
        ),
;
",24c7000c939d0a63c43d6a011c65621ab80dca8dae6262f8487c2989601df4ba,/home/chentianyu/nanvix-rust-std-spec-survey/nanvix-rust-std-slice-specgen-2026-08-11/specs/slice_shared_vocabulary.rs,f47deb4c5da97621b87c7bbfb1909c5eda7303e8be0422fbe43fd6588fdf1c33,core/src/slice/mod.rs:1446,/home/chentianyu/nanvix-rust-std-spec-survey/rust-1.96/library/core/src/slice/mod.rs,58901fa6437dbd4d77c68427bbced0fc3a91a10fdb8bd2e233adf6a9ba27d2d5,1443,1451,da9aac6cc29f7a3a33a9f26056a284ed83aa4fd844a40b4bdf8fcd348f48a346,"    pub const fn as_rchunks<const N: usize>(&self) -> (&[T], &[[T; N]]) {
        assert!(N != 0, ""chunk size must be non-zero"");
        let len = self.len() / N;
        let (remainder, multiple_of_n) = self.split_at(self.len() - len * N);
        // SAFETY: We already panicked for zero, and ensured by construction
        // that the length of the subslice is a multiple of N.
        let array_slice = unsafe { multiple_of_n.as_chunks_unchecked() };
        (remainder, array_slice)
    }
",core/src/slice/mod.rs:1408-1437,1408,1437,e1e27668fb253495e551e49d988afc74ddd331287741457d1ebaa6e7db1f7a8b,"Splits the slice into a slice of `N`-element arrays,
starting at the end of the slice,
and a remainder slice with length strictly less than `N`.

The remainder is meaningful in the division sense.  Given
`let (remainder, chunks) = slice.as_rchunks()`, then:
- `remainder.len()` equals `slice.len() % N`,
- `chunks.len()` equals `slice.len() / N`, and
- `slice.len()` equals `chunks.len() * N + remainder.len()`.

You can flatten the chunks back into a slice-of-`T` with [`as_flattened`].

[`as_flattened`]: slice::as_flattened

# Panics

Panics if `N` is zero.

Note that this check is against a const generic parameter, not a runtime
value, and thus a particular monomorphization will either always panic
or it will never panic.

# Examples

```
let slice = ['l', 'o', 'r', 'e', 'm'];
let (remainder, chunks) = slice.as_rchunks();
assert_eq!(remainder, &['l']);
assert_eq!(chunks, &[['o', 'r'], ['e', 'm']]);
```
",/home/chentianyu/nanvix-rust-std-spec-survey/nanvix-rust-std-slice-vec-implproof-2026-08-12/proof_harnesses/023_core_slice_as_rchunks/harness.rs,93b2129db9cac8b450bcf5594dd0c0afcc0a91cb2d841b6670d94367e649c608,/home/chentianyu/nanvix-rust-std-spec-survey/nanvix-rust-std-slice-vec-implproof-2026-08-12/proof_manifests/023_core_slice_as_rchunks/source_body.json,2b5affddb1bae984b7906e1bbfc3d74f8794206e579788ec0c84685f080eb18d,/home/chentianyu/nanvix-rust-std-spec-survey/nanvix-rust-std-slice-vec-implproof-2026-08-12/proof_manifests/023_core_slice_as_rchunks/transformation_manifest.json,34981f2b3155475569e9fb10f20426460b2e893a0e0eb279f8d5a9f987f2a53a,/home/chentianyu/nanvix-rust-std-spec-survey/nanvix-rust-std-slice-vec-implproof-2026-08-12/proof_manifests/023_core_slice_as_rchunks/dependency_assumption_manifest.json,dbb6953477caea629bf1fed3127af269597d71e9b4dc73a71ad77025c824ac6b,provenance/frozen/implproof/023_core_slice_as_rchunks/harness.rs,provenance/frozen/implproof/023_core_slice_as_rchunks/source_body.json,provenance/frozen/implproof/023_core_slice_as_rchunks/transformation_manifest.json,provenance/frozen/implproof/023_core_slice_as_rchunks/dependency_assumption_manifest.json,provenance/frozen/rust-1.96/library/core/src/slice/mod.rs,41,1,actual_verus_verified_modulo_source_backed_array_chunk_view_and_vstd_split_boundary:proof_harnesses/023_core_slice_as_rchunks/evidence/verus_stdout.txt,"[""as_chunks_unchecked"",""assert!"",""len"",""split_at""]",4,TS-023-D001;TS-023-D002;TS-023-D003;TS-023-D004,0,,1,TS-023-E001,TS-023-D001;TS-023-D002;TS-023-D003;TS-023-D004;TS-023-E001,5,4,1,0,,0,iterator_private_state_v1,"[""input borrow and allocation identity"",""iterator front/back cursor and remaining source range"",""private chunk or split state read by the implementation proof"",""individual source-backed raw-slice constructor observations""]","Boundary_T fixes the input borrow/allocation identity and only the iterator, range, or raw-slice-constructor observations consumed by the proof. Target-returned references, aggregate post-state, and a complete execution trace remain outside b. TS-023-D001 shared_model_helper `array_value_view;flatten_array_chunks;slice_array_rchunks_partition`: The generated contract's shared array-chunk vocabulary is inlined as open spec definitions so Verus can check the returned prefix remainder plus flattened chunk suffix relation without assuming the target postcondition. [status=audited_generated_contract_vocabulary_instantiated_in_harness; source=frozen_inputs/slice/specs/slice_shared_vocabulary.rs:921-959; semantic-disposition=context-only-specification-vocabulary] TS-023-D002 existing_vstd_source_contract_boundary `<[T]>::split_at`: The Rust 1.96 target body calls safe `split_at(self.len() - len * N)`. The harness uses the reviewed vstd split_at sequence facts at that exact proved-in-bounds index while the exact-vstd implementation proof for split_at remains a later obligation. [status=minimal_trusted_boundary_for_safe_slice_split_view_facts; source=core/src/slice/mod.rs:1446; core/src/slice/mod.rs:1955; semantic-disposition=admissible-source-backed-support] TS-023-D003 source_backed_unsafe_array_chunk_view_boundary `rust_1_96_as_chunks_unchecked_view`: The public target body keeps the unsafe chunk conversion point after proving the suffix length is a multiple of N. The target-local external-body boundary models only Rust 1.96 `as_chunks_unchecked`'s array-slice view relation `flatten_array_chunks(ret@) == multiple_of_n@`; it does not assume the full as_rchunks postcondition. [status=minimal_trusted_boundary_for_source_backed_unsafe_slice_to_array_chunks_view; source=core/src/slice/mod.rs:1448-1450; core/src/slice/mod.rs:1338-1349; semantic-disposition=admissible-source-backed-support] TS-023-D004 panic_or_bounds `assert!(N != 0)`: The generated precondition `N != 0` makes the Rust assertion pass; the Verus harness keeps the assertion as a proof assertion. [status=discharged_by_target_precondition; source=core/src/slice/mod.rs:1444; semantic-disposition=admissible-source-backed-support] TS-023-E001 external_body `rust_1_96_as_chunks_unchecked_view` at /home/chentianyu/nanvix-rust-std-spec-survey/nanvix-rust-std-slice-vec-implproof-2026-08-12/proof_harnesses/023_core_slice_as_rchunks/harness.rs:37 is an explicit trusted function body; backing dependency records=TS-023-D003; semantic-disposition=admissible-source-backed-lower-boundary.",The target definition must derive returned subranges and borrow observations from these inputs with source-backed transitions.,admissible,All executable trust sites are source-linked and semantically partial; context-only vocabulary and call-closure records are not admitted as Boundary_T observations.,yes,Every executable dependency and external-body contract is present in the frozen exhaustive audit and limited to a lower source transition; none supplies a complete branch or answer-equivalent target result.,exact-principal-return-and-final-state,"Principal return values, returned reference identities, and final-state observations are compared by exact equality.",,,,conditional-complete,conditional-complete
core::slice::as_rchunks_mut,24,slice,all-20260815T0127Z-ascii-whitespace-vtab-repair,unknown,iterator-or-subslice-state-boundary,"contract fixes source/remaining/subrange state, but the Rust iterator, chunk, split, or borrowed subslice value retains opaque runtime/lifetime state",iterator-splitting-and-chunking,generated-new-real-relation-spec,B,"pub assume_specification<T, const N: usize>[ <[T]>::as_rchunks_mut::<N> ]( slice: &mut [T], ) -> (ret: (&mut [T], &mut [[T; N]])) requires N != 0, ensures slice_array_rchunks_partition::<T, N>(old(slice)@, ret.0@, ret.1@), ret.1@.len() == old(slice)@.len() / (N as nat), ret.0@.len() == old(slice)@.len() % (N as nat), ret.0@ == old(slice)@.subrange(0, ret.0@.len() as int), forall|chunk: int| 0 <= chunk < ret.1@.len() ==> array_value_view::<T, N>(ret.1@[chunk]) == old(slice)@.subrange(ret.0@.len() as int + chunk * (N as int), ret.0@.len() as int + (chunk + 1) * (N as int)), final(ret.1)@.len() == ret.1@.len(), final(ret.0)@.len() == ret.0@.len(), final(slice)@ == final(ret.0)@ + flatten_array_chunks::<T, N>(final(ret.1)@), final(ret.0)@ == final(slice)@.subrange(0, final(ret.0)@.len() as int), forall|chunk: int| 0 <= chunk < final(ret.1)@.len() ==> array_value_view::<T, N>(final(ret.1)@[chunk]) == final(slice)@.subrange(final(ret.0)@.len() as int + chunk * (N as int), final(ret.0)@.len() as int + (chunk + 1) * (N as int)), ;",f7f4347b6b668b99b56a86daa936797fae5b45f6ffc22dbacc872c1be89b2dde,"pub assume_specification<T, const N: usize>[ <[T]>::as_rchunks_mut::<N> ]( slice: &mut [T], ) -> (ret: (&mut [T], &mut [[T; N]])) requires N != 0, ensures slice_array_rchunks_partition::<T, N>(old(slice)@, ret.0@, ret.1@), final(slice)@ == final(ret.0)@ + flatten_array_chunks::<T, N>(final(ret.1)@), ;",2eb4482ca836049f0db386dc97308eeb2e7376ffde6abdd110f3691e11c6cf69,yes,active-catalog-and-generated-declaration,/home/chentianyu/nanvix-rust-std-spec-survey/nanvix-rust-std-slice-specgen-2026-08-11/specs/generated_slice_specs.rs,361,387,"pub assume_specification<T, const N: usize>[ <[T]>::as_rchunks_mut::<N> ](
    slice: &mut [T],
) -> (ret: (&mut [T], &mut [[T; N]]))
    requires
        N != 0,
    ensures
        slice_array_rchunks_partition::<T, N>(old(slice)@, ret.0@, ret.1@),
        ret.1@.len() == old(slice)@.len() / (N as nat),
        ret.0@.len() == old(slice)@.len() % (N as nat),
        ret.0@ == old(slice)@.subrange(0, ret.0@.len() as int),
        forall|chunk: int| 0 <= chunk < ret.1@.len() ==> array_value_view::<T, N>(
            ret.1@[chunk],
        ) == old(slice)@.subrange(
            ret.0@.len() as int + chunk * (N as int),
            ret.0@.len() as int + (chunk + 1) * (N as int),
        ),
        final(ret.1)@.len() == ret.1@.len(),
        final(ret.0)@.len() == ret.0@.len(),
        final(slice)@ == final(ret.0)@ + flatten_array_chunks::<T, N>(final(ret.1)@),
        final(ret.0)@ == final(slice)@.subrange(0, final(ret.0)@.len() as int),
        forall|chunk: int| 0 <= chunk < final(ret.1)@.len() ==> array_value_view::<T, N>(
            final(ret.1)@[chunk],
        ) == final(slice)@.subrange(
            final(ret.0)@.len() as int + chunk * (N as int),
            final(ret.0)@.len() as int + (chunk + 1) * (N as int),
        ),
;
",e8e9c183a8d5353394275680767eaffec09a0deedd9b459c893fa33e3d306071,/home/chentianyu/nanvix-rust-std-spec-survey/nanvix-rust-std-slice-specgen-2026-08-11/specs/slice_shared_vocabulary.rs,f47deb4c5da97621b87c7bbfb1909c5eda7303e8be0422fbe43fd6588fdf1c33,core/src/slice/mod.rs:1608,/home/chentianyu/nanvix-rust-std-spec-survey/rust-1.96/library/core/src/slice/mod.rs,58901fa6437dbd4d77c68427bbced0fc3a91a10fdb8bd2e233adf6a9ba27d2d5,1605,1613,2de629d24e9c7a21c57f1857ac9cf123c54ecf397268228a1cc0a5acbd0988d4,"    pub const fn as_rchunks_mut<const N: usize>(&mut self) -> (&mut [T], &mut [[T; N]]) {
        assert!(N != 0, ""chunk size must be non-zero"");
        let len = self.len() / N;
        let (remainder, multiple_of_n) = self.split_at_mut(self.len() - len * N);
        // SAFETY: We already panicked for zero, and ensured by construction
        // that the length of the subslice is a multiple of N.
        let array_slice = unsafe { multiple_of_n.as_chunks_unchecked_mut() };
        (remainder, array_slice)
    }
",core/src/slice/mod.rs:1564-1599,1564,1599,4fdbea31ce824e2b886cb804ef6418c089f08eea0c9af5c0c0bf30acd517d3c0,"Splits the slice into a slice of `N`-element arrays,
starting at the end of the slice,
and a remainder slice with length strictly less than `N`.

The remainder is meaningful in the division sense.  Given
`let (remainder, chunks) = slice.as_rchunks_mut()`, then:
- `remainder.len()` equals `slice.len() % N`,
- `chunks.len()` equals `slice.len() / N`, and
- `slice.len()` equals `chunks.len() * N + remainder.len()`.

You can flatten the chunks back into a slice-of-`T` with [`as_flattened_mut`].

[`as_flattened_mut`]: slice::as_flattened_mut

# Panics

Panics if `N` is zero.

Note that this check is against a const generic parameter, not a runtime
value, and thus a particular monomorphization will either always panic
or it will never panic.

# Examples

```
let v = &mut [0, 0, 0, 0, 0];
let mut count = 1;

let (remainder, chunks) = v.as_rchunks_mut();
remainder[0] = 9;
for chunk in chunks {
*chunk = [count; 2];
count += 1;
}
assert_eq!(v, &[9, 1, 1, 2, 2]);
```
",/home/chentianyu/nanvix-rust-std-spec-survey/nanvix-rust-std-slice-vec-implproof-2026-08-12/proof_harnesses/024_core_slice_as_rchunks_mut/harness.rs,282b33b792d38cda5bad51c2e63ebb0111b954ec4597f2136b407e5ace40c255,/home/chentianyu/nanvix-rust-std-spec-survey/nanvix-rust-std-slice-vec-implproof-2026-08-12/proof_manifests/024_core_slice_as_rchunks_mut/source_body.json,4a8cd145ebc936b61ea8a6a7018959b87342cd68c32a21358135a3055b9901b7,/home/chentianyu/nanvix-rust-std-spec-survey/nanvix-rust-std-slice-vec-implproof-2026-08-12/proof_manifests/024_core_slice_as_rchunks_mut/transformation_manifest.json,133fb7a91fc22a64b53884561db16a97f3c7969e49bd2e0cad67cb7cb96db4bb,/home/chentianyu/nanvix-rust-std-spec-survey/nanvix-rust-std-slice-vec-implproof-2026-08-12/proof_manifests/024_core_slice_as_rchunks_mut/dependency_assumption_manifest.json,2f4db43efb0bd61a39a18bdee4fc2aff9547dfcdf7e96f497ed4d00851074c91,provenance/frozen/implproof/024_core_slice_as_rchunks_mut/harness.rs,provenance/frozen/implproof/024_core_slice_as_rchunks_mut/source_body.json,provenance/frozen/implproof/024_core_slice_as_rchunks_mut/transformation_manifest.json,provenance/frozen/implproof/024_core_slice_as_rchunks_mut/dependency_assumption_manifest.json,provenance/frozen/rust-1.96/library/core/src/slice/mod.rs,42,1,actual_verus_verified_modulo_source_backed_mut_array_chunk_view_and_vstd_split_boundary:proof_harnesses/024_core_slice_as_rchunks_mut/evidence/verus_stdout.txt,"[""as_chunks_unchecked_mut"",""assert!"",""len"",""split_at_mut""]",4,TS-024-D001;TS-024-D002;TS-024-D003;TS-024-D004,0,,1,TS-024-E001,TS-024-D001;TS-024-D002;TS-024-D003;TS-024-D004;TS-024-E001,5,4,1,0,,0,iterator_private_state_v1,"[""input borrow and allocation identity"",""iterator front/back cursor and remaining source range"",""private chunk or split state read by the implementation proof"",""individual source-backed raw-slice constructor observations""]","Boundary_T fixes the input borrow/allocation identity and only the iterator, range, or raw-slice-constructor observations consumed by the proof. Target-returned references, aggregate post-state, and a complete execution trace remain outside b. TS-024-D001 shared_model_helper `array_value_view;flatten_array_chunks;slice_array_rchunks_partition`: The generated contract's shared array-chunk vocabulary is inlined as open spec definitions so Verus can check the returned prefix remainder plus flattened mutable chunk suffix relation without assuming the target postcondition. [status=audited_generated_contract_vocabulary_instantiated_in_harness; source=frozen_inputs/slice/specs/slice_shared_vocabulary.rs:921-959; semantic-disposition=context-only-specification-vocabulary] TS-024-D002 existing_vstd_source_contract_boundary `<[T]>::split_at_mut`: The Rust 1.96 target body calls safe `split_at_mut(self.len() - len * N)`. The harness uses reviewed vstd mutable split view and final-frame facts at that exact proved-in-bounds index while the exact-vstd implementation proof for split_at_mut remains a later obligation. [status=minimal_trusted_boundary_for_safe_mutable_slice_split_view_and_final_frame_facts; source=core/src/slice/mod.rs:1608; core/src/slice/mod.rs:1947; semantic-disposition=admissible-source-backed-support] TS-024-D003 source_backed_unsafe_array_chunk_view_boundary `rust_1_96_as_chunks_unchecked_mut_view`: The public target body keeps the unsafe mutable chunk conversion point after proving the suffix length is a multiple of N. The target-local external-body boundary models only Rust 1.96 `as_chunks_unchecked_mut`'s old-view and final-view array-slice relation; it does not assume the full as_rchunks_mut postcondition. [status=minimal_trusted_boundary_for_source_backed_unsafe_mut_slice_to_array_chunks_view; source=core/src/slice/mod.rs:1610-1612; core/src/slice/mod.rs:1498-1509; semantic-disposition=admissible-source-backed-support] TS-024-D004 panic_or_bounds `assert!(N != 0)`: The generated precondition `N != 0` makes the Rust assertion pass; the Verus harness keeps the assertion as a proof assertion. [status=discharged_by_target_precondition; source=core/src/slice/mod.rs:1606; semantic-disposition=admissible-source-backed-support] TS-024-E001 external_body `rust_1_96_as_chunks_unchecked_mut_view` at /home/chentianyu/nanvix-rust-std-spec-survey/nanvix-rust-std-slice-vec-implproof-2026-08-12/proof_harnesses/024_core_slice_as_rchunks_mut/harness.rs:37 is an explicit trusted function body; backing dependency records=TS-024-D003; semantic-disposition=admissible-source-backed-lower-boundary.",The target definition must derive returned subranges and borrow observations from these inputs with source-backed transitions.,admissible,All executable trust sites are source-linked and semantically partial; context-only vocabulary and call-closure records are not admitted as Boundary_T observations.,yes,Every executable dependency and external-body contract is present in the frozen exhaustive audit and limited to a lower source transition; none supplies a complete branch or answer-equivalent target result.,exact-principal-return-and-final-state,"Principal return values, returned reference identities, and final-state observations are compared by exact equality.",,,,conditional-complete,conditional-incomplete
core::slice::assume_init_drop,25,slice,all-20260815T0127Z-ascii-whitespace-vtab-repair,unknown,maybeuninit-storage-boundary,MaybeUninit initialization/storage state is modeled relationally through a raw-storage view and cannot be collapsed to one unique concrete value,maybe-uninit-slice-storage,generated-new-real-relation-spec,B,"pub assume_specification<T>[ <[core::mem::MaybeUninit<T>]>::assume_init_drop ]( slice: &mut [core::mem::MaybeUninit<T>], ) requires maybe_uninit_all_initialized(maybe_uninit_seq_relation(old(slice)@)), ensures maybe_uninit_relation_well_formed( maybe_uninit_seq_relation(old(slice)@), old(slice)@.len() as int, ), maybe_uninit_relation_well_formed( maybe_uninit_seq_relation(final(slice)@), final(slice)@.len() as int, ), final(slice)@.len() == old(slice)@.len(), maybe_uninit_drop_all( maybe_uninit_seq_relation(old(slice)@), maybe_uninit_seq_relation(final(slice)@), ), ;",ec9d059a1f66ae03009745a3d37edfc5306f2c23387856ea9aa3f52cfff09efe,"pub assume_specification<T>[ <[core::mem::MaybeUninit<T>]>::assume_init_drop ]( slice: &mut [core::mem::MaybeUninit<T>], ) requires maybe_uninit_all_initialized(maybe_uninit_seq_relation(old(slice)@)), ensures maybe_uninit_relation_well_formed( maybe_uninit_seq_relation(old(slice)@), old(slice)@.len() as int, ), maybe_uninit_relation_well_formed( maybe_uninit_seq_relation(final(slice)@), final(slice)@.len() as int, ), final(slice)@.len() == old(slice)@.len(), maybe_uninit_drop_all( maybe_uninit_seq_relation(old(slice)@), maybe_uninit_seq_relation(final(slice)@), ), ;",ec9d059a1f66ae03009745a3d37edfc5306f2c23387856ea9aa3f52cfff09efe,no,active-catalog-and-generated-declaration,/home/chentianyu/nanvix-rust-std-spec-survey/nanvix-rust-std-slice-specgen-2026-08-11/specs/generated_slice_specs.rs,976,995,"pub assume_specification<T>[ <[core::mem::MaybeUninit<T>]>::assume_init_drop ](
    slice: &mut [core::mem::MaybeUninit<T>],
)
    requires
        maybe_uninit_all_initialized(maybe_uninit_seq_relation(old(slice)@)),
    ensures
        maybe_uninit_relation_well_formed(
            maybe_uninit_seq_relation(old(slice)@),
            old(slice)@.len() as int,
        ),
        maybe_uninit_relation_well_formed(
            maybe_uninit_seq_relation(final(slice)@),
            final(slice)@.len() as int,
        ),
        final(slice)@.len() == old(slice)@.len(),
        maybe_uninit_drop_all(
            maybe_uninit_seq_relation(old(slice)@),
            maybe_uninit_seq_relation(final(slice)@),
        ),
;
",223ebb006500453ba066edad6f520be283ef9c21051d80fbf100b44e557822c3,/home/chentianyu/nanvix-rust-std-spec-survey/nanvix-rust-std-slice-specgen-2026-08-11/specs/slice_shared_vocabulary.rs,f47deb4c5da97621b87c7bbfb1909c5eda7303e8be0422fbe43fd6588fdf1c33,core/src/mem/maybe_uninit.rs:1487,/home/chentianyu/nanvix-rust-std-spec-survey/rust-1.96/library/core/src/mem/maybe_uninit.rs,cd1152779de3a6bc96b29997e8a95d3beb9ff1018f99223b429ed0df66baa8ef,1486,1496,a07f771f6f96b6dd1b45e87e2496862f0ec8fc9578ee326cd1da6efb80c47b9f,"    pub const unsafe fn assume_init_drop(&mut self)
    where
        T: [const] Destruct,
    {
        if !self.is_empty() {
            // SAFETY: the caller must guarantee that every element of `self`
            // is initialized and satisfies all invariants of `T`.
            // Dropping the value in place is safe if that is the case.
            unsafe { ptr::drop_in_place(self as *mut [MaybeUninit<T>] as *mut [T]) }
        }
    }
",core/src/mem/maybe_uninit.rs:1467-1482,1467,1482,228b27782b07f1d0e371c9e8e85cc67fc5a7f930c2788f4895c5bfca2d4e9b3e,"Drops the contained values in place.

# Safety

It is up to the caller to guarantee that every `MaybeUninit<T>` in the slice
really is in an initialized state. Calling this when the content is not yet
fully initialized causes undefined behavior.

On top of that, all additional invariants of the type `T` must be
satisfied, as the `Drop` implementation of `T` (or its members) may
rely on this. For example, setting a `Vec<T>` to an invalid but
non-null address makes it initialized (under the current implementation;
this does not constitute a stable guarantee), because the only
requirement the compiler knows about it is that the data pointer must be
non-null. Dropping such a `Vec<T>` however will cause undefined
behaviour.
",/home/chentianyu/nanvix-rust-std-spec-survey/nanvix-rust-std-slice-vec-implproof-2026-08-12/proof_harnesses/025_core_slice_assume_init_drop/harness.rs,4bed7f9ef9c72b6fee36334b27ec0bb0641995081fdb3481d2143080a984f389,/home/chentianyu/nanvix-rust-std-spec-survey/nanvix-rust-std-slice-vec-implproof-2026-08-12/proof_manifests/025_core_slice_assume_init_drop/source_body.json,b99984099d046ef814da8243c3631b4c933347d8d6d019692795282c9cfb744f,/home/chentianyu/nanvix-rust-std-spec-survey/nanvix-rust-std-slice-vec-implproof-2026-08-12/proof_manifests/025_core_slice_assume_init_drop/transformation_manifest.json,c0adca0ce96127698c2e50a635d818008fe797a89c71703b5592a25af72d3f64,/home/chentianyu/nanvix-rust-std-spec-survey/nanvix-rust-std-slice-vec-implproof-2026-08-12/proof_manifests/025_core_slice_assume_init_drop/dependency_assumption_manifest.json,80d57fe63c08f8ab01d994210d60e2069018d40b933ff261e1c233cabd32e535,provenance/frozen/implproof/025_core_slice_assume_init_drop/harness.rs,provenance/frozen/implproof/025_core_slice_assume_init_drop/source_body.json,provenance/frozen/implproof/025_core_slice_assume_init_drop/transformation_manifest.json,provenance/frozen/implproof/025_core_slice_assume_init_drop/dependency_assumption_manifest.json,provenance/frozen/rust-1.96/library/core/src/mem/maybe_uninit.rs,43,1,actual_verus_verified_modulo_source_backed_maybe_uninit_drop_boundary:proof_harnesses/025_core_slice_assume_init_drop/evidence/verus_stdout.txt,"[""is_empty"",""rust_1_96_assume_init_drop_in_place""]",3,TS-025-D001;TS-025-D002;TS-025-D003,0,,1,TS-025-E001,TS-025-D001;TS-025-D002;TS-025-D003;TS-025-E001,4,1,1,2,TS-025-D002;TS-025-E001,0,maybeuninit_storage_transition_v1,"[""input storage identity, slot initialization mask, and initialized values"",""individual source-backed raw copy, write, read, or drop transitions"",""destructor or clone callback results and local state transitions""]","Boundary_T fixes the initial raw-storage state and only primitive memory/destructor observations used by the proof. It does not contain the aggregate resulting storage, returned reference, selected output, or a complete target execution trace. TS-025-D001 shared_model_helper `MaybeUninitSliceRelation;maybe_uninit_seq_relation;maybe_uninit_all_initialized;maybe_uninit_drop_all;maybe_uninit_relation_well_formed`: The generated MaybeUninit raw-storage vocabulary is instantiated in the harness as target-local spec definitions, with only uninterpreted per-slot initialization/value projections and no assumption of the target postcondition. [status=audited_generated_contract_vocabulary_instantiated_in_harness; source=frozen_inputs/slice/specs/slice_shared_vocabulary.rs:1143-1185; semantic-disposition=context-only-specification-vocabulary] TS-025-D002 source_backed_maybe_uninit_drop_boundary `rust_1_96_assume_init_drop_in_place`: The public target keeps the Rust nonempty branch and calls a target-local boundary whose body is exactly Rust 1.96 `ptr::drop_in_place(self as *mut [MaybeUninit<T>] as *mut [T])`. The boundary models only the MaybeUninit initialized-to-dropped storage transition plus length preservation, covering the raw-pointer/provenance, Destruct, and destructor semantics that Verus does not model directly. [status=minimal_trusted_boundary_for_source_backed_maybeuninit_raw_pointer_destruct_drop_semantics; source=core/src/mem/maybe_uninit.rs:1486-1496; semantic-disposition=inadmissible-answer-bearing-support] TS-025-D003 safe_slice_observation `<[MaybeUninit<T>]>::is_empty`: The target preserves Rust 1.96 `if !self.is_empty()` as the executable nonempty guard before the unsafe drop boundary; no target postcondition is assumed on the empty path. [status=discharged_by_vstd_slice_len_is_empty_view; source=core/src/mem/maybe_uninit.rs:1490; semantic-disposition=admissible-source-backed-support] TS-025-E001 external_body `rust_1_96_assume_init_drop_in_place` at /home/chentianyu/nanvix-rust-std-spec-survey/nanvix-rust-std-slice-vec-implproof-2026-08-12/proof_harnesses/025_core_slice_assume_init_drop/harness.rs:62 is an explicit trusted function body; backing dependency records=TS-025-D002; semantic-disposition=inadmissible-complete-target-postcondition.",The target definition must compose the primitive storage transitions with explicit initialization and provenance semantics.,inadmissible,"Boundary_T must exclude or replace TS-025-D002, TS-025-E001 with recursively modeled lower transitions before a conditional-completeness obligation is admissible.",no,"Retained trust site(s) TS-025-D002, TS-025-E001 supply a complete target/branch postcondition or an answer-equivalent result, so the current proof boundary is not narrower than the target.",exact-principal-return-and-final-state,"Principal return values, returned reference identities, and final-state observations are compared by exact equality.",,,,conditional-complete,conditional-complete
core::slice::assume_init_mut,26,slice,all-20260815T0127Z-ascii-whitespace-vtab-repair,unknown,maybeuninit-storage-boundary,MaybeUninit initialization/storage state is modeled relationally through a raw-storage view and cannot be collapsed to one unique concrete value,maybe-uninit-slice-storage,generated-new-real-relation-spec,B,"pub assume_specification<T>[ <[core::mem::MaybeUninit<T>]>::assume_init_mut ]( slice: &mut [core::mem::MaybeUninit<T>], ) -> (ret: &mut [T]) requires maybe_uninit_all_initialized(maybe_uninit_seq_relation(old(slice)@)), ensures maybe_uninit_relation_well_formed( maybe_uninit_seq_relation(old(slice)@), old(slice)@.len() as int, ), maybe_uninit_relation_well_formed( maybe_uninit_seq_relation(final(slice)@), final(slice)@.len() as int, ), final(slice)@.len() == old(slice)@.len(), ret@ == maybe_uninit_seq_relation(old(slice)@).values, ret@.len() == old(slice)@.len(), final(ret)@.len() == final(slice)@.len(), maybe_uninit_all_initialized(maybe_uninit_seq_relation(final(slice)@)), maybe_uninit_seq_relation(final(slice)@).values == final(ret)@, ;",8d0e90b87ee12383ef38b353ff71f43a4136f565d0ae0f63651ee295c06f649a,"pub assume_specification<T>[ <[core::mem::MaybeUninit<T>]>::assume_init_mut ]( slice: &mut [core::mem::MaybeUninit<T>], ) -> (ret: &mut [T]) requires maybe_uninit_all_initialized(maybe_uninit_seq_relation(old(slice)@)), ensures maybe_uninit_relation_well_formed( maybe_uninit_seq_relation(old(slice)@), old(slice)@.len() as int, ), maybe_uninit_relation_well_formed( maybe_uninit_seq_relation(final(slice)@), final(slice)@.len() as int, ), final(slice)@.len() == old(slice)@.len(), ret@ == maybe_uninit_seq_relation(old(slice)@).values, ret@.len() == old(slice)@.len(), final(ret)@.len() == final(slice)@.len(), maybe_uninit_all_initialized(maybe_uninit_seq_relation(final(slice)@)), maybe_uninit_seq_relation(final(slice)@).values == final(ret)@, ;",8d0e90b87ee12383ef38b353ff71f43a4136f565d0ae0f63651ee295c06f649a,no,active-catalog-and-generated-declaration,/home/chentianyu/nanvix-rust-std-spec-survey/nanvix-rust-std-slice-specgen-2026-08-11/specs/generated_slice_specs.rs,997,1017,"pub assume_specification<T>[ <[core::mem::MaybeUninit<T>]>::assume_init_mut ](
    slice: &mut [core::mem::MaybeUninit<T>],
) -> (ret: &mut [T])
    requires
        maybe_uninit_all_initialized(maybe_uninit_seq_relation(old(slice)@)),
    ensures
        maybe_uninit_relation_well_formed(
            maybe_uninit_seq_relation(old(slice)@),
            old(slice)@.len() as int,
        ),
        maybe_uninit_relation_well_formed(
            maybe_uninit_seq_relation(final(slice)@),
            final(slice)@.len() as int,
        ),
        final(slice)@.len() == old(slice)@.len(),
        ret@ == maybe_uninit_seq_relation(old(slice)@).values,
        ret@.len() == old(slice)@.len(),
        final(ret)@.len() == final(slice)@.len(),
        maybe_uninit_all_initialized(maybe_uninit_seq_relation(final(slice)@)),
        maybe_uninit_seq_relation(final(slice)@).values == final(ret)@,
;
",632d0db6f265d81f075118ad1fba8470e123e651a9ec0974009a845dc3998b5b,/home/chentianyu/nanvix-rust-std-spec-survey/nanvix-rust-std-slice-specgen-2026-08-11/specs/slice_shared_vocabulary.rs,f47deb4c5da97621b87c7bbfb1909c5eda7303e8be0422fbe43fd6588fdf1c33,core/src/mem/maybe_uninit.rs:1528,/home/chentianyu/nanvix-rust-std-spec-survey/rust-1.96/library/core/src/mem/maybe_uninit.rs,cd1152779de3a6bc96b29997e8a95d3beb9ff1018f99223b429ed0df66baa8ef,1527,1531,beb997b66dd7cca2818667bddfe1e1ade51676cdf0ea4f32cf6253af1c0234f4,"    pub const unsafe fn assume_init_mut(&mut self) -> &mut [T] {
        // SAFETY: similar to safety notes for `slice_get_ref`, but we have a
        // mutable reference which is also guaranteed to be valid for writes.
        unsafe { &mut *(self as *mut Self as *mut [T]) }
    }
",core/src/mem/maybe_uninit.rs:1516-1523,1516,1523,69125636cd8b63e9885482d124508a357bb9b0b6dd650faee340f59ad38632ba,"Gets a mutable (unique) reference to the contained value.

# Safety

Calling this when the content is not yet fully initialized causes undefined
behavior: it is up to the caller to guarantee that every `MaybeUninit<T>` in the
slice really is in an initialized state. For instance, `.assume_init_mut()` cannot
be used to initialize a `MaybeUninit` slice.
",/home/chentianyu/nanvix-rust-std-spec-survey/nanvix-rust-std-slice-vec-implproof-2026-08-12/proof_harnesses/026_core_slice_assume_init_mut/harness.rs,b2611c94cc98c20057d78b289c7d2d570cd86cba3982b49059645891991809b4,/home/chentianyu/nanvix-rust-std-spec-survey/nanvix-rust-std-slice-vec-implproof-2026-08-12/proof_manifests/026_core_slice_assume_init_mut/source_body.json,d1984f10bd175d93dc8c199e16a5527f7d32bf28c82bcf4cee2473c83f446b75,/home/chentianyu/nanvix-rust-std-spec-survey/nanvix-rust-std-slice-vec-implproof-2026-08-12/proof_manifests/026_core_slice_assume_init_mut/transformation_manifest.json,b3ef2930967c77d89ff79f6036cea3a7d04ac50112c16adcdf179107775af600,/home/chentianyu/nanvix-rust-std-spec-survey/nanvix-rust-std-slice-vec-implproof-2026-08-12/proof_manifests/026_core_slice_assume_init_mut/dependency_assumption_manifest.json,a522f2e5a86eb13bbd97bc64d588fc88dce6c0a21c4e5d8ae0d43a7f08f454fc,provenance/frozen/implproof/026_core_slice_assume_init_mut/harness.rs,provenance/frozen/implproof/026_core_slice_assume_init_mut/source_body.json,provenance/frozen/implproof/026_core_slice_assume_init_mut/transformation_manifest.json,provenance/frozen/implproof/026_core_slice_assume_init_mut/dependency_assumption_manifest.json,provenance/frozen/rust-1.96/library/core/src/mem/maybe_uninit.rs,44,1,actual_verus_verified_modulo_source_backed_raw_pointer_cast_boundary:proof_harnesses/026_core_slice_assume_init_mut/evidence/verus_stdout.txt,"[""rust_1_96_assume_init_mut_raw_cast""]",2,TS-026-D001;TS-026-D002,0,,1,TS-026-E001,TS-026-D001;TS-026-D002;TS-026-E001,3,0,1,2,TS-026-D002;TS-026-E001,0,maybeuninit_storage_transition_v1,"[""input storage identity, slot initialization mask, and initialized values"",""individual source-backed raw copy, write, read, or drop transitions"",""destructor or clone callback results and local state transitions""]","Boundary_T fixes the initial raw-storage state and only primitive memory/destructor observations used by the proof. It does not contain the aggregate resulting storage, returned reference, selected output, or a complete target execution trace. TS-026-D001 shared_model_helper `MaybeUninitSliceRelation;maybe_uninit_seq_relation;maybe_uninit_all_initialized;maybe_uninit_relation_well_formed`: The generated MaybeUninit raw-storage vocabulary is instantiated in the harness as target-local spec definitions, with only uninterpreted per-slot initialization/value projections and no assumption of the target postcondition. [status=audited_generated_contract_vocabulary_instantiated_in_harness; source=frozen_inputs/slice/specs/slice_shared_vocabulary.rs:1143-1185; semantic-disposition=context-only-specification-vocabulary] TS-026-D002 source_backed_raw_pointer_cast_boundary `rust_1_96_assume_init_mut_raw_cast`: The public target keeps an executable body that calls a target-local boundary whose body is exactly Rust 1.96 `unsafe { &mut *(self as *mut Self as *mut [T]) }`, adapted only from the inherent receiver to `slice as *mut [MaybeUninit<T>] as *mut [T]`. The boundary models the MaybeUninit initialized-storage-to-mutable-slice view relation, length preservation, and final mutable-slice/raw-storage relation that Verus does not model directly. [status=minimal_trusted_boundary_for_source_backed_maybeuninit_mut_raw_pointer_cast_semantics; source=core/src/mem/maybe_uninit.rs:1527-1531; semantic-disposition=inadmissible-answer-bearing-support] TS-026-E001 external_body `rust_1_96_assume_init_mut_raw_cast` at /home/chentianyu/nanvix-rust-std-spec-survey/nanvix-rust-std-slice-vec-implproof-2026-08-12/proof_harnesses/026_core_slice_assume_init_mut/harness.rs:52 is an explicit trusted function body; backing dependency records=TS-026-D002; semantic-disposition=inadmissible-complete-target-postcondition.",The target definition must compose the primitive storage transitions with explicit initialization and provenance semantics.,inadmissible,"Boundary_T must exclude or replace TS-026-D002, TS-026-E001 with recursively modeled lower transitions before a conditional-completeness obligation is admissible.",no,"Retained trust site(s) TS-026-D002, TS-026-E001 supply a complete target/branch postcondition or an answer-equivalent result, so the current proof boundary is not narrower than the target.",exact-principal-return-and-final-state,"Principal return values, returned reference identities, and final-state observations are compared by exact equality.",,,,conditional-complete,conditional-incomplete
core::slice::binary_search,28,slice,all-20260815T0127Z-ascii-whitespace-vtab-repair,unknown,duplicate-or-callback-search-boundary,"search result is source-backed but relational: duplicate matches, insertion points, or callback/predicate observations do not force a unique return",search-prefix-suffix-ordering,generated-new-real-relation-spec,B,"pub assume_specification<T: core::cmp::Ord>[ <[T]>::binary_search ](slice: &[T], x: &T) -> (result: core::result::Result<usize, usize>) ensures slice_binary_search_result(slice@, *x, result);",27d8e9d741e10e00091ad567844c0aca7d8bd48425cd705dfcf7173e0c973975,"pub assume_specification<T: core::cmp::Ord>[ <[T]>::binary_search ](slice: &[T], x: &T) -> (result: core::result::Result<usize, usize>) ensures slice_binary_search_result(slice@, *x, result);",27d8e9d741e10e00091ad567844c0aca7d8bd48425cd705dfcf7173e0c973975,no,active-catalog-and-generated-declaration,/home/chentianyu/nanvix-rust-std-spec-survey/nanvix-rust-std-slice-specgen-2026-08-11/specs/generated_slice_specs.rs,32,38,"pub assume_specification<T: core::cmp::Ord>[ <[T]>::binary_search ](
    slice: &[T],
    x: &T,
) -> (result: core::result::Result<usize, usize>)
    ensures
        slice_binary_search_result(slice@, *x, result),
;
",7f922f2c077812d4d2348ca079f2fcf057abda68af806192a9abb3a82e16a27c,/home/chentianyu/nanvix-rust-std-spec-survey/nanvix-rust-std-slice-specgen-2026-08-11/specs/slice_shared_vocabulary.rs,f47deb4c5da97621b87c7bbfb1909c5eda7303e8be0422fbe43fd6588fdf1c33,core/src/slice/mod.rs:2925,/home/chentianyu/nanvix-rust-std-spec-survey/rust-1.96/library/core/src/slice/mod.rs,58901fa6437dbd4d77c68427bbced0fc3a91a10fdb8bd2e233adf6a9ba27d2d5,2919,2924,6d30810ce7216e2c5c6594d33edc85a053e08b3f1bedff9567a5f6525bfd61a7,"    pub fn binary_search(&self, x: &T) -> Result<usize, usize>
    where
        T: Ord,
    {
        self.binary_search_by(|p| p.cmp(x))
    }
",core/src/slice/mod.rs:2849-2917,2849,2917,401c433cb0c1f4ba0773af1b883cd1e85235133544df4ce7d68d584baa5e2960,"Binary searches this slice for a given element.
If the slice is not sorted, the returned result is unspecified and
meaningless.

If the value is found then [`Result::Ok`] is returned, containing the
index of the matching element. If there are multiple matches, then any
one of the matches could be returned. The index is chosen
deterministically, but is subject to change in future versions of Rust.
If the value is not found then [`Result::Err`] is returned, containing
the index where a matching element could be inserted while maintaining
sorted order.

See also [`binary_search_by`], [`binary_search_by_key`], and [`partition_point`].

[`binary_search_by`]: slice::binary_search_by
[`binary_search_by_key`]: slice::binary_search_by_key
[`partition_point`]: slice::partition_point

# Examples

Looks up a series of four elements. The first is found, with a
uniquely determined position; the second and third are not
found; the fourth could match any position in `[1, 4]`.

```
let s = [0, 1, 1, 1, 1, 2, 3, 5, 8, 13, 21, 34, 55];

assert_eq!(s.binary_search(&13),  Ok(9));
assert_eq!(s.binary_search(&4),   Err(7));
assert_eq!(s.binary_search(&100), Err(13));
let r = s.binary_search(&1);
assert!(match r { Ok(1..=4) => true, _ => false, });
```

If you want to find that whole *range* of matching items, rather than
an arbitrary matching one, that can be done using [`partition_point`]:
```
let s = [0, 1, 1, 1, 1, 2, 3, 5, 8, 13, 21, 34, 55];

let low = s.partition_point(|x| x < &1);
assert_eq!(low, 1);
let high = s.partition_point(|x| x <= &1);
assert_eq!(high, 5);
let r = s.binary_search(&1);
assert!((low..high).contains(&r.unwrap()));

assert!(s[..low].iter().all(|&x| x < 1));
assert!(s[low..high].iter().all(|&x| x == 1));
assert!(s[high..].iter().all(|&x| x > 1));

// For something not found, the ""range"" of equal items is empty
assert_eq!(s.partition_point(|x| x < &11), 9);
assert_eq!(s.partition_point(|x| x <= &11), 9);
assert_eq!(s.binary_search(&11), Err(9));
```

If you want to insert an item to a sorted vector, while maintaining
sort order, consider using [`partition_point`]:

```
let mut s = vec![0, 1, 1, 1, 1, 2, 3, 5, 8, 13, 21, 34, 55];
let num = 42;
let idx = s.partition_point(|&x| x <= num);
// If `num` is unique, `s.partition_point(|&x| x < num)` (with `<`) is equivalent to
// `s.binary_search(&num).unwrap_or_else(|x| x)`, but using `<=` will allow `insert`
// to shift less elements.
s.insert(idx, num);
assert_eq!(s, [0, 1, 1, 1, 1, 2, 3, 5, 8, 13, 21, 34, 42, 55]);
```
",/home/chentianyu/nanvix-rust-std-spec-survey/nanvix-rust-std-slice-vec-implproof-2026-08-12/proof_harnesses/028_core_slice_binary_search/harness.rs,e8bf0e66c771b2d72763e13eab7ba29b2793602b8f1fe822a3206edcbf84889a,/home/chentianyu/nanvix-rust-std-spec-survey/nanvix-rust-std-slice-vec-implproof-2026-08-12/proof_manifests/028_core_slice_binary_search/source_body.json,906faf04df0d25901dd2751db3dfebacdb3b7beacaafae3fc9b04b828972f49b,/home/chentianyu/nanvix-rust-std-spec-survey/nanvix-rust-std-slice-vec-implproof-2026-08-12/proof_manifests/028_core_slice_binary_search/transformation_manifest.json,97cce033749d31d615edc0e669837cd10e1c00a436a8f50be501bf03c1a5499c,/home/chentianyu/nanvix-rust-std-spec-survey/nanvix-rust-std-slice-vec-implproof-2026-08-12/proof_manifests/028_core_slice_binary_search/dependency_assumption_manifest.json,eb93a6acfdaad981ca23021c49feb9fc6f3c1481c0a35a62c27e33ab441154e1,provenance/frozen/implproof/028_core_slice_binary_search/harness.rs,provenance/frozen/implproof/028_core_slice_binary_search/source_body.json,provenance/frozen/implproof/028_core_slice_binary_search/transformation_manifest.json,provenance/frozen/implproof/028_core_slice_binary_search/dependency_assumption_manifest.json,provenance/frozen/rust-1.96/library/core/src/slice/mod.rs,105,2,actual_verus_verified_modulo_reviewed_binary_search_by_ord_cmp_observation_and_ord_result_bridge_boundary,"[""binary_search_by"",""cmp""]",4,TS-028-D001;TS-028-D002;TS-028-D003;TS-028-D004,0,,3,TS-028-E001;TS-028-E002;TS-028-E003,TS-028-D001;TS-028-D002;TS-028-D003;TS-028-D004;TS-028-E001;TS-028-E002;TS-028-E003,7,1,1,5,TS-028-D002;TS-028-D003;TS-028-D004;TS-028-E001;TS-028-E003,0,search_callback_transition_v1,"[""comparison or predicate arguments and results at source invocation sites"",""callback pre/post state transitions, call count, and panic observations"",""input sequence identity and sortedness assumptions in Requires_T""]","Boundary_T fixes only comparator/predicate observations and callback state transitions actually consumed by the search proof. It does not contain a chosen index, insertion point, returned Result, or an equivalent answer encoding. TS-028-D001 shared_contract_vocabulary `ord_cmp_observed;ord_leq_observed;ordering_rank;slice_binary_search_result;slice_ord_equal_at;slice_ord_insertion_point;slice_sorted_by_ord`: The harness instantiates the generated Ord binary-search vocabulary and attaches it to the executable public target without an assume-specification declaration. [status=existing_generated_contract_vocabulary_boundary; source=manifest-local; semantic-disposition=context-only-specification-vocabulary] TS-028-D002 reviewed_core_slice_binary_search_by_boundary `binary_search_by`: Rust 1.96 implements binary_search solely as `self.binary_search_by(|p| p.cmp(x))`; the harness reuses the already reviewed core::slice::binary_search_by result boundary for that dependency instead of re-proving its loop in this wrapper target. [status=reviewed_generated_dependency_boundary_reused_locally; source=core/src/slice/mod.rs:2922-2924,2970-3022; semantic-disposition=inadmissible-answer-bearing-support] TS-028-D003 source_backed_ord_cmp_observation_boundary `rust_1_96_ord_cmp_observe`: The closure passed to binary_search_by preserves the source `p.cmp(x)` call and records the borrow-level comparison observation needed for the relational search vocabulary. [status=minimal_observation_boundary_for_ord_cmp_callback; source=core/src/slice/mod.rs:2924; semantic-disposition=mixed-support-includes-answer-bearing-site] TS-028-D004 source_backed_binary_search_ord_result_bridge_boundary `rust_1_96_binary_search_ord_result_bridge`: The public target body is the executable wrapper call. This proof-only bridge connects the reviewed binary_search_by Ok/Err index bounds to the generated Ord-specific `slice_binary_search_result` predicate until the full closure-observation equivalence is recursively discharged. [status=minimal_result_bridge_for_generated_ord_binary_search_contract; source=core/src/slice/mod.rs:2922-2924; semantic-disposition=inadmissible-answer-bearing-support] TS-028-E001 external_body `binary_search_by` at /home/chentianyu/nanvix-rust-std-spec-survey/nanvix-rust-std-slice-vec-implproof-2026-08-12/proof_harnesses/028_core_slice_binary_search/harness.rs:122 is an explicit trusted function body; backing dependency records=TS-028-D002;TS-028-D003;TS-028-D004; semantic-disposition=inadmissible-answer-equivalent-result. TS-028-E002 external_body `rust_1_96_ord_cmp_observe` at /home/chentianyu/nanvix-rust-std-spec-survey/nanvix-rust-std-slice-vec-implproof-2026-08-12/proof_harnesses/028_core_slice_binary_search/harness.rs:136 is an explicit trusted function body; backing dependency records=TS-028-D003; semantic-disposition=admissible-source-backed-lower-boundary. TS-028-E003 external_body `rust_1_96_binary_search_ord_result_bridge` at /home/chentianyu/nanvix-rust-std-spec-survey/nanvix-rust-std-slice-vec-implproof-2026-08-12/proof_harnesses/028_core_slice_binary_search/harness.rs:148 is an explicit trusted function body; backing dependency records=TS-028-D004; semantic-disposition=inadmissible-answer-equivalent-result.",The source search loop must derive an Ok matching index or the exact Err insertion point from the shared input and callback observations.,inadmissible,"Boundary_T must exclude or replace TS-028-D002, TS-028-D003, TS-028-D004, TS-028-E001, TS-028-E003 with recursively modeled lower transitions before a conditional-completeness obligation is admissible.",no,"Retained trust site(s) TS-028-D002, TS-028-D003, TS-028-D004, TS-028-E001, TS-028-E003 supply a complete target/branch postcondition or an answer-equivalent result, so the current proof boundary is not narrower than the target.",matching-index-equivalence,Err insertion indices and all callback states remain exact; two Ok returns are equivalent only when each index names a matching element.,core/src/slice/mod.rs:2849-2917,evidence/equivalence/binary_search_duplicate.positive.smt2,evidence/equivalence/binary_search_duplicate.negative.smt2,conditional-incomplete,conditional-incomplete
core::slice::binary_search_by,29,slice,all-20260815T0127Z-ascii-whitespace-vtab-repair,unknown,duplicate-or-callback-search-boundary,"search result is source-backed but relational: duplicate matches, insertion points, or callback/predicate observations do not force a unique return",search-prefix-suffix-ordering,generated-new-real-relation-spec,B,"pub assume_specification<'a, T, F: core::ops::FnMut(&'a T) -> core::cmp::Ordering>[ <[T]>::binary_search_by::<F> ](slice: &'a [T], f: F) -> (result: core::result::Result<usize, usize>) ensures slice_binary_search_by_result(slice@, f, result);",bbea7d2146da8d9116c68e9603460103ed4f7322c785180266a17b23b06c0f6b,"pub assume_specification<'a, T, F: core::ops::FnMut(&'a T) -> core::cmp::Ordering>[ <[T]>::binary_search_by::<F> ](slice: &'a [T], f: F) -> (result: core::result::Result<usize, usize>) ensures slice_binary_search_by_result(slice@, f, result);",bbea7d2146da8d9116c68e9603460103ed4f7322c785180266a17b23b06c0f6b,no,active-catalog-and-generated-declaration,/home/chentianyu/nanvix-rust-std-spec-survey/nanvix-rust-std-slice-specgen-2026-08-11/specs/generated_slice_specs.rs,40,48,"pub assume_specification<'a, T, F: core::ops::FnMut(&'a T) -> core::cmp::Ordering>[
    <[T]>::binary_search_by::<F>
](
    slice: &'a [T],
    f: F,
) -> (result: core::result::Result<usize, usize>)
    ensures
        slice_binary_search_by_result(slice@, f, result),
;
",dd1a86a1c7226407f878a70cb7ad5d6f7234b90d76d47caaaf886ea37f1b758a,/home/chentianyu/nanvix-rust-std-spec-survey/nanvix-rust-std-slice-specgen-2026-08-11/specs/slice_shared_vocabulary.rs,f47deb4c5da97621b87c7bbfb1909c5eda7303e8be0422fbe43fd6588fdf1c33,core/src/slice/mod.rs:2976,/home/chentianyu/nanvix-rust-std-spec-survey/rust-1.96/library/core/src/slice/mod.rs,58901fa6437dbd4d77c68427bbced0fc3a91a10fdb8bd2e233adf6a9ba27d2d5,2970,3022,8a7ce9ee452f424a23a87b3d92b45c675e3d2b4a27c219bfe45f14f1832a42b3,"    pub fn binary_search_by<'a, F>(&'a self, mut f: F) -> Result<usize, usize>
    where
        F: FnMut(&'a T) -> Ordering,
    {
        let mut size = self.len();
        if size == 0 {
            return Err(0);
        }
        let mut base = 0usize;

        // This loop intentionally doesn't have an early exit if the comparison
        // returns Equal. We want the number of loop iterations to depend *only*
        // on the size of the input slice so that the CPU can reliably predict
        // the loop count.
        while size > 1 {
            let half = size / 2;
            let mid = base + half;

            // SAFETY: the call is made safe by the following invariants:
            // - `mid >= 0`: by definition
            // - `mid < size`: `mid = size / 2 + size / 4 + size / 8 ...`
            let cmp = f(unsafe { self.get_unchecked(mid) });

            // Binary search interacts poorly with branch prediction, so force
            // the compiler to use conditional moves if supported by the target
            // architecture.
            base = hint::select_unpredictable(cmp == Greater, base, mid);

            // This is imprecise in the case where `size` is odd and the
            // comparison returns Greater: the mid element still gets included
            // by `size` even though it's known to be larger than the element
            // being searched for.
            //
            // This is fine though: we gain more performance by keeping the
            // loop iteration count invariant (and thus predictable) than we
            // lose from considering one additional element.
            size -= half;
        }

        // SAFETY: base is always in [0, size) because base <= mid.
        let cmp = f(unsafe { self.get_unchecked(base) });
        if cmp == Equal {
            // SAFETY: same as the `get_unchecked` above.
            unsafe { hint::assert_unchecked(base < self.len()) };
            Ok(base)
        } else {
            let result = base + (cmp == Less) as usize;
            // SAFETY: same as the `get_unchecked` above.
            // Note that this is `<=`, unlike the assume in the `Ok` path.
            unsafe { hint::assert_unchecked(result <= self.len()) };
            Err(result)
        }
    }
",core/src/slice/mod.rs:2926-2967,2926,2967,e21d99837545abe0b11f72519cedcae5c8642e9a075d758dd2b6331aa00d415e,"Binary searches this slice with a comparator function.

The comparator function should return an order code that indicates
whether its argument is `Less`, `Equal` or `Greater` the desired
target.
If the slice is not sorted or if the comparator function does not
implement an order consistent with the sort order of the underlying
slice, the returned result is unspecified and meaningless.

If the value is found then [`Result::Ok`] is returned, containing the
index of the matching element. If there are multiple matches, then any
one of the matches could be returned. The index is chosen
deterministically, but is subject to change in future versions of Rust.
If the value is not found then [`Result::Err`] is returned, containing
the index where a matching element could be inserted while maintaining
sorted order.

See also [`binary_search`], [`binary_search_by_key`], and [`partition_point`].

[`binary_search`]: slice::binary_search
[`binary_search_by_key`]: slice::binary_search_by_key
[`partition_point`]: slice::partition_point

# Examples

Looks up a series of four elements. The first is found, with a
uniquely determined position; the second and third are not
found; the fourth could match any position in `[1, 4]`.

```
let s = [0, 1, 1, 1, 1, 2, 3, 5, 8, 13, 21, 34, 55];

let seek = 13;
assert_eq!(s.binary_search_by(|probe| probe.cmp(&seek)), Ok(9));
let seek = 4;
assert_eq!(s.binary_search_by(|probe| probe.cmp(&seek)), Err(7));
let seek = 100;
assert_eq!(s.binary_search_by(|probe| probe.cmp(&seek)), Err(13));
let seek = 1;
let r = s.binary_search_by(|probe| probe.cmp(&seek));
assert!(match r { Ok(1..=4) => true, _ => false, });
```
",/home/chentianyu/nanvix-rust-std-spec-survey/nanvix-rust-std-slice-vec-implproof-2026-08-12/proof_harnesses/029_core_slice_binary_search_by/harness.rs,2e33ab5ebcf158df8aca27dccdaed17b7a08c96e4d588da208de5ca95df9ea5c,/home/chentianyu/nanvix-rust-std-spec-survey/nanvix-rust-std-slice-vec-implproof-2026-08-12/proof_manifests/029_core_slice_binary_search_by/source_body.json,872a444d677952d1fa17841d28b6c818bde89a6f01f790fa0533614e1320dd47,/home/chentianyu/nanvix-rust-std-spec-survey/nanvix-rust-std-slice-vec-implproof-2026-08-12/proof_manifests/029_core_slice_binary_search_by/transformation_manifest.json,cd83dd86754ee82bbde5389321ae62fca05dff4dc2acd5517c57b4fac62897c9,/home/chentianyu/nanvix-rust-std-spec-survey/nanvix-rust-std-slice-vec-implproof-2026-08-12/proof_manifests/029_core_slice_binary_search_by/dependency_assumption_manifest.json,f6d4724fc7072d35d929921a348864caa73e43a2ecda705935419ead64dc16a2,provenance/frozen/implproof/029_core_slice_binary_search_by/harness.rs,provenance/frozen/implproof/029_core_slice_binary_search_by/source_body.json,provenance/frozen/implproof/029_core_slice_binary_search_by/transformation_manifest.json,provenance/frozen/implproof/029_core_slice_binary_search_by/dependency_assumption_manifest.json,provenance/frozen/rust-1.96/library/core/src/slice/mod.rs,104,2,actual_verus_verified_modulo_source_backed_sliceindex_get_unchecked_fnmut_ordering_observation_and_hint_boundary,"[""assert_unchecked"",""f"",""get_unchecked"",""len"",""select_unpredictable""]",5,TS-029-D001;TS-029-D002;TS-029-D003;TS-029-D004;TS-029-D005,1,TS-029-C001,2,TS-029-E001;TS-029-E002,TS-029-D001;TS-029-D002;TS-029-D003;TS-029-D004;TS-029-D005;TS-029-C001;TS-029-E001;TS-029-E002,8,6,2,0,,0,search_callback_transition_v1,"[""comparison or predicate arguments and results at source invocation sites"",""callback pre/post state transitions, call count, and panic observations"",""input sequence identity and sortedness assumptions in Requires_T""]","Boundary_T fixes only comparator/predicate observations and callback state transitions actually consumed by the search proof. It does not contain a chosen index, insertion point, returned Result, or an equivalent answer encoding. TS-029-D001 shared_contract_vocabulary `fnmut_ordering_observed;ordering_rank;slice_binary_search_by_equal_at;slice_binary_search_by_insertion_point;slice_binary_search_by_ordered;slice_binary_search_by_result`: The harness instantiates the generated relational binary-search vocabulary and attaches it to the executable public target without an assume_specification declaration. [status=existing_generated_contract_vocabulary_boundary; source=manifest-local; semantic-disposition=context-only-specification-vocabulary] TS-029-D002 source_backed_sliceindex_get_unchecked_boundary `rust_1_96_sliceindex_get_unchecked_ref / get_unchecked`: The two Rust unsafe slice reads are preserved as `unsafe { get_unchecked(slice, mid/base) }`; the local wrapper mirrors the reviewed core::slice::get_unchecked boundary and exposes only the in-range view element. [status=minimal_trusted_boundary_until_SliceIndex_get_unchecked_is_recursively_proved; source=core/src/slice/mod.rs:2995,3014; reviewed dependency core::slice::get_unchecked at core/src/slice/mod.rs:639-647; semantic-disposition=admissible-source-backed-support] TS-029-D003 source_backed_fnmut_ordering_observation_boundary `rust_1_96_fnmut_ordering_observe`: Rust 1.96 invokes an arbitrary `FnMut(&T) -> Ordering` at each probed element. The harness records each call through the audited `fnmut_ordering_observed` vocabulary keyed to the original callback identity, preserving duplicate and callback-relational semantics. [status=minimal_observation_boundary_for_fnmut_ordering_callback; source=core/src/slice/mod.rs:2995,3014; semantic-disposition=admissible-source-backed-support] TS-029-D004 source_backed_hint_boundary `hint::select_unpredictable and hint::assert_unchecked`: `select_unpredictable` is modeled as the same conditional value choice, and `assert_unchecked` is exposed as the unsafe source precondition that the surrounding loop arithmetic proves before the call. [status=minimal_hint_semantics_boundary; source=core/src/slice/mod.rs:3000,3017,3022; semantic-disposition=admissible-source-backed-support] TS-029-D005 source_shaped_binary_search_loop_result_reduction `rust_1_96_binary_search_by_loop_result`: The previous proof-only bridge is now a verified proof lemma plus source-shaped loop invariants. The proof tracks prefix elements known Less, a candidate window that may contain an Equal duplicate, and the suffix known Greater, then discharges the generated Ok/Err relational postcondition without choosing a unique duplicate or constraining the arbitrary FnMut callback. [status=external_body_removed_verified_loop_invariant_reduction; source=core/src/slice/mod.rs:2980-3022; semantic-disposition=admissible-source-backed-support] TS-029-C001 source-indexed callee `core::slice::get_unchecked`: core/src/slice/mod.rs:639-647 [status=reviewed_generated_dependency_boundary_reused_locally; semantic-disposition=context-only-source-closure]. TS-029-E001 external_body `rust_1_96_sliceindex_get_unchecked_ref` at /home/chentianyu/nanvix-rust-std-spec-survey/nanvix-rust-std-slice-vec-implproof-2026-08-12/proof_harnesses/029_core_slice_binary_search_by/harness.rs:98 is an explicit trusted function body; backing dependency records=TS-029-D002; semantic-disposition=admissible-source-backed-lower-boundary. TS-029-E002 external_body `rust_1_96_fnmut_ordering_observe` at /home/chentianyu/nanvix-rust-std-spec-survey/nanvix-rust-std-slice-vec-implproof-2026-08-12/proof_harnesses/029_core_slice_binary_search_by/harness.rs:121 is an explicit trusted function body; backing dependency records=TS-029-D003; semantic-disposition=admissible-source-backed-lower-boundary.",The source search loop must derive an Ok matching index or the exact Err insertion point from the shared input and callback observations.,admissible,All executable trust sites are source-linked and semantically partial; context-only vocabulary and call-closure records are not admitted as Boundary_T observations.,yes,Every executable dependency and external-body contract is present in the frozen exhaustive audit and limited to a lower source transition; none supplies a complete branch or answer-equivalent target result.,matching-index-equivalence,Err insertion indices and all callback states remain exact; two Ok returns are equivalent only when each index names a matching element.,core/src/slice/mod.rs:2926-2967,evidence/equivalence/binary_search_duplicate.positive.smt2,evidence/equivalence/binary_search_duplicate.negative.smt2,conditional-incomplete,conditional-incomplete
core::slice::binary_search_by_key,30,slice,all-20260815T0127Z-ascii-whitespace-vtab-repair,unknown,duplicate-or-callback-search-boundary,"search result is source-backed but relational: duplicate matches, insertion points, or callback/predicate observations do not force a unique return",search-prefix-suffix-ordering,generated-new-real-relation-spec,B,"pub assume_specification<'a, T, B: core::cmp::Ord, F: core::ops::FnMut(&'a T) -> B>[ <[T]>::binary_search_by_key::<B, F> ](slice: &'a [T], key: &B, f: F) -> (result: core::result::Result<usize, usize>) ensures slice_binary_search_by_key_result::<F, T, B>(slice@, *key, f, result);",613ffeb61ff37d877cf411db0ed8f76bcb2a93646330438d2a55cfb46e1a5ce5,"pub assume_specification<'a, T, B: core::cmp::Ord, F: core::ops::FnMut(&'a T) -> B>[ <[T]>::binary_search_by_key::<B, F> ](slice: &'a [T], key: &B, f: F) -> (result: core::result::Result<usize, usize>) ensures slice_binary_search_by_key_result::<F, T, B>(slice@, *key, f, result);",613ffeb61ff37d877cf411db0ed8f76bcb2a93646330438d2a55cfb46e1a5ce5,no,active-catalog-and-generated-declaration,/home/chentianyu/nanvix-rust-std-spec-survey/nanvix-rust-std-slice-specgen-2026-08-11/specs/generated_slice_specs.rs,50,59,"pub assume_specification<'a, T, B: core::cmp::Ord, F: core::ops::FnMut(&'a T) -> B>[
    <[T]>::binary_search_by_key::<B, F>
](
    slice: &'a [T],
    key: &B,
    f: F,
) -> (result: core::result::Result<usize, usize>)
    ensures
        slice_binary_search_by_key_result::<F, T, B>(slice@, *key, f, result),
;
",0f8e501cac522e9a96e66994f50994d575b785839d845b818090f4816e68de8e,/home/chentianyu/nanvix-rust-std-spec-survey/nanvix-rust-std-slice-specgen-2026-08-11/specs/slice_shared_vocabulary.rs,f47deb4c5da97621b87c7bbfb1909c5eda7303e8be0422fbe43fd6588fdf1c33,core/src/slice/mod.rs:3077,/home/chentianyu/nanvix-rust-std-spec-survey/rust-1.96/library/core/src/slice/mod.rs,58901fa6437dbd4d77c68427bbced0fc3a91a10fdb8bd2e233adf6a9ba27d2d5,3071,3077,93926d7471959bd2dca6f11321a73a445294b73af7c3748212f85ed08d5c31ae,"    pub fn binary_search_by_key<'a, B, F>(&'a self, b: &B, mut f: F) -> Result<usize, usize>
    where
        F: FnMut(&'a T) -> B,
        B: Ord,
    {
        self.binary_search_by(|k| f(k).cmp(b))
    }
",core/src/slice/mod.rs:3024-3063,3024,3063,2937961130311c571431930550ea8f746763b591d2faae2f3ed944b592075437,"Binary searches this slice with a key extraction function.

Assumes that the slice is sorted by the key, for instance with
[`sort_by_key`] using the same key extraction function.
If the slice is not sorted by the key, the returned result is
unspecified and meaningless.

If the value is found then [`Result::Ok`] is returned, containing the
index of the matching element. If there are multiple matches, then any
one of the matches could be returned. The index is chosen
deterministically, but is subject to change in future versions of Rust.
If the value is not found then [`Result::Err`] is returned, containing
the index where a matching element could be inserted while maintaining
sorted order.

See also [`binary_search`], [`binary_search_by`], and [`partition_point`].

[`sort_by_key`]: slice::sort_by_key
[`binary_search`]: slice::binary_search
[`binary_search_by`]: slice::binary_search_by
[`partition_point`]: slice::partition_point

# Examples

Looks up a series of four elements in a slice of pairs sorted by
their second elements. The first is found, with a uniquely
determined position; the second and third are not found; the
fourth could match any position in `[1, 4]`.

```
let s = [(0, 0), (2, 1), (4, 1), (5, 1), (3, 1),
(1, 2), (2, 3), (4, 5), (5, 8), (3, 13),
(1, 21), (2, 34), (4, 55)];

assert_eq!(s.binary_search_by_key(&13, |&(a, b)| b),  Ok(9));
assert_eq!(s.binary_search_by_key(&4, |&(a, b)| b),   Err(7));
assert_eq!(s.binary_search_by_key(&100, |&(a, b)| b), Err(13));
let r = s.binary_search_by_key(&1, |&(a, b)| b);
assert!(match r { Ok(1..=4) => true, _ => false, });
```
",/home/chentianyu/nanvix-rust-std-spec-survey/nanvix-rust-std-slice-vec-implproof-2026-08-12/proof_harnesses/030_core_slice_binary_search_by_key/harness.rs,32b74e3bde8746067172fcee2dd0be2a004875c1c044c1c16cde67db2386efa4,/home/chentianyu/nanvix-rust-std-spec-survey/nanvix-rust-std-slice-vec-implproof-2026-08-12/proof_manifests/030_core_slice_binary_search_by_key/source_body.json,968566cec3aaa1a5cf14517207c52153334482ac01f70e6c70a6ceb04f57c8f2,/home/chentianyu/nanvix-rust-std-spec-survey/nanvix-rust-std-slice-vec-implproof-2026-08-12/proof_manifests/030_core_slice_binary_search_by_key/transformation_manifest.json,54e7c3c9ab04c3c7018c1917547f19d306ce052af7cf6e24e1e30c56559882e9,/home/chentianyu/nanvix-rust-std-spec-survey/nanvix-rust-std-slice-vec-implproof-2026-08-12/proof_manifests/030_core_slice_binary_search_by_key/dependency_assumption_manifest.json,41cdcbe5b008d952e50a7440a294c630110a16748f8fd351c81d4d624cd3bfec,provenance/frozen/implproof/030_core_slice_binary_search_by_key/harness.rs,provenance/frozen/implproof/030_core_slice_binary_search_by_key/source_body.json,provenance/frozen/implproof/030_core_slice_binary_search_by_key/transformation_manifest.json,provenance/frozen/implproof/030_core_slice_binary_search_by_key/dependency_assumption_manifest.json,provenance/frozen/rust-1.96/library/core/src/slice/mod.rs,106,2,actual_verus_verified_modulo_reviewed_binary_search_by_fnmut_key_observation_ord_cmp_observation_closure_lowering_and_result_bridge_boundary,"[""binary_search_by"",""cmp"",""f""]",6,TS-030-D001;TS-030-D002;TS-030-D003;TS-030-D004;TS-030-D005;TS-030-D006,0,,2,TS-030-E001;TS-030-E002,TS-030-D001;TS-030-D002;TS-030-D003;TS-030-D004;TS-030-D005;TS-030-D006;TS-030-E001;TS-030-E002,8,3,1,4,TS-030-D005;TS-030-D006;TS-030-E001;TS-030-E002,0,search_callback_transition_v1,"[""comparison or predicate arguments and results at source invocation sites"",""callback pre/post state transitions, call count, and panic observations"",""input sequence identity and sortedness assumptions in Requires_T""]","Boundary_T fixes only comparator/predicate observations and callback state transitions actually consumed by the search proof. It does not contain a chosen index, insertion point, returned Result, or an equivalent answer encoding. TS-030-D001 shared_contract_vocabulary `fnmut_key_observed;ord_cmp_observed;ord_cmp_ref_observed;ord_leq_observed;ordering_rank;slice_binary_search_by_key_equal_at;slice_binary_search_by_key_insertion_point;slice_binary_search_by_key_ordered;slice_binary_search_by_key_result`: The harness instantiates the generated key-search vocabulary and attaches it to the executable public target without an assume-specification declaration. [status=existing_generated_contract_vocabulary_boundary; source=manifest-local; semantic-disposition=context-only-specification-vocabulary] TS-030-D002 reviewed_core_slice_binary_search_by_boundary `binary_search_by`: Rust 1.96 implements binary_search_by_key as self.binary_search_by(|k| f(k).cmp(b)); the harness reuses the already reviewed core::slice::binary_search_by result bounds through a target-local source-backed delegation boundary rather than re-proving the binary-search loop here. [status=reviewed_generated_dependency_boundary_reused_locally; source=core/src/slice/mod.rs:3075-3077,2970-3022; semantic-disposition=admissible-source-backed-support] TS-030-D003 source_backed_fnmut_key_observation_boundary `fnmut_key_observed vocabulary via retained delegate/result bridge`: The source closure invokes the arbitrary stateful key callback f(k). The harness records that effect with the audited fnmut_key_observed vocabulary and retained delegate/result bridge instead of choosing concrete keys or strengthening callback behavior; the unused standalone observe declaration was pruned. [status=minimal_observation_boundary_for_fnmut_key_callback; source=core/src/slice/mod.rs:3077; semantic-disposition=admissible-source-backed-support] TS-030-D004 source_backed_ord_cmp_observation_boundary `ord_cmp_observed vocabulary via retained delegate/result bridge`: The source closure compares each observed key with b via Ord::cmp; the harness records the comparison through the audited Ord observation vocabulary used by the generated key-search relation and retained bridge; the unused standalone observe declaration was pruned. [status=minimal_observation_boundary_for_ord_cmp_on_observed_key; source=core/src/slice/mod.rs:3077; semantic-disposition=admissible-source-backed-support] TS-030-D005 verus_fnmut_key_cmp_closure_lowering_boundary `|k| f(k).cmp(b)`: This Verus build rejects closures that capture a mutable FnMut key function. The public target remains non-external and executable; only the unsupported closure adapter plus delegation to the reviewed binary_search_by boundary is isolated as rust_1_96_binary_search_by_key_delegate. [status=minimal_verus_closure_lowering_boundary_for_fnmut_key_ord_cmp_delegation; source=core/src/slice/mod.rs:3075-3077; semantic-disposition=inadmissible-answer-bearing-support] TS-030-D006 source_backed_binary_search_by_key_result_bridge_boundary `rust_1_96_binary_search_by_key_result_bridge`: The executable wrapper computes only an Ok/Err index from the reviewed binary_search_by call. This proof-only bridge connects those bounds to the generated key-search result predicate while preserving relational duplicate/callback semantics. [status=minimal_result_bridge_for_generated_key_binary_search_contract; source=core/src/slice/mod.rs:3075-3077; semantic-disposition=inadmissible-answer-bearing-support] TS-030-E001 external_body `rust_1_96_binary_search_by_key_delegate` at /home/chentianyu/nanvix-rust-std-spec-survey/nanvix-rust-std-slice-vec-implproof-2026-08-12/proof_harnesses/030_core_slice_binary_search_by_key/harness.rs:141 is an explicit trusted function body; backing dependency records=TS-030-D005; semantic-disposition=inadmissible-answer-equivalent-result. TS-030-E002 external_body `rust_1_96_binary_search_by_key_result_bridge` at /home/chentianyu/nanvix-rust-std-spec-survey/nanvix-rust-std-slice-vec-implproof-2026-08-12/proof_harnesses/030_core_slice_binary_search_by_key/harness.rs:159 is an explicit trusted function body; backing dependency records=TS-030-D006; semantic-disposition=inadmissible-answer-equivalent-result.",The source search loop must derive an Ok matching index or the exact Err insertion point from the shared input and callback observations.,inadmissible,"Boundary_T must exclude or replace TS-030-D005, TS-030-D006, TS-030-E001, TS-030-E002 with recursively modeled lower transitions before a conditional-completeness obligation is admissible.",no,"Retained trust site(s) TS-030-D005, TS-030-D006, TS-030-E001, TS-030-E002 supply a complete target/branch postcondition or an answer-equivalent result, so the current proof boundary is not narrower than the target.",matching-index-equivalence,Err insertion indices and all callback states remain exact; two Ok returns are equivalent only when each index names a matching element.,core/src/slice/mod.rs:3024-3063,evidence/equivalence/binary_search_duplicate.positive.smt2,evidence/equivalence/binary_search_duplicate.negative.smt2,conditional-incomplete,conditional-incomplete
core::slice::chunk_by_mut,32,slice,all-20260815T0127Z-ascii-whitespace-vtab-repair,unknown,iterator-or-subslice-state-boundary,"contract fixes source/remaining/subrange state, but the Rust iterator, chunk, split, or borrowed subslice value retains opaque runtime/lifetime state",iterator-splitting-and-chunking,generated-new-real-relation-spec,B,"pub assume_specification<'a, T, F: core::ops::FnMut(&T, &T) -> bool>[ <[T]>::chunk_by_mut::<F> ]( slice: &'a mut [T], pred: F, ) -> (iter: core::slice::ChunkByMut<'a, T, F>) ensures slice_adjacent_chunk_view::<core::slice::ChunkByMut<'a, T, F>, F, T>( iter, old(slice)@, pred, ), ;",f4d113c638ecee678916c7446e3e173c3e3b16486104fea5a2d623e9cd82646a,"pub assume_specification<'a, T, F: core::ops::FnMut(&T, &T) -> bool>[ <[T]>::chunk_by_mut::<F> ]( slice: &'a mut [T], pred: F, ) -> (iter: core::slice::ChunkByMut<'a, T, F>) ensures slice_adjacent_chunk_view::<core::slice::ChunkByMut<'a, T, F>, F, T>( iter, old(slice)@, pred, ), ;",f4d113c638ecee678916c7446e3e173c3e3b16486104fea5a2d623e9cd82646a,no,active-catalog-and-generated-declaration,/home/chentianyu/nanvix-rust-std-spec-survey/nanvix-rust-std-slice-specgen-2026-08-11/specs/generated_slice_specs.rs,729,737,"pub assume_specification<'a, T, F: core::ops::FnMut(&T, &T) -> bool>[ <[T]>::chunk_by_mut::<F> ](
    slice: &'a mut [T],
    pred: F,
) -> (iter: core::slice::ChunkByMut<'a, T, F>)
    ensures
        slice_adjacent_chunk_view::<core::slice::ChunkByMut<'a, T, F>, F, T>(
            iter, old(slice)@, pred,
        ),
;
",0949adbc7a63a99827177d9e0a4166ac3427a9a2ce2b9107e9bf0fd80ed7fe0c,/home/chentianyu/nanvix-rust-std-spec-survey/nanvix-rust-std-slice-specgen-2026-08-11/specs/slice_shared_vocabulary.rs,f47deb4c5da97621b87c7bbfb1909c5eda7303e8be0422fbe43fd6588fdf1c33,core/src/slice/mod.rs:1909,/home/chentianyu/nanvix-rust-std-spec-survey/rust-1.96/library/core/src/slice/mod.rs,58901fa6437dbd4d77c68427bbced0fc3a91a10fdb8bd2e233adf6a9ba27d2d5,1906,1911,f47865a3fb1f3957ce9cd1692b23765a8d17f2712c5e4fbb88635d4e4eaeb159,"    pub const fn chunk_by_mut<F>(&mut self, pred: F) -> ChunkByMut<'_, T, F>
    where
        F: FnMut(&T, &T) -> bool,
    {
        ChunkByMut::new(self, pred)
    }
",core/src/slice/mod.rs:1871-1902,1871,1902,4abb2eac1f68cacf9786a67a5f4f9b73d9071f59a3148e9f915e4c66d98775c9,"Returns an iterator over the slice producing non-overlapping mutable
runs of elements using the predicate to separate them.

The predicate is called for every pair of consecutive elements,
meaning that it is called on `slice[0]` and `slice[1]`,
followed by `slice[1]` and `slice[2]`, and so on.

# Examples

```
let slice = &mut [1, 1, 1, 3, 3, 2, 2, 2];

let mut iter = slice.chunk_by_mut(|a, b| a == b);

assert_eq!(iter.next(), Some(&mut [1, 1, 1][..]));
assert_eq!(iter.next(), Some(&mut [3, 3][..]));
assert_eq!(iter.next(), Some(&mut [2, 2, 2][..]));
assert_eq!(iter.next(), None);
```

This method can be used to extract the sorted subslices:

```
let slice = &mut [1, 1, 2, 3, 2, 3, 2, 3, 4];

let mut iter = slice.chunk_by_mut(|a, b| a <= b);

assert_eq!(iter.next(), Some(&mut [1, 1, 2, 3][..]));
assert_eq!(iter.next(), Some(&mut [2, 3][..]));
assert_eq!(iter.next(), Some(&mut [2, 3, 4][..]));
assert_eq!(iter.next(), None);
```
",/home/chentianyu/nanvix-rust-std-spec-survey/nanvix-rust-std-slice-vec-implproof-2026-08-12/proof_harnesses/032_core_slice_chunk_by_mut/harness.rs,daaa606f6b00f9af96f88a7d9948eb946d31e544dd970f246f13987f005a8fe4,/home/chentianyu/nanvix-rust-std-spec-survey/nanvix-rust-std-slice-vec-implproof-2026-08-12/proof_manifests/032_core_slice_chunk_by_mut/source_body.json,fa7edc801180c4fbb11e6c4d3099b0687e3829ccfb456674ed7702dd235bf795,/home/chentianyu/nanvix-rust-std-spec-survey/nanvix-rust-std-slice-vec-implproof-2026-08-12/proof_manifests/032_core_slice_chunk_by_mut/transformation_manifest.json,844ab903983982ace65fd21e92ed9313cfc85c0a83c6dbfa40710191866af36d,/home/chentianyu/nanvix-rust-std-spec-survey/nanvix-rust-std-slice-vec-implproof-2026-08-12/proof_manifests/032_core_slice_chunk_by_mut/dependency_assumption_manifest.json,3efee1e8f9291dcc8c77a437adbaf4140f631a70521743ff01e5783a8c9192fd,provenance/frozen/implproof/032_core_slice_chunk_by_mut/harness.rs,provenance/frozen/implproof/032_core_slice_chunk_by_mut/source_body.json,provenance/frozen/implproof/032_core_slice_chunk_by_mut/transformation_manifest.json,provenance/frozen/implproof/032_core_slice_chunk_by_mut/dependency_assumption_manifest.json,provenance/frozen/rust-1.96/library/core/src/slice/mod.rs,47,1,actual_verus_verified_modulo_source_backed_iterator_view_boundary:proof_harnesses/032_core_slice_chunk_by_mut/evidence/verus_stdout.txt,"[""new""]",4,TS-032-D001;TS-032-D002;TS-032-D003;TS-032-D004,1,TS-032-C001,0,,TS-032-D001;TS-032-D002;TS-032-D003;TS-032-D004;TS-032-C001,5,4,1,0,,0,iterator_private_state_v1,"[""input borrow and allocation identity"",""iterator front/back cursor and remaining source range"",""private chunk or split state read by the implementation proof"",""individual source-backed raw-slice constructor observations""]","Boundary_T fixes the input borrow/allocation identity and only the iterator, range, or raw-slice-constructor observations consumed by the proof. Target-returned references, aggregate post-state, and a complete execution trace remain outside b. TS-032-D001 source_backed_model_instantiation `slice_iterator_view::<ChunkByMut<'a, T, F>, T>;slice_adjacent_chunk_view`: The generated adjacent-chunk contract vocabulary is instantiated as closed/open specs over the extracted ChunkByMut private `slice` field and initial lazy mutable iterator state; this does not assume the target postcondition. [status=minimal_trusted_boundary_for_shared_helper_representation; source=core/src/slice/iter.rs:3109-3118 and frozen_inputs/slice/specs/all_slice_specs.rs:1284-1297,1344-1367; semantic-disposition=admissible-source-backed-support] TS-032-D002 source_backed_iterator_view_boundary `repaired generated mutable-iterator contract without final-slice frame`: The remaining source-backed obligation is the iterator/chunk/predicate view abstraction over returned lazy mutable iterator state; the removed final(slice) frame is no longer part of the contract under proof. [status=actual_verus_verified_after_contract_repair; source=core/src/slice/iter.rs:3115-3118; semantic-disposition=admissible-source-backed-support] TS-032-D003 trait_or_callback `F: FnMut(&T, &T) -> bool`: The public target preserves the Rust 1.96 callback bound and stores the predicate in the returned lazy mutable iterator; the constructor does not invoke the callback, so only the audited `fnmut_adjacent_predicate_observed` vocabulary remains as a law-constrained helper boundary. [status=preserved_callback_signature_without_target_body_assumption; source=core/src/slice/mod.rs:1906-1911 and core/src/slice/iter.rs:3109-3118; semantic-disposition=admissible-source-backed-support] TS-032-D004 source_backed_iterator_view_boundary `repaired generated mutable-iterator contract without final-slice frame`: The remaining source-backed obligation is the iterator/chunk/predicate view abstraction over returned lazy mutable iterator state; the removed final(slice) frame is no longer part of the contract under proof. [status=actual_verus_verified_after_contract_repair; source=core/src/slice/iter.rs:3109-3118; generated contract for <[T]>::chunk_by_mut; semantic-disposition=admissible-source-backed-support] TS-032-C001 source-indexed callee `ChunkByMut::new`: core/src/slice/iter.rs:3116-3118 [status=body_preserved_in_harness_actual_verus_verified_after_contract_repair; semantic-disposition=context-only-source-closure].",The target definition must derive returned subranges and borrow observations from these inputs with source-backed transitions.,admissible,All executable trust sites are source-linked and semantically partial; context-only vocabulary and call-closure records are not admitted as Boundary_T observations.,yes,Every executable dependency and external-body contract is present in the frozen exhaustive audit and limited to a lower source transition; none supplies a complete branch or answer-equivalent target result.,exact-principal-return-and-final-state,"Principal return values, returned reference identities, and final-state observations are compared by exact equality.",,,,conditional-complete,conditional-complete
core::slice::chunks_exact_mut,35,slice,all-20260815T0127Z-ascii-whitespace-vtab-repair,unknown,iterator-or-subslice-state-boundary,"contract fixes source/remaining/subrange state, but the Rust iterator, chunk, split, or borrowed subslice value retains opaque runtime/lifetime state",iterator-splitting-and-chunking,generated-new-real-relation-spec,B,"pub assume_specification<'a, T>[ <[T]>::chunks_exact_mut ]( slice: &'a mut [T], chunk_size: usize, ) -> (iter: core::slice::ChunksExactMut<'a, T>) requires chunk_size != 0, ensures slice_iterator_view::<core::slice::ChunksExactMut<'a, T>, T>(iter).source == old(slice)@, slice_iterator_view::<core::slice::ChunksExactMut<'a, T>, T>(iter).yielded_prefix == Seq::empty(), slice_iterator_view::<core::slice::ChunksExactMut<'a, T>, T>(iter).chunk_size == chunk_size as int, !slice_iterator_view::<core::slice::ChunksExactMut<'a, T>, T>(iter).reverse, slice_chunk_partition::<T>(slice_iterator_view::<core::slice::ChunksExactMut<'a, T>, T>(iter)), ;",c4e09211e598b511902feb1f0fd0207e386dd8e7077da17462c9ba20c1944c68,"pub assume_specification<'a, T>[ <[T]>::chunks_exact_mut ]( slice: &'a mut [T], chunk_size: usize, ) -> (iter: core::slice::ChunksExactMut<'a, T>) requires chunk_size != 0, ensures slice_iterator_view::<core::slice::ChunksExactMut<'a, T>, T>(iter).source == old(slice)@, slice_iterator_view::<core::slice::ChunksExactMut<'a, T>, T>(iter).yielded_prefix == Seq::empty(), slice_iterator_view::<core::slice::ChunksExactMut<'a, T>, T>(iter).chunk_size == chunk_size as int, !slice_iterator_view::<core::slice::ChunksExactMut<'a, T>, T>(iter).reverse, slice_chunk_partition::<T>(slice_iterator_view::<core::slice::ChunksExactMut<'a, T>, T>(iter)), ;",c4e09211e598b511902feb1f0fd0207e386dd8e7077da17462c9ba20c1944c68,no,active-catalog-and-generated-declaration,/home/chentianyu/nanvix-rust-std-spec-survey/nanvix-rust-std-slice-specgen-2026-08-11/specs/generated_slice_specs.rs,572,584,"pub assume_specification<'a, T>[ <[T]>::chunks_exact_mut ](
    slice: &'a mut [T],
    chunk_size: usize,
) -> (iter: core::slice::ChunksExactMut<'a, T>)
    requires
        chunk_size != 0,
    ensures
        slice_iterator_view::<core::slice::ChunksExactMut<'a, T>, T>(iter).source == old(slice)@,
        slice_iterator_view::<core::slice::ChunksExactMut<'a, T>, T>(iter).yielded_prefix == Seq::empty(),
        slice_iterator_view::<core::slice::ChunksExactMut<'a, T>, T>(iter).chunk_size == chunk_size as int,
        !slice_iterator_view::<core::slice::ChunksExactMut<'a, T>, T>(iter).reverse,
        slice_chunk_partition::<T>(slice_iterator_view::<core::slice::ChunksExactMut<'a, T>, T>(iter)),
;
",c50ca624560de5e76ee6e24707ffa97da3d68d759a1108614cb5a3624f2e607e,/home/chentianyu/nanvix-rust-std-spec-survey/nanvix-rust-std-slice-specgen-2026-08-11/specs/slice_shared_vocabulary.rs,f47deb4c5da97621b87c7bbfb1909c5eda7303e8be0422fbe43fd6588fdf1c33,core/src/slice/mod.rs:1293,/home/chentianyu/nanvix-rust-std-spec-survey/rust-1.96/library/core/src/slice/mod.rs,58901fa6437dbd4d77c68427bbced0fc3a91a10fdb8bd2e233adf6a9ba27d2d5,1290,1293,8af861fb41a485b218b14d2d109bfa84e040bef3dd2a6bdf393196536a734456,"    pub const fn chunks_exact_mut(&mut self, chunk_size: usize) -> ChunksExactMut<'_, T> {
        assert!(chunk_size != 0, ""chunk size must be non-zero"");
        ChunksExactMut::new(self, chunk_size)
    }
",core/src/slice/mod.rs:1247-1285,1247,1285,7d2c44003134dfc90eff64085f8b58c583766e722d6cd5a89b3b033132557d88,"Returns an iterator over `chunk_size` elements of the slice at a time, starting at the
beginning of the slice.

The chunks are mutable slices, and do not overlap. If `chunk_size` does not divide the
length of the slice, then the last up to `chunk_size-1` elements will be omitted and can be
retrieved from the `into_remainder` function of the iterator.

Due to each chunk having exactly `chunk_size` elements, the compiler can often optimize the
resulting code better than in the case of [`chunks_mut`].

See [`chunks_mut`] for a variant of this iterator that also returns the remainder as a
smaller chunk, and [`rchunks_exact_mut`] for the same iterator but starting at the end of
the slice.

If your `chunk_size` is a constant, consider using [`as_chunks_mut`] instead, which will
give references to arrays of exactly that length, rather than slices.

# Panics

Panics if `chunk_size` is zero.

# Examples

```
let v = &mut [0, 0, 0, 0, 0];
let mut count = 1;

for chunk in v.chunks_exact_mut(2) {
for elem in chunk.iter_mut() {
*elem += count;
}
count += 1;
}
assert_eq!(v, &[1, 1, 2, 2, 0]);
```

[`chunks_mut`]: slice::chunks_mut
[`rchunks_exact_mut`]: slice::rchunks_exact_mut
[`as_chunks_mut`]: slice::as_chunks_mut
",/home/chentianyu/nanvix-rust-std-spec-survey/nanvix-rust-std-slice-vec-implproof-2026-08-12/proof_harnesses/035_core_slice_chunks_exact_mut/harness.rs,c52a48d9b2b98ad9b0490c200227274607c474d9b5df4389277bcda34ed242b3,/home/chentianyu/nanvix-rust-std-spec-survey/nanvix-rust-std-slice-vec-implproof-2026-08-12/proof_manifests/035_core_slice_chunks_exact_mut/source_body.json,9d1bdebee8cf774f4c80bcf2324262d2109fcd5ebd1a23febecfa2a874536f0d,/home/chentianyu/nanvix-rust-std-spec-survey/nanvix-rust-std-slice-vec-implproof-2026-08-12/proof_manifests/035_core_slice_chunks_exact_mut/transformation_manifest.json,2f30b8f901e22681b992832b7309ce0dc61fde23d4f07e41054411ee7784181f,/home/chentianyu/nanvix-rust-std-spec-survey/nanvix-rust-std-slice-vec-implproof-2026-08-12/proof_manifests/035_core_slice_chunks_exact_mut/dependency_assumption_manifest.json,344e623d721f194624e6fa69876cc334d9ae0840f681cba93b5c41d79ef295d5,provenance/frozen/implproof/035_core_slice_chunks_exact_mut/harness.rs,provenance/frozen/implproof/035_core_slice_chunks_exact_mut/source_body.json,provenance/frozen/implproof/035_core_slice_chunks_exact_mut/transformation_manifest.json,provenance/frozen/implproof/035_core_slice_chunks_exact_mut/dependency_assumption_manifest.json,provenance/frozen/rust-1.96/library/core/src/slice/mod.rs,10,0,actual_verus_verified_modulo_source_backed_iterator_view_boundary:proof_harnesses/035_core_slice_chunks_exact_mut/evidence/verus_stdout.txt,"[""assert!"",""new""]",5,TS-035-D001;TS-035-D002;TS-035-D003;TS-035-D004;TS-035-D005,1,TS-035-C001,0,,TS-035-D001;TS-035-D002;TS-035-D003;TS-035-D004;TS-035-D005;TS-035-C001,6,5,1,0,,0,iterator_private_state_v1,"[""input borrow and allocation identity"",""iterator front/back cursor and remaining source range"",""private chunk or split state read by the implementation proof"",""individual source-backed raw-slice constructor observations""]","Boundary_T fixes the input borrow/allocation identity and only the iterator, range, or raw-slice-constructor observations consumed by the proof. Target-returned references, aggregate post-state, and a complete execution trace remain outside b. TS-035-D001 source_backed_model_instantiation `slice_iterator_view::<ChunksExactMut<'a, T>, T>`: The generated contract's shared iterator-view helper is instantiated over the extracted ChunksExactMut private representation, with the raw pointer region represented by its source-backed split prefix sequence; this does not assume the target postcondition. [status=minimal_trusted_boundary_for_shared_helper_representation_and_raw_pointer_view; source=core/src/slice/iter.rs:2013-2033; semantic-disposition=admissible-source-backed-support] TS-035-D002 source_backed_iterator_view_boundary `repaired generated mutable-iterator contract without final-slice frame`: The remaining source-backed obligation is the iterator/chunk/predicate view abstraction over returned lazy mutable iterator state; the removed final(slice) frame is no longer part of the contract under proof. [status=actual_verus_verified_after_contract_repair; source=core/src/slice/iter.rs:2028-2033; semantic-disposition=admissible-source-backed-support] TS-035-D003 existing_vstd_source_contract_boundary `<[T]>::split_at_mut`: Rust 1.96 uses `unsafe { slice.split_at_mut_unchecked(fst_len) }` after `fst_len` is valid by construction. The harness uses the reviewed vstd `split_at_mut` contract at the same index to expose prefix/suffix sequence facts and mutable-frame semantics for the valid unchecked split. [status=minimal_trusted_boundary_for_unsafe_split_at_mut_unchecked_semantics_at_proved_valid_index; source=core/src/slice/iter.rs:2031-2032; vstd/std_specs/slice.rs:203-210; semantic-disposition=admissible-source-backed-support] TS-035-D004 panic_or_bounds `assert!(chunk_size != 0)`: The generated precondition `chunk_size != 0` makes the Rust assert pass; the Verus harness keeps the assertion as a proof assertion. [status=discharged_by_target_precondition; source=core/src/slice/mod.rs:1290-1292; semantic-disposition=admissible-source-backed-support] TS-035-D005 source_backed_iterator_view_boundary `repaired generated mutable-iterator contract without final-slice frame`: The remaining source-backed obligation is the iterator/chunk/predicate view abstraction over returned lazy mutable iterator state; the removed final(slice) frame is no longer part of the contract under proof. [status=actual_verus_verified_after_contract_repair; source=core/src/slice/iter.rs:2031-2033; generated contract for <[T]>::chunks_exact_mut; semantic-disposition=admissible-source-backed-support] TS-035-C001 source-indexed callee `ChunksExactMut::new`: core/src/slice/iter.rs:2028-2033 [status=body_preserved_in_harness_actual_verus_verified_after_contract_repair; semantic-disposition=context-only-source-closure].",The target definition must derive returned subranges and borrow observations from these inputs with source-backed transitions.,admissible,All executable trust sites are source-linked and semantically partial; context-only vocabulary and call-closure records are not admitted as Boundary_T observations.,yes,Every executable dependency and external-body contract is present in the frozen exhaustive audit and limited to a lower source transition; none supplies a complete branch or answer-equivalent target result.,exact-principal-return-and-final-state,"Principal return values, returned reference identities, and final-state observations are compared by exact equality.",,,,conditional-complete,conditional-complete
core::slice::chunks_mut,36,slice,all-20260815T0127Z-ascii-whitespace-vtab-repair,unknown,iterator-or-subslice-state-boundary,"contract fixes source/remaining/subrange state, but the Rust iterator, chunk, split, or borrowed subslice value retains opaque runtime/lifetime state",iterator-splitting-and-chunking,generated-new-real-relation-spec,B,"pub assume_specification<'a, T>[ <[T]>::chunks_mut ]( slice: &'a mut [T], chunk_size: usize, ) -> (iter: core::slice::ChunksMut<'a, T>) requires chunk_size != 0, ensures slice_iterator_view::<core::slice::ChunksMut<'a, T>, T>(iter).source == old(slice)@, slice_iterator_view::<core::slice::ChunksMut<'a, T>, T>(iter).remaining == old(slice)@, slice_iterator_view::<core::slice::ChunksMut<'a, T>, T>(iter).yielded_prefix == Seq::empty(), slice_iterator_view::<core::slice::ChunksMut<'a, T>, T>(iter).remainder == Seq::empty(), slice_iterator_view::<core::slice::ChunksMut<'a, T>, T>(iter).chunk_size == chunk_size as int, !slice_iterator_view::<core::slice::ChunksMut<'a, T>, T>(iter).reverse, ;",2dab70b28fb6d950965db60214651aa3ebdd8bcdd55acbc04be541086ac2d091,"pub assume_specification<'a, T>[ <[T]>::chunks_mut ]( slice: &'a mut [T], chunk_size: usize, ) -> (iter: core::slice::ChunksMut<'a, T>) requires chunk_size != 0, ensures slice_iterator_view::<core::slice::ChunksMut<'a, T>, T>(iter).source == old(slice)@, slice_iterator_view::<core::slice::ChunksMut<'a, T>, T>(iter).remaining == old(slice)@, slice_iterator_view::<core::slice::ChunksMut<'a, T>, T>(iter).yielded_prefix == Seq::empty(), slice_iterator_view::<core::slice::ChunksMut<'a, T>, T>(iter).remainder == Seq::empty(), slice_iterator_view::<core::slice::ChunksMut<'a, T>, T>(iter).chunk_size == chunk_size as int, !slice_iterator_view::<core::slice::ChunksMut<'a, T>, T>(iter).reverse, ;",2dab70b28fb6d950965db60214651aa3ebdd8bcdd55acbc04be541086ac2d091,no,active-catalog-and-generated-declaration,/home/chentianyu/nanvix-rust-std-spec-survey/nanvix-rust-std-slice-specgen-2026-08-11/specs/generated_slice_specs.rs,557,570,"pub assume_specification<'a, T>[ <[T]>::chunks_mut ](
    slice: &'a mut [T],
    chunk_size: usize,
) -> (iter: core::slice::ChunksMut<'a, T>)
    requires
        chunk_size != 0,
    ensures
        slice_iterator_view::<core::slice::ChunksMut<'a, T>, T>(iter).source == old(slice)@,
        slice_iterator_view::<core::slice::ChunksMut<'a, T>, T>(iter).remaining == old(slice)@,
        slice_iterator_view::<core::slice::ChunksMut<'a, T>, T>(iter).yielded_prefix == Seq::empty(),
        slice_iterator_view::<core::slice::ChunksMut<'a, T>, T>(iter).remainder == Seq::empty(),
        slice_iterator_view::<core::slice::ChunksMut<'a, T>, T>(iter).chunk_size == chunk_size as int,
        !slice_iterator_view::<core::slice::ChunksMut<'a, T>, T>(iter).reverse,
;
",39f1704b83bfe5afb1678bbea09ac34437dcc9eb2d475559379bde30fb629fe5,/home/chentianyu/nanvix-rust-std-spec-survey/nanvix-rust-std-slice-specgen-2026-08-11/specs/slice_shared_vocabulary.rs,f47deb4c5da97621b87c7bbfb1909c5eda7303e8be0422fbe43fd6588fdf1c33,core/src/slice/mod.rs:1202,/home/chentianyu/nanvix-rust-std-spec-survey/rust-1.96/library/core/src/slice/mod.rs,58901fa6437dbd4d77c68427bbced0fc3a91a10fdb8bd2e233adf6a9ba27d2d5,1199,1202,ba6eb92cbb43b9ff8b722d18319a3943fdad8e3ab2f9f0c80127e94a27796b2d,"    pub const fn chunks_mut(&mut self, chunk_size: usize) -> ChunksMut<'_, T> {
        assert!(chunk_size != 0, ""chunk size must be non-zero"");
        ChunksMut::new(self, chunk_size)
    }
",core/src/slice/mod.rs:1160-1194,1160,1194,082729c5cb0d323a54b41abeab4888795602a4912362125a9e36adb1ffbb44a0,"Returns an iterator over `chunk_size` elements of the slice at a time, starting at the
beginning of the slice.

The chunks are mutable slices, and do not overlap. If `chunk_size` does not divide the
length of the slice, then the last chunk will not have length `chunk_size`.

See [`chunks_exact_mut`] for a variant of this iterator that returns chunks of always
exactly `chunk_size` elements, and [`rchunks_mut`] for the same iterator but starting at
the end of the slice.

If your `chunk_size` is a constant, consider using [`as_chunks_mut`] instead, which will
give references to arrays of exactly that length, rather than slices.

# Panics

Panics if `chunk_size` is zero.

# Examples

```
let v = &mut [0, 0, 0, 0, 0];
let mut count = 1;

for chunk in v.chunks_mut(2) {
for elem in chunk.iter_mut() {
*elem += count;
}
count += 1;
}
assert_eq!(v, &[1, 1, 2, 2, 3]);
```

[`chunks_exact_mut`]: slice::chunks_exact_mut
[`rchunks_mut`]: slice::rchunks_mut
[`as_chunks_mut`]: slice::as_chunks_mut
",/home/chentianyu/nanvix-rust-std-spec-survey/nanvix-rust-std-slice-vec-implproof-2026-08-12/proof_harnesses/036_core_slice_chunks_mut/harness.rs,5d031b0f28e555a901f9e1914a6c608443981e5cea25a7ae132b3c3ee90ef79e,/home/chentianyu/nanvix-rust-std-spec-survey/nanvix-rust-std-slice-vec-implproof-2026-08-12/proof_manifests/036_core_slice_chunks_mut/source_body.json,6429a0c991b0ac25010755dccd55733769905a96880995049c20cc80c17009fe,/home/chentianyu/nanvix-rust-std-spec-survey/nanvix-rust-std-slice-vec-implproof-2026-08-12/proof_manifests/036_core_slice_chunks_mut/transformation_manifest.json,c8ea998a550a71d7572ce1b5aa68f62a4b6539921c549a39a848ebdfcbdae570,/home/chentianyu/nanvix-rust-std-spec-survey/nanvix-rust-std-slice-vec-implproof-2026-08-12/proof_manifests/036_core_slice_chunks_mut/dependency_assumption_manifest.json,fb44e4b862bfcb4fb1569fe58188c7e2522cdc898a95650a278ca53004a36b33,provenance/frozen/implproof/036_core_slice_chunks_mut/harness.rs,provenance/frozen/implproof/036_core_slice_chunks_mut/source_body.json,provenance/frozen/implproof/036_core_slice_chunks_mut/transformation_manifest.json,provenance/frozen/implproof/036_core_slice_chunks_mut/dependency_assumption_manifest.json,provenance/frozen/rust-1.96/library/core/src/slice/mod.rs,11,0,actual_verus_verified_modulo_source_backed_iterator_view_boundary:proof_harnesses/036_core_slice_chunks_mut/evidence/verus_stdout.txt,"[""assert!"",""new""]",4,TS-036-D001;TS-036-D002;TS-036-D003;TS-036-D004,1,TS-036-C001,0,,TS-036-D001;TS-036-D002;TS-036-D003;TS-036-D004;TS-036-C001,5,4,1,0,,0,iterator_private_state_v1,"[""input borrow and allocation identity"",""iterator front/back cursor and remaining source range"",""private chunk or split state read by the implementation proof"",""individual source-backed raw-slice constructor observations""]","Boundary_T fixes the input borrow/allocation identity and only the iterator, range, or raw-slice-constructor observations consumed by the proof. Target-returned references, aggregate post-state, and a complete execution trace remain outside b. TS-036-D001 source_backed_model_instantiation `slice_iterator_view::<ChunksMut<'a, T>, T>`: The generated contract's shared iterator-view helper is instantiated over the extracted ChunksMut private representation, with the raw pointer region represented by its source-backed mutable slice sequence; this does not assume the target postcondition. [status=minimal_trusted_boundary_for_shared_helper_representation_and_raw_pointer_view; source=core/src/slice/iter.rs:1656-1672; semantic-disposition=admissible-source-backed-support] TS-036-D002 source_backed_iterator_view_boundary `repaired generated mutable-iterator contract without final-slice frame`: The remaining source-backed obligation is the iterator/chunk/predicate view abstraction over returned lazy mutable iterator state; the removed final(slice) frame is no longer part of the contract under proof. [status=actual_verus_verified_after_contract_repair; source=core/src/slice/iter.rs:1670-1672; semantic-disposition=admissible-source-backed-support] TS-036-D003 panic_or_bounds `assert!(chunk_size != 0)`: The generated precondition `chunk_size != 0` makes the Rust assert pass; the Verus harness keeps the assertion as a proof assertion. [status=discharged_by_target_precondition; source=core/src/slice/mod.rs:1199-1201; semantic-disposition=admissible-source-backed-support] TS-036-D004 source_backed_iterator_view_boundary `repaired generated mutable-iterator contract without final-slice frame`: The remaining source-backed obligation is the iterator/chunk/predicate view abstraction over returned lazy mutable iterator state; the removed final(slice) frame is no longer part of the contract under proof. [status=actual_verus_verified_after_contract_repair; source=core/src/slice/iter.rs:1656-1672; generated contract for <[T]>::chunks_mut; semantic-disposition=admissible-source-backed-support] TS-036-C001 source-indexed callee `ChunksMut::new`: core/src/slice/iter.rs:1670-1672 [status=body_preserved_in_harness_actual_verus_verified_after_contract_repair; semantic-disposition=context-only-source-closure].",The target definition must derive returned subranges and borrow observations from these inputs with source-backed transitions.,admissible,All executable trust sites are source-linked and semantically partial; context-only vocabulary and call-closure records are not admitted as Boundary_T observations.,yes,Every executable dependency and external-body contract is present in the frozen exhaustive audit and limited to a lower source transition; none supplies a complete branch or answer-equivalent target result.,exact-principal-return-and-final-state,"Principal return values, returned reference identities, and final-state observations are compared by exact equality.",,,,conditional-complete,conditional-complete
core::slice::clone_from_slice,37,slice,all-20260815T0127Z-ascii-whitespace-vtab-repair,unknown,clone-or-callback-effect-boundary,"Clone/FnMut effects are modeled by source-order observation relations, so the contract preserves effect nondeterminism instead of choosing outputs",mutation-frame-and-permutation,generated-new-real-relation-spec,B,"pub assume_specification<T: core::clone::Clone>[ <[T]>::clone_from_slice ](dst: &mut [T], src: &[T]) requires old(dst)@.len() == src@.len() ensures slice_cloned_from(src@, final(dst)@);",a0fab9b11562f51ba66aa30d496a750f79f0e0b691e4d3e75051a847547033f5,"pub assume_specification<T: core::clone::Clone>[ <[T]>::clone_from_slice ](dst: &mut [T], src: &[T]) requires old(dst)@.len() == src@.len() ensures slice_cloned_from(src@, final(dst)@);",a0fab9b11562f51ba66aa30d496a750f79f0e0b691e4d3e75051a847547033f5,no,active-catalog-and-generated-declaration,/home/chentianyu/nanvix-rust-std-spec-survey/nanvix-rust-std-slice-specgen-2026-08-11/specs/generated_slice_specs.rs,827,835,"pub assume_specification<T: core::clone::Clone>[ <[T]>::clone_from_slice ](
    dst: &mut [T],
    src: &[T],
)
    requires
        old(dst)@.len() == src@.len(),
    ensures
        slice_cloned_from(src@, final(dst)@),
;
",5f4c2605d0cd1b2ba2c475a03b200e7570b0f4b008b1354c0c0f149e227c44d6,/home/chentianyu/nanvix-rust-std-spec-survey/nanvix-rust-std-slice-specgen-2026-08-11/specs/slice_shared_vocabulary.rs,f47deb4c5da97621b87c7bbfb1909c5eda7303e8be0422fbe43fd6588fdf1c33,core/src/slice/mod.rs:4260,/home/chentianyu/nanvix-rust-std-spec-survey/rust-1.96/library/core/src/slice/mod.rs,58901fa6437dbd4d77c68427bbced0fc3a91a10fdb8bd2e233adf6a9ba27d2d5,4254,4259,0dfc2e8b8b0a5319d883279e62986e9055b56d6ac6ba773cc4f6b9887423819b,"    pub const fn clone_from_slice(&mut self, src: &[T])
    where
        T: [const] Clone + [const] Destruct,
    {
        self.spec_clone_from(src);
    }
",core/src/slice/mod.rs:4199-4250,4199,4250,6db12ccd0410aaec8ff80a2e21592b42b7b28f1acba257ba341c9216717156b3,"Copies the elements from `src` into `self`.

The length of `src` must be the same as `self`.

# Panics

This function will panic if the two slices have different lengths.

# Examples

Cloning two elements from a slice into another:

```
let src = [1, 2, 3, 4];
let mut dst = [0, 0];

// Because the slices have to be the same length,
// we slice the source slice from four elements
// to two. It will panic if we don't do this.
dst.clone_from_slice(&src[2..]);

assert_eq!(src, [1, 2, 3, 4]);
assert_eq!(dst, [3, 4]);
```

Rust enforces that there can only be one mutable reference with no
immutable references to a particular piece of data in a particular
scope. Because of this, attempting to use `clone_from_slice` on a
single slice will result in a compile failure:

```compile_fail
let mut slice = [1, 2, 3, 4, 5];

slice[..2].clone_from_slice(&slice[3..]); // compile fail!
```

To work around this, we can use [`split_at_mut`] to create two distinct
sub-slices from a slice:

```
let mut slice = [1, 2, 3, 4, 5];

{
let (left, right) = slice.split_at_mut(2);
left.clone_from_slice(&right[1..]);
}

assert_eq!(slice, [4, 5, 3, 4, 5]);
```

[`copy_from_slice`]: slice::copy_from_slice
[`split_at_mut`]: slice::split_at_mut
",/home/chentianyu/nanvix-rust-std-spec-survey/nanvix-rust-std-slice-vec-implproof-2026-08-12/proof_harnesses/037_core_slice_clone_from_slice/harness.rs,f3744b77ac104baaff9937db598e197d8427900e61e2dbfd0c046bf5d1fa8630,/home/chentianyu/nanvix-rust-std-spec-survey/nanvix-rust-std-slice-vec-implproof-2026-08-12/proof_manifests/037_core_slice_clone_from_slice/source_body.json,172c58d1e652fedd5ef90927dbacdb1cb312ac10f6f22f1e638413c1c6a2562d,/home/chentianyu/nanvix-rust-std-spec-survey/nanvix-rust-std-slice-vec-implproof-2026-08-12/proof_manifests/037_core_slice_clone_from_slice/transformation_manifest.json,ffb074f80cbadcac3ebf73164aa42e5aba5ff9968da380219e03e6e329398c99,/home/chentianyu/nanvix-rust-std-spec-survey/nanvix-rust-std-slice-vec-implproof-2026-08-12/proof_manifests/037_core_slice_clone_from_slice/dependency_assumption_manifest.json,b4a0e9c31e5b0097c4bf1db95ebb40870529d205216df3dea1d7c246eef92e1c,provenance/frozen/implproof/037_core_slice_clone_from_slice/harness.rs,provenance/frozen/implproof/037_core_slice_clone_from_slice/source_body.json,provenance/frozen/implproof/037_core_slice_clone_from_slice/transformation_manifest.json,provenance/frozen/implproof/037_core_slice_clone_from_slice/dependency_assumption_manifest.json,provenance/frozen/rust-1.96/library/core/src/slice/mod.rs,48,1,actual_verus_verified_modulo_source_backed_clone_specialization_boundary:proof_harnesses/037_core_slice_clone_from_slice/evidence/verus_stdout.txt,"[""spec_clone_from"",""rust_1_96_clone_from_at""]",4,TS-037-D001;TS-037-D002;TS-037-D003;TS-037-D004,8,TS-037-C001;TS-037-C002;TS-037-C003;TS-037-C004;TS-037-C005;TS-037-C006;TS-037-C007;TS-037-C008,1,TS-037-E001,TS-037-D001;TS-037-D002;TS-037-D003;TS-037-D004;TS-037-C001;TS-037-C002;TS-037-C003;TS-037-C004;TS-037-C005;TS-037-C006;TS-037-C007;TS-037-C008;TS-037-E001,13,4,9,0,,0,clone_callback_transition_v1,"[""per-call Clone or comparison arguments and return observations"",""callback pre/post state transitions and panic observations"",""source-backed per-element write transition observations""]","Boundary_T fixes each genuine user trait/callback observation and its local state transition. It does not freeze the aggregate destination state or repeat the target postcondition. TS-037-D001 shared_model_helper `slice_cloned_from`: Generated contract vocabulary states the post-state sequence produced by cloning from src; the harness proves the public target by executing the Rust 1.96 default clone loop and carrying a prefix invariant. [status=audited_generated_contract_vocabulary_assumption_until_element_clone_semantics_are_recursively_proved; source=manifest-local; semantic-disposition=context-only-specification-vocabulary] TS-037-D002 source_shaped_private_helper_reduction `CloneFromSpec::spec_clone_from default loop`: The public Rust 1.96 target body is the single call self.spec_clone_from(src). The harness now implements the default private-helper shape as an equal-length source prefix plus idx loop; only the per-element Clone::clone_from effect and TrivialClone copy specialization remain as lower retained boundaries. [status=default_loop_executable_with_lower_clone_and_copy_path_boundaries; source=core/src/slice/mod.rs:5588-5628; semantic-disposition=admissible-source-backed-support] TS-037-D003 trait_or_callback `T: Clone + Destruct`: The source signature requires const Clone and const Destruct. The Verus harness preserves the Clone bound for the executable per-element loop and records destructor/drop effects as part of the lower Clone/copy-path boundary. [status=preserved_source_trait_effects_without_whole_helper_assumption; source=core/src/slice/mod.rs:4254-4259,5588-5628; semantic-disposition=admissible-source-backed-support] TS-037-D004 source_backed_copy_path_boundary `copy_from_slice_impl`: The TrivialClone specialization delegates to unsafe copy_from_slice_impl after the length check; the generated precondition supplies equal lengths, and the copy path remains a named source-backed boundary until recursively proved. [status=trivialclone_copy_path_retained_as_lower_equivalent_specialization_boundary; source=core/src/slice/mod.rs:5556-5586,5623-5628; semantic-disposition=admissible-source-backed-support] TS-037-C001 source-indexed callee `spec_clone_from`: core/src/slice/mod.rs:5590-5615 [status=source_shaped_default_loop_with_lower_effect_boundary; semantic-disposition=context-only-source-closure]. TS-037-C002 source-indexed callee `spec_clone_from`: core/src/slice/mod.rs:5601-5614 [status=source_shaped_default_loop_with_lower_effect_boundary; semantic-disposition=context-only-source-closure]. TS-037-C003 source-indexed callee `spec_clone_from`: core/src/slice/mod.rs:5623-5628 [status=source_backed_trivialclone_copy_path_boundary; semantic-disposition=context-only-source-closure]. TS-037-C004 source-indexed callee `len`: core/src/slice/iter/macros.rs:142-144 [status=conservative_source-index_name_collision_not_used_by_target_harness; semantic-disposition=context-only-source-closure]. TS-037-C005 source-indexed callee `len`: core/src/slice/sort/stable/drift.rs:295-297 [status=conservative_source-index_name_collision_not_used_by_target_harness; semantic-disposition=context-only-source-closure]. TS-037-C006 source-indexed callee `len`: alloc/src/vec/in_place_drop.rs:15-17 [status=conservative_source-index_name_collision_not_used_by_target_harness; semantic-disposition=context-only-source-closure]. TS-037-C007 source-indexed callee `copy_from_slice_impl`: core/src/slice/mod.rs:5561-5586 [status=source_backed_trivialclone_copy_path_boundary; semantic-disposition=context-only-source-closure]. TS-037-C008 source-indexed callee `len_mismatch_fail`: core/src/slice/mod.rs:5567-5574 [status=source_backed_panic_path_excluded_by_equal_length_precondition; semantic-disposition=context-only-source-closure]. TS-037-E001 external_body `rust_1_96_clone_from_at` at /home/chentianyu/nanvix-rust-std-spec-survey/nanvix-rust-std-slice-vec-implproof-2026-08-12/proof_harnesses/037_core_slice_clone_from_slice/harness.rs:62 is an explicit trusted function body; backing dependency records=TS-037-D002;TS-037-D003; semantic-disposition=admissible-source-backed-lower-boundary.",The target definition must fold source-ordered callback and write transitions rather than appeal to a functionality axiom.,admissible,All executable trust sites are source-linked and semantically partial; context-only vocabulary and call-closure records are not admitted as Boundary_T observations.,yes,Every executable dependency and external-body contract is present in the frozen exhaustive audit and limited to a lower source transition; none supplies a complete branch or answer-equivalent target result.,exact-principal-return-and-final-state,"Principal return values, returned reference identities, and final-state observations are compared by exact equality.",,,,conditional-complete,conditional-complete
core::slice::element_offset,39,slice,all-20260815T0127Z-ascii-whitespace-vtab-repair,unknown,raw-pointer-provenance-boundary,"pointer address, provenance, alignment, or layout state is source-observable but not uniquely recoverable from the pure slice Seq view",raw-pointer-and-provenance,generated-new-real-relation-spec,B,"pub assume_specification<T>[ <[T]>::element_offset ]( slice: &[T], element: &T, ) -> (ret: Option<usize>) ensures slice_element_offset_option_result(slice@, element, ret), ;",6cb1971fc22b193456b858636b8e9d6ed1874cc9b7b9352f94eea2cf2a66960b,"pub assume_specification<T>[ <[T]>::element_offset ]( slice: &[T], element: &T, ) -> (ret: Option<usize>) ensures slice_element_offset_option_result(slice@, element, ret), ;",6cb1971fc22b193456b858636b8e9d6ed1874cc9b7b9352f94eea2cf2a66960b,no,active-catalog-and-generated-declaration,/home/chentianyu/nanvix-rust-std-spec-survey/nanvix-rust-std-slice-specgen-2026-08-11/specs/generated_slice_specs.rs,1033,1039,"pub assume_specification<T>[ <[T]>::element_offset ](
    slice: &[T],
    element: &T,
) -> (ret: Option<usize>)
    ensures
        slice_element_offset_option_result(slice@, element, ret),
;
",d4c94c080a707b9a5d5bd01bd9076d582d1a3a54eb7a2327eb4e22fbd40845f6,/home/chentianyu/nanvix-rust-std-spec-survey/nanvix-rust-std-slice-specgen-2026-08-11/specs/slice_shared_vocabulary.rs,f47deb4c5da97621b87c7bbfb1909c5eda7303e8be0422fbe43fd6588fdf1c33,core/src/slice/mod.rs:5267,/home/chentianyu/nanvix-rust-std-spec-survey/rust-1.96/library/core/src/slice/mod.rs,58901fa6437dbd4d77c68427bbced0fc3a91a10fdb8bd2e233adf6a9ba27d2d5,5260,5277,2e1c40be6fe7b5b51032b7132000aa531f27957039e0545dee3811b6d36ad61a,"    pub fn element_offset(&self, element: &T) -> Option<usize> {
        if T::IS_ZST {
            panic!(""elements are zero-sized"");
        }

        let self_start = self.as_ptr().addr();
        let elem_start = ptr::from_ref(element).addr();

        let byte_offset = elem_start.wrapping_sub(self_start);

        if !byte_offset.is_multiple_of(size_of::<T>()) {
            return None;
        }

        let offset = byte_offset / size_of::<T>();

        if offset < self.len() { Some(offset) } else { None }
    }
",core/src/slice/mod.rs:5222-5257,5222,5257,30ee6b398b71e14e84ab729f121cc2113bfb72e34d86f3fd91a6ac51a8e1f283,"Returns the index that an element reference points to.

Returns `None` if `element` does not point to the start of an element within the slice.

This method is useful for extending slice iterators like [`slice::split`].

Note that this uses pointer arithmetic and **does not compare elements**.
To find the index of an element via comparison, use
[`.iter().position()`](crate::iter::Iterator::position) instead.

# Panics
Panics if `T` is zero-sized.

# Examples
Basic usage:
```
let nums: &[u32] = &[1, 7, 1, 1];
let num = &nums[2];

assert_eq!(num, &1);
assert_eq!(nums.element_offset(num), Some(2));
```
Returning `None` with an unaligned element:
```
let arr: &[[u32; 2]] = &[[0, 1], [2, 3]];
let flat_arr: &[u32] = arr.as_flattened();

let ok_elm: &[u32; 2] = flat_arr[0..2].try_into().unwrap();
let weird_elm: &[u32; 2] = flat_arr[1..3].try_into().unwrap();

assert_eq!(ok_elm, &[0, 1]);
assert_eq!(weird_elm, &[1, 2]);

assert_eq!(arr.element_offset(ok_elm), Some(0)); // Points to element 0
assert_eq!(arr.element_offset(weird_elm), None); // Points between element 0 and 1
```
",/home/chentianyu/nanvix-rust-std-spec-survey/nanvix-rust-std-slice-vec-implproof-2026-08-12/proof_harnesses/039_core_slice_element_offset/harness.rs,fe56fa23d91ad8aff79dd80b1173f8338a49ce5690d8d5997a9601722bbf45e8,/home/chentianyu/nanvix-rust-std-spec-survey/nanvix-rust-std-slice-vec-implproof-2026-08-12/proof_manifests/039_core_slice_element_offset/source_body.json,faf8660e4ef802d23ee53ac6ca5a9e8989e730f38978739411a377b5df426f8d,/home/chentianyu/nanvix-rust-std-spec-survey/nanvix-rust-std-slice-vec-implproof-2026-08-12/proof_manifests/039_core_slice_element_offset/transformation_manifest.json,efbfe159b28ca6efaf93c68bbcf064d9a3ae4000a58c8a035ff5209bfb704069,/home/chentianyu/nanvix-rust-std-spec-survey/nanvix-rust-std-slice-vec-implproof-2026-08-12/proof_manifests/039_core_slice_element_offset/dependency_assumption_manifest.json,02d43f3296572d4f45ae24db609e9e4d9c57993fc5fdcf20e24aa1a91cf7708b,provenance/frozen/implproof/039_core_slice_element_offset/harness.rs,provenance/frozen/implproof/039_core_slice_element_offset/source_body.json,provenance/frozen/implproof/039_core_slice_element_offset/transformation_manifest.json,provenance/frozen/implproof/039_core_slice_element_offset/dependency_assumption_manifest.json,provenance/frozen/rust-1.96/library/core/src/slice/mod.rs,107,2,actual_verus_verified_modulo_source_backed_raw_pointer_cast_boundary_and_from_ref_addr_zst_panic_pointer_domain_bridge_boundary:proof_inventory/raw_slice_start_pointer_tail_consumers_20260818T0802Z/evidence/039_core_slice_element_offset_actual.stdout,"[""as_ptr"",""addr"",""ptr::from_ref"",""wrapping_sub"",""is_multiple_of"",""size_of"",""len"",""panic!"",""rust_1_96_slice_as_ptr_cast"",""rust_1_96_type_is_zst"",""rust_1_96_element_offset_zst_panic"",""rust_1_96_size_of"",""rust_1_96_ptr_addr"",""rust_1_96_ptr_from_ref"",""rust_1_96_wrapping_sub"",""rust_1_96_is_multiple_of"",""rust_1_96_divide_byte_offset"",""rust_1_96_element_offset_unaligned_bridge"",""rust_1_96_element_offset_oob_bridge"",""rust_1_96_element_offset_some_bridge""]",6,TS-039-D001;TS-039-D002;TS-039-D003;TS-039-D004;TS-039-D005;TS-039-D006,3,TS-039-C001;TS-039-C002;TS-039-C003,5,TS-039-E001;TS-039-E002;TS-039-E003;TS-039-E004;TS-039-E005,TS-039-D001;TS-039-D002;TS-039-D003;TS-039-D004;TS-039-D005;TS-039-D006;TS-039-C001;TS-039-C002;TS-039-C003;TS-039-E001;TS-039-E002;TS-039-E003;TS-039-E004;TS-039-E005,14,6,4,4,TS-039-D006;TS-039-E003;TS-039-E004;TS-039-E005,0,raw_input_memory_provenance_v1,"[""input allocation identity, base address, provenance, and alive range"",""input length and pointer metadata"",""source and destination element layouts, alignment, and ZST flags"",""individual source-backed pointer arithmetic or alignment-helper observations""]","Boundary_T fixes the hidden raw representation of the input and only source-used pointer/layout helper observations. It does not contain the returned pointer, returned ranges, aggregate post-state, or an encoding of the selected output. TS-039-D001 shared_contract_vocabulary `slice_element_in_domain;slice_element_offset_result;slice_element_offset_option_result;slice_start_ptr`: The harness instantiates the generated element-offset vocabulary and the reviewed immutable slice-start pointer vocabulary without assuming the public target body. [status=existing_generated_contract_vocabulary_boundary; source=manifest-local; semantic-disposition=context-only-specification-vocabulary] TS-039-D002 generated_target_dependency `core::slice::as_ptr`: Rust 1.96 computes `self.as_ptr().addr()`. The harness reuses the reviewed as_ptr raw-cast boundary locally to obtain `slice_start_ptr(slice@, ptr)` before observing the pointer address. [status=reviewed_dependency_reused_for_immutable_pointer_start_fact; source=core/src/slice/mod.rs:726-728 and 5265; semantic-disposition=admissible-source-backed-support] TS-039-D003 source_backed_zst_panic_boundary `rust_1_96_element_offset_zst_panic`: The source body panics on `T::IS_ZST` before dividing by `size_of::<T>()`; the harness preserves the panic branch as the retained ZST-domain boundary while `rust_1_96_type_is_zst` and `rust_1_96_size_of` now verify from concrete `core::mem::size_of::<T>()`. [status=retained_minimal_source_backed_boundary_for_zst_panic_only; source=core/src/slice/mod.rs:5261-5263,5270; semantic-disposition=admissible-source-backed-support] TS-039-D004 source_backed_ptr_from_ref_boundary `rust_1_96_ptr_from_ref`: Verus supports the Rust 1.96 `ptr.addr()` wrapper here, so pointer-address observation is now an executable helper. `core::ptr::from_ref(element)` is still rejected by this Verus build during typecheck without an assume_specification, so the harness retains only that narrow source-backed pointer-construction boundary. [status=retained_minimal_source_backed_boundary_for_ptr_from_ref_until_verus_models_std_ptr_from_ref; source=core/src/slice/mod.rs:5265-5266; semantic-disposition=admissible-source-backed-support] TS-039-D005 source_verified_layout_alignment_pointer_arithmetic_helpers `rust_1_96_type_is_zst;rust_1_96_size_of;rust_1_96_ptr_addr;rust_1_96_wrapping_sub;rust_1_96_is_multiple_of;rust_1_96_divide_byte_offset`: The public target preserves the concrete `core::mem::size_of::<T>() == 0` ZST test, the concrete nonzero `size_of::<T>()` fact after the panic branch, pointer-address observation, wrapping address subtraction, alignment check via `is_multiple_of(size_of::<T>())`, and byte-offset division. These source-pure operations now have executable verified helper bodies rather than trusted `external_body` boundaries; `ptr::from_ref` and the pointer-domain bridges still carry the pointer-construction/provenance/address facts that pure arithmetic cannot provide. [status=verified_executable_not_trusted_boundary; source=core/src/slice/mod.rs:5268-5272; semantic-disposition=admissible-source-backed-support] TS-039-D006 source_backed_pointer_domain_result_bridge_boundary `rust_1_96_element_offset_unaligned_bridge;rust_1_96_element_offset_oob_bridge;rust_1_96_element_offset_some_bridge`: The source distinguishes unaligned/out-of-bounds None from in-bounds Some(offset), but the pure contract vocabulary is relational over pointer-domain membership. The bridge connects the preserved source branches to that vocabulary without forcing uniqueness or changing the contract. [status=minimal_result_bridge_for_pointer_provenance_alignment_domain_contract; source=core/src/slice/mod.rs:5268-5276; semantic-disposition=inadmissible-answer-bearing-support] TS-039-C001 source-indexed callee `len`: core/src/slice/iter/macros.rs:142-144 [status=source-indexed; semantic-disposition=context-only-source-closure]. TS-039-C002 source-indexed callee `len`: core/src/slice/sort/stable/drift.rs:295-297 [status=source-indexed; semantic-disposition=context-only-source-closure]. TS-039-C003 source-indexed callee `len`: alloc/src/vec/in_place_drop.rs:15-17 [status=source-indexed; semantic-disposition=context-only-source-closure]. TS-039-E001 external_body `rust_1_96_element_offset_zst_panic` at /home/chentianyu/nanvix-rust-std-spec-survey/nanvix-rust-std-slice-vec-implproof-2026-08-12/proof_harnesses/039_core_slice_element_offset/harness.rs:48 is an explicit trusted function body; backing dependency records=TS-039-D003; semantic-disposition=admissible-source-backed-lower-boundary. TS-039-E002 external_body `rust_1_96_ptr_from_ref` at /home/chentianyu/nanvix-rust-std-spec-survey/nanvix-rust-std-slice-vec-implproof-2026-08-12/proof_harnesses/039_core_slice_element_offset/harness.rs:86 is an explicit trusted function body; backing dependency records=TS-039-D004; semantic-disposition=admissible-source-backed-lower-boundary. TS-039-E003 external_body `rust_1_96_element_offset_unaligned_bridge` at /home/chentianyu/nanvix-rust-std-spec-survey/nanvix-rust-std-slice-vec-implproof-2026-08-12/proof_harnesses/039_core_slice_element_offset/harness.rs:109 is an explicit trusted function body; backing dependency records=TS-039-D006; semantic-disposition=inadmissible-complete-branch-postcondition. TS-039-E004 external_body `rust_1_96_element_offset_oob_bridge` at /home/chentianyu/nanvix-rust-std-spec-survey/nanvix-rust-std-slice-vec-implproof-2026-08-12/proof_harnesses/039_core_slice_element_offset/harness.rs:128 is an explicit trusted function body; backing dependency records=TS-039-D006; semantic-disposition=inadmissible-complete-branch-postcondition. TS-039-E005 external_body `rust_1_96_element_offset_some_bridge` at /home/chentianyu/nanvix-rust-std-spec-survey/nanvix-rust-std-slice-vec-implproof-2026-08-12/proof_harnesses/039_core_slice_element_offset/harness.rs:149 is an explicit trusted function body; backing dependency records=TS-039-D006; semantic-disposition=inadmissible-complete-branch-postcondition.",The target definition must compute pointer/range observations from the fixed input memory model and reviewed Rust transition semantics.,inadmissible,"Boundary_T must exclude or replace TS-039-D006, TS-039-E003, TS-039-E004, TS-039-E005 with recursively modeled lower transitions before a conditional-completeness obligation is admissible.",no,"Retained trust site(s) TS-039-D006, TS-039-E003, TS-039-E004, TS-039-E005 supply a complete target/branch postcondition or an answer-equivalent result, so the current proof boundary is not narrower than the target.",exact-principal-return-and-final-state,"Principal return values, returned reference identities, and final-state observations are compared by exact equality.",,,,conditional-complete,conditional-complete
core::slice::fill,43,slice,all-20260815T0127Z-ascii-whitespace-vtab-repair,unknown,clone-or-callback-effect-boundary,"Clone/FnMut effects are modeled by source-order observation relations, so the contract preserves effect nondeterminism instead of choosing outputs",mutation-frame-and-permutation,generated-new-real-relation-spec,B,"pub assume_specification<T: core::clone::Clone>[ <[T]>::fill ](slice: &mut [T], value: T) ensures slice_filled_with_clone(old(slice)@, value, final(slice)@);",7772c35bc8a2e714a53e79384d43b99e96daae6650124087e508e2542ceb3f38,"pub assume_specification<T: core::clone::Clone>[ <[T]>::fill ](slice: &mut [T], value: T) ensures slice_filled_with_clone(old(slice)@, value, final(slice)@);",7772c35bc8a2e714a53e79384d43b99e96daae6650124087e508e2542ceb3f38,no,active-catalog-and-generated-declaration,/home/chentianyu/nanvix-rust-std-spec-survey/nanvix-rust-std-slice-specgen-2026-08-11/specs/generated_slice_specs.rs,837,843,"pub assume_specification<T: core::clone::Clone>[ <[T]>::fill ](
    slice: &mut [T],
    value: T,
)
    ensures
        slice_filled_with_clone(old(slice)@, value, final(slice)@),
;
",4e0eaf1bbf6302f5739006669aaf73e237cda9ea78acb8bfea2eb64d64071618,/home/chentianyu/nanvix-rust-std-spec-survey/nanvix-rust-std-slice-specgen-2026-08-11/specs/slice_shared_vocabulary.rs,f47deb4c5da97621b87c7bbfb1909c5eda7303e8be0422fbe43fd6588fdf1c33,core/src/slice/mod.rs:4172,/home/chentianyu/nanvix-rust-std-spec-survey/rust-1.96/library/core/src/slice/mod.rs,58901fa6437dbd4d77c68427bbced0fc3a91a10fdb8bd2e233adf6a9ba27d2d5,4166,4171,e9949b7e821e39d687514cd4b39f23b69157d7ef6c845f36b8c95f1864a553d8,"    pub fn fill(&mut self, value: T)
    where
        T: Clone,
    {
        specialize::SpecFill::spec_fill(self, value);
    }
",core/src/slice/mod.rs:4155-4163,4155,4163,e44b03a9ad66ffeb06e0a92064c389e2bcbb05a5a22d738cad209deb87ae97fc,"Fills `self` with elements by cloning `value`.

# Examples

```
let mut buf = vec![0; 10];
buf.fill(1);
assert_eq!(buf, vec![1; 10]);
```
",/home/chentianyu/nanvix-rust-std-spec-survey/nanvix-rust-std-slice-vec-implproof-2026-08-12/proof_harnesses/043_core_slice_fill/harness.rs,e0b180f6cb52a78b70a62a2750a87bbf8b878e3ab649400b8497c8c9e5e40fd8,/home/chentianyu/nanvix-rust-std-spec-survey/nanvix-rust-std-slice-vec-implproof-2026-08-12/proof_manifests/043_core_slice_fill/source_body.json,7362df490d3ea30f582cbd306c168fb4d1a99fb7c38fc46fe0492f263f8297a1,/home/chentianyu/nanvix-rust-std-spec-survey/nanvix-rust-std-slice-vec-implproof-2026-08-12/proof_manifests/043_core_slice_fill/transformation_manifest.json,b0790c77c05c76ca07958b0b7b55bf2b248dad9a65b831b9d4a0f770202f49d0,/home/chentianyu/nanvix-rust-std-spec-survey/nanvix-rust-std-slice-vec-implproof-2026-08-12/proof_manifests/043_core_slice_fill/dependency_assumption_manifest.json,46c12ff62c16a92ea4aa41f8a1799c00b56225ce4cf1c31e6bae749074ac9faf,provenance/frozen/implproof/043_core_slice_fill/harness.rs,provenance/frozen/implproof/043_core_slice_fill/source_body.json,provenance/frozen/implproof/043_core_slice_fill/transformation_manifest.json,provenance/frozen/implproof/043_core_slice_fill/dependency_assumption_manifest.json,provenance/frozen/rust-1.96/library/core/src/slice/mod.rs,51,1,actual_verus_verified_modulo_source_shaped_specfill_default_clone_loop_lower_clone_and_specialization_boundary:proof_harnesses/043_core_slice_fill/evidence/verus_stdout.txt,"[""clone_from"",""rust_1_96_clone_from_value_at"",""spec_fill"",""spec_fill_default_clone_loop""]",5,TS-043-D001;TS-043-D002;TS-043-D003;TS-043-D004;TS-043-D005,3,TS-043-C001;TS-043-C002;TS-043-C003,1,TS-043-E001,TS-043-D001;TS-043-D002;TS-043-D003;TS-043-D004;TS-043-D005;TS-043-C001;TS-043-C002;TS-043-C003;TS-043-E001,9,5,4,0,,0,clone_callback_transition_v1,"[""per-call Clone or comparison arguments and return observations"",""callback pre/post state transitions and panic observations"",""source-backed per-element write transition observations""]","Boundary_T fixes each genuine user trait/callback observation and its local state transition. It does not freeze the aggregate destination state or repeat the target postcondition. TS-043-D001 shared_contract_vocabulary `slice_filled_with_clone; cloned<T>`: The generated contract states that every final element is a clone-observation of the input value and preserves the slice length; the harness proves the length and prefix-fill facts over the executable default loop without using assume_specification. [status=existing_generated_contract_vocabulary_boundary; source=frozen_inputs/slice/specs/slice_shared_vocabulary.rs:274-290; semantic-disposition=context-only-specification-vocabulary] TS-043-D002 source_shaped_private_helper_reduction `SpecFill::spec_fill default Clone loop`: The public Rust 1.96 target body remains the delegation specialize::SpecFill::spec_fill(self, value), adapted only to the explicit Verus receiver slice. The concrete [T] helper is no longer a whole external-body boundary: the harness executes the default non-empty split-last shape as an index loop that clone_froms the shared value into every element before the final slot, then moves the original value into the final slot. [status=default_loop_executable_with_lower_clone_effect_boundary; source=core/src/slice/specialize.rs:8-17; semantic-disposition=admissible-source-backed-support] TS-043-D003 source_backed_clone_effect_boundary `rust_1_96_clone_from_value_at`: Each default-loop iteration calls el.clone_from(&value). This helper body is exactly the per-element Clone::clone_from call and is the only external_body retained by the production fill harness. [status=minimal_trusted_boundary_for_per_element_clone_from_effect; source=core/src/slice/specialize.rs:11-12; semantic-disposition=admissible-source-backed-support] TS-043-D004 source_backed_trait_specialization_boundary `SpecFill TrivialClone and primitive write_bytes specializations`: Rust specialization may select the TrivialClone path or primitive write_bytes/int fast paths. The harness proves the source default Clone loop and records these specialization alternatives as lower source-backed boundaries until recursively proved. [status=lower_equivalent_specialization_paths_retained; source=core/src/slice/specialize.rs:20-73; semantic-disposition=admissible-source-backed-support] TS-043-D005 trait_or_callback `T: Clone`: The source signature requires Clone, and the generated relation deliberately preserves clone-observation semantics rather than choosing a concrete unique output for arbitrary T. [status=preserved_source_trait_effects_without_target_body_assumption; source=core/src/slice/mod.rs:4166-4171; core/src/slice/specialize.rs:8-17; semantic-disposition=admissible-source-backed-support] TS-043-C001 source-indexed callee `SpecFill::spec_fill default Clone implementation`: core/src/slice/specialize.rs:8-17 [status=source_shaped_default_loop_with_lower_clone_from_effect_boundary; semantic-disposition=context-only-source-closure]. TS-043-C002 source-indexed callee `SpecFill::spec_fill TrivialClone implementation`: core/src/slice/specialize.rs:20-28 [status=source_backed_trivialclone_specfill_boundary; semantic-disposition=context-only-source-closure]. TS-043-C003 source-indexed callee `SpecFill primitive write_bytes/int specializations`: core/src/slice/specialize.rs:30-73 [status=source_backed_primitive_specfill_write_bytes_boundary; semantic-disposition=context-only-source-closure]. TS-043-E001 external_body `rust_1_96_clone_from_value_at` at /home/chentianyu/nanvix-rust-std-spec-survey/nanvix-rust-std-slice-vec-implproof-2026-08-12/proof_harnesses/043_core_slice_fill/harness.rs:79 is an explicit trusted function body; backing dependency records=TS-043-D003; semantic-disposition=admissible-source-backed-lower-boundary.",The target definition must fold source-ordered callback and write transitions rather than appeal to a functionality axiom.,admissible,All executable trust sites are source-linked and semantically partial; context-only vocabulary and call-closure records are not admitted as Boundary_T observations.,yes,Every executable dependency and external-body contract is present in the frozen exhaustive audit and limited to a lower source transition; none supplies a complete branch or answer-equivalent target result.,exact-principal-return-and-final-state,"Principal return values, returned reference identities, and final-state observations are compared by exact equality.",,,,conditional-complete,conditional-complete
core::slice::first_chunk_mut,46,slice,all-20260815T0127Z-ascii-whitespace-vtab-repair,unknown,mutable-reference-view-boundary,"contract fixes the Seq view and old/final frame, but mutable reference identity and alias/lifetime state are not uniquely determined by that view",iterator-splitting-and-chunking,generated-new-real-relation-spec,B,"pub assume_specification<T, const N: usize>[ <[T]>::first_chunk_mut::<N> ]( slice: &mut [T], ) -> (ret: Option<&mut [T; N]>) ensures (N as int) <= old(slice)@.len() ==> ret.is_some() && array_mut_ref_view(ret.unwrap()) == slice_fixed_prefix::<T, N>(old(slice)@) && final(slice)@ == array_value_view(*final(ret.unwrap())) + old(slice)@.subrange(N as int, old(slice)@.len() as int), (N as int) > old(slice)@.len() ==> ret.is_none() && final(slice)@ == old(slice)@, ;",d8923bf81d0b7f8ad6deaa97aafdc3660f245da6e77099ad672c98478c31ed55,"pub assume_specification<T, const N: usize>[ <[T]>::first_chunk_mut::<N> ]( slice: &mut [T], ) -> (ret: Option<&mut [T; N]>) ensures (N as int) <= old(slice)@.len() ==> ret.is_some() && array_mut_ref_view(ret.unwrap()) == slice_fixed_prefix::<T, N>(old(slice)@) && final(slice)@ == array_value_view(*final(ret.unwrap())) + old(slice)@.subrange(N as int, old(slice)@.len() as int), (N as int) > old(slice)@.len() ==> ret.is_none() && final(slice)@ == old(slice)@, ;",d8923bf81d0b7f8ad6deaa97aafdc3660f245da6e77099ad672c98478c31ed55,no,active-catalog-and-generated-declaration,/home/chentianyu/nanvix-rust-std-spec-survey/nanvix-rust-std-slice-specgen-2026-08-11/specs/generated_slice_specs.rs,199,209,"pub assume_specification<T, const N: usize>[ <[T]>::first_chunk_mut::<N> ](
    slice: &mut [T],
) -> (ret: Option<&mut [T; N]>)
    ensures
        (N as int) <= old(slice)@.len() ==> ret.is_some()
            && array_mut_ref_view(ret.unwrap()) == slice_fixed_prefix::<T, N>(old(slice)@)
            && final(slice)@
                == array_value_view(*final(ret.unwrap()))
                    + old(slice)@.subrange(N as int, old(slice)@.len() as int),
        (N as int) > old(slice)@.len() ==> ret.is_none() && final(slice)@ == old(slice)@,
;
",80d843c11528fb69d8d4baa81da12a588f171bade1924808a8a701f40d72798b,/home/chentianyu/nanvix-rust-std-spec-survey/nanvix-rust-std-slice-specgen-2026-08-11/specs/slice_shared_vocabulary.rs,f47deb4c5da97621b87c7bbfb1909c5eda7303e8be0422fbe43fd6588fdf1c33,core/src/slice/mod.rs:357,/home/chentianyu/nanvix-rust-std-spec-survey/rust-1.96/library/core/src/slice/mod.rs,58901fa6437dbd4d77c68427bbced0fc3a91a10fdb8bd2e233adf6a9ba27d2d5,357,366,2170d94c79e1f26619cef13c46a6700a5a217819967b3a26a6ec3dc9fc9e703d,"    pub const fn first_chunk_mut<const N: usize>(&mut self) -> Option<&mut [T; N]> {
        if self.len() < N {
            None
        } else {
            // SAFETY: We explicitly check for the correct number of elements,
            //   do not let the reference outlive the slice,
            //   and require exclusive access to the entire slice to mutate the chunk.
            Some(unsafe { &mut *(self.as_mut_ptr().cast_array()) })
        }
    }
",core/src/slice/mod.rs:337-353,337,353,7bc0017183e358cb6071dc4d56633231d9169237ae01bb65173d86f24323972f,"Returns a mutable array reference to the first `N` items in the slice.

If the slice is not at least `N` in length, this will return `None`.

# Examples

```
let x = &mut [0, 1, 2];

if let Some(first) = x.first_chunk_mut::<2>() {
first[0] = 5;
first[1] = 4;
}
assert_eq!(x, &[5, 4, 2]);

assert_eq!(None, x.first_chunk_mut::<4>());
```
",/home/chentianyu/nanvix-rust-std-spec-survey/nanvix-rust-std-slice-vec-implproof-2026-08-12/proof_harnesses/046_core_slice_first_chunk_mut/harness.rs,aeca88005b9fcb5798c1d8f3c6fb5684955bf89a0c5efdf4e512cd1b1e2854fe,/home/chentianyu/nanvix-rust-std-spec-survey/nanvix-rust-std-slice-vec-implproof-2026-08-12/proof_manifests/046_core_slice_first_chunk_mut/source_body.json,a0c9a839fc5f47128da51c0b70953362eec87bbfbe9d5c4e81e59a1c4b31c8c2,/home/chentianyu/nanvix-rust-std-spec-survey/nanvix-rust-std-slice-vec-implproof-2026-08-12/proof_manifests/046_core_slice_first_chunk_mut/transformation_manifest.json,879ad4a8ede98978e6ed81de613df0290cff190ccf06d2a00f6ba655b842a978,/home/chentianyu/nanvix-rust-std-spec-survey/nanvix-rust-std-slice-vec-implproof-2026-08-12/proof_manifests/046_core_slice_first_chunk_mut/dependency_assumption_manifest.json,b13a139a2cb52a1b16ebeb495d00c1feeac01767c6ab84567f8fea406fac80d4,provenance/frozen/implproof/046_core_slice_first_chunk_mut/harness.rs,provenance/frozen/implproof/046_core_slice_first_chunk_mut/source_body.json,provenance/frozen/implproof/046_core_slice_first_chunk_mut/transformation_manifest.json,provenance/frozen/implproof/046_core_slice_first_chunk_mut/dependency_assumption_manifest.json,provenance/frozen/rust-1.96/library/core/src/slice/mod.rs,109,2,actual_verus_verified_modulo_source_backed_raw_pointer_cast_boundary_and_mut_array_ref_final_frame_boundary:proof_harnesses/046_core_slice_first_chunk_mut/evidence/verus_stdout.txt,"[""len"",""as_mut_ptr"",""rust_1_96_slice_as_mut_ptr_cast"",""rust_1_96_mut_ptr_cast_array"",""rust_1_96_first_chunk_mut_array_ref""]",4,TS-046-D001;TS-046-D002;TS-046-D003;TS-046-D004,3,TS-046-C001;TS-046-C002;TS-046-C003,2,TS-046-E001;TS-046-E002,TS-046-D001;TS-046-D002;TS-046-D003;TS-046-D004;TS-046-C001;TS-046-C002;TS-046-C003;TS-046-E001;TS-046-E002,9,3,4,2,TS-046-D004;TS-046-E002,0,mutable_borrow_transition_v1,"[""input root allocation, provenance, and borrow identity"",""source-backed subrange and alias-permission transitions"",""individual caller mutation events and their local state transitions""]","Boundary_T fixes the input mutable-borrow identity and any genuine caller mutation transitions already represented by the proof. It does not freeze returned references, aggregate post-state, or a complete target trace. TS-046-D001 shared_model_helper `array_mut_ref_view;array_value_view;slice_fixed_prefix;slice_start_mut_ptr;slice_mut_prefix_array_ptr`: The generated mutable prefix/final-frame vocabulary is inlined as open spec definitions, and the pointer provenance vocabulary connects the reviewed as_mut_ptr dependency to the source-backed cast_array/deref boundaries. The target postcondition is attached to the executable target and is not assumed. [status=audited_generated_contract_vocabulary_instantiated_in_harness; source=frozen_inputs/slice/specs/slice_shared_vocabulary.rs:913-935 and raw-pointer/provenance vocabulary used by core::slice::as_mut_ptr; semantic-disposition=context-only-specification-vocabulary] TS-046-D002 generated_target_dependency `core::slice::as_mut_ptr`: The Rust 1.96 body calls `self.as_mut_ptr()` before `cast_array()`. The harness reuses the already verified as_mut_ptr dependency shape by calling a local executable wrapper with the same `slice_start_mut_ptr(old(slice)@, ptr)` and `final(slice)@ == old(slice)@` facts. [status=reviewed_dependency_reused_for_mut_pointer_start_and_final_frame_fact; source=core/src/slice/mod.rs:363; proof_harnesses/019_core_slice_as_mut_ptr/harness.rs; semantic-disposition=admissible-source-backed-support] TS-046-D003 source_backed_raw_pointer_cast_boundary `rust_1_96_mut_ptr_cast_array`: Verus cannot prove mutable raw-pointer provenance for `ptr.cast_array()` directly in the non-external target body. The boundary body is exactly the Rust 1.96 `ptr.cast_array()` operation and only links the reviewed mutable slice-start pointer to an array-pointer provenance fact while preserving the mutable-slice frame. [status=minimal_trusted_boundary_for_source_backed_mut_ptr_cast_array; source=core/src/slice/mod.rs:363-364; semantic-disposition=admissible-source-backed-support] TS-046-D004 source_backed_mut_array_ref_final_frame_boundary `rust_1_96_first_chunk_mut_array_ref`: The public target is executable and keeps the Rust 1.96 `len() < N` guard and Some/None flow. Only the unsafe mutable array-reference dereference `unsafe { &mut *ptr }` is isolated in a target-local boundary whose precondition is the proved `N <= old(slice)@.len()` branch plus the pointer-array provenance fact, and whose postcondition relates the returned array reference to the old fixed prefix while preserving the suffix frame in the final slice. [status=minimal_trusted_boundary_for_source_backed_prefix_mut_array_ref_cast_and_final_frame; source=core/src/slice/mod.rs:363-364; semantic-disposition=inadmissible-answer-bearing-support] TS-046-C001 source-indexed callee `len`: core/src/slice/iter/macros.rs:142-144 [status=source-indexed; semantic-disposition=context-only-source-closure]. TS-046-C002 source-indexed callee `len`: core/src/slice/sort/stable/drift.rs:295-297 [status=source-indexed; semantic-disposition=context-only-source-closure]. TS-046-C003 source-indexed callee `len`: alloc/src/vec/in_place_drop.rs:15-17 [status=source-indexed; semantic-disposition=context-only-source-closure]. TS-046-E001 external_body `rust_1_96_mut_ptr_cast_array` at /home/chentianyu/nanvix-rust-std-spec-survey/nanvix-rust-std-slice-vec-implproof-2026-08-12/proof_harnesses/046_core_slice_first_chunk_mut/harness.rs:57 is an explicit trusted function body; backing dependency records=TS-046-D003; semantic-disposition=admissible-source-backed-lower-boundary. TS-046-E002 external_body `rust_1_96_first_chunk_mut_array_ref` at /home/chentianyu/nanvix-rust-std-spec-survey/nanvix-rust-std-slice-vec-implproof-2026-08-12/proof_harnesses/046_core_slice_first_chunk_mut/harness.rs:71 is an explicit trusted function body; backing dependency records=TS-046-D004; semantic-disposition=inadmissible-complete-branch-postcondition.",The target definition must construct returned borrow identities and frames from source-backed range and ownership transitions.,inadmissible,"Boundary_T must exclude or replace TS-046-D004, TS-046-E002 with recursively modeled lower transitions before a conditional-completeness obligation is admissible.",no,"Retained trust site(s) TS-046-D004, TS-046-E002 supply a complete target/branch postcondition or an answer-equivalent result, so the current proof boundary is not narrower than the target.",exact-principal-return-and-final-state,"Principal return values, returned reference identities, and final-state observations are compared by exact equality.",,,,conditional-complete,conditional-incomplete
core::slice::from_mut,47,slice,all-20260815T0127Z-ascii-whitespace-vtab-repair,unknown,raw-pointer-provenance-boundary,"pointer address, provenance, alignment, or layout state is source-observable but not uniquely recoverable from the pure slice Seq view",raw-pointer-and-provenance,generated-new-real-relation-spec,B,"pub assume_specification<'a, T>[ core::slice::from_mut::<T> ]( value: &'a mut T, ) -> (ret: &'a mut [T]) ensures ret@ == seq![*old(value)], final(ret)@ == seq![*final(value)], ;",80ebb45d323e9d8d8aed367f6a62490611719746be7d20704ab6df5d59a5d4a7,"pub assume_specification<'a, T>[ core::slice::from_mut::<T> ]( value: &'a mut T, ) -> (ret: &'a mut [T]) ensures ret@ == seq![*old(value)], final(ret)@ == seq![*final(value)], ;",80ebb45d323e9d8d8aed367f6a62490611719746be7d20704ab6df5d59a5d4a7,no,active-catalog-and-generated-declaration,/home/chentianyu/nanvix-rust-std-spec-survey/nanvix-rust-std-slice-specgen-2026-08-11/specs/generated_slice_specs.rs,1058,1064,"pub assume_specification<'a, T>[ core::slice::from_mut::<T> ](
    value: &'a mut T,
) -> (ret: &'a mut [T])
    ensures
        ret@ == seq![*old(value)],
        final(ret)@ == seq![*final(value)],
;
",1a5f2fa2211049e59be3145fd7f97398eeafda674ca6154cf5d35893f860ccbb,/home/chentianyu/nanvix-rust-std-spec-survey/nanvix-rust-std-slice-specgen-2026-08-11/specs/slice_shared_vocabulary.rs,f47deb4c5da97621b87c7bbfb1909c5eda7303e8be0422fbe43fd6588fdf1c33,core/src/slice/raw.rs:211,/home/chentianyu/nanvix-rust-std-spec-survey/rust-1.96/library/core/src/slice/raw.rs,0914968067f7e2bc798680c1edd72bcb032a9fd44ebb2b6fbc082a3a2b16941f,211,213,9dccff9babfff3c297268487fbf17b0a6ca139a9d1de3ef5c1163f9995eb7235,"pub const fn from_mut<T>(s: &mut T) -> &mut [T] {
    array::from_mut(s)
}
",core/src/slice/raw.rs:207-207,207,207,12e3b0a4f5ad91cbb4a9c19a78d62056a8ab4888df0feb61c03a87fec61d7d67,"Converts a reference to T into a slice of length 1 (without copying).
",/home/chentianyu/nanvix-rust-std-spec-survey/nanvix-rust-std-slice-vec-implproof-2026-08-12/proof_harnesses/047_core_slice_from_mut/harness.rs,d567e471ad0120f734126d09b1532b7ba37f1ff982ba6a65419aeae533457ddd,/home/chentianyu/nanvix-rust-std-spec-survey/nanvix-rust-std-slice-vec-implproof-2026-08-12/proof_manifests/047_core_slice_from_mut/source_body.json,84936acd7c59966e48aab41c937343789c7492a4916c99980b3c23b005c12f7b,/home/chentianyu/nanvix-rust-std-spec-survey/nanvix-rust-std-slice-vec-implproof-2026-08-12/proof_manifests/047_core_slice_from_mut/transformation_manifest.json,6a7c6c0ba38fa01ca6ca280f43152757633eb8de40c5be941170a6b269eb904d,/home/chentianyu/nanvix-rust-std-spec-survey/nanvix-rust-std-slice-vec-implproof-2026-08-12/proof_manifests/047_core_slice_from_mut/dependency_assumption_manifest.json,543428ae66b72821b472a73762ce4e3733899792d482346759f7b13328e00133,provenance/frozen/implproof/047_core_slice_from_mut/harness.rs,provenance/frozen/implproof/047_core_slice_from_mut/source_body.json,provenance/frozen/implproof/047_core_slice_from_mut/transformation_manifest.json,provenance/frozen/implproof/047_core_slice_from_mut/dependency_assumption_manifest.json,provenance/frozen/rust-1.96/library/core/src/slice/raw.rs,14,0,actual_verus_verified_modulo_source_backed_array_from_mut_boundary,"[""array::from_mut""]",2,TS-047-D001;TS-047-D002,0,,1,TS-047-E001,TS-047-D001;TS-047-D002;TS-047-E001,3,0,1,2,TS-047-D001;TS-047-E001,0,raw_input_memory_provenance_v1,"[""input allocation identity, base address, provenance, and alive range"",""input length and pointer metadata"",""source and destination element layouts, alignment, and ZST flags"",""individual source-backed pointer arithmetic or alignment-helper observations""]","Boundary_T fixes the hidden raw representation of the input and only source-used pointer/layout helper observations. It does not contain the returned pointer, returned ranges, aggregate post-state, or an encoding of the selected output. TS-047-D001 source_backed_public_helper_and_unsize_boundary `core::array::from_mut plus array-to-slice unsizing`: The Rust 1.96 target body is exactly `array::from_mut(s)`, whose source body constructs `&mut [T; 1]` by a raw-pointer cast before the slice function's return type coerces it to `&mut [T]`. The harness verifies the target call against a narrow boundary that exposes only the singleton mutable-slice view and final-frame relation required by the generated contract; it does not externalize or assume the target body. [status=minimal_trusted_boundary_until_array_from_mut_pointer_cast_is_recursively_proved; source=core/src/array/mod.rs:174-177 and core/src/slice/raw.rs:212; semantic-disposition=inadmissible-answer-bearing-support] TS-047-D002 shared_contract_vocabulary `singleton mutable slice old/final view`: The generated contract relates the returned mutable slice to the old and final value of the input reference using Verus sequence and final-state vocabulary. The harness attaches that contract to the target and the callee boundary without using assume_specification. [status=existing_generated_contract_vocabulary_boundary; source=manifest-local; semantic-disposition=context-only-specification-vocabulary] TS-047-E001 external_body `from_mut` at /home/chentianyu/nanvix-rust-std-spec-survey/nanvix-rust-std-slice-vec-implproof-2026-08-12/proof_harnesses/047_core_slice_from_mut/harness.rs:17 is an explicit trusted function body; backing dependency records=TS-047-D001; semantic-disposition=inadmissible-complete-target-postcondition.",The target definition must compute pointer/range observations from the fixed input memory model and reviewed Rust transition semantics.,inadmissible,"Boundary_T must exclude or replace TS-047-D001, TS-047-E001 with recursively modeled lower transitions before a conditional-completeness obligation is admissible.",no,"Retained trust site(s) TS-047-D001, TS-047-E001 supply a complete target/branch postcondition or an answer-equivalent result, so the current proof boundary is not narrower than the target.",exact-principal-return-and-final-state,"Principal return values, returned reference identities, and final-state observations are compared by exact equality.",,,,conditional-complete,conditional-incomplete
core::slice::from_raw_parts,48,slice,all-20260815T0127Z-ascii-whitespace-vtab-repair,unknown,raw-pointer-provenance-boundary,"pointer address, provenance, alignment, or layout state is source-observable but not uniquely recoverable from the pure slice Seq view",raw-pointer-and-provenance,generated-new-real-relation-spec,B,"pub assume_specification<'a, T>[ core::slice::from_raw_parts::<T> ]( data: *const T, len: usize, ) -> (ret: &'a [T]) requires slice_raw_domain_valid_for( slice_raw_domain(data, len, SliceRawMutability::Immutable), len, SliceRawMutability::Immutable, ), ensures slice_from_raw_parts_result(data, len, ret), ;",73ec9d9cba07629dcf152cde202578a52cea87134075f0568244d747a3183769,"pub assume_specification<'a, T>[ core::slice::from_raw_parts::<T> ]( data: *const T, len: usize, ) -> (ret: &'a [T]) requires slice_raw_domain_valid_for( slice_raw_domain(data, len, SliceRawMutability::Immutable), len, SliceRawMutability::Immutable, ), ensures slice_from_raw_parts_result(data, len, ret), ;",73ec9d9cba07629dcf152cde202578a52cea87134075f0568244d747a3183769,no,active-catalog-and-generated-declaration,/home/chentianyu/nanvix-rust-std-spec-survey/nanvix-rust-std-slice-specgen-2026-08-11/specs/generated_slice_specs.rs,1066,1078,"pub assume_specification<'a, T>[ core::slice::from_raw_parts::<T> ](
    data: *const T,
    len: usize,
) -> (ret: &'a [T])
    requires
        slice_raw_domain_valid_for(
            slice_raw_domain(data, len, SliceRawMutability::Immutable),
            len,
            SliceRawMutability::Immutable,
        ),
    ensures
        slice_from_raw_parts_result(data, len, ret),
;
",c877f2a2138011203d32801ec4320330f06603fa3b8f4fbadd771e43fd3bf01c,/home/chentianyu/nanvix-rust-std-spec-survey/nanvix-rust-std-slice-specgen-2026-08-11/specs/slice_shared_vocabulary.rs,f47deb4c5da97621b87c7bbfb1909c5eda7303e8be0422fbe43fd6588fdf1c33,core/src/slice/raw.rs:124,/home/chentianyu/nanvix-rust-std-spec-survey/rust-1.96/library/core/src/slice/raw.rs,0914968067f7e2bc798680c1edd72bcb032a9fd44ebb2b6fbc082a3a2b16941f,124,141,9544e272f2c1f29c72893c67e1739041f27647e99198cc311eac1870c87bcfcb,"pub const unsafe fn from_raw_parts<'a, T>(data: *const T, len: usize) -> &'a [T] {
    // SAFETY: the caller must uphold the safety contract for `from_raw_parts`.
    unsafe {
        ub_checks::assert_unsafe_precondition!(
            check_language_ub,
            ""slice::from_raw_parts requires the pointer to be aligned and non-null, and the total size of the slice not to exceed `isize::MAX`"",
            (
                data: *mut () = data as *mut (),
                size: usize = size_of::<T>(),
                align: usize = align_of::<T>(),
                len: usize = len,
            ) =>
            ub_checks::maybe_is_aligned_and_not_null(data, align, false)
                && ub_checks::is_valid_allocation_size(size, len)
        );
        &*ptr::slice_from_raw_parts(data, len)
    }
}
",core/src/slice/raw.rs:6-117,6,117,ad9621d4cc40ed381077a6766f59a113628e6f8c393597cd8e19d1ce924520d0,"Forms a slice from a pointer and a length.

The `len` argument is the number of **elements**, not the number of bytes.

# Safety

Behavior is undefined if any of the following conditions are violated:

* `data` must be non-null, [valid] for reads for `len * size_of::<T>()` many bytes,
and it must be properly aligned. This means in particular:

* The entire memory range of this slice must be contained within a single allocation!
Slices can never span across multiple allocations. See [below](#incorrect-usage)
for an example incorrectly not taking this into account.
* `data` must be non-null and aligned even for zero-length slices or slices of ZSTs. One
reason for this is that enum layout optimizations may rely on references
(including slices of any length) being aligned and non-null to distinguish
them from other data. You can obtain a pointer that is usable as `data`
for zero-length slices using [`NonNull::dangling()`].

* `data` must point to `len` consecutive properly initialized values of type `T`.

* The memory referenced by the returned slice must not be mutated for the duration
of lifetime `'a`, except inside an `UnsafeCell`.

* The total size `len * size_of::<T>()` of the slice must be no larger than `isize::MAX`,
and adding that size to `data` must not ""wrap around"" the address space.
See the safety documentation of [`pointer::offset`].

# Caveat

The lifetime for the returned slice is inferred from its usage. To
prevent accidental misuse, it's suggested to tie the lifetime to whichever
source lifetime is safe in the context, such as by providing a helper
function taking the lifetime of a host value for the slice, or by explicit
annotation.

# Examples

```
use std::slice;

// manifest a slice for a single element
let x = 42;
let ptr = &x as *const _;
let slice = unsafe { slice::from_raw_parts(ptr, 1) };
assert_eq!(slice[0], 42);
```

### Incorrect usage

The following `join_slices` function is **unsound** ⚠️

```rust,no_run
use std::slice;

fn join_slices<'a, T>(fst: &'a [T], snd: &'a [T]) -> &'a [T] {
let fst_end = fst.as_ptr().wrapping_add(fst.len());
let snd_start = snd.as_ptr();
assert_eq!(fst_end, snd_start, ""Slices must be contiguous!"");
unsafe {
// The assertion above ensures `fst` and `snd` are contiguous, but they might
// still be contained within _different allocations_, in which case
// creating this slice is undefined behavior.
slice::from_raw_parts(fst.as_ptr(), fst.len() + snd.len())
}
}

fn main() {
// `a` and `b` are different allocations...
let a = 42;
let b = 27;
// ... which may nevertheless be laid out contiguously in memory: | a | b |
let _ = join_slices(slice::from_ref(&a), slice::from_ref(&b)); // UB
}
```

### FFI: Handling null pointers

In languages such as C++, pointers to empty collections are not guaranteed to be non-null.
When accepting such pointers, they have to be checked for null-ness to avoid undefined
behavior.

```
use std::slice;

/// Sum the elements of an FFI slice.
///
/// # Safety
///
/// If ptr is not NULL, it must be correctly aligned and
/// point to `len` initialized items of type `f32`.
unsafe extern ""C"" fn sum_slice(ptr: *const f32, len: usize) -> f32 {
let data = if ptr.is_null() {
// `len` is assumed to be 0.
&[]
} else {
// SAFETY: see function docstring.
unsafe { slice::from_raw_parts(ptr, len) }
};
data.into_iter().sum()
}

// This could be the result of C++'s std::vector::data():
let ptr = std::ptr::null();
// And this could be std::vector::size():
let len = 0;
assert_eq!(unsafe { sum_slice(ptr, len) }, 0.0);
```

[valid]: ptr#safety
[`NonNull::dangling()`]: ptr::NonNull::dangling
",/home/chentianyu/nanvix-rust-std-spec-survey/nanvix-rust-std-slice-vec-implproof-2026-08-12/proof_harnesses/048_core_slice_from_raw_parts/harness.rs,3e42cd5003d6c86d4e2f7e9dea23d37b29ffa42e49c787d1495f4bac800ac700,/home/chentianyu/nanvix-rust-std-spec-survey/nanvix-rust-std-slice-vec-implproof-2026-08-12/proof_manifests/048_core_slice_from_raw_parts/source_body.json,ec2cc1721a5d7d6a985b766985ffc0b3b55331c5cb2e0801d1e835b9d610837f,/home/chentianyu/nanvix-rust-std-spec-survey/nanvix-rust-std-slice-vec-implproof-2026-08-12/proof_manifests/048_core_slice_from_raw_parts/transformation_manifest.json,4aee810639b57a53adcc891a46b6b2852b5d96a72709046f02744b9ae9ef32f1,/home/chentianyu/nanvix-rust-std-spec-survey/nanvix-rust-std-slice-vec-implproof-2026-08-12/proof_manifests/048_core_slice_from_raw_parts/dependency_assumption_manifest.json,19bcd652a05891d7606586e8613a56a68067696ce7788709a57d577b4297fb59,provenance/frozen/implproof/048_core_slice_from_raw_parts/harness.rs,provenance/frozen/implproof/048_core_slice_from_raw_parts/source_body.json,provenance/frozen/implproof/048_core_slice_from_raw_parts/transformation_manifest.json,provenance/frozen/implproof/048_core_slice_from_raw_parts/dependency_assumption_manifest.json,provenance/frozen/rust-1.96/library/core/src/slice/raw.rs,53,1,actual_verus_verified_modulo_source_backed_raw_pointer_cast_boundary_and_ub_precondition_boundary,"[""rust_1_96_from_raw_parts_ub_checked_raw_slice""]",2,TS-048-D001;TS-048-D002,0,,1,TS-048-E001,TS-048-D001;TS-048-D002;TS-048-E001,3,0,1,2,TS-048-D002;TS-048-E001,0,raw_input_memory_provenance_v1,"[""input allocation identity, base address, provenance, and alive range"",""input length and pointer metadata"",""source and destination element layouts, alignment, and ZST flags"",""individual source-backed pointer arithmetic or alignment-helper observations""]","Boundary_T fixes the hidden raw representation of the input and only source-used pointer/layout helper observations. It does not contain the returned pointer, returned ranges, aggregate post-state, or an encoding of the selected output. TS-048-D001 shared_model_helper `SliceRawDomain;SliceRawMutability;slice_raw_domain;slice_raw_domain_valid;slice_raw_domain_valid_for;slice_start_ptr;slice_from_raw_parts_result`: The generated raw-domain vocabulary is instantiated in the harness as target-local spec definitions. It captures the documented non-null, alignment, one-allocation, initialized-memory, aliasing, and isize-size preconditions without assuming the target postcondition directly. [status=audited_generated_contract_vocabulary_instantiated_in_harness; source=frozen_inputs/slice/specs/slice_shared_vocabulary.rs:962-1032; semantic-disposition=context-only-specification-vocabulary] TS-048-D002 source_backed_raw_pointer_cast_boundary `rust_1_96_from_raw_parts_ub_checked_raw_slice`: The public target is executable and calls a target-local boundary for the Rust 1.96 unsafe block. The boundary is guarded by the generated raw-domain precondition corresponding to the source `ub_checks::assert_unsafe_precondition!` and contains the source-backed raw slice construction `unsafe { &*core::ptr::slice_from_raw_parts(data, len) }`, which Verus does not model directly. [status=minimal_trusted_boundary_for_source_backed_from_raw_parts_ub_precondition_and_raw_pointer_provenance_semantics; source=core/src/slice/raw.rs:124-141; semantic-disposition=inadmissible-answer-bearing-support] TS-048-E001 external_body `rust_1_96_from_raw_parts_ub_checked_raw_slice` at /home/chentianyu/nanvix-rust-std-spec-survey/nanvix-rust-std-slice-vec-implproof-2026-08-12/proof_harnesses/048_core_slice_from_raw_parts/harness.rs:59 is an explicit trusted function body; backing dependency records=TS-048-D002; semantic-disposition=inadmissible-complete-target-postcondition.",The target definition must compute pointer/range observations from the fixed input memory model and reviewed Rust transition semantics.,inadmissible,"Boundary_T must exclude or replace TS-048-D002, TS-048-E001 with recursively modeled lower transitions before a conditional-completeness obligation is admissible.",no,"Retained trust site(s) TS-048-D002, TS-048-E001 supply a complete target/branch postcondition or an answer-equivalent result, so the current proof boundary is not narrower than the target.",exact-principal-return-and-final-state,"Principal return values, returned reference identities, and final-state observations are compared by exact equality.",,,,conditional-complete,conditional-complete
core::slice::from_raw_parts_mut,49,slice,all-20260815T0127Z-ascii-whitespace-vtab-repair,unknown,raw-pointer-provenance-boundary,"pointer address, provenance, alignment, or layout state is source-observable but not uniquely recoverable from the pure slice Seq view",raw-pointer-and-provenance,generated-new-real-relation-spec,B,"pub assume_specification<'a, T>[ core::slice::from_raw_parts_mut::<T> ]( data: *mut T, len: usize, ) -> (ret: &'a mut [T]) requires slice_raw_domain_valid_for( slice_raw_mut_domain(data, len, SliceRawMutability::Mutable), len, SliceRawMutability::Mutable, ), ensures slice_from_raw_parts_mut_result(data, len, ret), ;",47e90942a15f2cdb0e6584968eedeeb627353ed37da324f1af080c3917f0dc40,"pub assume_specification<'a, T>[ core::slice::from_raw_parts_mut::<T> ]( data: *mut T, len: usize, ) -> (ret: &'a mut [T]) requires slice_raw_domain_valid_for( slice_raw_mut_domain(data, len, SliceRawMutability::Mutable), len, SliceRawMutability::Mutable, ), ensures slice_from_raw_parts_mut_result(data, len, ret), ;",47e90942a15f2cdb0e6584968eedeeb627353ed37da324f1af080c3917f0dc40,no,active-catalog-and-generated-declaration,/home/chentianyu/nanvix-rust-std-spec-survey/nanvix-rust-std-slice-specgen-2026-08-11/specs/generated_slice_specs.rs,1080,1092,"pub assume_specification<'a, T>[ core::slice::from_raw_parts_mut::<T> ](
    data: *mut T,
    len: usize,
) -> (ret: &'a mut [T])
    requires
        slice_raw_domain_valid_for(
            slice_raw_mut_domain(data, len, SliceRawMutability::Mutable),
            len,
            SliceRawMutability::Mutable,
        ),
    ensures
        slice_from_raw_parts_mut_result(data, len, ret),
;
",6a2fc24c253598070947e45b742e09f6ec9a34ea60b671e7aca644845c5a1649,/home/chentianyu/nanvix-rust-std-spec-survey/nanvix-rust-std-slice-specgen-2026-08-11/specs/slice_shared_vocabulary.rs,f47deb4c5da97621b87c7bbfb1909c5eda7303e8be0422fbe43fd6588fdf1c33,core/src/slice/raw.rs:179,/home/chentianyu/nanvix-rust-std-spec-survey/rust-1.96/library/core/src/slice/raw.rs,0914968067f7e2bc798680c1edd72bcb032a9fd44ebb2b6fbc082a3a2b16941f,179,196,b19fba4b6bde2fc2195bda8acded38ced9f42f1eb67c475260a1e84a9c667093,"pub const unsafe fn from_raw_parts_mut<'a, T>(data: *mut T, len: usize) -> &'a mut [T] {
    // SAFETY: the caller must uphold the safety contract for `from_raw_parts_mut`.
    unsafe {
        ub_checks::assert_unsafe_precondition!(
            check_language_ub,
            ""slice::from_raw_parts_mut requires the pointer to be aligned and non-null, and the total size of the slice not to exceed `isize::MAX`"",
            (
                data: *mut () = data as *mut (),
                size: usize = size_of::<T>(),
                align: usize = align_of::<T>(),
                len: usize = len,
            ) =>
            ub_checks::maybe_is_aligned_and_not_null(data, align, false)
                && ub_checks::is_valid_allocation_size(size, len)
        );
        &mut *ptr::slice_from_raw_parts_mut(data, len)
    }
}
",core/src/slice/raw.rs:143-172,143,172,4fcf9e07d22a67b5f4c08473b24235dd076375ba0b6a41c06ed79035a6bbf39e,"Performs the same functionality as [`from_raw_parts`], except that a
mutable slice is returned.

# Safety

Behavior is undefined if any of the following conditions are violated:

* `data` must be non-null, [valid] for both reads and writes for `len * size_of::<T>()` many bytes,
and it must be properly aligned. This means in particular:

* The entire memory range of this slice must be contained within a single allocation!
Slices can never span across multiple allocations.
* `data` must be non-null and aligned even for zero-length slices or slices of ZSTs. One
reason for this is that enum layout optimizations may rely on references
(including slices of any length) being aligned and non-null to distinguish
them from other data. You can obtain a pointer that is usable as `data`
for zero-length slices using [`NonNull::dangling()`].

* `data` must point to `len` consecutive properly initialized values of type `T`.

* The memory referenced by the returned slice must not be accessed through any other pointer
(not derived from the return value) for the duration of lifetime `'a`.
Both read and write accesses are forbidden.

* The total size `len * size_of::<T>()` of the slice must be no larger than `isize::MAX`,
and adding that size to `data` must not ""wrap around"" the address space.
See the safety documentation of [`pointer::offset`].

[valid]: ptr#safety
[`NonNull::dangling()`]: ptr::NonNull::dangling
",/home/chentianyu/nanvix-rust-std-spec-survey/nanvix-rust-std-slice-vec-implproof-2026-08-12/proof_harnesses/049_core_slice_from_raw_parts_mut/harness.rs,27d7b7060a7a6dc7d3d118ad5300bedfc3d6470c115baaaaf0e93101e424598d,/home/chentianyu/nanvix-rust-std-spec-survey/nanvix-rust-std-slice-vec-implproof-2026-08-12/proof_manifests/049_core_slice_from_raw_parts_mut/source_body.json,c23b86d5b695c810bedc22e3932aa566e9c9a58e519ec8b48a8d5e8632ae72ed,/home/chentianyu/nanvix-rust-std-spec-survey/nanvix-rust-std-slice-vec-implproof-2026-08-12/proof_manifests/049_core_slice_from_raw_parts_mut/transformation_manifest.json,b2f34c32a9bb19ce5293c77529fdcd9fd8dd55b066b244fdca11fb2f28b37fb7,/home/chentianyu/nanvix-rust-std-spec-survey/nanvix-rust-std-slice-vec-implproof-2026-08-12/proof_manifests/049_core_slice_from_raw_parts_mut/dependency_assumption_manifest.json,431c74ca8527b5dd68ec1c7daa2987e359b25f7872c148ac114526724fb19764,provenance/frozen/implproof/049_core_slice_from_raw_parts_mut/harness.rs,provenance/frozen/implproof/049_core_slice_from_raw_parts_mut/source_body.json,provenance/frozen/implproof/049_core_slice_from_raw_parts_mut/transformation_manifest.json,provenance/frozen/implproof/049_core_slice_from_raw_parts_mut/dependency_assumption_manifest.json,provenance/frozen/rust-1.96/library/core/src/slice/raw.rs,54,1,actual_verus_verified_modulo_source_backed_raw_pointer_cast_boundary_and_ub_precondition_boundary,"[""rust_1_96_from_raw_parts_mut_ub_checked_raw_slice""]",2,TS-049-D001;TS-049-D002,0,,1,TS-049-E001,TS-049-D001;TS-049-D002;TS-049-E001,3,0,1,2,TS-049-D002;TS-049-E001,0,raw_input_memory_provenance_v1,"[""input allocation identity, base address, provenance, and alive range"",""input length and pointer metadata"",""source and destination element layouts, alignment, and ZST flags"",""individual source-backed pointer arithmetic or alignment-helper observations""]","Boundary_T fixes the hidden raw representation of the input and only source-used pointer/layout helper observations. It does not contain the returned pointer, returned ranges, aggregate post-state, or an encoding of the selected output. TS-049-D001 shared_model_helper `SliceRawDomain;SliceRawMutability;slice_raw_mut_domain;slice_raw_domain_valid;slice_raw_domain_valid_for;slice_start_mut_ptr;slice_from_raw_parts_mut_result`: The generated mutable raw-domain vocabulary is instantiated in the harness as target-local spec definitions. It captures the documented non-null, alignment, one-allocation, initialized-memory, exclusive-aliasing, and isize-size preconditions without assuming the target postcondition directly. [status=audited_generated_contract_vocabulary_instantiated_in_harness; source=frozen_inputs/slice/specs/slice_shared_vocabulary.rs:962-1040; semantic-disposition=context-only-specification-vocabulary] TS-049-D002 source_backed_raw_pointer_cast_boundary `rust_1_96_from_raw_parts_mut_ub_checked_raw_slice`: The public target is executable and calls a target-local boundary for the Rust 1.96 unsafe block. The boundary is guarded by the generated mutable raw-domain precondition corresponding to the source `ub_checks::assert_unsafe_precondition!` and contains the source-backed raw mutable slice construction `unsafe { &mut *core::ptr::slice_from_raw_parts_mut(data, len) }`, which Verus does not model directly. [status=minimal_trusted_boundary_for_source_backed_from_raw_parts_mut_ub_precondition_and_raw_pointer_provenance_semantics; source=core/src/slice/raw.rs:179-196; semantic-disposition=inadmissible-answer-bearing-support] TS-049-E001 external_body `rust_1_96_from_raw_parts_mut_ub_checked_raw_slice` at /home/chentianyu/nanvix-rust-std-spec-survey/nanvix-rust-std-slice-vec-implproof-2026-08-12/proof_harnesses/049_core_slice_from_raw_parts_mut/harness.rs:63 is an explicit trusted function body; backing dependency records=TS-049-D002; semantic-disposition=inadmissible-complete-target-postcondition.",The target definition must compute pointer/range observations from the fixed input memory model and reviewed Rust transition semantics.,inadmissible,"Boundary_T must exclude or replace TS-049-D002, TS-049-E001 with recursively modeled lower transitions before a conditional-completeness obligation is admissible.",no,"Retained trust site(s) TS-049-D002, TS-049-E001 supply a complete target/branch postcondition or an answer-equivalent result, so the current proof boundary is not narrower than the target.",exact-principal-return-and-final-state,"Principal return values, returned reference identities, and final-state observations are compared by exact equality.",,,,conditional-complete,conditional-incomplete
core::slice::get_disjoint_mut,51,slice,all-20260815T0127Z-ascii-whitespace-vtab-repair,unknown,disjoint-mutable-alias-boundary,"disjoint mutable-reference arrays preserve source aliasing and post-state relations, but reference identity is not uniquely fixed by the contract",mutation-frame-and-permutation,generated-new-real-relation-spec,B,"#[verifier::allow(undeclared_external_trait)] pub assume_specification<T, I, const N: usize>[ <[T]>::get_disjoint_mut::<I, N> ]( slice: &mut [T], indices: [I; N], ) -> (ret: core::result::Result< [&mut <I as core::slice::SliceIndex<[T]>>::Output; N], core::slice::GetDisjointMutError, >) where I: core::slice::GetDisjointMutIndex + core::slice::SliceIndex<[T]> ensures ret.is_ok() ==> slice_disjoint_indices_valid::<T, I, N>(old(slice)@, indices) && final(slice)@.len() == old(slice)@.len(), ret.is_err() ==> !slice_disjoint_indices_valid::<T, I, N>(old(slice)@, indices) && final(slice)@ == old(slice)@, ;",65402a0e5a620790d6f1413ab49efa952f05d939b14bf1066e92da32f7cd548a,"#[verifier::allow(undeclared_external_trait)] pub assume_specification<T, I, const N: usize>[ <[T]>::get_disjoint_mut::<I, N> ]( slice: &mut [T], indices: [I; N], ) -> (ret: core::result::Result< [&mut <I as core::slice::SliceIndex<[T]>>::Output; N], core::slice::GetDisjointMutError, >) where I: core::slice::GetDisjointMutIndex + core::slice::SliceIndex<[T]> ensures ret.is_ok() ==> slice_disjoint_indices_valid::<T, I, N>(old(slice)@, indices) && final(slice)@.len() == old(slice)@.len(), ret.is_err() ==> !slice_disjoint_indices_valid::<T, I, N>(old(slice)@, indices) && final(slice)@ == old(slice)@, ;",65402a0e5a620790d6f1413ab49efa952f05d939b14bf1066e92da32f7cd548a,no,active-catalog-and-generated-declaration,/home/chentianyu/nanvix-rust-std-spec-survey/nanvix-rust-std-slice-specgen-2026-08-11/specs/generated_slice_specs.rs,1101,1114,"#[verifier::allow(undeclared_external_trait)]
pub assume_specification<T, I, const N: usize>[ <[T]>::get_disjoint_mut::<I, N> ](
    slice: &mut [T],
    indices: [I; N],
) -> (ret: core::result::Result<
    [&mut <I as core::slice::SliceIndex<[T]>>::Output; N],
    core::slice::GetDisjointMutError,
>) where I: core::slice::GetDisjointMutIndex + core::slice::SliceIndex<[T]>
    ensures
        ret.is_ok() ==> slice_disjoint_indices_valid::<T, I, N>(old(slice)@, indices)
            && final(slice)@.len() == old(slice)@.len(),
        ret.is_err() ==> !slice_disjoint_indices_valid::<T, I, N>(old(slice)@, indices)
            && final(slice)@ == old(slice)@,
;
",36324c62d6473b1ef6f90b64c672b67e6c2fc6e1db630f90c3245b04d560795a,/home/chentianyu/nanvix-rust-std-spec-survey/nanvix-rust-std-slice-specgen-2026-08-11/specs/slice_shared_vocabulary.rs,f47deb4c5da97621b87c7bbfb1909c5eda7303e8be0422fbe43fd6588fdf1c33,core/src/slice/mod.rs:5216,/home/chentianyu/nanvix-rust-std-spec-survey/rust-1.96/library/core/src/slice/mod.rs,58901fa6437dbd4d77c68427bbced0fc3a91a10fdb8bd2e233adf6a9ba27d2d5,5209,5220,292597fa2c1db3013b7e606fa810dbc0b309cbbe4f2f916c0cd4e02dd40bd59d,"    pub fn get_disjoint_mut<I, const N: usize>(
        &mut self,
        indices: [I; N],
    ) -> Result<[&mut I::Output; N], GetDisjointMutError>
    where
        I: GetDisjointMutIndex + SliceIndex<Self>,
    {
        get_disjoint_check_valid(&indices, self.len())?;
        // SAFETY: The `get_disjoint_check_valid()` call checked that all indices
        // are disjunct and in bounds.
        unsafe { Ok(self.get_disjoint_unchecked_mut(indices)) }
    }
",core/src/slice/mod.rs:5168-5206,5168,5206,06f05d10d3a4aead0463d4e51f73cec5a19799b33ff00f50a76d4fc8fddead3c,"Returns mutable references to many indices at once.

An index can be either a `usize`, a [`Range`] or a [`RangeInclusive`]. Note
that this method takes an array, so all indices must be of the same type.
If passed an array of `usize`s this method gives back an array of mutable references
to single elements, while if passed an array of ranges it gives back an array of
mutable references to slices.

Returns an error if any index is out-of-bounds, or if there are overlapping indices.
An empty range is not considered to overlap if it is located at the beginning or at
the end of another range, but is considered to overlap if it is located in the middle.

This method does a O(n^2) check to check that there are no overlapping indices, so be careful
when passing many indices.

# Examples

```
let v = &mut [1, 2, 3];
if let Ok([a, b]) = v.get_disjoint_mut([0, 2]) {
*a = 413;
*b = 612;
}
assert_eq!(v, &[413, 2, 612]);

if let Ok([a, b]) = v.get_disjoint_mut([0..1, 1..3]) {
a[0] = 8;
b[0] = 88;
b[1] = 888;
}
assert_eq!(v, &[8, 88, 888]);

if let Ok([a, b]) = v.get_disjoint_mut([1..=2, 0..=0]) {
a[0] = 11;
a[1] = 111;
b[0] = 1;
}
assert_eq!(v, &[1, 11, 111]);
```
",/home/chentianyu/nanvix-rust-std-spec-survey/nanvix-rust-std-slice-vec-implproof-2026-08-12/proof_harnesses/051_core_slice_get_disjoint_mut/harness.rs,0501ca467e2311a3611480da4aa9027a84a5a0ce5391eff8af0c6493b43c6e7d,/home/chentianyu/nanvix-rust-std-spec-survey/nanvix-rust-std-slice-vec-implproof-2026-08-12/proof_manifests/051_core_slice_get_disjoint_mut/source_body.json,51f59c3c8eacc7de184be7fb71e668fe3568588caee850a0b6c2bd4f032cdd22,/home/chentianyu/nanvix-rust-std-spec-survey/nanvix-rust-std-slice-vec-implproof-2026-08-12/proof_manifests/051_core_slice_get_disjoint_mut/transformation_manifest.json,627b1b5d260bb8001401af4f76bd316c0c615ce37136c012f7b0f8804ee506a5,/home/chentianyu/nanvix-rust-std-spec-survey/nanvix-rust-std-slice-vec-implproof-2026-08-12/proof_manifests/051_core_slice_get_disjoint_mut/dependency_assumption_manifest.json,ead3c51ccbe8f200d69a86a5e8d71751e01bd25e68f8bf80951cfe6c1adf6654,provenance/frozen/implproof/051_core_slice_get_disjoint_mut/harness.rs,provenance/frozen/implproof/051_core_slice_get_disjoint_mut/source_body.json,provenance/frozen/implproof/051_core_slice_get_disjoint_mut/transformation_manifest.json,provenance/frozen/implproof/051_core_slice_get_disjoint_mut/dependency_assumption_manifest.json,provenance/frozen/rust-1.96/library/core/src/slice/mod.rs,110,2,actual_verus_verified_modulo_source_backed_check_valid_and_get_disjoint_unchecked_mut_boundary,"[""get_disjoint_check_valid"",""get_disjoint_unchecked_mut"",""rust_1_96_slice_receiver_to_raw"",""rust_1_96_maybe_uninit_array_uninit"",""rust_1_96_maybe_uninit_array_as_mut_ptr"",""rust_1_96_fill_disjoint_mut_array_and_assume_init""]",4,TS-051-D001;TS-051-D002;TS-051-D003;TS-051-D004,4,TS-051-C001;TS-051-C002;TS-051-C003;TS-051-C004,2,TS-051-E001;TS-051-E002,TS-051-D001;TS-051-D002;TS-051-D003;TS-051-D004;TS-051-C001;TS-051-C002;TS-051-C003;TS-051-C004;TS-051-E001;TS-051-E002,10,1,5,4,TS-051-D002;TS-051-D004;TS-051-E001;TS-051-E002,0,disjoint_index_provenance_v1,"[""input allocation, provenance, and mutable borrow permissions"",""SliceIndex input-to-range resolution observations"",""source-backed pairwise disjointness and raw-slice construction transitions""]","Boundary_T fixes input provenance/permissions and hidden SliceIndex range resolution used by the proof. It does not contain the returned reference array, aggregate post-state, or an answer-equivalent alias map. TS-051-D001 shared_model_helper `slice_disjoint_indices_valid`: The generated disjoint/in-bounds vocabulary remains target-local contract vocabulary. The executable public target obtains the Ok/Err branch facts from the Rust 1.96 get_disjoint_check_valid boundary before calling the unsafe unchecked dependency. [status=audited_generated_contract_vocabulary_instantiated_in_harness; source=manifest-local; semantic-disposition=context-only-specification-vocabulary] TS-051-D002 source_backed_private_helper_boundary `get_disjoint_check_valid`: The Rust 1.96 public target first calls `get_disjoint_check_valid(&indices, self.len())?`. The harness preserves that control-flow step and isolates only the private helper loop over in-bounds and overlap checks, with postconditions distinguishing Ok as slice_disjoint_indices_valid and Err as its negation. [status=minimal_trusted_boundary_for_source_backed_disjoint_validity_checker; source=core/src/slice/mod.rs:5686-5703; semantic-disposition=inadmissible-answer-bearing-support] TS-051-D003 generated_target_dependency `core::slice::get_disjoint_unchecked_mut`: The Rust 1.96 success path is exactly `unsafe { Ok(self.get_disjoint_unchecked_mut(indices)) }`. The target harness reuses the already verified unchecked-disjoint body shape and its generated precondition, so the unsafe call is guarded by the checker-established slice_disjoint_indices_valid fact. [status=reviewed_dependency_reused_for_success_path_unchecked_mutable_reference_array; source=core/src/slice/mod.rs:5149-5164 and 5216-5219; proof_harnesses/052_core_slice_get_disjoint_unchecked_mut/harness.rs; semantic-disposition=admissible-source-backed-support] TS-051-D004 source_backed_raw_pointer_maybe_uninit_trait_boundary `rust_1_96_fill_disjoint_mut_array_and_assume_init`: The local unchecked dependency wrapper now verifies the Rust 1.96 raw slice pointer token and MaybeUninit setup token helpers as executable scaffold. The retained trusted boundary is limited to the source loop over `0..N`, unchecked index clone, SliceIndex::get_unchecked_mut, raw pointer `cast/add/write`, and final `arr.assume_init()`, reused only after the checker boundary establishes the unsafe disjoint-validity domain. [status=reviewed_source_backed_unchecked_fill_write_assume_init_boundary_reused_locally_after_executable_scaffold_reduction; source=core/src/slice/mod.rs:5149-5164; semantic-disposition=inadmissible-answer-bearing-support] TS-051-C001 source-indexed callee `get_disjoint_check_valid`: core/src/slice/mod.rs:5686-5703 [status=source-indexed; semantic-disposition=context-only-source-closure]. TS-051-C002 source-indexed callee `len`: core/src/slice/iter/macros.rs:142-144 [status=source-indexed; semantic-disposition=context-only-source-closure]. TS-051-C003 source-indexed callee `len`: core/src/slice/sort/stable/drift.rs:295-297 [status=source-indexed; semantic-disposition=context-only-source-closure]. TS-051-C004 source-indexed callee `len`: alloc/src/vec/in_place_drop.rs:15-17 [status=source-indexed; semantic-disposition=context-only-source-closure]. TS-051-E001 external_body `get_disjoint_check_valid` at /home/chentianyu/nanvix-rust-std-spec-survey/nanvix-rust-std-slice-vec-implproof-2026-08-12/proof_harnesses/051_core_slice_get_disjoint_mut/harness.rs:46 is an explicit trusted function body; backing dependency records=TS-051-D002; semantic-disposition=inadmissible-answer-equivalent-result. TS-051-E002 external_body `rust_1_96_fill_disjoint_mut_array_and_assume_init` at /home/chentianyu/nanvix-rust-std-spec-survey/nanvix-rust-std-slice-vec-implproof-2026-08-12/proof_harnesses/051_core_slice_get_disjoint_mut/harness.rs:80 is an explicit trusted function body; backing dependency records=TS-051-D004; semantic-disposition=inadmissible-complete-branch-postcondition.",The target definition must derive returned disjoint borrows from the resolved input ranges and Rust ownership/provenance transitions.,inadmissible,"Boundary_T must exclude or replace TS-051-D002, TS-051-D004, TS-051-E001, TS-051-E002 with recursively modeled lower transitions before a conditional-completeness obligation is admissible.",no,"Retained trust site(s) TS-051-D002, TS-051-D004, TS-051-E001, TS-051-E002 supply a complete target/branch postcondition or an answer-equivalent result, so the current proof boundary is not narrower than the target.",exact-principal-return-and-final-state,"Principal return values, returned reference identities, and final-state observations are compared by exact equality.",,,,conditional-incomplete,conditional-incomplete
core::slice::get_disjoint_unchecked_mut,52,slice,all-20260815T0127Z-ascii-whitespace-vtab-repair,unknown,disjoint-mutable-alias-boundary,"disjoint mutable-reference arrays preserve source aliasing and post-state relations, but reference identity is not uniquely fixed by the contract",mutation-frame-and-permutation,generated-new-real-relation-spec,B,"#[verifier::allow(undeclared_external_trait)] pub assume_specification<T, I, const N: usize>[ <[T]>::get_disjoint_unchecked_mut::<I, N> ]( slice: &mut [T], indices: [I; N], ) -> (ret: [&mut <I as core::slice::SliceIndex<[T]>>::Output; N]) where I: core::slice::GetDisjointMutIndex + core::slice::SliceIndex<[T]> requires slice_disjoint_indices_valid::<T, I, N>(old(slice)@, indices), ensures final(slice)@.len() == old(slice)@.len(), ;",98e2ff139533e1b36cd1ecef3a408b5045f5780bf76ff9a04f2b8f34879e368b,"#[verifier::allow(undeclared_external_trait)] pub assume_specification<T, I, const N: usize>[ <[T]>::get_disjoint_unchecked_mut::<I, N> ]( slice: &mut [T], indices: [I; N], ) -> (ret: [&mut <I as core::slice::SliceIndex<[T]>>::Output; N]) where I: core::slice::GetDisjointMutIndex + core::slice::SliceIndex<[T]> requires slice_disjoint_indices_valid::<T, I, N>(old(slice)@, indices), ensures final(slice)@.len() == old(slice)@.len(), ;",98e2ff139533e1b36cd1ecef3a408b5045f5780bf76ff9a04f2b8f34879e368b,no,active-catalog-and-generated-declaration,/home/chentianyu/nanvix-rust-std-spec-survey/nanvix-rust-std-slice-specgen-2026-08-11/specs/generated_slice_specs.rs,1116,1126,"#[verifier::allow(undeclared_external_trait)]
pub assume_specification<T, I, const N: usize>[ <[T]>::get_disjoint_unchecked_mut::<I, N> ](
    slice: &mut [T],
    indices: [I; N],
) -> (ret: [&mut <I as core::slice::SliceIndex<[T]>>::Output; N])
    where I: core::slice::GetDisjointMutIndex + core::slice::SliceIndex<[T]>
    requires
        slice_disjoint_indices_valid::<T, I, N>(old(slice)@, indices),
    ensures
        final(slice)@.len() == old(slice)@.len(),
;
",f3e628fdfc024e83901cfecb2f642835247c5236f76009abf7b04f5a9d2e1efc,/home/chentianyu/nanvix-rust-std-spec-survey/nanvix-rust-std-slice-specgen-2026-08-11/specs/slice_shared_vocabulary.rs,f47deb4c5da97621b87c7bbfb1909c5eda7303e8be0422fbe43fd6588fdf1c33,core/src/slice/mod.rs:5149,/home/chentianyu/nanvix-rust-std-spec-survey/rust-1.96/library/core/src/slice/mod.rs,58901fa6437dbd4d77c68427bbced0fc3a91a10fdb8bd2e233adf6a9ba27d2d5,5142,5166,fadb1cf499d963bdf8603a8901d68a9dc03c5ce7ebf3f084ce0fe58348b65be2,"    pub unsafe fn get_disjoint_unchecked_mut<I, const N: usize>(
        &mut self,
        indices: [I; N],
    ) -> [&mut I::Output; N]
    where
        I: GetDisjointMutIndex + SliceIndex<Self>,
    {
        // NB: This implementation is written as it is because any variation of
        // `indices.map(|i| self.get_unchecked_mut(i))` would make miri unhappy,
        // or generate worse code otherwise. This is also why we need to go
        // through a raw pointer here.
        let slice: *mut [T] = self;
        let mut arr: MaybeUninit<[&mut I::Output; N]> = MaybeUninit::uninit();
        let arr_ptr = arr.as_mut_ptr();

        // SAFETY: We expect `indices` to contain disjunct values that are
        // in bounds of `self`.
        unsafe {
            for i in 0..N {
                let idx = indices.get_unchecked(i).clone();
                arr_ptr.cast::<&mut I::Output>().add(i).write(&mut *slice.get_unchecked_mut(idx));
            }
            arr.assume_init()
        }
    }
",core/src/slice/mod.rs:5093-5138,5093,5138,b6dc5441775f4347e6461d822b96856224086207e45a03b5ae195cddd69fb766,"Returns mutable references to many indices at once, without doing any checks.

An index can be either a `usize`, a [`Range`] or a [`RangeInclusive`]. Note
that this method takes an array, so all indices must be of the same type.
If passed an array of `usize`s this method gives back an array of mutable references
to single elements, while if passed an array of ranges it gives back an array of
mutable references to slices.

For a safe alternative see [`get_disjoint_mut`].

# Safety

Calling this method with overlapping or out-of-bounds indices is *[undefined behavior]*
even if the resulting references are not used.

# Examples

```
let x = &mut [1, 2, 4];

unsafe {
let [a, b] = x.get_disjoint_unchecked_mut([0, 2]);
*a *= 10;
*b *= 100;
}
assert_eq!(x, &[10, 2, 400]);

unsafe {
let [a, b] = x.get_disjoint_unchecked_mut([0..1, 1..3]);
a[0] = 8;
b[0] = 88;
b[1] = 888;
}
assert_eq!(x, &[8, 88, 888]);

unsafe {
let [a, b] = x.get_disjoint_unchecked_mut([1..=2, 0..=0]);
a[0] = 11;
a[1] = 111;
b[0] = 1;
}
assert_eq!(x, &[1, 11, 111]);
```

[`get_disjoint_mut`]: slice::get_disjoint_mut
[undefined behavior]: https://doc.rust-lang.org/reference/behavior-considered-undefined.html
",/home/chentianyu/nanvix-rust-std-spec-survey/nanvix-rust-std-slice-vec-implproof-2026-08-12/proof_harnesses/052_core_slice_get_disjoint_unchecked_mut/harness.rs,79254de9275544b853a13ce2b96ef20275ce8c533ff8f4bb7bbeec2cb7d8f833,/home/chentianyu/nanvix-rust-std-spec-survey/nanvix-rust-std-slice-vec-implproof-2026-08-12/proof_manifests/052_core_slice_get_disjoint_unchecked_mut/source_body.json,cc31cb70d0da90aac2eed3e6561da78d6a9c009df6263991097dbc4756197cbb,/home/chentianyu/nanvix-rust-std-spec-survey/nanvix-rust-std-slice-vec-implproof-2026-08-12/proof_manifests/052_core_slice_get_disjoint_unchecked_mut/transformation_manifest.json,b08d5f6e69eb0614ec06f2f16bc69a7f165c2d7fc696c4ece528e6f5a9ed5784,/home/chentianyu/nanvix-rust-std-spec-survey/nanvix-rust-std-slice-vec-implproof-2026-08-12/proof_manifests/052_core_slice_get_disjoint_unchecked_mut/dependency_assumption_manifest.json,680ca770a24c341986e3e2adf1f5ef2792a27fb8bc3337773d7ec73c2ee52230,provenance/frozen/implproof/052_core_slice_get_disjoint_unchecked_mut/harness.rs,provenance/frozen/implproof/052_core_slice_get_disjoint_unchecked_mut/source_body.json,provenance/frozen/implproof/052_core_slice_get_disjoint_unchecked_mut/transformation_manifest.json,provenance/frozen/implproof/052_core_slice_get_disjoint_unchecked_mut/dependency_assumption_manifest.json,provenance/frozen/rust-1.96/library/core/src/slice/mod.rs,55,1,actual_verus_verified_modulo_source_backed_raw_pointer_maybe_uninit_trait_clone_unchecked_index_boundary,"[""rust_1_96_slice_receiver_to_raw"",""rust_1_96_maybe_uninit_array_uninit"",""rust_1_96_maybe_uninit_array_as_mut_ptr"",""rust_1_96_fill_disjoint_mut_array_and_assume_init""]",4,TS-052-D001;TS-052-D002;TS-052-D003;TS-052-D004,0,,1,TS-052-E001,TS-052-D001;TS-052-D002;TS-052-D003;TS-052-D004;TS-052-E001,5,2,1,2,TS-052-D004;TS-052-E001,0,disjoint_index_provenance_v1,"[""input allocation, provenance, and mutable borrow permissions"",""SliceIndex input-to-range resolution observations"",""source-backed pairwise disjointness and raw-slice construction transitions""]","Boundary_T fixes input provenance/permissions and hidden SliceIndex range resolution used by the proof. It does not contain the returned reference array, aggregate post-state, or an answer-equivalent alias map. TS-052-D001 shared_model_helper `slice_disjoint_indices_valid`: The generated unchecked-disjoint-index vocabulary is attached to the executable public target as the documented unsafe precondition. It is instantiated as target-local uninterpreted contract vocabulary and is not used to assume the target postcondition. [status=audited_generated_contract_vocabulary_instantiated_in_harness; source=manifest-local; semantic-disposition=context-only-specification-vocabulary] TS-052-D002 source_pure_executable_helper `rust_1_96_slice_receiver_to_raw`: The Rust 1.96 `let slice: *mut [T] = self` scaffold is represented by a local `RustSliceRawPtr` token constructor. Its body now verifies directly and carries only the non-mutating slice-frame fact; no raw pointer/provenance postcondition is assumed here. [status=verified_executable_source_pure_raw_slice_token_helper_no_external_body; source=core/src/slice/mod.rs:5149-5155; semantic-disposition=admissible-source-backed-support] TS-052-D003 source_pure_executable_helper `rust_1_96_maybe_uninit_array_uninit;rust_1_96_maybe_uninit_array_as_mut_ptr`: The harness preserves the Rust 1.96 `MaybeUninit<[&mut I::Output; N]>::uninit()` and `arr.as_mut_ptr()` setup as local tokens. Both setup helpers now verify directly as token constructors; raw storage writes and final `assume_init` remain isolated in the retained unsafe fill boundary. [status=verified_executable_source_pure_maybeuninit_token_helpers_no_external_body; source=core/src/slice/mod.rs:5154-5155; semantic-disposition=admissible-source-backed-support] TS-052-D004 source_backed_trait_index_clone_and_unchecked_write_boundary `rust_1_96_fill_disjoint_mut_array_and_assume_init`: The public target enters the Rust 1.96 unsafe block through one target-local boundary covering the source loop `for i in 0..N`, `indices.get_unchecked(i).clone()`, `slice.get_unchecked_mut(idx)`, raw pointer `cast/add/write`, and final `arr.assume_init()`. Its precondition is exactly the generated disjoint/in-bounds unsafe-domain helper and its postcondition records only the generated final slice-length frame; it does not assume stronger element-frame or uniqueness facts. [status=minimal_trusted_boundary_for_source_backed_trait_clone_sliceindex_get_unchecked_mut_raw_write_and_assume_init_semantics; source=core/src/slice/mod.rs:5157-5164; semantic-disposition=inadmissible-answer-bearing-support] TS-052-E001 external_body `rust_1_96_fill_disjoint_mut_array_and_assume_init` at /home/chentianyu/nanvix-rust-std-spec-survey/nanvix-rust-std-slice-vec-implproof-2026-08-12/proof_harnesses/052_core_slice_get_disjoint_unchecked_mut/harness.rs:60 is an explicit trusted function body; backing dependency records=TS-052-D004; semantic-disposition=inadmissible-complete-target-postcondition.",The target definition must derive returned disjoint borrows from the resolved input ranges and Rust ownership/provenance transitions.,inadmissible,"Boundary_T must exclude or replace TS-052-D004, TS-052-E001 with recursively modeled lower transitions before a conditional-completeness obligation is admissible.",no,"Retained trust site(s) TS-052-D004, TS-052-E001 supply a complete target/branch postcondition or an answer-equivalent result, so the current proof boundary is not narrower than the target.",exact-principal-return-and-final-state,"Principal return values, returned reference identities, and final-state observations are compared by exact equality.",,,,conditional-incomplete,conditional-incomplete
core::slice::get_mut,53,slice,all-20260815T0127Z-ascii-whitespace-vtab-repair,unknown,mutable-reference-view-boundary,"contract fixes the Seq view and old/final frame, but mutable reference identity and alias/lifetime state are not uniquely determined by that view",basic-observation-and-conversion,generated-new-real-relation-spec,B,"#[verifier::allow(undeclared_external_trait)] pub assume_specification<T, I>[ <[T]>::get_mut::<I> ]( slice: &mut [T], index: I, ) -> (ret: Option<&mut <I as core::slice::SliceIndex<[T]>>::Output>) where I: core::slice::SliceIndex<[T]> ensures ret.is_some() ==> slice_index_in_range(old(slice)@, index) && slice_index_mut_frame(old(slice)@, index, final(slice)@), ret.is_none() ==> !slice_index_in_range(old(slice)@, index) && final(slice)@ == old(slice)@, ;",87a9796fc553d16e3e75cfe5ea9196e6482c5088d278a2f10112c31107e74f9c,"#[verifier::allow(undeclared_external_trait)] pub assume_specification<T, I>[ <[T]>::get_mut::<I> ]( slice: &mut [T], index: I, ) -> (ret: Option<&mut <I as core::slice::SliceIndex<[T]>>::Output>) where I: core::slice::SliceIndex<[T]> ensures ret.is_some() ==> slice_index_in_range(old(slice)@, index) && slice_index_mut_frame(old(slice)@, index, final(slice)@), ret.is_none() ==> !slice_index_in_range(old(slice)@, index) && final(slice)@ == old(slice)@, ;",87a9796fc553d16e3e75cfe5ea9196e6482c5088d278a2f10112c31107e74f9c,no,active-catalog-and-generated-declaration,/home/chentianyu/nanvix-rust-std-spec-survey/nanvix-rust-std-slice-specgen-2026-08-11/specs/generated_slice_specs.rs,1128,1139,"#[verifier::allow(undeclared_external_trait)]
pub assume_specification<T, I>[ <[T]>::get_mut::<I> ](
    slice: &mut [T],
    index: I,
) -> (ret: Option<&mut <I as core::slice::SliceIndex<[T]>>::Output>)
    where I: core::slice::SliceIndex<[T]>
    ensures
        ret.is_some() ==> slice_index_in_range(old(slice)@, index)
            && slice_index_mut_frame(old(slice)@, index, final(slice)@),
        ret.is_none() ==> !slice_index_in_range(old(slice)@, index)
            && final(slice)@ == old(slice)@,
;
",41421f57df7cb4f61d6bea7c800e58841f1a9d34d82f8f774eeb43af86a969be,/home/chentianyu/nanvix-rust-std-spec-survey/nanvix-rust-std-slice-specgen-2026-08-11/specs/slice_shared_vocabulary.rs,f47deb4c5da97621b87c7bbfb1909c5eda7303e8be0422fbe43fd6588fdf1c33,core/src/slice/mod.rs:600,/home/chentianyu/nanvix-rust-std-spec-survey/rust-1.96/library/core/src/slice/mod.rs,58901fa6437dbd4d77c68427bbced0fc3a91a10fdb8bd2e233adf6a9ba27d2d5,599,604,003625b19b151e26497787859485cf0ed9d8f38382d73e69831cd5de64758914,"    pub const fn get_mut<I>(&mut self, index: I) -> Option<&mut I::Output>
    where
        I: [const] SliceIndex<Self>,
    {
        index.get_mut(self)
    }
",core/src/slice/mod.rs:579-593,579,593,07087be0a99c93f7e1ccc10d2164815561dfb76efd8e71ef2d6789a536148ada,"Returns a mutable reference to an element or subslice depending on the
type of index (see [`get`]) or `None` if the index is out of bounds.

[`get`]: slice::get

# Examples

```
let x = &mut [0, 1, 2];

if let Some(elem) = x.get_mut(1) {
*elem = 42;
}
assert_eq!(x, &[0, 42, 2]);
```
",/home/chentianyu/nanvix-rust-std-spec-survey/nanvix-rust-std-slice-vec-implproof-2026-08-12/proof_harnesses/053_core_slice_get_mut/harness.rs,5e3d402338b6ddae1c5a63ca63cb2f5744117e69bc24a44cc6af3e7a6d6bbefb,/home/chentianyu/nanvix-rust-std-spec-survey/nanvix-rust-std-slice-vec-implproof-2026-08-12/proof_manifests/053_core_slice_get_mut/source_body.json,4c12125da5516ab4a7ced015488202eb45f6462ec7000c0c7a38377d528c181c,/home/chentianyu/nanvix-rust-std-spec-survey/nanvix-rust-std-slice-vec-implproof-2026-08-12/proof_manifests/053_core_slice_get_mut/transformation_manifest.json,a40ce01d896db83d76c9d039a1c3582b484cdbbd9fbaa410ff199e726e8139b6,/home/chentianyu/nanvix-rust-std-spec-survey/nanvix-rust-std-slice-vec-implproof-2026-08-12/proof_manifests/053_core_slice_get_mut/dependency_assumption_manifest.json,6365e1d82f67c32639c1b2fb4e78686459dfc19295620475ff02b9d7b37a7a5a,provenance/frozen/implproof/053_core_slice_get_mut/harness.rs,provenance/frozen/implproof/053_core_slice_get_mut/source_body.json,provenance/frozen/implproof/053_core_slice_get_mut/transformation_manifest.json,provenance/frozen/implproof/053_core_slice_get_mut/dependency_assumption_manifest.json,provenance/frozen/rust-1.96/library/core/src/slice/mod.rs,16,0,actual_verus_verified_modulo_source_backed_sliceindex_get_mut_boundary,"[""get_mut""]",2,TS-053-D001;TS-053-D002,0,,0,,TS-053-D001;TS-053-D002,2,0,1,1,TS-053-D001,0,mutable_borrow_transition_v1,"[""input root allocation, provenance, and borrow identity"",""source-backed subrange and alias-permission transitions"",""individual caller mutation events and their local state transitions""]","Boundary_T fixes the input mutable-borrow identity and any genuine caller mutation transitions already represented by the proof. It does not freeze returned references, aggregate post-state, or a complete target trace. TS-053-D001 source_backed_trait_method_boundary `core::slice::SliceIndex<[T]>::get_mut`: The Rust 1.96 target body is exactly the delegation `index.get_mut(self)`. The harness verifies that delegation against a narrow trait-method contract exposing only the generated in-range and mutable-frame facts; it does not externalize or assume the target body. [status=minimal_trusted_boundary_until_sliceindex_impls_are_recursively_proved; source=core/src/slice/index.rs:163-176; semantic-disposition=inadmissible-answer-equivalent-dependency] TS-053-D002 shared_contract_vocabulary `slice_index_in_range; slice_index_mut_frame`: The generated contract relates the old slice view, index value, and final mutable-slice frame using audited shared SliceIndex vocabulary. The harness attaches that vocabulary to the target and trait-method boundary without using assume_specification. [status=existing_generated_contract_vocabulary_boundary; source=manifest-local; semantic-disposition=context-only-specification-vocabulary]",The target definition must construct returned borrow identities and frames from source-backed range and ownership transitions.,inadmissible,Boundary_T must exclude or replace TS-053-D001 with recursively modeled lower transitions before a conditional-completeness obligation is admissible.,no,"Retained trust site(s) TS-053-D001 supply a complete target/branch postcondition or an answer-equivalent result, so the current proof boundary is not narrower than the target.",exact-principal-return-and-final-state,"Principal return values, returned reference identities, and final-state observations are compared by exact equality.",,,,conditional-incomplete,conditional-incomplete
core::slice::get_unchecked,54,slice,all-20260815T0127Z-ascii-whitespace-vtab-repair,unknown,raw-pointer-provenance-boundary,"pointer address, provenance, alignment, or layout state is source-observable but not uniquely recoverable from the pure slice Seq view",raw-pointer-and-provenance,generated-new-real-relation-spec,B,"#[verifier::allow(undeclared_external_trait)] pub assume_specification<T, I>[ <[T]>::get_unchecked::<I> ]( slice: &[T], index: I, ) -> (ret: &<I as core::slice::SliceIndex<[T]>>::Output) where I: core::slice::SliceIndex<[T]> requires slice_index_in_range(slice@, index), ensures slice_index_result(slice@, index, ret), ;",71eedef5ee0aa574329fe132e65757563db0764095f5cc5dbdf2911acc0b4aad,"#[verifier::allow(undeclared_external_trait)] pub assume_specification<T, I>[ <[T]>::get_unchecked::<I> ]( slice: &[T], index: I, ) -> (ret: &<I as core::slice::SliceIndex<[T]>>::Output) where I: core::slice::SliceIndex<[T]> requires slice_index_in_range(slice@, index), ensures slice_index_result(slice@, index, ret), ;",71eedef5ee0aa574329fe132e65757563db0764095f5cc5dbdf2911acc0b4aad,no,active-catalog-and-generated-declaration,/home/chentianyu/nanvix-rust-std-spec-survey/nanvix-rust-std-slice-specgen-2026-08-11/specs/generated_slice_specs.rs,1141,1151,"#[verifier::allow(undeclared_external_trait)]
pub assume_specification<T, I>[ <[T]>::get_unchecked::<I> ](
    slice: &[T],
    index: I,
) -> (ret: &<I as core::slice::SliceIndex<[T]>>::Output)
    where I: core::slice::SliceIndex<[T]>
    requires
        slice_index_in_range(slice@, index),
    ensures
        slice_index_result(slice@, index, ret),
;
",f93d72dd895691f566537c1681aca5f533f719cb2526cf6964fc666f66b2eac6,/home/chentianyu/nanvix-rust-std-spec-survey/nanvix-rust-std-slice-specgen-2026-08-11/specs/slice_shared_vocabulary.rs,f47deb4c5da97621b87c7bbfb1909c5eda7303e8be0422fbe43fd6588fdf1c33,core/src/slice/mod.rs:640,/home/chentianyu/nanvix-rust-std-spec-survey/rust-1.96/library/core/src/slice/mod.rs,58901fa6437dbd4d77c68427bbced0fc3a91a10fdb8bd2e233adf6a9ba27d2d5,639,647,52a8f107029603a78f11de9d849732deb57d722ee78dbe2ce36072a67108c3d5,"    pub const unsafe fn get_unchecked<I>(&self, index: I) -> &I::Output
    where
        I: [const] SliceIndex<Self>,
    {
        // SAFETY: the caller must uphold most of the safety requirements for `get_unchecked`;
        // the slice is dereferenceable because `self` is a safe reference.
        // The returned pointer is safe because impls of `SliceIndex` have to guarantee that it is.
        unsafe { &*index.get_unchecked(self) }
    }
",core/src/slice/mod.rs:606-632,606,632,2fd06111933a67d4ee6ec2f170b5709bf7c3d2bf289cf386bc032784b845ec8e,"Returns a reference to an element or subslice, without doing bounds
checking.

For a safe alternative see [`get`].

# Safety

Calling this method with an out-of-bounds index is *[undefined behavior]*
even if the resulting reference is not used.

You can think of this like `.get(index).unwrap_unchecked()`.  It's UB
to call `.get_unchecked(len)`, even if you immediately convert to a
pointer.  And it's UB to call `.get_unchecked(..len + 1)`,
`.get_unchecked(..=len)`, or similar.

[`get`]: slice::get
[undefined behavior]: https://doc.rust-lang.org/reference/behavior-considered-undefined.html

# Examples

```
let x = &[1, 2, 4];

unsafe {
assert_eq!(x.get_unchecked(1), &2);
}
```
",/home/chentianyu/nanvix-rust-std-spec-survey/nanvix-rust-std-slice-vec-implproof-2026-08-12/proof_harnesses/054_core_slice_get_unchecked/harness.rs,65e807c56cb36fd7aebd3df7af75b29b209126c18525a168d6d95acc5d2325e3,/home/chentianyu/nanvix-rust-std-spec-survey/nanvix-rust-std-slice-vec-implproof-2026-08-12/proof_manifests/054_core_slice_get_unchecked/source_body.json,7cda15479addcda2aa198f0b6ddcdc7fcefde5d2024c8deb9138be564d7730fe,/home/chentianyu/nanvix-rust-std-spec-survey/nanvix-rust-std-slice-vec-implproof-2026-08-12/proof_manifests/054_core_slice_get_unchecked/transformation_manifest.json,0ca04f5dd3f017593b2f79bc7fe53ca23a57254716983b321a7179b79b6ff399,/home/chentianyu/nanvix-rust-std-spec-survey/nanvix-rust-std-slice-vec-implproof-2026-08-12/proof_manifests/054_core_slice_get_unchecked/dependency_assumption_manifest.json,24484e8fa9dbb959d039fa648abc0e4c9a59cfcf66a1cc3f91de0f54d1284bbd,provenance/frozen/implproof/054_core_slice_get_unchecked/harness.rs,provenance/frozen/implproof/054_core_slice_get_unchecked/source_body.json,provenance/frozen/implproof/054_core_slice_get_unchecked/transformation_manifest.json,provenance/frozen/implproof/054_core_slice_get_unchecked/dependency_assumption_manifest.json,provenance/frozen/rust-1.96/library/core/src/slice/mod.rs,56,1,actual_verus_verified_modulo_source_backed_sliceindex_get_unchecked_boundary,"[""rust_1_96_sliceindex_get_unchecked_ref""]",2,TS-054-D001;TS-054-D002,0,,1,TS-054-E001,TS-054-D001;TS-054-D002;TS-054-E001,3,0,1,2,TS-054-D002;TS-054-E001,0,raw_input_memory_provenance_v1,"[""input allocation identity, base address, provenance, and alive range"",""input length and pointer metadata"",""source and destination element layouts, alignment, and ZST flags"",""individual source-backed pointer arithmetic or alignment-helper observations""]","Boundary_T fixes the hidden raw representation of the input and only source-used pointer/layout helper observations. It does not contain the returned pointer, returned ranges, aggregate post-state, or an encoding of the selected output. TS-054-D001 shared_model_helper `slice_index_in_range;slice_index_result`: Generated unchecked-index vocabulary is attached to the executable public target as the documented unsafe precondition and result relation. It is instantiated as target-local uninterpreted contract vocabulary and is not used through an assume_specification. [status=audited_generated_contract_vocabulary_instantiated_in_harness; source=manifest-local; semantic-disposition=context-only-specification-vocabulary] TS-054-D002 source_backed_sliceindex_get_unchecked_boundary `rust_1_96_sliceindex_get_unchecked_ref`: The public target preserves the Rust 1.96 unsafe data flow `unsafe { &*index.get_unchecked(self) }` through one target-local boundary for `SliceIndex::get_unchecked` returning a raw output pointer and the immediate dereference. The frozen trait safety contract states implementations must ensure a safe reference result when called with a safe reference domain. [status=minimal_trusted_boundary_for_source_backed_sliceindex_raw_pointer_result_and_deref; source=core/src/slice/index.rs:145-186 and core/src/slice/mod.rs:642-647; semantic-disposition=inadmissible-answer-bearing-support] TS-054-E001 external_body `rust_1_96_sliceindex_get_unchecked_ref` at /home/chentianyu/nanvix-rust-std-spec-survey/nanvix-rust-std-slice-vec-implproof-2026-08-12/proof_harnesses/054_core_slice_get_unchecked/harness.rs:27 is an explicit trusted function body; backing dependency records=TS-054-D002; semantic-disposition=inadmissible-complete-target-postcondition.",The target definition must compute pointer/range observations from the fixed input memory model and reviewed Rust transition semantics.,inadmissible,"Boundary_T must exclude or replace TS-054-D002, TS-054-E001 with recursively modeled lower transitions before a conditional-completeness obligation is admissible.",no,"Retained trust site(s) TS-054-D002, TS-054-E001 supply a complete target/branch postcondition or an answer-equivalent result, so the current proof boundary is not narrower than the target.",exact-principal-return-and-final-state,"Principal return values, returned reference identities, and final-state observations are compared by exact equality.",,,,conditional-complete,conditional-complete
core::slice::get_unchecked_mut,55,slice,all-20260815T0127Z-ascii-whitespace-vtab-repair,unknown,raw-pointer-provenance-boundary,"pointer address, provenance, alignment, or layout state is source-observable but not uniquely recoverable from the pure slice Seq view",raw-pointer-and-provenance,generated-new-real-relation-spec,B,"#[verifier::allow(undeclared_external_trait)] pub assume_specification<T, I>[ <[T]>::get_unchecked_mut::<I> ]( slice: &mut [T], index: I, ) -> (ret: &mut <I as core::slice::SliceIndex<[T]>>::Output) where I: core::slice::SliceIndex<[T]> requires slice_index_in_range(old(slice)@, index), ensures slice_index_mut_frame(old(slice)@, index, final(slice)@), ;",ec6f48bf7b072e49afdad4bacb69dc2288ec2047621c339df4614e01b612903f,"#[verifier::allow(undeclared_external_trait)] pub assume_specification<T, I>[ <[T]>::get_unchecked_mut::<I> ]( slice: &mut [T], index: I, ) -> (ret: &mut <I as core::slice::SliceIndex<[T]>>::Output) where I: core::slice::SliceIndex<[T]> requires slice_index_in_range(old(slice)@, index), ensures slice_index_mut_frame(old(slice)@, index, final(slice)@), ;",ec6f48bf7b072e49afdad4bacb69dc2288ec2047621c339df4614e01b612903f,no,active-catalog-and-generated-declaration,/home/chentianyu/nanvix-rust-std-spec-survey/nanvix-rust-std-slice-specgen-2026-08-11/specs/generated_slice_specs.rs,1153,1163,"#[verifier::allow(undeclared_external_trait)]
pub assume_specification<T, I>[ <[T]>::get_unchecked_mut::<I> ](
    slice: &mut [T],
    index: I,
) -> (ret: &mut <I as core::slice::SliceIndex<[T]>>::Output)
    where I: core::slice::SliceIndex<[T]>
    requires
        slice_index_in_range(old(slice)@, index),
    ensures
        slice_index_mut_frame(old(slice)@, index, final(slice)@),
;
",fb3e735024d81a34f839d7c3296ddbb6a062c9a7e64e36fa5e3298192d4e56c8,/home/chentianyu/nanvix-rust-std-spec-survey/nanvix-rust-std-slice-specgen-2026-08-11/specs/slice_shared_vocabulary.rs,f47deb4c5da97621b87c7bbfb1909c5eda7303e8be0422fbe43fd6588fdf1c33,core/src/slice/mod.rs:686,/home/chentianyu/nanvix-rust-std-spec-survey/rust-1.96/library/core/src/slice/mod.rs,58901fa6437dbd4d77c68427bbced0fc3a91a10fdb8bd2e233adf6a9ba27d2d5,684,692,feb16246768c2ac347ede8b95039570e3fddfb54257e2f8abadf710ff1c139e1,"    pub const unsafe fn get_unchecked_mut<I>(&mut self, index: I) -> &mut I::Output
    where
        I: [const] SliceIndex<Self>,
    {
        // SAFETY: the caller must uphold the safety requirements for `get_unchecked_mut`;
        // the slice is dereferenceable because `self` is a safe reference.
        // The returned pointer is safe because impls of `SliceIndex` have to guarantee that it is.
        unsafe { &mut *index.get_unchecked_mut(self) }
    }
",core/src/slice/mod.rs:649-677,649,677,86e45ec7b12d9faa3a366f0b81ea89b73d99bb1c4c642f98fca6ac8c2d69269e,"Returns a mutable reference to an element or subslice, without doing
bounds checking.

For a safe alternative see [`get_mut`].

# Safety

Calling this method with an out-of-bounds index is *[undefined behavior]*
even if the resulting reference is not used.

You can think of this like `.get_mut(index).unwrap_unchecked()`.  It's
UB to call `.get_unchecked_mut(len)`, even if you immediately convert
to a pointer.  And it's UB to call `.get_unchecked_mut(..len + 1)`,
`.get_unchecked_mut(..=len)`, or similar.

[`get_mut`]: slice::get_mut
[undefined behavior]: https://doc.rust-lang.org/reference/behavior-considered-undefined.html

# Examples

```
let x = &mut [1, 2, 4];

unsafe {
let elem = x.get_unchecked_mut(1);
*elem = 13;
}
assert_eq!(x, &[1, 13, 4]);
```
",/home/chentianyu/nanvix-rust-std-spec-survey/nanvix-rust-std-slice-vec-implproof-2026-08-12/proof_harnesses/055_core_slice_get_unchecked_mut/harness.rs,13fa4051014f02a4d4379442846250e3cc16c58394c6ec95ce4639c33e17019f,/home/chentianyu/nanvix-rust-std-spec-survey/nanvix-rust-std-slice-vec-implproof-2026-08-12/proof_manifests/055_core_slice_get_unchecked_mut/source_body.json,bcfcdce3f7ed26ccfaa2fa8d56dde4f8ffe3d2b2bf1d61ec24dc73cee817bd19,/home/chentianyu/nanvix-rust-std-spec-survey/nanvix-rust-std-slice-vec-implproof-2026-08-12/proof_manifests/055_core_slice_get_unchecked_mut/transformation_manifest.json,5017364c925cdc34680fb98bc0f65f88995af6204e858bce0de8ab1f38305457,/home/chentianyu/nanvix-rust-std-spec-survey/nanvix-rust-std-slice-vec-implproof-2026-08-12/proof_manifests/055_core_slice_get_unchecked_mut/dependency_assumption_manifest.json,b371862150ea2c1ed52e05ae1bf8a8cb809d31117f709adc6fef9db10881d871,provenance/frozen/implproof/055_core_slice_get_unchecked_mut/harness.rs,provenance/frozen/implproof/055_core_slice_get_unchecked_mut/source_body.json,provenance/frozen/implproof/055_core_slice_get_unchecked_mut/transformation_manifest.json,provenance/frozen/implproof/055_core_slice_get_unchecked_mut/dependency_assumption_manifest.json,provenance/frozen/rust-1.96/library/core/src/slice/mod.rs,57,1,actual_verus_verified_modulo_source_backed_sliceindex_get_unchecked_mut_boundary,"[""rust_1_96_sliceindex_get_unchecked_mut_ref""]",2,TS-055-D001;TS-055-D002,0,,1,TS-055-E001,TS-055-D001;TS-055-D002;TS-055-E001,3,0,1,2,TS-055-D002;TS-055-E001,0,raw_input_memory_provenance_v1,"[""input allocation identity, base address, provenance, and alive range"",""input length and pointer metadata"",""source and destination element layouts, alignment, and ZST flags"",""individual source-backed pointer arithmetic or alignment-helper observations""]","Boundary_T fixes the hidden raw representation of the input and only source-used pointer/layout helper observations. It does not contain the returned pointer, returned ranges, aggregate post-state, or an encoding of the selected output. TS-055-D001 shared_model_helper `slice_index_in_range;slice_index_mut_frame`: Generated unchecked mutable-index vocabulary is attached to the executable public target as the documented unsafe precondition and final mutable-slice frame. It is instantiated as target-local uninterpreted contract vocabulary and is not used through an assume_specification. [status=audited_generated_contract_vocabulary_instantiated_in_harness; source=manifest-local; semantic-disposition=context-only-specification-vocabulary] TS-055-D002 source_backed_sliceindex_get_unchecked_mut_boundary `rust_1_96_sliceindex_get_unchecked_mut_ref`: The public target preserves the Rust 1.96 unsafe data flow `unsafe { &mut *index.get_unchecked_mut(self) }` through one target-local boundary for `SliceIndex::get_unchecked_mut` returning a raw mutable output pointer and the immediate dereference. The frozen trait safety contract states implementations must ensure a safe mutable reference result when called with a safe mutable slice domain. [status=minimal_trusted_boundary_for_source_backed_mutable_sliceindex_raw_pointer_result_and_deref; source=core/src/slice/index.rs:145-186 and core/src/slice/mod.rs:687-692; semantic-disposition=inadmissible-answer-bearing-support] TS-055-E001 external_body `rust_1_96_sliceindex_get_unchecked_mut_ref` at /home/chentianyu/nanvix-rust-std-spec-survey/nanvix-rust-std-slice-vec-implproof-2026-08-12/proof_harnesses/055_core_slice_get_unchecked_mut/harness.rs:25 is an explicit trusted function body; backing dependency records=TS-055-D002; semantic-disposition=inadmissible-complete-target-postcondition.",The target definition must compute pointer/range observations from the fixed input memory model and reviewed Rust transition semantics.,inadmissible,"Boundary_T must exclude or replace TS-055-D002, TS-055-E001 with recursively modeled lower transitions before a conditional-completeness obligation is admissible.",no,"Retained trust site(s) TS-055-D002, TS-055-E001 supply a complete target/branch postcondition or an answer-equivalent result, so the current proof boundary is not narrower than the target.",exact-principal-return-and-final-state,"Principal return values, returned reference identities, and final-state observations are compared by exact equality.",,,,conditional-incomplete,conditional-incomplete
core::slice::last_chunk_mut,62,slice,all-20260815T0127Z-ascii-whitespace-vtab-repair,unknown,mutable-reference-view-boundary,"contract fixes the Seq view and old/final frame, but mutable reference identity and alias/lifetime state are not uniquely determined by that view",iterator-splitting-and-chunking,generated-new-real-relation-spec,B,"pub assume_specification<T, const N: usize>[ <[T]>::last_chunk_mut::<N> ]( slice: &mut [T], ) -> (ret: Option<&mut [T; N]>) ensures (N as int) <= old(slice)@.len() ==> ret.is_some() && array_mut_ref_view(ret.unwrap()) == slice_fixed_suffix::<T, N>(old(slice)@) && final(slice)@ == old(slice)@.subrange(0, (old(slice)@.len() - N) as int) + array_value_view(*final(ret.unwrap())), (N as int) > old(slice)@.len() ==> ret.is_none() && final(slice)@ == old(slice)@, ;",32a4497f959b05a42448f7ea2a070f4e3635c1b46d5c08628772d7601f9f9e57,"pub assume_specification<T, const N: usize>[ <[T]>::last_chunk_mut::<N> ]( slice: &mut [T], ) -> (ret: Option<&mut [T; N]>) ensures (N as int) <= old(slice)@.len() ==> ret.is_some() && array_mut_ref_view(ret.unwrap()) == slice_fixed_suffix::<T, N>(old(slice)@) && final(slice)@ == old(slice)@.subrange(0, (old(slice)@.len() - N) as int) + array_value_view(*final(ret.unwrap())), (N as int) > old(slice)@.len() ==> ret.is_none() && final(slice)@ == old(slice)@, ;",32a4497f959b05a42448f7ea2a070f4e3635c1b46d5c08628772d7601f9f9e57,no,active-catalog-and-generated-declaration,/home/chentianyu/nanvix-rust-std-spec-survey/nanvix-rust-std-slice-specgen-2026-08-11/specs/generated_slice_specs.rs,211,221,"pub assume_specification<T, const N: usize>[ <[T]>::last_chunk_mut::<N> ](
    slice: &mut [T],
) -> (ret: Option<&mut [T; N]>)
    ensures
        (N as int) <= old(slice)@.len() ==> ret.is_some()
            && array_mut_ref_view(ret.unwrap()) == slice_fixed_suffix::<T, N>(old(slice)@)
            && final(slice)@
                == old(slice)@.subrange(0, (old(slice)@.len() - N) as int)
                    + array_value_view(*final(ret.unwrap())),
        (N as int) > old(slice)@.len() ==> ret.is_none() && final(slice)@ == old(slice)@,
;
",315b1f1958cc910948a0e8821f6577ffa2348baef4301ff595797b14b1012238,/home/chentianyu/nanvix-rust-std-spec-survey/nanvix-rust-std-slice-specgen-2026-08-11/specs/slice_shared_vocabulary.rs,f47deb4c5da97621b87c7bbfb1909c5eda7303e8be0422fbe43fd6588fdf1c33,core/src/slice/mod.rs:539,/home/chentianyu/nanvix-rust-std-spec-survey/rust-1.96/library/core/src/slice/mod.rs,58901fa6437dbd4d77c68427bbced0fc3a91a10fdb8bd2e233adf6a9ba27d2d5,539,548,cc48aeefd7888744bec1500626ba5bc1a4dc8e47df42e3d7e458d293f366ebd4,"    pub const fn last_chunk_mut<const N: usize>(&mut self) -> Option<&mut [T; N]> {
        // FIXME(const-hack): Without const traits, we need this instead of `get`.
        let Some(index) = self.len().checked_sub(N) else { return None };
        let (_, last) = self.split_at_mut(index);

        // SAFETY: We explicitly check for the correct number of elements,
        //   do not let the reference outlive the slice,
        //   and require exclusive access to the entire slice to mutate the chunk.
        Some(unsafe { &mut *(last.as_mut_ptr().cast_array()) })
    }
",core/src/slice/mod.rs:519-535,519,535,f0e94e23e0f518c798a56e275f710457834766d11fd5eb247721a4fe9d8e697e,"Returns a mutable array reference to the last `N` items in the slice.

If the slice is not at least `N` in length, this will return `None`.

# Examples

```
let x = &mut [0, 1, 2];

if let Some(last) = x.last_chunk_mut::<2>() {
last[0] = 10;
last[1] = 20;
}
assert_eq!(x, &[0, 10, 20]);

assert_eq!(None, x.last_chunk_mut::<4>());
```
",/home/chentianyu/nanvix-rust-std-spec-survey/nanvix-rust-std-slice-vec-implproof-2026-08-12/proof_harnesses/062_core_slice_last_chunk_mut/harness.rs,655375293532cd49660ea4330d29f016f144e7d661df6d548080753cdb1a700b,/home/chentianyu/nanvix-rust-std-spec-survey/nanvix-rust-std-slice-vec-implproof-2026-08-12/proof_manifests/062_core_slice_last_chunk_mut/source_body.json,7f0adc8a3070044bb4fcf556adb06a53715d7179b1dbaf4a7a2a568e00e6d54d,/home/chentianyu/nanvix-rust-std-spec-survey/nanvix-rust-std-slice-vec-implproof-2026-08-12/proof_manifests/062_core_slice_last_chunk_mut/transformation_manifest.json,28fc4bf7c140e6053fd1bd17e2efd2f3f2d6215077b41295ee6e917d0d597ccc,/home/chentianyu/nanvix-rust-std-spec-survey/nanvix-rust-std-slice-vec-implproof-2026-08-12/proof_manifests/062_core_slice_last_chunk_mut/dependency_assumption_manifest.json,87dd95df9a4d15aeec04f4ade3c12bf1470a8023d3d39899067392430e155c5f,provenance/frozen/implproof/062_core_slice_last_chunk_mut/harness.rs,provenance/frozen/implproof/062_core_slice_last_chunk_mut/source_body.json,provenance/frozen/implproof/062_core_slice_last_chunk_mut/transformation_manifest.json,provenance/frozen/implproof/062_core_slice_last_chunk_mut/dependency_assumption_manifest.json,provenance/frozen/rust-1.96/library/core/src/slice/mod.rs,60,1,actual_verus_verified_modulo_source_backed_raw_pointer_cast_boundary_and_vstd_split_at_mut_suffix_boundary:proof_harnesses/062_core_slice_last_chunk_mut/evidence/verus_stdout.txt,"[""checked_sub"",""split_at_mut"",""rust_1_96_last_chunk_mut_array_ref""]",3,TS-062-D001;TS-062-D002;TS-062-D003,3,TS-062-C001;TS-062-C002;TS-062-C003,1,TS-062-E001,TS-062-D001;TS-062-D002;TS-062-D003;TS-062-C001;TS-062-C002;TS-062-C003;TS-062-E001,7,3,4,0,,0,mutable_borrow_transition_v1,"[""input root allocation, provenance, and borrow identity"",""source-backed subrange and alias-permission transitions"",""individual caller mutation events and their local state transitions""]","Boundary_T fixes the input mutable-borrow identity and any genuine caller mutation transitions already represented by the proof. It does not freeze returned references, aggregate post-state, or a complete target trace. TS-062-D001 shared_model_helper `array_mut_ref_view;array_value_view;slice_fixed_suffix`: The generated mutable fixed-suffix vocabulary is inlined as open spec definitions so Verus can check last_chunk_mut without assuming the target postcondition. [status=audited_generated_contract_vocabulary_instantiated_in_harness; source=frozen_inputs/slice/specs/slice_shared_vocabulary.rs:913-935; semantic-disposition=context-only-specification-vocabulary] TS-062-D002 existing_vstd_source_contract_boundary `<[T]>::split_at_mut`: The Rust 1.96 target body calls safe split_at_mut(index) after checked_sub proves index = len - N. The harness uses the reviewed vstd mutable split view and final-frame facts at that in-bounds index while the exact-vstd implementation proof for split_at_mut remains a later obligation. [status=minimal_trusted_boundary_for_safe_mutable_slice_split_view_and_final_frame_facts; source=core/src/slice/mod.rs:542; core/src/slice/mod.rs:1947; semantic-disposition=admissible-source-backed-support] TS-062-D003 source_backed_raw_pointer_cast_boundary `rust_1_96_last_chunk_mut_array_ref`: The public target is executable and keeps the Rust 1.96 checked_sub early None and split_at_mut(index) structure. Only the final unsafe suffix conversion `unsafe { &mut *(last.as_mut_ptr().cast_array()) }` is isolated in a target-local boundary whose precondition is the proved suffix length N and whose postcondition relates the returned mutable array reference to that suffix view and final frame. [status=minimal_trusted_boundary_for_source_backed_mut_slice_suffix_array_ref_cast; source=core/src/slice/mod.rs:545; semantic-disposition=admissible-source-backed-support] TS-062-C001 source-indexed callee `len`: core/src/slice/iter/macros.rs:142-144 [status=source-indexed; semantic-disposition=context-only-source-closure]. TS-062-C002 source-indexed callee `len`: core/src/slice/sort/stable/drift.rs:295-297 [status=source-indexed; semantic-disposition=context-only-source-closure]. TS-062-C003 source-indexed callee `len`: alloc/src/vec/in_place_drop.rs:15-17 [status=source-indexed; semantic-disposition=context-only-source-closure]. TS-062-E001 external_body `rust_1_96_last_chunk_mut_array_ref` at /home/chentianyu/nanvix-rust-std-spec-survey/nanvix-rust-std-slice-vec-implproof-2026-08-12/proof_harnesses/062_core_slice_last_chunk_mut/harness.rs:26 is an explicit trusted function body; backing dependency records=TS-062-D003; semantic-disposition=admissible-source-backed-lower-boundary.",The target definition must construct returned borrow identities and frames from source-backed range and ownership transitions.,admissible,All executable trust sites are source-linked and semantically partial; context-only vocabulary and call-closure records are not admitted as Boundary_T observations.,yes,Every executable dependency and external-body contract is present in the frozen exhaustive audit and limited to a lower source transition; none supplies a complete branch or answer-equivalent target result.,exact-principal-return-and-final-state,"Principal return values, returned reference identities, and final-state observations are compared by exact equality.",,,,conditional-complete,conditional-complete
core::slice::partition_point,65,slice,all-20260815T0127Z-ascii-whitespace-vtab-repair,unknown,duplicate-or-callback-search-boundary,"search result is source-backed but relational: duplicate matches, insertion points, or callback/predicate observations do not force a unique return",search-prefix-suffix-ordering,generated-new-real-relation-spec,B,"pub assume_specification<T, P: core::ops::FnMut(&T) -> bool>[ <[T]>::partition_point::<P> ](slice: &[T], pred: P) -> (index: usize) ensures slice_partition_point_result(slice@, pred, index);",f28650f03f1c7e571f308b88c4dea8453057ce7b4b33946af0745ae5517fd695,"pub assume_specification<T, P: core::ops::FnMut(&T) -> bool>[ <[T]>::partition_point::<P> ](slice: &[T], pred: P) -> (index: usize) ensures slice_partition_point_result(slice@, pred, index);",f28650f03f1c7e571f308b88c4dea8453057ce7b4b33946af0745ae5517fd695,no,active-catalog-and-generated-declaration,/home/chentianyu/nanvix-rust-std-spec-survey/nanvix-rust-std-slice-specgen-2026-08-11/specs/generated_slice_specs.rs,85,91,"pub assume_specification<T, P: core::ops::FnMut(&T) -> bool>[ <[T]>::partition_point::<P> ](
    slice: &[T],
    pred: P,
) -> (index: usize)
    ensures
        slice_partition_point_result(slice@, pred, index),
;
",a504fd9348685533a8c9f7a33139652b84de08b608835e9ad4f1ee2d7d61f616,/home/chentianyu/nanvix-rust-std-spec-survey/nanvix-rust-std-slice-specgen-2026-08-11/specs/slice_shared_vocabulary.rs,f47deb4c5da97621b87c7bbfb1909c5eda7303e8be0422fbe43fd6588fdf1c33,core/src/slice/mod.rs:4861,/home/chentianyu/nanvix-rust-std-spec-survey/rust-1.96/library/core/src/slice/mod.rs,58901fa6437dbd4d77c68427bbced0fc3a91a10fdb8bd2e233adf6a9ba27d2d5,4854,4859,989bce474e90ae13596dd90fece85ddea4a8f612de8833a19f06e60087c06066,"    pub fn partition_point<P>(&self, mut pred: P) -> usize
    where
        P: FnMut(&T) -> bool,
    {
        self.binary_search_by(|x| if pred(x) { Less } else { Greater }).unwrap_or_else(|i| i)
    }
",core/src/slice/mod.rs:4803-4851,4803,4851,8eb5d292b15bfcdd829b2df6802bef586217adf81997bff99a1e79bea66278a4,"Returns the index of the partition point according to the given predicate
(the index of the first element of the second partition).

The slice is assumed to be partitioned according to the given predicate.
This means that all elements for which the predicate returns true are at the start of the slice
and all elements for which the predicate returns false are at the end.
For example, `[7, 15, 3, 5, 4, 12, 6]` is partitioned under the predicate `x % 2 != 0`
(all odd numbers are at the start, all even at the end).

If this slice is not partitioned, the returned result is unspecified and meaningless,
as this method performs a kind of binary search.

See also [`binary_search`], [`binary_search_by`], and [`binary_search_by_key`].

[`binary_search`]: slice::binary_search
[`binary_search_by`]: slice::binary_search_by
[`binary_search_by_key`]: slice::binary_search_by_key

# Examples

```
let v = [1, 2, 3, 3, 5, 6, 7];
let i = v.partition_point(|&x| x < 5);

assert_eq!(i, 4);
assert!(v[..i].iter().all(|&x| x < 5));
assert!(v[i..].iter().all(|&x| !(x < 5)));
```

If all elements of the slice match the predicate, including if the slice
is empty, then the length of the slice will be returned:

```
let a = [2, 4, 8];
assert_eq!(a.partition_point(|x| x < &100), a.len());
let a: [i32; 0] = [];
assert_eq!(a.partition_point(|x| x < &100), 0);
```

If you want to insert an item to a sorted vector, while maintaining
sort order:

```
let mut s = vec![0, 1, 1, 1, 1, 2, 3, 5, 8, 13, 21, 34, 55];
let num = 42;
let idx = s.partition_point(|&x| x <= num);
s.insert(idx, num);
assert_eq!(s, [0, 1, 1, 1, 1, 2, 3, 5, 8, 13, 21, 34, 42, 55]);
```
",/home/chentianyu/nanvix-rust-std-spec-survey/nanvix-rust-std-slice-vec-implproof-2026-08-12/proof_harnesses/065_core_slice_partition_point/harness.rs,f0a733a379b90853a77844b084c70d2498827212d5864f132aac8812355a1696,/home/chentianyu/nanvix-rust-std-spec-survey/nanvix-rust-std-slice-vec-implproof-2026-08-12/proof_manifests/065_core_slice_partition_point/source_body.json,3f5bbc2d1a88bcd6c8af00aaf159bfda23d2667e800928e45607b0e7cf4b95cb,/home/chentianyu/nanvix-rust-std-spec-survey/nanvix-rust-std-slice-vec-implproof-2026-08-12/proof_manifests/065_core_slice_partition_point/transformation_manifest.json,23fc6ead992842d642f31fab95c3a133ebb3a5d93acdff9ff915515d1e7256d4,/home/chentianyu/nanvix-rust-std-spec-survey/nanvix-rust-std-slice-vec-implproof-2026-08-12/proof_manifests/065_core_slice_partition_point/dependency_assumption_manifest.json,f850926cd543c6049fee38af53e283397f9d4ac310d5ef20afe5f36ebe6ba7fb,provenance/frozen/implproof/065_core_slice_partition_point/harness.rs,provenance/frozen/implproof/065_core_slice_partition_point/source_body.json,provenance/frozen/implproof/065_core_slice_partition_point/transformation_manifest.json,provenance/frozen/implproof/065_core_slice_partition_point/dependency_assumption_manifest.json,provenance/frozen/rust-1.96/library/core/src/slice/mod.rs,113,2,actual_verus_verified_modulo_reviewed_binary_search_by_fnmut_predicate_observation_boundary,"[""binary_search_by"",""pred"",""unwrap_or_else""]",3,TS-065-D001;TS-065-D002;TS-065-D003,1,TS-065-C001,1,TS-065-E001,TS-065-D001;TS-065-D002;TS-065-D003;TS-065-C001;TS-065-E001,5,1,2,2,TS-065-D002;TS-065-E001,0,search_callback_transition_v1,"[""comparison or predicate arguments and results at source invocation sites"",""callback pre/post state transitions, call count, and panic observations"",""input sequence identity and sortedness assumptions in Requires_T""]","Boundary_T fixes only comparator/predicate observations and callback state transitions actually consumed by the search proof. It does not contain a chosen index, insertion point, returned Result, or an equivalent answer encoding. TS-065-D001 shared_contract_vocabulary `fnmut_predicate_observed;slice_partitioned_by_predicate;slice_partition_point_result`: The harness instantiates the generated partition-point predicate vocabulary and attaches it to the executable public target without an assume_specification declaration. [status=existing_generated_contract_vocabulary_boundary; source=frozen_inputs/slice/specs/slice_shared_vocabulary.rs:646-658; semantic-disposition=context-only-specification-vocabulary] TS-065-D002 reviewed_core_slice_binary_search_by_boundary `rust_1_96_partition_point_binary_search_by_predicate / binary_search_by`: Rust 1.96 implements partition_point by delegating to self.binary_search_by(|x| if pred(x) { Less } else { Greater }). The harness reuses the already reviewed core::slice::binary_search_by dependency boundary and specializes its comparator result to the source predicate observation vocabulary. [status=reviewed_generated_dependency_boundary_reused_locally; source=core/src/slice/mod.rs:4857; core/src/slice/mod.rs:2970-3022; semantic-disposition=inadmissible-answer-bearing-support] TS-065-D003 source_backed_fnmut_predicate_observation_boundary `fnmut_predicate_observed vocabulary via retained binary-search delegate`: The source closure invokes an arbitrary stateful FnMut predicate and maps true to Ordering::Less and false to Ordering::Greater. The harness records that effect with fnmut_predicate_observed and the retained binary-search delegate rather than choosing concrete predicate results or strengthening callback behavior; the unused standalone observe declaration was pruned. [status=minimal_observation_boundary_for_fnmut_predicate_callback; source=core/src/slice/mod.rs:4857; semantic-disposition=admissible-source-backed-support] TS-065-C001 source-indexed callee `core::slice::binary_search_by`: core/src/slice/mod.rs:2970-3022 [status=reviewed_generated_dependency_boundary_reused_locally; semantic-disposition=context-only-source-closure]. TS-065-E001 external_body `rust_1_96_partition_point_binary_search_by_predicate` at /home/chentianyu/nanvix-rust-std-spec-survey/nanvix-rust-std-slice-vec-implproof-2026-08-12/proof_harnesses/065_core_slice_partition_point/harness.rs:46 is an explicit trusted function body; backing dependency records=TS-065-D002; semantic-disposition=inadmissible-answer-equivalent-result.",The source search loop must derive an Ok matching index or the exact Err insertion point from the shared input and callback observations.,inadmissible,"Boundary_T must exclude or replace TS-065-D002, TS-065-E001 with recursively modeled lower transitions before a conditional-completeness obligation is admissible.",no,"Retained trust site(s) TS-065-D002, TS-065-E001 supply a complete target/branch postcondition or an answer-equivalent result, so the current proof boundary is not narrower than the target.",exact-principal-return-and-final-state,"Principal return values, returned reference identities, and final-state observations are compared by exact equality.",,,,conditional-incomplete,conditional-incomplete
core::slice::rchunks_exact_mut,68,slice,all-20260815T0127Z-ascii-whitespace-vtab-repair,unknown,iterator-or-subslice-state-boundary,"contract fixes source/remaining/subrange state, but the Rust iterator, chunk, split, or borrowed subslice value retains opaque runtime/lifetime state",iterator-splitting-and-chunking,generated-new-real-relation-spec,B,"pub assume_specification<'a, T>[ <[T]>::rchunks_exact_mut ]( slice: &'a mut [T], chunk_size: usize, ) -> (iter: core::slice::RChunksExactMut<'a, T>) requires chunk_size != 0, ensures slice_iterator_view::<core::slice::RChunksExactMut<'a, T>, T>(iter).source == old(slice)@, slice_iterator_view::<core::slice::RChunksExactMut<'a, T>, T>(iter).yielded_prefix == Seq::empty(), slice_iterator_view::<core::slice::RChunksExactMut<'a, T>, T>(iter).chunk_size == chunk_size as int, slice_iterator_view::<core::slice::RChunksExactMut<'a, T>, T>(iter).reverse, slice_chunk_partition::<T>(slice_iterator_view::<core::slice::RChunksExactMut<'a, T>, T>(iter)), ;",64f0260c2044e5b2b440a7c66eb354d3685862070f8ad8979838a571fbe47afe,"pub assume_specification<'a, T>[ <[T]>::rchunks_exact_mut ]( slice: &'a mut [T], chunk_size: usize, ) -> (iter: core::slice::RChunksExactMut<'a, T>) requires chunk_size != 0, ensures slice_iterator_view::<core::slice::RChunksExactMut<'a, T>, T>(iter).source == old(slice)@, slice_iterator_view::<core::slice::RChunksExactMut<'a, T>, T>(iter).yielded_prefix == Seq::empty(), slice_iterator_view::<core::slice::RChunksExactMut<'a, T>, T>(iter).chunk_size == chunk_size as int, slice_iterator_view::<core::slice::RChunksExactMut<'a, T>, T>(iter).reverse, slice_chunk_partition::<T>(slice_iterator_view::<core::slice::RChunksExactMut<'a, T>, T>(iter)), ;",64f0260c2044e5b2b440a7c66eb354d3685862070f8ad8979838a571fbe47afe,no,active-catalog-and-generated-declaration,/home/chentianyu/nanvix-rust-std-spec-survey/nanvix-rust-std-slice-specgen-2026-08-11/specs/generated_slice_specs.rs,601,613,"pub assume_specification<'a, T>[ <[T]>::rchunks_exact_mut ](
    slice: &'a mut [T],
    chunk_size: usize,
) -> (iter: core::slice::RChunksExactMut<'a, T>)
    requires
        chunk_size != 0,
    ensures
        slice_iterator_view::<core::slice::RChunksExactMut<'a, T>, T>(iter).source == old(slice)@,
        slice_iterator_view::<core::slice::RChunksExactMut<'a, T>, T>(iter).yielded_prefix == Seq::empty(),
        slice_iterator_view::<core::slice::RChunksExactMut<'a, T>, T>(iter).chunk_size == chunk_size as int,
        slice_iterator_view::<core::slice::RChunksExactMut<'a, T>, T>(iter).reverse,
        slice_chunk_partition::<T>(slice_iterator_view::<core::slice::RChunksExactMut<'a, T>, T>(iter)),
;
",193b8db14e950613e62e66f87d340a260b3fd9f650b658fccd957cf9f557eacd,/home/chentianyu/nanvix-rust-std-spec-survey/nanvix-rust-std-slice-specgen-2026-08-11/specs/slice_shared_vocabulary.rs,f47deb4c5da97621b87c7bbfb1909c5eda7303e8be0422fbe43fd6588fdf1c33,core/src/slice/mod.rs:1827,/home/chentianyu/nanvix-rust-std-spec-survey/rust-1.96/library/core/src/slice/mod.rs,58901fa6437dbd4d77c68427bbced0fc3a91a10fdb8bd2e233adf6a9ba27d2d5,1824,1827,136eb718ea6f19d2f05c0c4156515e5c635705da0ca17efbf6c8f04e56cc81f6,"    pub const fn rchunks_exact_mut(&mut self, chunk_size: usize) -> RChunksExactMut<'_, T> {
        assert!(chunk_size != 0, ""chunk size must be non-zero"");
        RChunksExactMut::new(self, chunk_size)
    }
",core/src/slice/mod.rs:1780-1819,1780,1819,1748d0689c615bc63144b1cb3c2fc1af798682b3f3837199c37e3d355239a05b,"Returns an iterator over `chunk_size` elements of the slice at a time, starting at the end
of the slice.

The chunks are mutable slices, and do not overlap. If `chunk_size` does not divide the
length of the slice, then the last up to `chunk_size-1` elements will be omitted and can be
retrieved from the `into_remainder` function of the iterator.

Due to each chunk having exactly `chunk_size` elements, the compiler can often optimize the
resulting code better than in the case of [`chunks_mut`].

See [`rchunks_mut`] for a variant of this iterator that also returns the remainder as a
smaller chunk, and [`chunks_exact_mut`] for the same iterator but starting at the beginning
of the slice.

If your `chunk_size` is a constant, consider using [`as_rchunks_mut`] instead, which will
give references to arrays of exactly that length, rather than slices.

# Panics

Panics if `chunk_size` is zero.

# Examples

```
let v = &mut [0, 0, 0, 0, 0];
let mut count = 1;

for chunk in v.rchunks_exact_mut(2) {
for elem in chunk.iter_mut() {
*elem += count;
}
count += 1;
}
assert_eq!(v, &[0, 2, 2, 1, 1]);
```

[`chunks_mut`]: slice::chunks_mut
[`rchunks_mut`]: slice::rchunks_mut
[`chunks_exact_mut`]: slice::chunks_exact_mut
[`as_rchunks_mut`]: slice::as_rchunks_mut
",/home/chentianyu/nanvix-rust-std-spec-survey/nanvix-rust-std-slice-vec-implproof-2026-08-12/proof_harnesses/068_core_slice_rchunks_exact_mut/harness.rs,5ba3d02954aceeb2e8927809965ce479cfc940e0b3c1ddbd78b4e19aef4d6d42,/home/chentianyu/nanvix-rust-std-spec-survey/nanvix-rust-std-slice-vec-implproof-2026-08-12/proof_manifests/068_core_slice_rchunks_exact_mut/source_body.json,ad0b63686ee6984247f077168e52659506804e56232f5bf212484ef63ce0fce2,/home/chentianyu/nanvix-rust-std-spec-survey/nanvix-rust-std-slice-vec-implproof-2026-08-12/proof_manifests/068_core_slice_rchunks_exact_mut/transformation_manifest.json,44b5190ec9b6e9441cb3c3a884c634bdc1e95e204b8a8b2ec3503455d8fb1193,/home/chentianyu/nanvix-rust-std-spec-survey/nanvix-rust-std-slice-vec-implproof-2026-08-12/proof_manifests/068_core_slice_rchunks_exact_mut/dependency_assumption_manifest.json,529c895a9e0090c27bf6ab2f38f497fa6de6204444622e8f58f9157a11163182,provenance/frozen/implproof/068_core_slice_rchunks_exact_mut/harness.rs,provenance/frozen/implproof/068_core_slice_rchunks_exact_mut/source_body.json,provenance/frozen/implproof/068_core_slice_rchunks_exact_mut/transformation_manifest.json,provenance/frozen/implproof/068_core_slice_rchunks_exact_mut/dependency_assumption_manifest.json,provenance/frozen/rust-1.96/library/core/src/slice/mod.rs,23,0,actual_verus_verified_modulo_source_backed_iterator_view_boundary:proof_harnesses/068_core_slice_rchunks_exact_mut/evidence/verus_stdout.txt,"[""assert!"",""new""]",5,TS-068-D001;TS-068-D002;TS-068-D003;TS-068-D004;TS-068-D005,1,TS-068-C001,0,,TS-068-D001;TS-068-D002;TS-068-D003;TS-068-D004;TS-068-D005;TS-068-C001,6,5,1,0,,0,iterator_private_state_v1,"[""input borrow and allocation identity"",""iterator front/back cursor and remaining source range"",""private chunk or split state read by the implementation proof"",""individual source-backed raw-slice constructor observations""]","Boundary_T fixes the input borrow/allocation identity and only the iterator, range, or raw-slice-constructor observations consumed by the proof. Target-returned references, aggregate post-state, and a complete execution trace remain outside b. TS-068-D001 source_backed_model_instantiation `slice_iterator_view::<RChunksExactMut<'a, T>, T>`: The generated contract's shared iterator-view helper is instantiated over the extracted RChunksExactMut private representation, with the raw pointer region represented by its source-backed split suffix sequence; this does not assume the target postcondition. [status=minimal_trusted_boundary_for_shared_helper_representation_and_raw_pointer_view; source=core/src/slice/iter.rs:2830-2848; semantic-disposition=admissible-source-backed-support] TS-068-D002 source_backed_iterator_view_boundary `repaired generated mutable-iterator contract without final-slice frame`: The remaining source-backed obligation is the iterator/chunk/predicate view abstraction over returned lazy mutable iterator state; the removed final(slice) frame is no longer part of the contract under proof. [status=actual_verus_verified_after_contract_repair; source=core/src/slice/iter.rs:2844-2848; semantic-disposition=admissible-source-backed-support] TS-068-D003 existing_vstd_source_contract_boundary `<[T]>::split_at_mut`: Rust 1.96 uses `unsafe { slice.split_at_mut_unchecked(rem) }` after `rem = slice.len() % chunk_size`, so the index is valid by construction. The harness uses the reviewed vstd `split_at_mut` contract at the same index to expose prefix/suffix sequence facts and mutable-frame semantics for the valid unchecked split. [status=minimal_trusted_boundary_for_unsafe_split_at_mut_unchecked_semantics_at_proved_valid_index; source=core/src/slice/iter.rs:2846-2848; vstd/std_specs/slice.rs:203-210; semantic-disposition=admissible-source-backed-support] TS-068-D004 panic_or_bounds `assert!(chunk_size != 0)`: The generated precondition `chunk_size != 0` makes the Rust assert pass; the Verus harness keeps the assertion as a proof assertion. [status=discharged_by_target_precondition; source=core/src/slice/mod.rs:1824-1826; semantic-disposition=admissible-source-backed-support] TS-068-D005 source_backed_iterator_view_boundary `repaired generated mutable-iterator contract without final-slice frame`: The remaining source-backed obligation is the iterator/chunk/predicate view abstraction over returned lazy mutable iterator state; the removed final(slice) frame is no longer part of the contract under proof. [status=actual_verus_verified_after_contract_repair; source=core/src/slice/iter.rs:2847-2848; generated contract for <[T]>::rchunks_exact_mut; semantic-disposition=admissible-source-backed-support] TS-068-C001 source-indexed callee `RChunksExactMut::new`: core/src/slice/iter.rs:2844-2848 [status=body_preserved_in_harness_actual_verus_verified_after_contract_repair; semantic-disposition=context-only-source-closure].",The target definition must derive returned subranges and borrow observations from these inputs with source-backed transitions.,admissible,All executable trust sites are source-linked and semantically partial; context-only vocabulary and call-closure records are not admitted as Boundary_T observations.,yes,Every executable dependency and external-body contract is present in the frozen exhaustive audit and limited to a lower source transition; none supplies a complete branch or answer-equivalent target result.,exact-principal-return-and-final-state,"Principal return values, returned reference identities, and final-state observations are compared by exact equality.",,,,conditional-complete,conditional-complete
core::slice::rchunks_mut,69,slice,all-20260815T0127Z-ascii-whitespace-vtab-repair,unknown,iterator-or-subslice-state-boundary,"contract fixes source/remaining/subrange state, but the Rust iterator, chunk, split, or borrowed subslice value retains opaque runtime/lifetime state",iterator-splitting-and-chunking,generated-new-real-relation-spec,B,"pub assume_specification<'a, T>[ <[T]>::rchunks_mut ]( slice: &'a mut [T], chunk_size: usize, ) -> (iter: core::slice::RChunksMut<'a, T>) requires chunk_size != 0, ensures slice_iterator_view::<core::slice::RChunksMut<'a, T>, T>(iter).source == old(slice)@, slice_iterator_view::<core::slice::RChunksMut<'a, T>, T>(iter).remaining == old(slice)@, slice_iterator_view::<core::slice::RChunksMut<'a, T>, T>(iter).yielded_prefix == Seq::empty(), slice_iterator_view::<core::slice::RChunksMut<'a, T>, T>(iter).remainder == Seq::empty(), slice_iterator_view::<core::slice::RChunksMut<'a, T>, T>(iter).chunk_size == chunk_size as int, slice_iterator_view::<core::slice::RChunksMut<'a, T>, T>(iter).reverse, ;",d486130bfa74afb7939ee7ea71e97c4eeda6d17e9c9ded51d0a48b9aff81736c,"pub assume_specification<'a, T>[ <[T]>::rchunks_mut ]( slice: &'a mut [T], chunk_size: usize, ) -> (iter: core::slice::RChunksMut<'a, T>) requires chunk_size != 0, ensures slice_iterator_view::<core::slice::RChunksMut<'a, T>, T>(iter).source == old(slice)@, slice_iterator_view::<core::slice::RChunksMut<'a, T>, T>(iter).remaining == old(slice)@, slice_iterator_view::<core::slice::RChunksMut<'a, T>, T>(iter).yielded_prefix == Seq::empty(), slice_iterator_view::<core::slice::RChunksMut<'a, T>, T>(iter).remainder == Seq::empty(), slice_iterator_view::<core::slice::RChunksMut<'a, T>, T>(iter).chunk_size == chunk_size as int, slice_iterator_view::<core::slice::RChunksMut<'a, T>, T>(iter).reverse, ;",d486130bfa74afb7939ee7ea71e97c4eeda6d17e9c9ded51d0a48b9aff81736c,no,active-catalog-and-generated-declaration,/home/chentianyu/nanvix-rust-std-spec-survey/nanvix-rust-std-slice-specgen-2026-08-11/specs/generated_slice_specs.rs,586,599,"pub assume_specification<'a, T>[ <[T]>::rchunks_mut ](
    slice: &'a mut [T],
    chunk_size: usize,
) -> (iter: core::slice::RChunksMut<'a, T>)
    requires
        chunk_size != 0,
    ensures
        slice_iterator_view::<core::slice::RChunksMut<'a, T>, T>(iter).source == old(slice)@,
        slice_iterator_view::<core::slice::RChunksMut<'a, T>, T>(iter).remaining == old(slice)@,
        slice_iterator_view::<core::slice::RChunksMut<'a, T>, T>(iter).yielded_prefix == Seq::empty(),
        slice_iterator_view::<core::slice::RChunksMut<'a, T>, T>(iter).remainder == Seq::empty(),
        slice_iterator_view::<core::slice::RChunksMut<'a, T>, T>(iter).chunk_size == chunk_size as int,
        slice_iterator_view::<core::slice::RChunksMut<'a, T>, T>(iter).reverse,
;
",80d82a1213b19a7240faece3e35bd07322a0881c37dea75e59fa3ef34849c468,/home/chentianyu/nanvix-rust-std-spec-survey/nanvix-rust-std-slice-specgen-2026-08-11/specs/slice_shared_vocabulary.rs,f47deb4c5da97621b87c7bbfb1909c5eda7303e8be0422fbe43fd6588fdf1c33,core/src/slice/mod.rs:1733,/home/chentianyu/nanvix-rust-std-spec-survey/rust-1.96/library/core/src/slice/mod.rs,58901fa6437dbd4d77c68427bbced0fc3a91a10fdb8bd2e233adf6a9ba27d2d5,1730,1733,d910a481ba713ebe6456eb7bd6f6fb02a50cb5e7fc88d652ee0d88ee9082632c,"    pub const fn rchunks_mut(&mut self, chunk_size: usize) -> RChunksMut<'_, T> {
        assert!(chunk_size != 0, ""chunk size must be non-zero"");
        RChunksMut::new(self, chunk_size)
    }
",core/src/slice/mod.rs:1691-1725,1691,1725,051ab1a00ace97214bb0b028ceb663fbe1b1a2eb3ddfa0d8ee422c346f6196dc,"Returns an iterator over `chunk_size` elements of the slice at a time, starting at the end
of the slice.

The chunks are mutable slices, and do not overlap. If `chunk_size` does not divide the
length of the slice, then the last chunk will not have length `chunk_size`.

See [`rchunks_exact_mut`] for a variant of this iterator that returns chunks of always
exactly `chunk_size` elements, and [`chunks_mut`] for the same iterator but starting at the
beginning of the slice.

If your `chunk_size` is a constant, consider using [`as_rchunks_mut`] instead, which will
give references to arrays of exactly that length, rather than slices.

# Panics

Panics if `chunk_size` is zero.

# Examples

```
let v = &mut [0, 0, 0, 0, 0];
let mut count = 1;

for chunk in v.rchunks_mut(2) {
for elem in chunk.iter_mut() {
*elem += count;
}
count += 1;
}
assert_eq!(v, &[3, 2, 2, 1, 1]);
```

[`rchunks_exact_mut`]: slice::rchunks_exact_mut
[`chunks_mut`]: slice::chunks_mut
[`as_rchunks_mut`]: slice::as_rchunks_mut
",/home/chentianyu/nanvix-rust-std-spec-survey/nanvix-rust-std-slice-vec-implproof-2026-08-12/proof_harnesses/069_core_slice_rchunks_mut/harness.rs,89d585062bca359f211e714553ce077db55879baf864f6c712bad29f6875b578,/home/chentianyu/nanvix-rust-std-spec-survey/nanvix-rust-std-slice-vec-implproof-2026-08-12/proof_manifests/069_core_slice_rchunks_mut/source_body.json,41dbd98c5393be8484222d5a3bbcd4e3dcf08126345d96d94727a782006d68dc,/home/chentianyu/nanvix-rust-std-spec-survey/nanvix-rust-std-slice-vec-implproof-2026-08-12/proof_manifests/069_core_slice_rchunks_mut/transformation_manifest.json,8dd6accf315f742825e33536b4deabbbe23f74b6d56eb524bb64ebe412b67cc7,/home/chentianyu/nanvix-rust-std-spec-survey/nanvix-rust-std-slice-vec-implproof-2026-08-12/proof_manifests/069_core_slice_rchunks_mut/dependency_assumption_manifest.json,0ce06f5c2a9c2034a0acaa3a205dc182b4744b477a818a8f7e49e28102ef713c,provenance/frozen/implproof/069_core_slice_rchunks_mut/harness.rs,provenance/frozen/implproof/069_core_slice_rchunks_mut/source_body.json,provenance/frozen/implproof/069_core_slice_rchunks_mut/transformation_manifest.json,provenance/frozen/implproof/069_core_slice_rchunks_mut/dependency_assumption_manifest.json,provenance/frozen/rust-1.96/library/core/src/slice/mod.rs,24,0,actual_verus_verified_modulo_source_backed_iterator_view_boundary:proof_harnesses/069_core_slice_rchunks_mut/evidence/verus_stdout.txt,"[""assert!"",""new""]",4,TS-069-D001;TS-069-D002;TS-069-D003;TS-069-D004,1,TS-069-C001,0,,TS-069-D001;TS-069-D002;TS-069-D003;TS-069-D004;TS-069-C001,5,4,1,0,,0,iterator_private_state_v1,"[""input borrow and allocation identity"",""iterator front/back cursor and remaining source range"",""private chunk or split state read by the implementation proof"",""individual source-backed raw-slice constructor observations""]","Boundary_T fixes the input borrow/allocation identity and only the iterator, range, or raw-slice-constructor observations consumed by the proof. Target-returned references, aggregate post-state, and a complete execution trace remain outside b. TS-069-D001 source_backed_model_instantiation `slice_iterator_view::<RChunksMut<'a, T>, T>`: The generated contract's shared iterator-view helper is instantiated over the extracted RChunksMut private representation, with the raw pointer region represented by its source-backed mutable slice sequence; this does not assume the target postcondition. [status=minimal_trusted_boundary_for_shared_helper_representation_and_raw_pointer_view; source=core/src/slice/iter.rs:2471-2487; semantic-disposition=admissible-source-backed-support] TS-069-D002 source_backed_iterator_view_boundary `repaired generated mutable-iterator contract without final-slice frame`: The remaining source-backed obligation is the iterator/chunk/predicate view abstraction over returned lazy mutable iterator state; the removed final(slice) frame is no longer part of the contract under proof. [status=actual_verus_verified_after_contract_repair; source=core/src/slice/iter.rs:2485-2487; semantic-disposition=admissible-source-backed-support] TS-069-D003 panic_or_bounds `assert!(chunk_size != 0)`: The generated precondition `chunk_size != 0` makes the Rust assert pass; the Verus harness keeps the assertion as a proof assertion. [status=discharged_by_target_precondition; source=core/src/slice/mod.rs:1730-1732; semantic-disposition=admissible-source-backed-support] TS-069-D004 source_backed_iterator_view_boundary `repaired generated mutable-iterator contract without final-slice frame`: The remaining source-backed obligation is the iterator/chunk/predicate view abstraction over returned lazy mutable iterator state; the removed final(slice) frame is no longer part of the contract under proof. [status=actual_verus_verified_after_contract_repair; source=core/src/slice/iter.rs:2471-2487; generated contract for <[T]>::rchunks_mut; semantic-disposition=admissible-source-backed-support] TS-069-C001 source-indexed callee `RChunksMut::new`: core/src/slice/iter.rs:2485-2487 [status=body_preserved_in_harness_actual_verus_verified_after_contract_repair; semantic-disposition=context-only-source-closure].",The target definition must derive returned subranges and borrow observations from these inputs with source-backed transitions.,admissible,All executable trust sites are source-linked and semantically partial; context-only vocabulary and call-closure records are not admitted as Boundary_T observations.,yes,Every executable dependency and external-body contract is present in the frozen exhaustive audit and limited to a lower source transition; none supplies a complete branch or answer-equivalent target result.,exact-principal-return-and-final-state,"Principal return values, returned reference identities, and final-state observations are compared by exact equality.",,,,conditional-complete,conditional-complete
core::slice::rsplit_mut,74,slice,all-20260815T0127Z-ascii-whitespace-vtab-repair,unknown,iterator-or-subslice-state-boundary,"contract fixes source/remaining/subrange state, but the Rust iterator, chunk, split, or borrowed subslice value retains opaque runtime/lifetime state",iterator-splitting-and-chunking,generated-new-real-relation-spec,B,"pub assume_specification<'a, T, F: core::ops::FnMut(&T) -> bool>[ <[T]>::rsplit_mut::<F> ]( slice: &'a mut [T], pred: F, ) -> (iter: core::slice::RSplitMut<'a, T, F>) ensures slice_predicate_split_view::<core::slice::RSplitMut<'a, T, F>, F, T>( iter, old(slice)@, pred, false, true, 0, ), ;",949691a0b75b3e64a19af9ef95077e0bbdd4530b19a01d6742a38be652431148,"pub assume_specification<'a, T, F: core::ops::FnMut(&T) -> bool>[ <[T]>::rsplit_mut::<F> ]( slice: &'a mut [T], pred: F, ) -> (iter: core::slice::RSplitMut<'a, T, F>) ensures slice_predicate_split_view::<core::slice::RSplitMut<'a, T, F>, F, T>( iter, old(slice)@, pred, false, true, 0, ), ;",949691a0b75b3e64a19af9ef95077e0bbdd4530b19a01d6742a38be652431148,no,active-catalog-and-generated-declaration,/home/chentianyu/nanvix-rust-std-spec-survey/nanvix-rust-std-slice-specgen-2026-08-11/specs/generated_slice_specs.rs,689,697,"pub assume_specification<'a, T, F: core::ops::FnMut(&T) -> bool>[ <[T]>::rsplit_mut::<F> ](
    slice: &'a mut [T],
    pred: F,
) -> (iter: core::slice::RSplitMut<'a, T, F>)
    ensures
        slice_predicate_split_view::<core::slice::RSplitMut<'a, T, F>, F, T>(
            iter, old(slice)@, pred, false, true, 0,
        ),
;
",38f09ebe2e592d3e2cdc6312f14d9d4f0b7ea8b61065db40ddd2b59996626741,/home/chentianyu/nanvix-rust-std-spec-survey/nanvix-rust-std-slice-specgen-2026-08-11/specs/slice_shared_vocabulary.rs,f47deb4c5da97621b87c7bbfb1909c5eda7303e8be0422fbe43fd6588fdf1c33,core/src/slice/mod.rs:2391,/home/chentianyu/nanvix-rust-std-spec-survey/rust-1.96/library/core/src/slice/mod.rs,58901fa6437dbd4d77c68427bbced0fc3a91a10fdb8bd2e233adf6a9ba27d2d5,2388,2393,1f2a68eb643285cc8c07fcb98f7381f3365313f3444d149ea729088804964702,"    pub fn rsplit_mut<F>(&mut self, pred: F) -> RSplitMut<'_, T, F>
    where
        F: FnMut(&T) -> bool,
    {
        RSplitMut::new(self, pred)
    }
",core/src/slice/mod.rs:2369-2385,2369,2385,32b367c886bb7629c1c0e455f123595d0667824c3dd1be7f44de701f0afd8789,"Returns an iterator over mutable subslices separated by elements that
match `pred`, starting at the end of the slice and working
backwards. The matched element is not contained in the subslices.

# Examples

```
let mut v = [100, 400, 300, 200, 600, 500];

let mut count = 0;
for group in v.rsplit_mut(|num| *num % 3 == 0) {
count += 1;
group[0] = count;
}
assert_eq!(v, [3, 400, 300, 2, 600, 1]);
```
",/home/chentianyu/nanvix-rust-std-spec-survey/nanvix-rust-std-slice-vec-implproof-2026-08-12/proof_harnesses/074_core_slice_rsplit_mut/harness.rs,5c911a2c57572f4d75c35d4156be9656bc3510ecf5b6573314036d9b9d0c6713,/home/chentianyu/nanvix-rust-std-spec-survey/nanvix-rust-std-slice-vec-implproof-2026-08-12/proof_manifests/074_core_slice_rsplit_mut/source_body.json,b772ba24ded91f711bda2dec81574f12cc48221b5818e55dc764bad7ea726b68,/home/chentianyu/nanvix-rust-std-spec-survey/nanvix-rust-std-slice-vec-implproof-2026-08-12/proof_manifests/074_core_slice_rsplit_mut/transformation_manifest.json,75242c9ca1b1ad89c6acd464091fce4feb48353e72d2fdfea64c8f50c205a58c,/home/chentianyu/nanvix-rust-std-spec-survey/nanvix-rust-std-slice-vec-implproof-2026-08-12/proof_manifests/074_core_slice_rsplit_mut/dependency_assumption_manifest.json,183d4826570219e931340498481a343f48f4c985fe71e5caee5ff29b0e684d3a,provenance/frozen/implproof/074_core_slice_rsplit_mut/harness.rs,provenance/frozen/implproof/074_core_slice_rsplit_mut/source_body.json,provenance/frozen/implproof/074_core_slice_rsplit_mut/transformation_manifest.json,provenance/frozen/implproof/074_core_slice_rsplit_mut/dependency_assumption_manifest.json,provenance/frozen/rust-1.96/library/core/src/slice/mod.rs,62,1,actual_verus_verified_modulo_source_backed_iterator_view_boundary:proof_harnesses/074_core_slice_rsplit_mut/evidence/verus_stdout.txt,"[""RSplitMut::new"",""SplitMut::new""]",4,TS-074-D001;TS-074-D002;TS-074-D003;TS-074-D004,2,TS-074-C001;TS-074-C002,0,,TS-074-D001;TS-074-D002;TS-074-D003;TS-074-D004;TS-074-C001;TS-074-C002,6,4,2,0,,0,iterator_private_state_v1,"[""input borrow and allocation identity"",""iterator front/back cursor and remaining source range"",""private chunk or split state read by the implementation proof"",""individual source-backed raw-slice constructor observations""]","Boundary_T fixes the input borrow/allocation identity and only the iterator, range, or raw-slice-constructor observations consumed by the proof. Target-returned references, aggregate post-state, and a complete execution trace remain outside b. TS-074-D001 source_backed_model_instantiation `slice_iterator_view::<RSplitMut>;split_mut_iterator_view;slice_predicate_split_view`: The generated reverse predicate-split vocabulary is instantiated as local open/closed specs over the extracted RSplitMut/SplitMut private mutable iterator state; this does not assume the target postcondition. [status=minimal_trusted_boundary_for_shared_helper_representation; source=core/src/slice/iter.rs:678-690,1031-1041 and frozen_inputs/slice/specs/all_slice_specs.rs predicate-split vocabulary; semantic-disposition=admissible-source-backed-support] TS-074-D002 source_backed_iterator_view_boundary `repaired generated mutable-iterator contract without final-slice frame`: The remaining source-backed obligation is the iterator/chunk/predicate view abstraction over returned lazy mutable iterator state; the removed final(slice) frame is no longer part of the contract under proof. [status=actual_verus_verified_after_contract_repair; source=core/src/slice/mod.rs:2388-2393; core/src/slice/iter.rs:678-690,1031-1041; semantic-disposition=admissible-source-backed-support] TS-074-D003 trait_or_callback `F: FnMut(&T) -> bool`: The Rust constructor chain stores but does not invoke the predicate. The harness preserves the callback bound and uses only the audited uninterpreted predicate-observation relation. [status=preserved_callback_signature_without_target_body_assumption; source=core/src/slice/mod.rs:2388-2393 and core/src/slice/iter.rs:678-690,1031-1041; semantic-disposition=admissible-source-backed-support] TS-074-D004 source_backed_iterator_view_boundary `repaired generated mutable-iterator contract without final-slice frame`: The remaining source-backed obligation is the iterator/chunk/predicate view abstraction over returned lazy mutable iterator state; the removed final(slice) frame is no longer part of the contract under proof. [status=actual_verus_verified_after_contract_repair; source=core/src/slice/mod.rs:2388-2393; core/src/slice/iter.rs:678-690,1031-1041; generated contract for <[T]>::rsplit_mut; semantic-disposition=admissible-source-backed-support] TS-074-C001 source-indexed callee `RSplitMut::new`: core/src/slice/iter.rs:1040-1042 [status=body_preserved_in_harness_actual_verus_verified_after_contract_repair; semantic-disposition=context-only-source-closure]. TS-074-C002 source-indexed callee `SplitMut::new`: core/src/slice/iter.rs:689-691 [status=body_preserved_in_harness_actual_verus_verified_after_contract_repair; semantic-disposition=context-only-source-closure].",The target definition must derive returned subranges and borrow observations from these inputs with source-backed transitions.,admissible,All executable trust sites are source-linked and semantically partial; context-only vocabulary and call-closure records are not admitted as Boundary_T observations.,yes,Every executable dependency and external-body contract is present in the frozen exhaustive audit and limited to a lower source transition; none supplies a complete branch or answer-equivalent target result.,exact-principal-return-and-final-state,"Principal return values, returned reference identities, and final-state observations are compared by exact equality.",,,,conditional-complete,conditional-complete
core::slice::rsplitn_mut,76,slice,all-20260815T0127Z-ascii-whitespace-vtab-repair,unknown,iterator-or-subslice-state-boundary,"contract fixes source/remaining/subrange state, but the Rust iterator, chunk, split, or borrowed subslice value retains opaque runtime/lifetime state",iterator-splitting-and-chunking,generated-new-real-relation-spec,B,"pub assume_specification<'a, T, F: core::ops::FnMut(&T) -> bool>[ <[T]>::rsplitn_mut::<F> ]( slice: &'a mut [T], n: usize, pred: F, ) -> (iter: core::slice::RSplitNMut<'a, T, F>) ensures slice_predicate_split_view::<core::slice::RSplitNMut<'a, T, F>, F, T>( iter, old(slice)@, pred, false, true, n as int, ), ;",c7b8151e61d9ad4d7b0ba9c3669fcee75ca3acc98ea2741f3b162df19efe113f,"pub assume_specification<'a, T, F: core::ops::FnMut(&T) -> bool>[ <[T]>::rsplitn_mut::<F> ]( slice: &'a mut [T], n: usize, pred: F, ) -> (iter: core::slice::RSplitNMut<'a, T, F>) ensures slice_predicate_split_view::<core::slice::RSplitNMut<'a, T, F>, F, T>( iter, old(slice)@, pred, false, true, n as int, ), ;",c7b8151e61d9ad4d7b0ba9c3669fcee75ca3acc98ea2741f3b162df19efe113f,no,active-catalog-and-generated-declaration,/home/chentianyu/nanvix-rust-std-spec-survey/nanvix-rust-std-slice-specgen-2026-08-11/specs/generated_slice_specs.rs,710,719,"pub assume_specification<'a, T, F: core::ops::FnMut(&T) -> bool>[ <[T]>::rsplitn_mut::<F> ](
    slice: &'a mut [T],
    n: usize,
    pred: F,
) -> (iter: core::slice::RSplitNMut<'a, T, F>)
    ensures
        slice_predicate_split_view::<core::slice::RSplitNMut<'a, T, F>, F, T>(
            iter, old(slice)@, pred, false, true, n as int,
        ),
;
",3ab3ac7b894dc606930c1ac619cdeb870daf7e15a83205d666f126b6227c1494,/home/chentianyu/nanvix-rust-std-spec-survey/nanvix-rust-std-slice-specgen-2026-08-11/specs/slice_shared_vocabulary.rs,f47deb4c5da97621b87c7bbfb1909c5eda7303e8be0422fbe43fd6588fdf1c33,core/src/slice/mod.rs:2501,/home/chentianyu/nanvix-rust-std-spec-survey/rust-1.96/library/core/src/slice/mod.rs,58901fa6437dbd4d77c68427bbced0fc3a91a10fdb8bd2e233adf6a9ba27d2d5,2498,2503,ec5f8100c7f7b9851be10c1417bb7328dcaca3fb5d419d4d3a895049ae205a9c,"    pub fn rsplitn_mut<F>(&mut self, n: usize, pred: F) -> RSplitNMut<'_, T, F>
    where
        F: FnMut(&T) -> bool,
    {
        RSplitNMut::new(self.rsplit_mut(pred), n)
    }
",core/src/slice/mod.rs:2478-2495,2478,2495,67a77a18d4692665f2ac0c7643211dbd0c1202b613fa42639f3cf5c50d89d429,"Returns an iterator over subslices separated by elements that match
`pred` limited to returning at most `n` items. This starts at the end of
the slice and works backwards. The matched element is not contained in
the subslices.

The last element returned, if any, will contain the remainder of the
slice.

# Examples

```
let mut s = [10, 40, 30, 20, 60, 50];

for group in s.rsplitn_mut(2, |num| *num % 3 == 0) {
group[0] = 1;
}
assert_eq!(s, [1, 40, 30, 20, 60, 1]);
```
",/home/chentianyu/nanvix-rust-std-spec-survey/nanvix-rust-std-slice-vec-implproof-2026-08-12/proof_harnesses/076_core_slice_rsplitn_mut/harness.rs,3d767856c922130d6baada863cb6fb88771b4af06b0a8ba0aa6e23e06efe7055,/home/chentianyu/nanvix-rust-std-spec-survey/nanvix-rust-std-slice-vec-implproof-2026-08-12/proof_manifests/076_core_slice_rsplitn_mut/source_body.json,c0eb5bf953d1ca9ea08fca2f37ab95d7e63a28b9b193900dcc6ddc769699c7e1,/home/chentianyu/nanvix-rust-std-spec-survey/nanvix-rust-std-slice-vec-implproof-2026-08-12/proof_manifests/076_core_slice_rsplitn_mut/transformation_manifest.json,82ce22462d70cf13e6582c30940377f95b63e3c8cfadd85926704576e2d61c6a,/home/chentianyu/nanvix-rust-std-spec-survey/nanvix-rust-std-slice-vec-implproof-2026-08-12/proof_manifests/076_core_slice_rsplitn_mut/dependency_assumption_manifest.json,4ea3ab36d90df55d0ede4223fdd32764509fc1c3cc22208b11e054d857fc1bb7,provenance/frozen/implproof/076_core_slice_rsplitn_mut/harness.rs,provenance/frozen/implproof/076_core_slice_rsplitn_mut/source_body.json,provenance/frozen/implproof/076_core_slice_rsplitn_mut/transformation_manifest.json,provenance/frozen/implproof/076_core_slice_rsplitn_mut/dependency_assumption_manifest.json,provenance/frozen/rust-1.96/library/core/src/slice/mod.rs,118,2,actual_verus_verified_modulo_source_backed_iterator_view_boundary:proof_harnesses/076_core_slice_rsplitn_mut/evidence/verus_stdout.txt,"[""rsplit_mut"",""RSplitNMut::new"",""RSplitMut::new"",""SplitMut::new""]",4,TS-076-D001;TS-076-D002;TS-076-D003;TS-076-D004,3,TS-076-C001;TS-076-C002;TS-076-C003,0,,TS-076-D001;TS-076-D002;TS-076-D003;TS-076-D004;TS-076-C001;TS-076-C002;TS-076-C003,7,4,3,0,,0,iterator_private_state_v1,"[""input borrow and allocation identity"",""iterator front/back cursor and remaining source range"",""private chunk or split state read by the implementation proof"",""individual source-backed raw-slice constructor observations""]","Boundary_T fixes the input borrow/allocation identity and only the iterator, range, or raw-slice-constructor observations consumed by the proof. Target-returned references, aggregate post-state, and a complete execution trace remain outside b. TS-076-D001 source_backed_model_instantiation `slice_iterator_view::<RSplitNMut>;rsplit_mut_iterator_view;split_mut_iterator_view;slice_predicate_split_view`: The generated reverse predicate split-limit vocabulary is instantiated over extracted RSplitNMut/GenericSplitN/RSplitMut/SplitMut mutable iterator state; this does not assume the target postcondition. [status=minimal_trusted_boundary_for_shared_helper_representation; source=core/src/slice/iter.rs:678-690,1031-1041,1110-1113,1214-1225 and frozen_inputs/slice/specs/all_slice_specs.rs predicate-split vocabulary; semantic-disposition=admissible-source-backed-support] TS-076-D002 source_backed_iterator_view_boundary `repaired generated mutable-iterator contract without final-slice frame`: The remaining source-backed obligation is the iterator/chunk/predicate view abstraction over returned lazy mutable iterator state; the removed final(slice) frame is no longer part of the contract under proof. [status=actual_verus_verified_after_contract_repair; source=core/src/slice/mod.rs:2498-2503; core/src/slice/iter.rs:678-690,1031-1041,1110-1113,1214-1225; semantic-disposition=admissible-source-backed-support] TS-076-D003 trait_or_callback `F: FnMut(&T) -> bool`: The Rust constructors store but do not invoke the predicate. The harness preserves the callback bound and uses only the audited uninterpreted predicate-observation relation. [status=preserved_callback_signature_without_target_body_assumption; source=core/src/slice/mod.rs:2498-2503 and core/src/slice/iter.rs:678-690,1031-1041,1110-1113,1214-1225; semantic-disposition=admissible-source-backed-support] TS-076-D004 source_backed_iterator_view_boundary `repaired generated mutable-iterator contract without final-slice frame`: The remaining source-backed obligation is the iterator/chunk/predicate view abstraction over returned lazy mutable iterator state; the removed final(slice) frame is no longer part of the contract under proof. [status=actual_verus_verified_after_contract_repair; source=core/src/slice/mod.rs:2498-2503; core/src/slice/iter.rs:678-690,1031-1041,1110-1113,1214-1225; generated contract for <[T]>::rsplitn_mut; semantic-disposition=admissible-source-backed-support] TS-076-C001 source-indexed callee `RSplitMut::new`: core/src/slice/iter.rs:1040-1042 [status=body_preserved_in_harness_actual_verus_verified_after_contract_repair; semantic-disposition=context-only-source-closure]. TS-076-C002 source-indexed callee `SplitMut::new`: core/src/slice/iter.rs:689-691 [status=body_preserved_in_harness_actual_verus_verified_after_contract_repair; semantic-disposition=context-only-source-closure]. TS-076-C003 source-indexed callee `RSplitNMut::new`: core/src/slice/iter.rs:1223-1225 [status=body_preserved_in_harness_actual_verus_verified_after_contract_repair; semantic-disposition=context-only-source-closure].",The target definition must derive returned subranges and borrow observations from these inputs with source-backed transitions.,admissible,All executable trust sites are source-linked and semantically partial; context-only vocabulary and call-closure records are not admitted as Boundary_T observations.,yes,Every executable dependency and external-body contract is present in the frozen exhaustive audit and limited to a lower source transition; none supplies a complete branch or answer-equivalent target result.,exact-principal-return-and-final-state,"Principal return values, returned reference identities, and final-state observations are compared by exact equality.",,,,conditional-complete,conditional-complete
core::slice::select_nth_unstable,77,slice,all-20260815T0127Z-ascii-whitespace-vtab-repair,unknown,unstable-sort-or-selection-boundary,"unstable sort/select APIs guarantee ordering or partition plus permutation, not a unique permutation for equal keys or pivot-equivalent elements",sorting-and-selection,generated-new-real-relation-spec,B,"pub assume_specification<T: core::cmp::Ord>[ <[T]>::select_nth_unstable ]( slice: &mut [T], index: usize, ) -> (ret: (&mut [T], &mut T, &mut [T])) requires index < old(slice)@.len(), ensures final(slice)@ == final(ret.0)@ + seq![*final(ret.1)] + final(ret.2)@, final(ret.0)@.len() == index, *final(ret.1) == final(slice)@[index as int], final(ret.2)@.len() == old(slice)@.len() - (index as int) - 1, slice_permutation(old(slice)@, final(slice)@), slice_select_partition_ord(final(ret.0)@, *final(ret.1), final(ret.2)@), ;",e570c36bf97546100d3408a95ea9c5f821ba0aed6ebe0e63ef6358d7d713fdaf,"pub assume_specification<T: core::cmp::Ord>[ <[T]>::select_nth_unstable ]( slice: &mut [T], index: usize, ) -> (ret: (&mut [T], &mut T, &mut [T])) requires index < old(slice)@.len(), ensures final(slice)@ == final(ret.0)@ + seq![*final(ret.1)] + final(ret.2)@, final(ret.0)@.len() == index, *final(ret.1) == final(slice)@[index as int], final(ret.2)@.len() == old(slice)@.len() - (index as int) - 1, slice_permutation(old(slice)@, final(slice)@), slice_select_partition_ord(final(ret.0)@, *final(ret.1), final(ret.2)@), ;",e570c36bf97546100d3408a95ea9c5f821ba0aed6ebe0e63ef6358d7d713fdaf,no,active-catalog-and-generated-declaration,/home/chentianyu/nanvix-rust-std-spec-survey/nanvix-rust-std-slice-specgen-2026-08-11/specs/generated_slice_specs.rs,1213,1226,"pub assume_specification<T: core::cmp::Ord>[ <[T]>::select_nth_unstable ](
    slice: &mut [T],
    index: usize,
) -> (ret: (&mut [T], &mut T, &mut [T]))
    requires
        index < old(slice)@.len(),
    ensures
        final(slice)@ == final(ret.0)@ + seq![*final(ret.1)] + final(ret.2)@,
        final(ret.0)@.len() == index,
        *final(ret.1) == final(slice)@[index as int],
        final(ret.2)@.len() == old(slice)@.len() - (index as int) - 1,
        slice_permutation(old(slice)@, final(slice)@),
        slice_select_partition_ord(final(ret.0)@, *final(ret.1), final(ret.2)@),
;
",a3dc72f1e46e59cf8fb7d1119209bc33f51b6cfad13b7e3a3e69620aa3579ff5,/home/chentianyu/nanvix-rust-std-spec-survey/nanvix-rust-std-slice-specgen-2026-08-11/specs/slice_shared_vocabulary.rs,f47deb4c5da97621b87c7bbfb1909c5eda7303e8be0422fbe43fd6588fdf1c33,core/src/slice/mod.rs:3522,/home/chentianyu/nanvix-rust-std-spec-survey/rust-1.96/library/core/src/slice/mod.rs,58901fa6437dbd4d77c68427bbced0fc3a91a10fdb8bd2e233adf6a9ba27d2d5,3516,3521,dd55bbb0ec8084c8e81b3000133de113a2249b5c57d6ffa845cb5c5348909cd2,"    pub fn select_nth_unstable(&mut self, index: usize) -> (&mut [T], &mut T, &mut [T])
    where
        T: Ord,
    {
        sort::select::partition_at_index(self, index, T::lt)
    }
",core/src/slice/mod.rs:3461-3513,3461,3513,4aa7c4fa7c642d3384d542d278ce058e3672107098a172cd33ff05e19111051b,"Reorders the slice such that the element at `index` is at a sort-order position. All
elements before `index` will be `<=` to this value, and all elements after will be `>=` to
it.

This reordering is unstable (i.e. any element that compares equal to the nth element may end
up at that position), in-place (i.e.  does not allocate), and runs in *O*(*n*) time. This
function is also known as ""kth element"" in other libraries.

Returns a triple that partitions the reordered slice:

* The unsorted subslice before `index`, whose elements all satisfy `x <= self[index]`.

* The element at `index`.

* The unsorted subslice after `index`, whose elements all satisfy `x >= self[index]`.

# Current implementation

The current algorithm is an introselect implementation based on [ipnsort] by Lukas Bergdoll
and Orson Peters, which is also the basis for [`sort_unstable`]. The fallback algorithm is
Median of Medians using Tukey's Ninther for pivot selection, which guarantees linear runtime
for all inputs.

[`sort_unstable`]: slice::sort_unstable

# Panics

Panics when `index >= len()`, and so always panics on empty slices.

May panic if the implementation of [`Ord`] for `T` does not implement a [total order].

# Examples

```
let mut v = [-5i32, 4, 2, -3, 1];

// Find the items `<=` to the median, the median itself, and the items `>=` to it.
let (lesser, median, greater) = v.select_nth_unstable(2);

assert!(lesser == [-3, -5] || lesser == [-5, -3]);
assert_eq!(median, &mut 1);
assert!(greater == [4, 2] || greater == [2, 4]);

// We are only guaranteed the slice will be one of the following, based on the way we sort
// about the specified index.
assert!(v == [-3, -5, 1, 2, 4] ||
v == [-5, -3, 1, 2, 4] ||
v == [-3, -5, 1, 4, 2] ||
v == [-5, -3, 1, 4, 2]);
```

[ipnsort]: https://github.com/Voultapher/sort-research-rs/tree/main/ipnsort
[total order]: https://en.wikipedia.org/wiki/Total_order
",/home/chentianyu/nanvix-rust-std-spec-survey/nanvix-rust-std-slice-vec-implproof-2026-08-12/proof_harnesses/077_core_slice_select_nth_unstable/harness.rs,7aa08a799d0f53a1e268446d09e959faa13b6f702049062f46f1ac7358b9b419,/home/chentianyu/nanvix-rust-std-spec-survey/nanvix-rust-std-slice-vec-implproof-2026-08-12/proof_manifests/077_core_slice_select_nth_unstable/source_body.json,5ae8188037454041fe2b64ea57a45b7a83bbfb7a420203d494191b165da519e1,/home/chentianyu/nanvix-rust-std-spec-survey/nanvix-rust-std-slice-vec-implproof-2026-08-12/proof_manifests/077_core_slice_select_nth_unstable/transformation_manifest.json,d157d954a1680cb9baa358b0a7e87bfa6fad6b10ecb32a541accdf6bad02346d,/home/chentianyu/nanvix-rust-std-spec-survey/nanvix-rust-std-slice-vec-implproof-2026-08-12/proof_manifests/077_core_slice_select_nth_unstable/dependency_assumption_manifest.json,80e034cdede44df9374b60a58788805a9a676c67d4738ef9f6618308d1e31086,provenance/frozen/implproof/077_core_slice_select_nth_unstable/harness.rs,provenance/frozen/implproof/077_core_slice_select_nth_unstable/source_body.json,provenance/frozen/implproof/077_core_slice_select_nth_unstable/transformation_manifest.json,provenance/frozen/implproof/077_core_slice_select_nth_unstable/dependency_assumption_manifest.json,provenance/frozen/rust-1.96/library/core/src/slice/mod.rs,63,1,actual_verus_verified_modulo_source_backed_selection_partition_boundary_and_ord_lt_observation_boundary:proof_harnesses/077_core_slice_select_nth_unstable/evidence/verus_stdout.txt,"[""partition_at_index"",""T::lt""]",3,TS-077-D001;TS-077-D002;TS-077-D003,1,TS-077-C001,1,TS-077-E001,TS-077-D001;TS-077-D002;TS-077-D003;TS-077-C001;TS-077-E001,5,1,2,2,TS-077-D002;TS-077-E001,0,comparator_state_transition_v1,"[""callback or comparator arguments and results at source invocation sites"",""callback pre/post state transitions and panic observations"",""input element identity and initial sequence""]","Boundary_T fixes genuine comparator/callback observations and state transitions used by the proof. It never fixes pivots, swaps, a final permutation, the selected element, aggregate post-state, or a full algorithm trace. TS-077-D001 shared_contract_vocabulary `ord_cmp_observed;ord_leq_observed;slice_multiplicity;slice_permutation;slice_select_partition_ord`: The generated selection contract vocabulary is instantiated in the harness and attached to the private helper boundary and public target without using assume_specification. [status=existing_generated_contract_vocabulary_boundary; source=manifest-local; semantic-disposition=context-only-specification-vocabulary] TS-077-D002 source_backed_selection_partition_boundary `sort::select::partition_at_index`: The public target is executable and preserves the Rust 1.96 body `sort::select::partition_at_index(self, index, T::lt)`, adapted only to the explicit Verus receiver parameter. The recursive private introselect implementation in `partition_at_index` is not recursively proved here; its source-backed boundary carries the generated permutation, pivot-position, length, and Ord-partition facts. [status=minimal_trusted_boundary_until_private_selection_algorithm_is_recursively_proved; source=core/src/slice/mod.rs:3520; core/src/slice/sort/select.rs:17-59; semantic-disposition=inadmissible-answer-bearing-support] TS-077-D003 trait_or_callback `T::lt / Ord comparison observation`: The Rust target passes `T::lt` as the comparator to the private selection helper. The harness preserves that callback shape and records the Ord comparison relation through the audited uninterpreted observation vocabulary rather than assuming the public target body. [status=minimal_observation_boundary_for_ord_lt_callback; source=core/src/slice/mod.rs:3516-3521; semantic-disposition=admissible-source-backed-support] TS-077-C001 source-indexed callee `sort::select::partition_at_index`: core/src/slice/sort/select.rs:17-59 [status=source_backed_private_selection_partition_boundary; semantic-disposition=context-only-source-closure]. TS-077-E001 external_body `partition_at_index` at /home/chentianyu/nanvix-rust-std-spec-survey/nanvix-rust-std-slice-vec-implproof-2026-08-12/proof_harnesses/077_core_slice_select_nth_unstable/harness.rs:33 is an explicit trusted function body; backing dependency records=TS-077-D002; semantic-disposition=inadmissible-opaque-whole-algorithm.",The private sort/selection transitions must be modeled from Rust source; an opaque functionality relation is not admissible.,inadmissible,"Boundary_T must exclude or replace TS-077-D002, TS-077-E001 with recursively modeled lower transitions before a conditional-completeness obligation is admissible.",no,"Retained trust site(s) TS-077-D002, TS-077-E001 supply a complete target/branch postcondition or an answer-equivalent result, so the current proof boundary is not narrower than the target.",exact-principal-return-and-final-state,"Principal return values, returned reference identities, and final-state observations are compared by exact equality.",,,,conditional-incomplete,conditional-complete
core::slice::select_nth_unstable_by,78,slice,all-20260815T0127Z-ascii-whitespace-vtab-repair,unknown,unstable-sort-or-selection-boundary,"unstable sort/select APIs guarantee ordering or partition plus permutation, not a unique permutation for equal keys or pivot-equivalent elements",sorting-and-selection,generated-new-real-relation-spec,B,"pub assume_specification<T, F: core::ops::FnMut(&T, &T) -> core::cmp::Ordering>[ <[T]>::select_nth_unstable_by::<F> ]( slice: &mut [T], index: usize, compare: F, ) -> (ret: (&mut [T], &mut T, &mut [T])) requires index < old(slice)@.len(), ensures final(slice)@ == final(ret.0)@ + seq![*final(ret.1)] + final(ret.2)@, final(ret.0)@.len() == index, *final(ret.1) == final(slice)@[index as int], final(ret.2)@.len() == old(slice)@.len() - (index as int) - 1, slice_permutation(old(slice)@, final(slice)@), slice_select_partition_cmp( final(ret.0)@, *final(ret.1), final(ret.2)@, comparator_observation(compare, old(slice)@), ), ;",8d197563a2e9735beef3c52ff46ea5d3dd44da47b48e3b199654cf3c667490d7,"pub assume_specification<T, F: core::ops::FnMut(&T, &T) -> core::cmp::Ordering>[ <[T]>::select_nth_unstable_by::<F> ]( slice: &mut [T], index: usize, compare: F, ) -> (ret: (&mut [T], &mut T, &mut [T])) requires index < old(slice)@.len(), ensures final(slice)@ == final(ret.0)@ + seq![*final(ret.1)] + final(ret.2)@, final(ret.0)@.len() == index, *final(ret.1) == final(slice)@[index as int], final(ret.2)@.len() == old(slice)@.len() - (index as int) - 1, slice_permutation(old(slice)@, final(slice)@), slice_select_partition_cmp( final(ret.0)@, *final(ret.1), final(ret.2)@, comparator_observation(compare, old(slice)@), ), ;",8d197563a2e9735beef3c52ff46ea5d3dd44da47b48e3b199654cf3c667490d7,no,active-catalog-and-generated-declaration,/home/chentianyu/nanvix-rust-std-spec-survey/nanvix-rust-std-slice-specgen-2026-08-11/specs/generated_slice_specs.rs,1228,1249,"pub assume_specification<T, F: core::ops::FnMut(&T, &T) -> core::cmp::Ordering>[
    <[T]>::select_nth_unstable_by::<F>
](
    slice: &mut [T],
    index: usize,
    compare: F,
) -> (ret: (&mut [T], &mut T, &mut [T]))
    requires
        index < old(slice)@.len(),
    ensures
        final(slice)@ == final(ret.0)@ + seq![*final(ret.1)] + final(ret.2)@,
        final(ret.0)@.len() == index,
        *final(ret.1) == final(slice)@[index as int],
        final(ret.2)@.len() == old(slice)@.len() - (index as int) - 1,
        slice_permutation(old(slice)@, final(slice)@),
        slice_select_partition_cmp(
            final(ret.0)@,
            *final(ret.1),
            final(ret.2)@,
            comparator_observation(compare, old(slice)@),
        ),
;
",263f996a6ef405abd8b4b2e1f53b627c52fa583dc2e2a81969114450f999e07d,/home/chentianyu/nanvix-rust-std-spec-survey/nanvix-rust-std-slice-specgen-2026-08-11/specs/slice_shared_vocabulary.rs,f47deb4c5da97621b87c7bbfb1909c5eda7303e8be0422fbe43fd6588fdf1c33,core/src/slice/mod.rs:3587,/home/chentianyu/nanvix-rust-std-spec-survey/rust-1.96/library/core/src/slice/mod.rs,58901fa6437dbd4d77c68427bbced0fc3a91a10fdb8bd2e233adf6a9ba27d2d5,3581,3590,e747f8a086cd882588cd5afe9b1800c1ec90130423301aef03089f05e5623fca,"    pub fn select_nth_unstable_by<F>(
        &mut self,
        index: usize,
        mut compare: F,
    ) -> (&mut [T], &mut T, &mut [T])
    where
        F: FnMut(&T, &T) -> Ordering,
    {
        sort::select::partition_at_index(self, index, |a: &T, b: &T| compare(a, b) == Less)
    }
",core/src/slice/mod.rs:3523-3578,3523,3578,f528c0822cbe64101c16400312fa4db267eb04320bce5aedf4a70e90f95cfc43,"Reorders the slice with a comparator function such that the element at `index` is at a
sort-order position. All elements before `index` will be `<=` to this value, and all
elements after will be `>=` to it, according to the comparator function.

This reordering is unstable (i.e. any element that compares equal to the nth element may end
up at that position), in-place (i.e.  does not allocate), and runs in *O*(*n*) time. This
function is also known as ""kth element"" in other libraries.

Returns a triple partitioning the reordered slice:

* The unsorted subslice before `index`, whose elements all satisfy
`compare(x, self[index]).is_le()`.

* The element at `index`.

* The unsorted subslice after `index`, whose elements all satisfy
`compare(x, self[index]).is_ge()`.

# Current implementation

The current algorithm is an introselect implementation based on [ipnsort] by Lukas Bergdoll
and Orson Peters, which is also the basis for [`sort_unstable`]. The fallback algorithm is
Median of Medians using Tukey's Ninther for pivot selection, which guarantees linear runtime
for all inputs.

[`sort_unstable`]: slice::sort_unstable

# Panics

Panics when `index >= len()`, and so always panics on empty slices.

May panic if `compare` does not implement a [total order].

# Examples

```
let mut v = [-5i32, 4, 2, -3, 1];

// Find the items `>=` to the median, the median itself, and the items `<=` to it, by using
// a reversed comparator.
let (before, median, after) = v.select_nth_unstable_by(2, |a, b| b.cmp(a));

assert!(before == [4, 2] || before == [2, 4]);
assert_eq!(median, &mut 1);
assert!(after == [-3, -5] || after == [-5, -3]);

// We are only guaranteed the slice will be one of the following, based on the way we sort
// about the specified index.
assert!(v == [2, 4, 1, -5, -3] ||
v == [2, 4, 1, -3, -5] ||
v == [4, 2, 1, -5, -3] ||
v == [4, 2, 1, -3, -5]);
```

[ipnsort]: https://github.com/Voultapher/sort-research-rs/tree/main/ipnsort
[total order]: https://en.wikipedia.org/wiki/Total_order
",/home/chentianyu/nanvix-rust-std-spec-survey/nanvix-rust-std-slice-vec-implproof-2026-08-12/proof_harnesses/078_core_slice_select_nth_unstable_by/harness.rs,2f630c1c747db3e874e3fcb5c02e7db4faae15824c98f1cdf6480f803712499f,/home/chentianyu/nanvix-rust-std-spec-survey/nanvix-rust-std-slice-vec-implproof-2026-08-12/proof_manifests/078_core_slice_select_nth_unstable_by/source_body.json,4110f1604a1f583e9adb358bf33c5a60c6caa12e3b5f1ec96f570f841e642673,/home/chentianyu/nanvix-rust-std-spec-survey/nanvix-rust-std-slice-vec-implproof-2026-08-12/proof_manifests/078_core_slice_select_nth_unstable_by/transformation_manifest.json,2d15b9819630eea6a06a5045415f362ca40708546a6281c9dcff947a750cf5ca,/home/chentianyu/nanvix-rust-std-spec-survey/nanvix-rust-std-slice-vec-implproof-2026-08-12/proof_manifests/078_core_slice_select_nth_unstable_by/dependency_assumption_manifest.json,55e7a4d860f8d09bcfcce3108158c0a12a18d7206d5a29379b018c749d3e7e9f,provenance/frozen/implproof/078_core_slice_select_nth_unstable_by/harness.rs,provenance/frozen/implproof/078_core_slice_select_nth_unstable_by/source_body.json,provenance/frozen/implproof/078_core_slice_select_nth_unstable_by/transformation_manifest.json,provenance/frozen/implproof/078_core_slice_select_nth_unstable_by/dependency_assumption_manifest.json,provenance/frozen/rust-1.96/library/core/src/slice/mod.rs,64,1,actual_verus_verified_modulo_source_backed_selection_partition_boundary_and_fnmut_comparator_closure_observation_boundary:proof_harnesses/078_core_slice_select_nth_unstable_by/evidence/verus_stdout.txt,"[""compare"",""partition_at_index""]",4,TS-078-D001;TS-078-D002;TS-078-D003;TS-078-D004,1,TS-078-C001,1,TS-078-E001,TS-078-D001;TS-078-D002;TS-078-D003;TS-078-D004;TS-078-C001;TS-078-E001,6,1,2,3,TS-078-D002;TS-078-D003;TS-078-E001,0,comparator_state_transition_v1,"[""callback or comparator arguments and results at source invocation sites"",""callback pre/post state transitions and panic observations"",""input element identity and initial sequence""]","Boundary_T fixes genuine comparator/callback observations and state transitions used by the proof. It never fixes pivots, swaps, a final permutation, the selected element, aggregate post-state, or a full algorithm trace. TS-078-D001 shared_contract_vocabulary `comparator_leq_observed;comparator_observation;comparator_ordering_observed;ordering_rank;slice_multiplicity;slice_permutation;slice_select_partition_cmp`: The generated comparator-selection contract vocabulary is instantiated in the harness and attached to the private helper boundary and public target without using assume_specification. [status=existing_generated_contract_vocabulary_boundary; source=manifest-local; semantic-disposition=context-only-specification-vocabulary] TS-078-D002 verus_fnmut_comparator_closure_lowering_boundary `|a: &T, b: &T| compare(a, b) == core::cmp::Ordering::Less`: Rust 1.96 passes this FnMut comparator-to-bool closure to `sort::select::partition_at_index`. This Verus build rejects closures that capture a mutable FnMut comparator, so the harness lowers only that closure adapter to the named source-backed `partition_at_index_by_compare` boundary while preserving the comparator borrow, Less predicate, selection call intent, and public target postcondition. [status=minimal_verus_closure_lowering_boundary_for_fnmut_comparator; source=core/src/slice/mod.rs:3581-3590; semantic-disposition=inadmissible-answer-bearing-support] TS-078-D003 source_backed_selection_partition_boundary `sort::select::partition_at_index`: The recursive private introselect implementation in `partition_at_index` is not recursively proved here; its source-backed boundary carries the generated permutation, pivot-position, length, and comparator-partition facts. [status=minimal_trusted_boundary_until_private_selection_algorithm_is_recursively_proved; source=core/src/slice/mod.rs:3589; core/src/slice/sort/select.rs:17-59; semantic-disposition=inadmissible-answer-bearing-support] TS-078-D004 trait_or_callback `compare FnMut Ordering observation`: The Rust target receives an arbitrary `FnMut(&T, &T) -> Ordering` comparator. The harness records its relation through the audited comparator-observation vocabulary rather than assuming the public target body. [status=minimal_observation_boundary_for_fnmut_ordering_callback; source=core/src/slice/mod.rs:3581-3590; semantic-disposition=admissible-source-backed-support] TS-078-C001 source-indexed callee `sort::select::partition_at_index`: core/src/slice/sort/select.rs:17-59 [status=source_backed_private_selection_partition_boundary; semantic-disposition=context-only-source-closure]. TS-078-E001 external_body `partition_at_index_by_compare` at /home/chentianyu/nanvix-rust-std-spec-survey/nanvix-rust-std-slice-vec-implproof-2026-08-12/proof_harnesses/078_core_slice_select_nth_unstable_by/harness.rs:72 is an explicit trusted function body; backing dependency records=TS-078-D002;TS-078-D003; semantic-disposition=inadmissible-opaque-whole-algorithm.",The private sort/selection transitions must be modeled from Rust source; an opaque functionality relation is not admissible.,inadmissible,"Boundary_T must exclude or replace TS-078-D002, TS-078-D003, TS-078-E001 with recursively modeled lower transitions before a conditional-completeness obligation is admissible.",no,"Retained trust site(s) TS-078-D002, TS-078-D003, TS-078-E001 supply a complete target/branch postcondition or an answer-equivalent result, so the current proof boundary is not narrower than the target.",exact-principal-return-and-final-state,"Principal return values, returned reference identities, and final-state observations are compared by exact equality.",,,,missing-source-backed-model,missing-source-backed-model
core::slice::select_nth_unstable_by_key,79,slice,all-20260815T0127Z-ascii-whitespace-vtab-repair,unknown,unstable-sort-or-selection-boundary,"unstable sort/select APIs guarantee ordering or partition plus permutation, not a unique permutation for equal keys or pivot-equivalent elements",sorting-and-selection,generated-new-real-relation-spec,B,"pub assume_specification<T, K: core::cmp::Ord, F: core::ops::FnMut(&T) -> K>[ <[T]>::select_nth_unstable_by_key::<K, F> ]( slice: &mut [T], index: usize, f: F, ) -> (ret: (&mut [T], &mut T, &mut [T])) requires index < old(slice)@.len(), ensures final(slice)@ == final(ret.0)@ + seq![*final(ret.1)] + final(ret.2)@, final(ret.0)@.len() == index, *final(ret.1) == final(slice)@[index as int], final(ret.2)@.len() == old(slice)@.len() - (index as int) - 1, slice_permutation(old(slice)@, final(slice)@), slice_select_partition_key::<F, T, K>(final(ret.0)@, *final(ret.1), final(ret.2)@, f), ;",9366859a88badc5f8d8cdfb15fbc544ef81edb756429e14a887b1ce6c73e3e95,"pub assume_specification<T, K: core::cmp::Ord, F: core::ops::FnMut(&T) -> K>[ <[T]>::select_nth_unstable_by_key::<K, F> ]( slice: &mut [T], index: usize, f: F, ) -> (ret: (&mut [T], &mut T, &mut [T])) requires index < old(slice)@.len(), ensures final(slice)@ == final(ret.0)@ + seq![*final(ret.1)] + final(ret.2)@, final(ret.0)@.len() == index, *final(ret.1) == final(slice)@[index as int], final(ret.2)@.len() == old(slice)@.len() - (index as int) - 1, slice_permutation(old(slice)@, final(slice)@), slice_select_partition_key::<F, T, K>(final(ret.0)@, *final(ret.1), final(ret.2)@, f), ;",9366859a88badc5f8d8cdfb15fbc544ef81edb756429e14a887b1ce6c73e3e95,no,active-catalog-and-generated-declaration,/home/chentianyu/nanvix-rust-std-spec-survey/nanvix-rust-std-slice-specgen-2026-08-11/specs/generated_slice_specs.rs,1251,1267,"pub assume_specification<T, K: core::cmp::Ord, F: core::ops::FnMut(&T) -> K>[
    <[T]>::select_nth_unstable_by_key::<K, F>
](
    slice: &mut [T],
    index: usize,
    f: F,
) -> (ret: (&mut [T], &mut T, &mut [T]))
    requires
        index < old(slice)@.len(),
    ensures
        final(slice)@ == final(ret.0)@ + seq![*final(ret.1)] + final(ret.2)@,
        final(ret.0)@.len() == index,
        *final(ret.1) == final(slice)@[index as int],
        final(ret.2)@.len() == old(slice)@.len() - (index as int) - 1,
        slice_permutation(old(slice)@, final(slice)@),
        slice_select_partition_key::<F, T, K>(final(ret.0)@, *final(ret.1), final(ret.2)@, f),
;
",55fb6a26e71d339454a42384c02e407973876d44bbbf18ca6770207fae1b7a6e,/home/chentianyu/nanvix-rust-std-spec-survey/nanvix-rust-std-slice-specgen-2026-08-11/specs/slice_shared_vocabulary.rs,f47deb4c5da97621b87c7bbfb1909c5eda7303e8be0422fbe43fd6588fdf1c33,core/src/slice/mod.rs:3654,/home/chentianyu/nanvix-rust-std-spec-survey/rust-1.96/library/core/src/slice/mod.rs,58901fa6437dbd4d77c68427bbced0fc3a91a10fdb8bd2e233adf6a9ba27d2d5,3648,3658,eaf3bba68e8eb20e76011297d8822b6b064bb15d044d8e495442c3c759ffb061,"    pub fn select_nth_unstable_by_key<K, F>(
        &mut self,
        index: usize,
        mut f: F,
    ) -> (&mut [T], &mut T, &mut [T])
    where
        F: FnMut(&T) -> K,
        K: Ord,
    {
        sort::select::partition_at_index(self, index, |a: &T, b: &T| f(a).lt(&f(b)))
    }
",core/src/slice/mod.rs:3592-3645,3592,3645,ce2a4170642bdd137cf2b7f31540f8724e3f15b6c5aafdbf34a96a92dd9c8eae,"Reorders the slice with a key extraction function such that the element at `index` is at a
sort-order position. All elements before `index` will have keys `<=` to the key at `index`,
and all elements after will have keys `>=` to it.

This reordering is unstable (i.e. any element that compares equal to the nth element may end
up at that position), in-place (i.e.  does not allocate), and runs in *O*(*n*) time. This
function is also known as ""kth element"" in other libraries.

Returns a triple partitioning the reordered slice:

* The unsorted subslice before `index`, whose elements all satisfy `f(x) <= f(self[index])`.

* The element at `index`.

* The unsorted subslice after `index`, whose elements all satisfy `f(x) >= f(self[index])`.

# Current implementation

The current algorithm is an introselect implementation based on [ipnsort] by Lukas Bergdoll
and Orson Peters, which is also the basis for [`sort_unstable`]. The fallback algorithm is
Median of Medians using Tukey's Ninther for pivot selection, which guarantees linear runtime
for all inputs.

[`sort_unstable`]: slice::sort_unstable

# Panics

Panics when `index >= len()`, meaning it always panics on empty slices.

May panic if `K: Ord` does not implement a total order.

# Examples

```
let mut v = [-5i32, 4, 1, -3, 2];

// Find the items `<=` to the absolute median, the absolute median itself, and the items
// `>=` to it.
let (lesser, median, greater) = v.select_nth_unstable_by_key(2, |a| a.abs());

assert!(lesser == [1, 2] || lesser == [2, 1]);
assert_eq!(median, &mut -3);
assert!(greater == [4, -5] || greater == [-5, 4]);

// We are only guaranteed the slice will be one of the following, based on the way we sort
// about the specified index.
assert!(v == [1, 2, -3, 4, -5] ||
v == [1, 2, -3, -5, 4] ||
v == [2, 1, -3, 4, -5] ||
v == [2, 1, -3, -5, 4]);
```

[ipnsort]: https://github.com/Voultapher/sort-research-rs/tree/main/ipnsort
[total order]: https://en.wikipedia.org/wiki/Total_order
",/home/chentianyu/nanvix-rust-std-spec-survey/nanvix-rust-std-slice-vec-implproof-2026-08-12/proof_harnesses/079_core_slice_select_nth_unstable_by_key/harness.rs,37e01b1b0749abd3749ae4a851d3bfb3dd3a16082818f89e4b82715aa969b3fd,/home/chentianyu/nanvix-rust-std-spec-survey/nanvix-rust-std-slice-vec-implproof-2026-08-12/proof_manifests/079_core_slice_select_nth_unstable_by_key/source_body.json,56c5f346b42878d42ded518d721bb576f702c1601babff7eb61fe2a109d9cdbd,/home/chentianyu/nanvix-rust-std-spec-survey/nanvix-rust-std-slice-vec-implproof-2026-08-12/proof_manifests/079_core_slice_select_nth_unstable_by_key/transformation_manifest.json,0871e971e0a0008e26c796c303c36a7ebab1415d85bdbfd619e7cb42936b7d06,/home/chentianyu/nanvix-rust-std-spec-survey/nanvix-rust-std-slice-vec-implproof-2026-08-12/proof_manifests/079_core_slice_select_nth_unstable_by_key/dependency_assumption_manifest.json,c64045a4ae8cc2d56bdf12068c00c274074f14b80b20aab304f87c7ce3c6bada,provenance/frozen/implproof/079_core_slice_select_nth_unstable_by_key/harness.rs,provenance/frozen/implproof/079_core_slice_select_nth_unstable_by_key/source_body.json,provenance/frozen/implproof/079_core_slice_select_nth_unstable_by_key/transformation_manifest.json,provenance/frozen/implproof/079_core_slice_select_nth_unstable_by_key/dependency_assumption_manifest.json,provenance/frozen/rust-1.96/library/core/src/slice/mod.rs,65,1,actual_verus_verified_modulo_source_backed_selection_partition_boundary_and_fnmut_key_closure_observation_boundary:proof_harnesses/079_core_slice_select_nth_unstable_by_key/evidence/verus_stdout.txt,"[""f"",""lt"",""partition_at_index""]",4,TS-079-D001;TS-079-D002;TS-079-D003;TS-079-D004,1,TS-079-C001,1,TS-079-E001,TS-079-D001;TS-079-D002;TS-079-D003;TS-079-D004;TS-079-C001;TS-079-E001,6,1,2,3,TS-079-D002;TS-079-D003;TS-079-E001,0,comparator_state_transition_v1,"[""callback or comparator arguments and results at source invocation sites"",""callback pre/post state transitions and panic observations"",""input element identity and initial sequence""]","Boundary_T fixes genuine comparator/callback observations and state transitions used by the proof. It never fixes pivots, swaps, a final permutation, the selected element, aggregate post-state, or a full algorithm trace. TS-079-D001 shared_contract_vocabulary `fnmut_key_observed;ord_cmp_observed;ord_leq_observed;ordering_rank;slice_multiplicity;slice_permutation;slice_select_partition_key`: The generated key-selection contract vocabulary is instantiated in the harness and attached to the private helper boundary and public target without using assume_specification. [status=existing_generated_contract_vocabulary_boundary; source=manifest-local; semantic-disposition=context-only-specification-vocabulary] TS-079-D002 verus_fnmut_key_closure_lowering_boundary `|a: &T, b: &T| f(a).lt(&f(b))`: Rust 1.96 passes this mutable FnMut key-extraction closure to `sort::select::partition_at_index`. This Verus build rejects the exact captured FnMut key closure shape, so the harness lowers only that adapter to the named source-backed `partition_at_index_by_key` boundary while preserving the key-function value, Ord::lt comparison intent, selection call shape, and public target postcondition. [status=minimal_verus_closure_lowering_boundary_for_fnmut_key_ord_lt; source=core/src/slice/mod.rs:3648-3658; semantic-disposition=inadmissible-answer-bearing-support] TS-079-D003 source_backed_selection_partition_boundary `sort::select::partition_at_index`: The recursive private introselect implementation in `partition_at_index` is not recursively proved here; its source-backed boundary carries the generated permutation, pivot-position, length, and key-partition facts. [status=minimal_trusted_boundary_until_private_selection_algorithm_is_recursively_proved; source=core/src/slice/mod.rs:3657; core/src/slice/sort/select.rs:17-59; semantic-disposition=inadmissible-answer-bearing-support] TS-079-D004 trait_or_callback `FnMut key extraction plus Ord::lt observation`: The Rust target receives an arbitrary `FnMut(&T) -> K` key extractor and compares extracted keys using `Ord::lt`. The harness records the relation through audited key and Ord observation vocabulary rather than assuming the public target body. [status=minimal_observation_boundary_for_fnmut_key_and_ord_lt_callback; source=core/src/slice/mod.rs:3648-3658; semantic-disposition=admissible-source-backed-support] TS-079-C001 source-indexed callee `sort::select::partition_at_index`: core/src/slice/sort/select.rs:17-59 [status=source_backed_private_selection_partition_boundary; semantic-disposition=context-only-source-closure]. TS-079-E001 external_body `partition_at_index_by_key` at /home/chentianyu/nanvix-rust-std-spec-survey/nanvix-rust-std-slice-vec-implproof-2026-08-12/proof_harnesses/079_core_slice_select_nth_unstable_by_key/harness.rs:66 is an explicit trusted function body; backing dependency records=TS-079-D002;TS-079-D003; semantic-disposition=inadmissible-opaque-whole-algorithm.",The private sort/selection transitions must be modeled from Rust source; an opaque functionality relation is not admissible.,inadmissible,"Boundary_T must exclude or replace TS-079-D002, TS-079-D003, TS-079-E001 with recursively modeled lower transitions before a conditional-completeness obligation is admissible.",no,"Retained trust site(s) TS-079-D002, TS-079-D003, TS-079-E001 supply a complete target/branch postcondition or an answer-equivalent result, so the current proof boundary is not narrower than the target.",exact-principal-return-and-final-state,"Principal return values, returned reference identities, and final-state observations are compared by exact equality.",,,,missing-source-backed-model,missing-source-backed-model
core::slice::sort_unstable,80,slice,all-20260815T0127Z-ascii-whitespace-vtab-repair,unknown,unstable-sort-or-selection-boundary,"unstable sort/select APIs guarantee ordering or partition plus permutation, not a unique permutation for equal keys or pivot-equivalent elements",sorting-and-selection,generated-new-real-relation-spec,B,"pub assume_specification<T: core::cmp::Ord>[ <[T]>::sort_unstable ]( slice: &mut [T], ) ensures slice_permutation(old(slice)@, final(slice)@), slice_sorted_by_ord(final(slice)@), ;",877e37bea31dc31a92b85282f1d2f633c20aeb5391a5f1f02821cbfa0a09dd4b,"pub assume_specification<T: core::cmp::Ord>[ <[T]>::sort_unstable ]( slice: &mut [T], ) ensures slice_permutation(old(slice)@, final(slice)@), slice_sorted_by_ord(final(slice)@), ;",877e37bea31dc31a92b85282f1d2f633c20aeb5391a5f1f02821cbfa0a09dd4b,no,active-catalog-and-generated-declaration,/home/chentianyu/nanvix-rust-std-spec-survey/nanvix-rust-std-slice-specgen-2026-08-11/specs/generated_slice_specs.rs,1269,1275,"pub assume_specification<T: core::cmp::Ord>[ <[T]>::sort_unstable ](
    slice: &mut [T],
)
    ensures
        slice_permutation(old(slice)@, final(slice)@),
        slice_sorted_by_ord(final(slice)@),
;
",ff1e743b7698c03692e35b15f8a952d28370c22878b17a303d2b83cba6450123,/home/chentianyu/nanvix-rust-std-spec-survey/nanvix-rust-std-slice-specgen-2026-08-11/specs/slice_shared_vocabulary.rs,f47deb4c5da97621b87c7bbfb1909c5eda7303e8be0422fbe43fd6588fdf1c33,core/src/slice/mod.rs:3139,/home/chentianyu/nanvix-rust-std-spec-survey/rust-1.96/library/core/src/slice/mod.rs,58901fa6437dbd4d77c68427bbced0fc3a91a10fdb8bd2e233adf6a9ba27d2d5,3133,3138,5154b661dcc16f24263c4b635e0888ffc4be3015e2838c800eab883b6f352be6,"    pub fn sort_unstable(&mut self)
    where
        T: Ord,
    {
        sort::unstable::sort(self, &mut T::lt);
    }
",core/src/slice/mod.rs:3079-3130,3079,3130,47fa724b67b385199e15d494d5ac2a3c3a518c8d3a13128498ba610fc281f38f,"Sorts the slice in ascending order **without** preserving the initial order of equal elements.

This sort is unstable (i.e., may reorder equal elements), in-place (i.e., does not
allocate), and *O*(*n* \* log(*n*)) worst-case.

If the implementation of [`Ord`] for `T` does not implement a [total order], the function
may panic; even if the function exits normally, the resulting order of elements in the slice
is unspecified. See also the note on panicking below.

For example `|a, b| (a - b).cmp(a)` is a comparison function that is neither transitive nor
reflexive nor total, `a < b < c < a` with `a = 1, b = 2, c = 3`. For more information and
examples see the [`Ord`] documentation.


All original elements will remain in the slice and any possible modifications via interior
mutability are observed in the input. Same is true if the implementation of [`Ord`] for `T` panics.

Sorting types that only implement [`PartialOrd`] such as [`f32`] and [`f64`] require
additional precautions. For example, `f32::NAN != f32::NAN`, which doesn't fulfill the
reflexivity requirement of [`Ord`]. By using an alternative comparison function with
`slice::sort_unstable_by` such as [`f32::total_cmp`] or [`f64::total_cmp`] that defines a
[total order] users can sort slices containing floating-point values. Alternatively, if all
values in the slice are guaranteed to be in a subset for which [`PartialOrd::partial_cmp`]
forms a [total order], it's possible to sort the slice with `sort_unstable_by(|a, b|
a.partial_cmp(b).unwrap())`.

# Current implementation

The current implementation is based on [ipnsort] by Lukas Bergdoll and Orson Peters, which
combines the fast average case of quicksort with the fast worst case of heapsort, achieving
linear time on fully sorted and reversed inputs. On inputs with k distinct elements, the
expected time to sort the data is *O*(*n* \* log(*k*)).

It is typically faster than stable sorting, except in a few special cases, e.g., when the
slice is partially sorted.

# Panics

May panic if the implementation of [`Ord`] for `T` does not implement a [total order], or if
the [`Ord`] implementation panics.

# Examples

```
let mut v = [4, -5, 1, -3, 2];

v.sort_unstable();
assert_eq!(v, [-5, -3, 1, 2, 4]);
```

[ipnsort]: https://github.com/Voultapher/sort-research-rs/tree/main/ipnsort
[total order]: https://en.wikipedia.org/wiki/Total_order
",/home/chentianyu/nanvix-rust-std-spec-survey/nanvix-rust-std-slice-vec-implproof-2026-08-12/proof_harnesses/080_core_slice_sort_unstable/harness.rs,f33612f224f9be9a0c02c95f3f8584dcc9c3f9cc17e0b015baaa3c480c5747df,/home/chentianyu/nanvix-rust-std-spec-survey/nanvix-rust-std-slice-vec-implproof-2026-08-12/proof_manifests/080_core_slice_sort_unstable/source_body.json,6ead6355ed7cd89d67f547b3111b51d1cd19ece03031b46c656d10008d014439,/home/chentianyu/nanvix-rust-std-spec-survey/nanvix-rust-std-slice-vec-implproof-2026-08-12/proof_manifests/080_core_slice_sort_unstable/transformation_manifest.json,55380c3e1083b954e02dd152d3566d557486558067d999d8c6434d9ea6315b01,/home/chentianyu/nanvix-rust-std-spec-survey/nanvix-rust-std-slice-vec-implproof-2026-08-12/proof_manifests/080_core_slice_sort_unstable/dependency_assumption_manifest.json,5698607a6ce4c24db9d78438aa95d0191bc2b5e4896258015ff568d49e9c6b58,provenance/frozen/implproof/080_core_slice_sort_unstable/harness.rs,provenance/frozen/implproof/080_core_slice_sort_unstable/source_body.json,provenance/frozen/implproof/080_core_slice_sort_unstable/transformation_manifest.json,provenance/frozen/implproof/080_core_slice_sort_unstable/dependency_assumption_manifest.json,provenance/frozen/rust-1.96/library/core/src/slice/mod.rs,66,1,actual_verus_verified_modulo_source_backed_unstable_sort_boundary_and_ord_lt_observation_boundary:proof_harnesses/080_core_slice_sort_unstable/evidence/verus_stdout.txt,"[""lt"",""sort""]",3,TS-080-D001;TS-080-D002;TS-080-D003,1,TS-080-C001,1,TS-080-E001,TS-080-D001;TS-080-D002;TS-080-D003;TS-080-C001;TS-080-E001,5,1,2,2,TS-080-D002;TS-080-E001,0,comparator_state_transition_v1,"[""callback or comparator arguments and results at source invocation sites"",""callback pre/post state transitions and panic observations"",""input element identity and initial sequence""]","Boundary_T fixes genuine comparator/callback observations and state transitions used by the proof. It never fixes pivots, swaps, a final permutation, the selected element, aggregate post-state, or a full algorithm trace. TS-080-D001 shared_contract_vocabulary `ord_cmp_observed;ord_leq_observed;slice_multiplicity;slice_permutation;slice_sorted_by_ord`: The generated unstable-sort contract vocabulary is instantiated in the harness and attached to the private helper boundary and public target without using assume_specification. [status=existing_generated_contract_vocabulary_boundary; source=manifest-local; semantic-disposition=context-only-specification-vocabulary] TS-080-D002 source_backed_unstable_sort_boundary `sort::unstable::sort`: The recursive private unstable sorting implementation is not recursively proved here; its source-backed boundary carries only the generated permutation and sorted-by-Ord facts required by the public target contract. [status=minimal_trusted_boundary_until_private_unstable_sort_algorithm_is_recursively_proved; source=core/src/slice/mod.rs:3136-3138; core/src/slice/sort/unstable/mod.rs:22-58; semantic-disposition=inadmissible-answer-bearing-support] TS-080-D003 trait_or_callback `Ord::lt observation`: The Rust target compares elements through `T::lt`. The harness preserves the `sort::unstable::sort(slice, &mut T::lt)` call and records the relation through audited Ord observation vocabulary rather than assuming the public target body. [status=minimal_observation_boundary_for_ord_lt_callback; source=core/src/slice/mod.rs:3136-3138; semantic-disposition=admissible-source-backed-support] TS-080-C001 source-indexed callee `sort::unstable::sort`: core/src/slice/sort/unstable/mod.rs:22-58 [status=source_backed_private_unstable_sort_boundary; semantic-disposition=context-only-source-closure]. TS-080-E001 external_body `sort` at /home/chentianyu/nanvix-rust-std-spec-survey/nanvix-rust-std-slice-vec-implproof-2026-08-12/proof_harnesses/080_core_slice_sort_unstable/harness.rs:29 is an explicit trusted function body; backing dependency records=TS-080-D002; semantic-disposition=inadmissible-opaque-whole-algorithm.",The private sort/selection transitions must be modeled from Rust source; an opaque functionality relation is not admissible.,inadmissible,"Boundary_T must exclude or replace TS-080-D002, TS-080-E001 with recursively modeled lower transitions before a conditional-completeness obligation is admissible.",no,"Retained trust site(s) TS-080-D002, TS-080-E001 supply a complete target/branch postcondition or an answer-equivalent result, so the current proof boundary is not narrower than the target.",equal-key-reordering-equivalence,"Unit return, exact identity multiplicities over both result sequences, position-wise key order, callback state, and all non-tie observations remain exact; only identities within an equal-key class may reorder.",core/src/slice/mod.rs:3079-3130,evidence/equivalence/unstable_sort_equal_keys.positive.smt2,evidence/equivalence/unstable_sort_equal_keys.negative.smt2,conditional-incomplete,conditional-complete
core::slice::sort_unstable_by,81,slice,all-20260815T0127Z-ascii-whitespace-vtab-repair,unknown,unstable-sort-or-selection-boundary,"unstable sort/select APIs guarantee ordering or partition plus permutation, not a unique permutation for equal keys or pivot-equivalent elements",sorting-and-selection,generated-new-real-relation-spec,B,"pub assume_specification<T, F: core::ops::FnMut(&T, &T) -> core::cmp::Ordering>[ <[T]>::sort_unstable_by::<F> ]( slice: &mut [T], compare: F, ) ensures slice_permutation(old(slice)@, final(slice)@), slice_sorted_by_cmp(final(slice)@, comparator_observation(compare, old(slice)@)), ;",420e250d3b0ae471b64eb3d6474588eaec8acfc7644b5c1dd4420e4c1b2c0597,"pub assume_specification<T, F: core::ops::FnMut(&T, &T) -> core::cmp::Ordering>[ <[T]>::sort_unstable_by::<F> ]( slice: &mut [T], compare: F, ) ensures slice_permutation(old(slice)@, final(slice)@), slice_sorted_by_cmp(final(slice)@, comparator_observation(compare, old(slice)@)), ;",420e250d3b0ae471b64eb3d6474588eaec8acfc7644b5c1dd4420e4c1b2c0597,no,active-catalog-and-generated-declaration,/home/chentianyu/nanvix-rust-std-spec-survey/nanvix-rust-std-slice-specgen-2026-08-11/specs/generated_slice_specs.rs,1277,1286,"pub assume_specification<T, F: core::ops::FnMut(&T, &T) -> core::cmp::Ordering>[
    <[T]>::sort_unstable_by::<F>
](
    slice: &mut [T],
    compare: F,
)
    ensures
        slice_permutation(old(slice)@, final(slice)@),
        slice_sorted_by_cmp(final(slice)@, comparator_observation(compare, old(slice)@)),
;
",3584d1fbcdd9af09c9f6b6ad5c7279a4c9af07b92aa85bda7295849bbb0a2cc2,/home/chentianyu/nanvix-rust-std-spec-survey/nanvix-rust-std-slice-specgen-2026-08-11/specs/slice_shared_vocabulary.rs,f47deb4c5da97621b87c7bbfb1909c5eda7303e8be0422fbe43fd6588fdf1c33,core/src/slice/mod.rs:3194,/home/chentianyu/nanvix-rust-std-spec-survey/rust-1.96/library/core/src/slice/mod.rs,58901fa6437dbd4d77c68427bbced0fc3a91a10fdb8bd2e233adf6a9ba27d2d5,3188,3193,92008bd2d8e9d1bb3d95e3585474f6c372dc276528c919693bdfcfd21f8863ed,"    pub fn sort_unstable_by<F>(&mut self, mut compare: F)
    where
        F: FnMut(&T, &T) -> Ordering,
    {
        sort::unstable::sort(self, &mut |a, b| compare(a, b) == Ordering::Less);
    }
",core/src/slice/mod.rs:3140-3185,3140,3185,d68613414c99356001ed6c7c7f611aab76595079bd2bd2e6476280cf899521ff,"Sorts the slice in ascending order with a comparison function, **without** preserving the
initial order of equal elements.

This sort is unstable (i.e., may reorder equal elements), in-place (i.e., does not
allocate), and *O*(*n* \* log(*n*)) worst-case.

If the comparison function `compare` does not implement a [total order], the function
may panic; even if the function exits normally, the resulting order of elements in the slice
is unspecified. See also the note on panicking below.

For example `|a, b| (a - b).cmp(a)` is a comparison function that is neither transitive nor
reflexive nor total, `a < b < c < a` with `a = 1, b = 2, c = 3`. For more information and
examples see the [`Ord`] documentation.

All original elements will remain in the slice and any possible modifications via interior
mutability are observed in the input. Same is true if `compare` panics.

# Current implementation

The current implementation is based on [ipnsort] by Lukas Bergdoll and Orson Peters, which
combines the fast average case of quicksort with the fast worst case of heapsort, achieving
linear time on fully sorted and reversed inputs. On inputs with k distinct elements, the
expected time to sort the data is *O*(*n* \* log(*k*)).

It is typically faster than stable sorting, except in a few special cases, e.g., when the
slice is partially sorted.

# Panics

May panic if the `compare` does not implement a [total order], or if
the `compare` itself panics.

# Examples

```
let mut v = [4, -5, 1, -3, 2];
v.sort_unstable_by(|a, b| a.cmp(b));
assert_eq!(v, [-5, -3, 1, 2, 4]);

// reverse sorting
v.sort_unstable_by(|a, b| b.cmp(a));
assert_eq!(v, [4, 2, 1, -3, -5]);
```

[ipnsort]: https://github.com/Voultapher/sort-research-rs/tree/main/ipnsort
[total order]: https://en.wikipedia.org/wiki/Total_order
",/home/chentianyu/nanvix-rust-std-spec-survey/nanvix-rust-std-slice-vec-implproof-2026-08-12/proof_harnesses/081_core_slice_sort_unstable_by/harness.rs,a6c102c41577a0b228d193c5cd3ae471a37ed1bf5627ed4757569f115e3c6ac0,/home/chentianyu/nanvix-rust-std-spec-survey/nanvix-rust-std-slice-vec-implproof-2026-08-12/proof_manifests/081_core_slice_sort_unstable_by/source_body.json,c493d1fa18dee964cec8b508b4d42c467c898ca6d69c1a8473ba5c23afa51c10,/home/chentianyu/nanvix-rust-std-spec-survey/nanvix-rust-std-slice-vec-implproof-2026-08-12/proof_manifests/081_core_slice_sort_unstable_by/transformation_manifest.json,605dbda92a23f69c3f0c5a455ceae486b7b45b00685a0cac5267819b162ac324,/home/chentianyu/nanvix-rust-std-spec-survey/nanvix-rust-std-slice-vec-implproof-2026-08-12/proof_manifests/081_core_slice_sort_unstable_by/dependency_assumption_manifest.json,3c45fd9df13f723bc3fde9d6dcb423d2710cc34f73b804ae0e314958909e0c3c,provenance/frozen/implproof/081_core_slice_sort_unstable_by/harness.rs,provenance/frozen/implproof/081_core_slice_sort_unstable_by/source_body.json,provenance/frozen/implproof/081_core_slice_sort_unstable_by/transformation_manifest.json,provenance/frozen/implproof/081_core_slice_sort_unstable_by/dependency_assumption_manifest.json,provenance/frozen/rust-1.96/library/core/src/slice/mod.rs,67,1,actual_verus_verified_modulo_source_backed_unstable_sort_boundary_and_fnmut_comparator_closure_observation_boundary:proof_harnesses/081_core_slice_sort_unstable_by/evidence/verus_stdout.txt,"[""compare"",""sort""]",4,TS-081-D001;TS-081-D002;TS-081-D003;TS-081-D004,1,TS-081-C001,1,TS-081-E001,TS-081-D001;TS-081-D002;TS-081-D003;TS-081-D004;TS-081-C001;TS-081-E001,6,1,2,3,TS-081-D002;TS-081-D003;TS-081-E001,0,comparator_state_transition_v1,"[""callback or comparator arguments and results at source invocation sites"",""callback pre/post state transitions and panic observations"",""input element identity and initial sequence""]","Boundary_T fixes genuine comparator/callback observations and state transitions used by the proof. It never fixes pivots, swaps, a final permutation, the selected element, aggregate post-state, or a full algorithm trace. TS-081-D001 shared_contract_vocabulary `comparator_leq_observed;comparator_observation;comparator_ordering_observed;ordering_rank;slice_multiplicity;slice_permutation;slice_sorted_by_cmp`: The generated comparator-sort contract vocabulary is instantiated in the harness and attached to the private helper boundary and public target without a specification assumption. [status=existing_generated_contract_vocabulary_boundary; source=manifest-local; semantic-disposition=context-only-specification-vocabulary] TS-081-D002 verus_fnmut_comparator_closure_lowering_boundary `|a: &T, b: &T| compare(a, b) == core::cmp::Ordering::Less`: Rust 1.96 passes this FnMut comparator-to-bool closure to `sort::unstable::sort`. This Verus build rejects closures that capture a mutable FnMut comparator, so the harness lowers only that closure adapter to the named source-backed unstable-sort boundary while preserving the comparator borrow, Less predicate, sort call intent, and public target postcondition. [status=minimal_verus_closure_lowering_boundary_for_fnmut_comparator; source=core/src/slice/mod.rs:3188-3193; semantic-disposition=inadmissible-answer-bearing-support] TS-081-D003 source_backed_unstable_sort_boundary `sort::unstable::sort`: The recursive private unstable sorting implementation is not recursively proved here; its source-backed boundary carries only the generated permutation and comparator-observation sortedness facts required by the public target contract. [status=minimal_trusted_boundary_until_private_unstable_sort_algorithm_is_recursively_proved; source=core/src/slice/mod.rs:3193; core/src/slice/sort/unstable/mod.rs:22-58; semantic-disposition=inadmissible-answer-bearing-support] TS-081-D004 trait_or_callback `compare FnMut Ordering observation`: The Rust target receives an arbitrary `FnMut(&T, &T) -> Ordering` comparator. The harness records its relation through the audited comparator-observation vocabulary rather than assuming the public target body. [status=minimal_observation_boundary_for_fnmut_ordering_callback; source=core/src/slice/mod.rs:3188-3193; semantic-disposition=admissible-source-backed-support] TS-081-C001 source-indexed callee `sort::unstable::sort`: core/src/slice/sort/unstable/mod.rs:22-58 [status=source_backed_private_unstable_sort_boundary; semantic-disposition=context-only-source-closure]. TS-081-E001 external_body `sort` at /home/chentianyu/nanvix-rust-std-spec-survey/nanvix-rust-std-slice-vec-implproof-2026-08-12/proof_harnesses/081_core_slice_sort_unstable_by/harness.rs:65 is an explicit trusted function body; backing dependency records=TS-081-D002;TS-081-D003; semantic-disposition=inadmissible-opaque-whole-algorithm.",The private sort/selection transitions must be modeled from Rust source; an opaque functionality relation is not admissible.,inadmissible,"Boundary_T must exclude or replace TS-081-D002, TS-081-D003, TS-081-E001 with recursively modeled lower transitions before a conditional-completeness obligation is admissible.",no,"Retained trust site(s) TS-081-D002, TS-081-D003, TS-081-E001 supply a complete target/branch postcondition or an answer-equivalent result, so the current proof boundary is not narrower than the target.",equal-key-reordering-equivalence,"Unit return, exact identity multiplicities over both result sequences, position-wise key order, callback state, and all non-tie observations remain exact; only identities within an equal-key class may reorder.",core/src/slice/mod.rs:3140-3185,evidence/equivalence/unstable_sort_equal_keys.positive.smt2,evidence/equivalence/unstable_sort_equal_keys.negative.smt2,conditional-incomplete,conditional-incomplete
core::slice::sort_unstable_by_key,82,slice,all-20260815T0127Z-ascii-whitespace-vtab-repair,unknown,unstable-sort-or-selection-boundary,"unstable sort/select APIs guarantee ordering or partition plus permutation, not a unique permutation for equal keys or pivot-equivalent elements",sorting-and-selection,generated-new-real-relation-spec,B,"pub assume_specification<T, K: core::cmp::Ord, F: core::ops::FnMut(&T) -> K>[ <[T]>::sort_unstable_by_key::<K, F> ]( slice: &mut [T], f: F, ) ensures slice_permutation(old(slice)@, final(slice)@), slice_sorted_by_key::<F, T, K>(final(slice)@, f), ;",019252db65344fd8830ffbbd90d127355a93541c6fbfab3fde3e6b3abe16e8ae,"pub assume_specification<T, K: core::cmp::Ord, F: core::ops::FnMut(&T) -> K>[ <[T]>::sort_unstable_by_key::<K, F> ]( slice: &mut [T], f: F, ) ensures slice_permutation(old(slice)@, final(slice)@), slice_sorted_by_key::<F, T, K>(final(slice)@, f), ;",019252db65344fd8830ffbbd90d127355a93541c6fbfab3fde3e6b3abe16e8ae,no,active-catalog-and-generated-declaration,/home/chentianyu/nanvix-rust-std-spec-survey/nanvix-rust-std-slice-specgen-2026-08-11/specs/generated_slice_specs.rs,1288,1297,"pub assume_specification<T, K: core::cmp::Ord, F: core::ops::FnMut(&T) -> K>[
    <[T]>::sort_unstable_by_key::<K, F>
](
    slice: &mut [T],
    f: F,
)
    ensures
        slice_permutation(old(slice)@, final(slice)@),
        slice_sorted_by_key::<F, T, K>(final(slice)@, f),
;
",39e5c67a4f4fa3f91eb67b085f75c926b74b542d216b700504d95448e89aab71,/home/chentianyu/nanvix-rust-std-spec-survey/nanvix-rust-std-slice-specgen-2026-08-11/specs/slice_shared_vocabulary.rs,f47deb4c5da97621b87c7bbfb1909c5eda7303e8be0422fbe43fd6588fdf1c33,core/src/slice/mod.rs:3246,/home/chentianyu/nanvix-rust-std-spec-survey/rust-1.96/library/core/src/slice/mod.rs,58901fa6437dbd4d77c68427bbced0fc3a91a10fdb8bd2e233adf6a9ba27d2d5,3240,3246,a1709e9e61a25c52c3235a85bf2c15daf80785ec749e7f9bed299596413c074e,"    pub fn sort_unstable_by_key<K, F>(&mut self, mut f: F)
    where
        F: FnMut(&T) -> K,
        K: Ord,
    {
        sort::unstable::sort(self, &mut |a, b| f(a).lt(&f(b)));
    }
",core/src/slice/mod.rs:3195-3237,3195,3237,8fe78c64554f0f23abcda790043a2245724ec6a3e001ee35f573b928ebe241ec,"Sorts the slice in ascending order with a key extraction function, **without** preserving
the initial order of equal elements.

This sort is unstable (i.e., may reorder equal elements), in-place (i.e., does not
allocate), and *O*(*n* \* log(*n*)) worst-case.

If the implementation of [`Ord`] for `K` does not implement a [total order], the function
may panic; even if the function exits normally, the resulting order of elements in the slice
is unspecified. See also the note on panicking below.

For example `|a, b| (a - b).cmp(a)` is a comparison function that is neither transitive nor
reflexive nor total, `a < b < c < a` with `a = 1, b = 2, c = 3`. For more information and
examples see the [`Ord`] documentation.

All original elements will remain in the slice and any possible modifications via interior
mutability are observed in the input. Same is true if the implementation of [`Ord`] for `K` panics.

# Current implementation

The current implementation is based on [ipnsort] by Lukas Bergdoll and Orson Peters, which
combines the fast average case of quicksort with the fast worst case of heapsort, achieving
linear time on fully sorted and reversed inputs. On inputs with k distinct elements, the
expected time to sort the data is *O*(*n* \* log(*k*)).

It is typically faster than stable sorting, except in a few special cases, e.g., when the
slice is partially sorted.

# Panics

May panic if the implementation of [`Ord`] for `K` does not implement a [total order], or if
the [`Ord`] implementation panics.

# Examples

```
let mut v = [4i32, -5, 1, -3, 2];

v.sort_unstable_by_key(|k| k.abs());
assert_eq!(v, [1, 2, -3, 4, -5]);
```

[ipnsort]: https://github.com/Voultapher/sort-research-rs/tree/main/ipnsort
[total order]: https://en.wikipedia.org/wiki/Total_order
",/home/chentianyu/nanvix-rust-std-spec-survey/nanvix-rust-std-slice-vec-implproof-2026-08-12/proof_harnesses/082_core_slice_sort_unstable_by_key/harness.rs,88519f55b9b7374707b758bed4b244c175c3c7d632fd8a32c424172ed9557f8d,/home/chentianyu/nanvix-rust-std-spec-survey/nanvix-rust-std-slice-vec-implproof-2026-08-12/proof_manifests/082_core_slice_sort_unstable_by_key/source_body.json,4e4c263af9e2af962719c6405d6d97b12704eecb3b3d4a36957fe8cb17bc8065,/home/chentianyu/nanvix-rust-std-spec-survey/nanvix-rust-std-slice-vec-implproof-2026-08-12/proof_manifests/082_core_slice_sort_unstable_by_key/transformation_manifest.json,5ea34676055bff5d57e6a3c8d96d4cba394654ecd409be487ff83c78db83827f,/home/chentianyu/nanvix-rust-std-spec-survey/nanvix-rust-std-slice-vec-implproof-2026-08-12/proof_manifests/082_core_slice_sort_unstable_by_key/dependency_assumption_manifest.json,0cd7fd978b9e68f53fb9048eb9976978f0de3e931ec1db8a38c60ee966ef6f46,provenance/frozen/implproof/082_core_slice_sort_unstable_by_key/harness.rs,provenance/frozen/implproof/082_core_slice_sort_unstable_by_key/source_body.json,provenance/frozen/implproof/082_core_slice_sort_unstable_by_key/transformation_manifest.json,provenance/frozen/implproof/082_core_slice_sort_unstable_by_key/dependency_assumption_manifest.json,provenance/frozen/rust-1.96/library/core/src/slice/mod.rs,68,1,actual_verus_verified_modulo_source_backed_unstable_sort_boundary_and_fnmut_key_ord_observation_boundary:proof_harnesses/082_core_slice_sort_unstable_by_key/evidence/verus_stdout.txt,"[""f"",""lt"",""sort""]",4,TS-082-D001;TS-082-D002;TS-082-D003;TS-082-D004,1,TS-082-C001,1,TS-082-E001,TS-082-D001;TS-082-D002;TS-082-D003;TS-082-D004;TS-082-C001;TS-082-E001,6,1,2,3,TS-082-D002;TS-082-D003;TS-082-E001,0,comparator_state_transition_v1,"[""callback or comparator arguments and results at source invocation sites"",""callback pre/post state transitions and panic observations"",""input element identity and initial sequence""]","Boundary_T fixes genuine comparator/callback observations and state transitions used by the proof. It never fixes pivots, swaps, a final permutation, the selected element, aggregate post-state, or a full algorithm trace. TS-082-D001 shared_contract_vocabulary `fnmut_key_observed;ord_cmp_observed;ord_leq_observed;ordering_rank;slice_multiplicity;slice_permutation;slice_sorted_by_key`: The generated key-sort contract vocabulary is instantiated in the harness and attached to the private helper boundary and public target without a specification assumption. [status=existing_generated_contract_vocabulary_boundary; source=manifest-local; semantic-disposition=context-only-specification-vocabulary] TS-082-D002 verus_fnmut_key_ord_closure_lowering_boundary `|a: &T, b: &T| f(a).lt(&f(b))`: Rust 1.96 passes this FnMut key extraction plus Ord::lt closure to `sort::unstable::sort`. This Verus build rejects closures that capture a mutable FnMut key function and then call Ord::lt on the extracted keys, so the harness lowers only that closure adapter to the named key-observation boundary while preserving the key extraction, Less predicate, sort call intent, and public target postcondition. [status=minimal_verus_closure_lowering_boundary_for_fnmut_key_ord_observation; source=core/src/slice/mod.rs:3240-3246; semantic-disposition=inadmissible-answer-bearing-support] TS-082-D003 source_backed_unstable_sort_boundary `sort::unstable::sort`: The recursive private unstable sorting implementation is not recursively proved here; its source-backed boundary carries only the generated permutation and key-observation sortedness facts required by the public target contract. [status=minimal_trusted_boundary_until_private_unstable_sort_algorithm_is_recursively_proved; source=core/src/slice/mod.rs:3246; core/src/slice/sort/unstable/mod.rs:22-58; semantic-disposition=inadmissible-answer-bearing-support] TS-082-D004 trait_or_callback `FnMut key extraction and Ord::lt observation`: The Rust target receives an arbitrary `FnMut(&T) -> K` key function and compares keys with `K: Ord`. The harness records the relation through the audited key/Ord observation vocabulary rather than assuming the public target body. [status=minimal_observation_boundary_for_fnmut_key_and_ord_callback; source=core/src/slice/mod.rs:3240-3246; semantic-disposition=admissible-source-backed-support] TS-082-C001 source-indexed callee `sort::unstable::sort`: core/src/slice/sort/unstable/mod.rs:22-58 [status=source_backed_private_unstable_sort_boundary; semantic-disposition=context-only-source-closure]. TS-082-E001 external_body `sort` at /home/chentianyu/nanvix-rust-std-spec-survey/nanvix-rust-std-slice-vec-implproof-2026-08-12/proof_harnesses/082_core_slice_sort_unstable_by_key/harness.rs:96 is an explicit trusted function body; backing dependency records=TS-082-D002;TS-082-D003; semantic-disposition=inadmissible-opaque-whole-algorithm.",The private sort/selection transitions must be modeled from Rust source; an opaque functionality relation is not admissible.,inadmissible,"Boundary_T must exclude or replace TS-082-D002, TS-082-D003, TS-082-E001 with recursively modeled lower transitions before a conditional-completeness obligation is admissible.",no,"Retained trust site(s) TS-082-D002, TS-082-D003, TS-082-E001 supply a complete target/branch postcondition or an answer-equivalent result, so the current proof boundary is not narrower than the target.",equal-key-reordering-equivalence,"Unit return, exact identity multiplicities over both result sequences, position-wise key order, callback state, and all non-tie observations remain exact; only identities within an equal-key class may reorder.",core/src/slice/mod.rs:3195-3237,evidence/equivalence/unstable_sort_equal_keys.positive.smt2,evidence/equivalence/unstable_sort_equal_keys.negative.smt2,conditional-incomplete,conditional-complete
core::slice::split_at_mut_checked,85,slice,all-20260815T0127Z-ascii-whitespace-vtab-repair,unknown,iterator-or-subslice-state-boundary,"contract fixes source/remaining/subrange state, but the Rust iterator, chunk, split, or borrowed subslice value retains opaque runtime/lifetime state",iterator-splitting-and-chunking,generated-new-real-relation-spec,B,"pub assume_specification<T>[ <[T]>::split_at_mut_checked ]( slice: &mut [T], mid: usize, ) -> (ret: Option<(&mut [T], &mut [T])>) ensures mid <= old(slice)@.len() ==> ret.is_some() && ret.unwrap().0@ == old(slice)@.subrange(0, mid as int) && ret.unwrap().1@ == old(slice)@.subrange(mid as int, old(slice)@.len() as int) && final(slice)@ == final(ret.unwrap().0)@ + final(ret.unwrap().1)@, mid > old(slice)@.len() ==> ret.is_none() && final(slice)@ == old(slice)@, ;",f545d70fd2f00566e6847d457980a532ef48cdc82fe2e12eba1be9ccff4aebd6,"pub assume_specification<T>[ <[T]>::split_at_mut_checked ]( slice: &mut [T], mid: usize, ) -> (ret: Option<(&mut [T], &mut [T])>) ensures mid <= old(slice)@.len() ==> ret.is_some() && ret.unwrap().0@ == old(slice)@.subrange(0, mid as int) && ret.unwrap().1@ == old(slice)@.subrange(mid as int, old(slice)@.len() as int) && final(slice)@ == final(ret.unwrap().0)@ + final(ret.unwrap().1)@, mid > old(slice)@.len() ==> ret.is_none() && final(slice)@ == old(slice)@, ;",f545d70fd2f00566e6847d457980a532ef48cdc82fe2e12eba1be9ccff4aebd6,no,active-catalog-and-generated-declaration,/home/chentianyu/nanvix-rust-std-spec-survey/nanvix-rust-std-slice-specgen-2026-08-11/specs/generated_slice_specs.rs,115,125,"pub assume_specification<T>[ <[T]>::split_at_mut_checked ](
    slice: &mut [T],
    mid: usize,
) -> (ret: Option<(&mut [T], &mut [T])>)
    ensures
        mid <= old(slice)@.len() ==> ret.is_some()
            && ret.unwrap().0@ == old(slice)@.subrange(0, mid as int)
            && ret.unwrap().1@ == old(slice)@.subrange(mid as int, old(slice)@.len() as int)
            && final(slice)@ == final(ret.unwrap().0)@ + final(ret.unwrap().1)@,
        mid > old(slice)@.len() ==> ret.is_none() && final(slice)@ == old(slice)@,
;
",ef29bc68515c03a970938f2f5f9e631c232708308fb8d551a1d067cb01bc71f2,/home/chentianyu/nanvix-rust-std-spec-survey/nanvix-rust-std-slice-specgen-2026-08-11/specs/slice_shared_vocabulary.rs,f47deb4c5da97621b87c7bbfb1909c5eda7303e8be0422fbe43fd6588fdf1c33,core/src/slice/mod.rs:2195,/home/chentianyu/nanvix-rust-std-spec-survey/rust-1.96/library/core/src/slice/mod.rs,58901fa6437dbd4d77c68427bbced0fc3a91a10fdb8bd2e233adf6a9ba27d2d5,2192,2200,abfee0fdb5817382bcc578ea7e47395312bd55464b5fb9a4ba5cd32cfd090110,"    pub const fn split_at_mut_checked(&mut self, mid: usize) -> Option<(&mut [T], &mut [T])> {
        if mid <= self.len() {
            // SAFETY: `[ptr; mid]` and `[mid; len]` are inside `self`, which
            // fulfills the requirements of `split_at_unchecked`.
            Some(unsafe { self.split_at_mut_unchecked(mid) })
        } else {
            None
        }
    }
",core/src/slice/mod.rs:2163-2187,2163,2187,e16074e068fd567e2596dc7189c1c938ed63b8ea4e49a0f0d7a6bd2dcbe124f3,"Divides one mutable slice into two at an index, returning `None` if the
slice is too short.

If `mid ≤ len` returns a pair of slices where the first will contain all
indices from `[0, mid)` (excluding the index `mid` itself) and the
second will contain all indices from `[mid, len)` (excluding the index
`len` itself).

Otherwise, if `mid > len`, returns `None`.

# Examples

```
let mut v = [1, 0, 3, 0, 5, 6];

if let Some((left, right)) = v.split_at_mut_checked(2) {
assert_eq!(left, [1, 0]);
assert_eq!(right, [3, 0, 5, 6]);
left[1] = 2;
right[1] = 4;
}
assert_eq!(v, [1, 2, 3, 4, 5, 6]);

assert_eq!(None, v.split_at_mut_checked(7));
```
",/home/chentianyu/nanvix-rust-std-spec-survey/nanvix-rust-std-slice-vec-implproof-2026-08-12/proof_harnesses/085_core_slice_split_at_mut_checked/harness.rs,f82578ac2d75f55792ca09fd9ebe7152f262b60dc710a993f83e871d6a66a715,/home/chentianyu/nanvix-rust-std-spec-survey/nanvix-rust-std-slice-vec-implproof-2026-08-12/proof_manifests/085_core_slice_split_at_mut_checked/source_body.json,49e56dbec2ab3894358eafb3e215d1ea771c54b05f3d6963e057d8a49caee92c,/home/chentianyu/nanvix-rust-std-spec-survey/nanvix-rust-std-slice-vec-implproof-2026-08-12/proof_manifests/085_core_slice_split_at_mut_checked/transformation_manifest.json,d2d07fcd3363b26e80fa0cd69c31e45cc6d6503cdd880bb68bf285d8a4559cae,/home/chentianyu/nanvix-rust-std-spec-survey/nanvix-rust-std-slice-vec-implproof-2026-08-12/proof_manifests/085_core_slice_split_at_mut_checked/dependency_assumption_manifest.json,3daf32faa469f29f283f3a0072705d47f4f193a44085fe418acf3db1bed6530e,provenance/frozen/implproof/085_core_slice_split_at_mut_checked/harness.rs,provenance/frozen/implproof/085_core_slice_split_at_mut_checked/source_body.json,provenance/frozen/implproof/085_core_slice_split_at_mut_checked/transformation_manifest.json,provenance/frozen/implproof/085_core_slice_split_at_mut_checked/dependency_assumption_manifest.json,provenance/frozen/rust-1.96/library/core/src/slice/mod.rs,121,2,actual_verus_verified_modulo_source_shaped_split_at_mut_unchecked_raw_parts_final_frame_boundary:proof_inventory/raw_slice_start_pointer_tail_consumers_20260818T0802Z/evidence/085_core_slice_split_at_mut_checked_actual.stdout,"[""len"",""split_at_mut_unchecked""]",3,TS-085-D001;TS-085-D002;TS-085-D003,3,TS-085-C001;TS-085-C002;TS-085-C003,2,TS-085-E001;TS-085-E002,TS-085-D001;TS-085-D002;TS-085-D003;TS-085-C001;TS-085-C002;TS-085-C003;TS-085-E001;TS-085-E002,8,2,4,2,TS-085-D002;TS-085-E002,0,iterator_private_state_v1,"[""input borrow and allocation identity"",""iterator front/back cursor and remaining source range"",""private chunk or split state read by the implementation proof"",""individual source-backed raw-slice constructor observations""]","Boundary_T fixes the input borrow/allocation identity and only the iterator, range, or raw-slice-constructor observations consumed by the proof. Target-returned references, aggregate post-state, and a complete execution trace remain outside b. TS-085-D001 shared_contract_vocabulary `split_point_in_range`: The checked wrapper discharges the reviewed unchecked split precondition from the source mid <= self.len() guard and instantiates the same Seq-domain split-point predicate used by split_at_mut_unchecked. [status=existing_generated_contract_vocabulary_boundary; source=proof_harnesses/086_core_slice_split_at_mut_unchecked/harness.rs; core/src/slice/mod.rs:2195-2199; semantic-disposition=context-only-specification-vocabulary] TS-085-D002 reviewed_generated_dependency_boundary `core::slice::split_at_mut_unchecked`: The checked mutable wrapper now calls a target-local source-shaped split_at_mut_unchecked helper copied from the reviewed implementation: len, as_mut_ptr, unsafe-precondition check, then the retained raw-parts/final-frame split boundary. [status=source_shaped_unchecked_mut_split_helper_verified_in_harness_modulo_raw_parts_final_frame_boundary; source=core/src/slice/mod.rs:2195-2199; reviewed callee proof_harnesses/086_core_slice_split_at_mut_unchecked/harness.rs; semantic-disposition=mixed-support-includes-answer-bearing-site] TS-085-D003 source_bound_guard `mid <= self.len()`: The Rust 1.96 if guard is executable in the public target and is the only condition needed before entering the unsafe unchecked split branch; the else branch returns None without mutating the slice. [status=source_bound_checked_in_verified_target_body; source=core/src/slice/mod.rs:2195-2200; semantic-disposition=admissible-source-backed-support] TS-085-C001 source-indexed callee `len`: core/src/slice/iter/macros.rs:142-144 [status=source-indexed; semantic-disposition=context-only-source-closure]. TS-085-C002 source-indexed callee `len`: core/src/slice/sort/stable/drift.rs:295-297 [status=source-indexed; semantic-disposition=context-only-source-closure]. TS-085-C003 source-indexed callee `len`: alloc/src/vec/in_place_drop.rs:15-17 [status=source-indexed; semantic-disposition=context-only-source-closure]. TS-085-E001 external_body `from_raw_parts_mut` at /home/chentianyu/nanvix-rust-std-spec-survey/nanvix-rust-std-slice-vec-implproof-2026-08-12/proof_harnesses/085_core_slice_split_at_mut_checked/harness.rs:84 is an explicit trusted function body; backing dependency records=TS-085-D002; semantic-disposition=admissible-source-backed-lower-boundary. TS-085-E002 external_body `rust_1_96_split_at_mut_unchecked_raw_parts` at /home/chentianyu/nanvix-rust-std-spec-survey/nanvix-rust-std-slice-vec-implproof-2026-08-12/proof_harnesses/085_core_slice_split_at_mut_checked/harness.rs:93 is an explicit trusted function body; backing dependency records=TS-085-D002; semantic-disposition=inadmissible-complete-branch-postcondition.",The target definition must derive returned subranges and borrow observations from these inputs with source-backed transitions.,inadmissible,"Boundary_T must exclude or replace TS-085-D002, TS-085-E002 with recursively modeled lower transitions before a conditional-completeness obligation is admissible.",no,"Retained trust site(s) TS-085-D002, TS-085-E002 supply a complete target/branch postcondition or an answer-equivalent result, so the current proof boundary is not narrower than the target.",exact-principal-return-and-final-state,"Principal return values, returned reference identities, and final-state observations are compared by exact equality.",,,,conditional-complete,conditional-complete
core::slice::split_at_mut_unchecked,86,slice,all-20260815T0127Z-ascii-whitespace-vtab-repair,unknown,iterator-or-subslice-state-boundary,"contract fixes source/remaining/subrange state, but the Rust iterator, chunk, split, or borrowed subslice value retains opaque runtime/lifetime state",iterator-splitting-and-chunking,generated-new-real-relation-spec,B,"pub assume_specification<T>[ <[T]>::split_at_mut_unchecked ]( slice: &mut [T], mid: usize, ) -> (ret: (&mut [T], &mut [T])) requires split_point_in_range(old(slice)@, mid), ensures ret.0@ == old(slice)@.subrange(0, mid as int), ret.1@ == old(slice)@.subrange(mid as int, old(slice)@.len() as int), final(slice)@ == final(ret.0)@ + final(ret.1)@, ;",dfe96dd890e058e02f390e85bdfce250a48823c9e43c15ad599961b2f28f2da9,"pub assume_specification<T>[ <[T]>::split_at_mut_unchecked ]( slice: &mut [T], mid: usize, ) -> (ret: (&mut [T], &mut [T])) requires split_point_in_range(old(slice)@, mid), ensures ret.0@ == old(slice)@.subrange(0, mid as int), ret.1@ == old(slice)@.subrange(mid as int, old(slice)@.len() as int), final(slice)@ == final(ret.0)@ + final(ret.1)@, ;",dfe96dd890e058e02f390e85bdfce250a48823c9e43c15ad599961b2f28f2da9,no,active-catalog-and-generated-declaration,/home/chentianyu/nanvix-rust-std-spec-survey/nanvix-rust-std-slice-specgen-2026-08-11/specs/generated_slice_specs.rs,127,137,"pub assume_specification<T>[ <[T]>::split_at_mut_unchecked ](
    slice: &mut [T],
    mid: usize,
) -> (ret: (&mut [T], &mut [T]))
    requires
        split_point_in_range(old(slice)@, mid),
    ensures
        ret.0@ == old(slice)@.subrange(0, mid as int),
        ret.1@ == old(slice)@.subrange(mid as int, old(slice)@.len() as int),
        final(slice)@ == final(ret.0)@ + final(ret.1)@,
;
",7e81e93580f62d1271f7f0c4fae137ad32ed91574532c6591624ba8a99d748fa,/home/chentianyu/nanvix-rust-std-spec-survey/nanvix-rust-std-slice-specgen-2026-08-11/specs/slice_shared_vocabulary.rs,f47deb4c5da97621b87c7bbfb1909c5eda7303e8be0422fbe43fd6588fdf1c33,core/src/slice/mod.rs:2095,/home/chentianyu/nanvix-rust-std-spec-survey/rust-1.96/library/core/src/slice/mod.rs,58901fa6437dbd4d77c68427bbced0fc3a91a10fdb8bd2e233adf6a9ba27d2d5,2092,2112,64e5aaab27b44c5104ff431b7f8c1be361ea556baa432a36e7386e76089a4531,"    pub const unsafe fn split_at_mut_unchecked(&mut self, mid: usize) -> (&mut [T], &mut [T]) {
        let len = self.len();
        let ptr = self.as_mut_ptr();

        assert_unsafe_precondition!(
            check_library_ub,
            ""slice::split_at_mut_unchecked requires the index to be within the slice"",
            (mid: usize = mid, len: usize = len) => mid <= len,
        );

        // SAFETY: Caller has to check that `0 <= mid <= self.len()`.
        //
        // `[ptr; mid]` and `[mid; len]` are not overlapping, so returning a mutable reference
        // is fine.
        unsafe {
            (
                from_raw_parts_mut(ptr, mid),
                from_raw_parts_mut(ptr.add(mid), unchecked_sub(len, mid)),
            )
        }
    }
",core/src/slice/mod.rs:2056-2086,2056,2086,157d6f053c94fcd558b02500df9cc55d69ef0aa51fa645d63d3be18591a351d4,"Divides one mutable slice into two at an index, without doing bounds checking.

The first will contain all indices from `[0, mid)` (excluding
the index `mid` itself) and the second will contain all
indices from `[mid, len)` (excluding the index `len` itself).

For a safe alternative see [`split_at_mut`].

# Safety

Calling this method with an out-of-bounds index is *[undefined behavior]*
even if the resulting reference is not used. The caller has to ensure that
`0 <= mid <= self.len()`.

[`split_at_mut`]: slice::split_at_mut
[undefined behavior]: https://doc.rust-lang.org/reference/behavior-considered-undefined.html

# Examples

```
let mut v = [1, 0, 3, 0, 5, 6];
// scoped to restrict the lifetime of the borrows
unsafe {
let (left, right) = v.split_at_mut_unchecked(2);
assert_eq!(left, [1, 0]);
assert_eq!(right, [3, 0, 5, 6]);
left[1] = 2;
right[1] = 4;
}
assert_eq!(v, [1, 2, 3, 4, 5, 6]);
```
",/home/chentianyu/nanvix-rust-std-spec-survey/nanvix-rust-std-slice-vec-implproof-2026-08-12/proof_harnesses/086_core_slice_split_at_mut_unchecked/harness.rs,65fae584953a02ffa863313e147e3cb520b3b64f298f792d5b347742180d0832,/home/chentianyu/nanvix-rust-std-spec-survey/nanvix-rust-std-slice-vec-implproof-2026-08-12/proof_manifests/086_core_slice_split_at_mut_unchecked/source_body.json,3b588eddba50ac7d193ba2b7e06f597a37069d924aa222ad570aadccba28d5c9,/home/chentianyu/nanvix-rust-std-spec-survey/nanvix-rust-std-slice-vec-implproof-2026-08-12/proof_manifests/086_core_slice_split_at_mut_unchecked/transformation_manifest.json,e1b73deef875ca75055cf165ba3fea602c820ee110b5cd2772ca3847d12eae48,/home/chentianyu/nanvix-rust-std-spec-survey/nanvix-rust-std-slice-vec-implproof-2026-08-12/proof_manifests/086_core_slice_split_at_mut_unchecked/dependency_assumption_manifest.json,641355e7fb8a18d13b1c0a88f8ea5cd07813a78630cafd42db4fb706f4b77394,provenance/frozen/implproof/086_core_slice_split_at_mut_unchecked/harness.rs,provenance/frozen/implproof/086_core_slice_split_at_mut_unchecked/source_body.json,provenance/frozen/implproof/086_core_slice_split_at_mut_unchecked/transformation_manifest.json,provenance/frozen/implproof/086_core_slice_split_at_mut_unchecked/dependency_assumption_manifest.json,provenance/frozen/rust-1.96/library/core/src/slice/mod.rs,119,2,actual_verus_verified_modulo_source_backed_mut_raw_parts_split_raw_pointer_and_unsafe_precondition_final_frame_boundary,"[""len"",""as_mut_ptr"",""ub_checks::assert_unsafe_precondition"",""from_raw_parts_mut"",""ptr.add"",""unchecked_sub"",""rust_1_96_split_at_mut_unchecked_raw_parts""]",5,TS-086-D001;TS-086-D002;TS-086-D003;TS-086-D004;TS-086-D005,3,TS-086-C001;TS-086-C002;TS-086-C003,2,TS-086-E001;TS-086-E002,TS-086-D001;TS-086-D002;TS-086-D003;TS-086-D004;TS-086-D005;TS-086-C001;TS-086-C002;TS-086-C003;TS-086-E001;TS-086-E002,10,4,4,2,TS-086-D005;TS-086-E002,0,iterator_private_state_v1,"[""input borrow and allocation identity"",""iterator front/back cursor and remaining source range"",""private chunk or split state read by the implementation proof"",""individual source-backed raw-slice constructor observations""]","Boundary_T fixes the input borrow/allocation identity and only the iterator, range, or raw-slice-constructor observations consumed by the proof. Target-returned references, aggregate post-state, and a complete execution trace remain outside b. TS-086-D001 shared_contract_vocabulary `split_point_in_range`: The generated unchecked-split contract requires the source-documented index precondition mid <= len; the harness instantiates it as an open Seq-domain helper rather than assuming the target body. [status=existing_generated_contract_vocabulary_boundary; source=frozen_inputs/slice/specs/slice_shared_vocabulary.rs; core/src/slice/mod.rs:2099-2104; semantic-disposition=context-only-specification-vocabulary] TS-086-D002 reviewed_generated_dependency_boundary `core::slice::as_mut_ptr`: The Rust 1.96 body stores let ptr = self.as_mut_ptr(). The harness reuses the reviewed executable null-provenance length-address mutable start-pointer model locally; lower raw-parts/final-frame pointer provenance remains retained. [status=reviewed_dependency_reused_for_mut_start_pointer_and_final_frame_fact; source=core/src/slice/mod.rs:2097; proof_harnesses/019_core_slice_as_mut_ptr/harness.rs; semantic-disposition=admissible-source-backed-support] TS-086-D003 source_backed_unsafe_precondition_boundary `assert_unsafe_precondition(mid <= len)`: The public harness preserves the Rust unsafe-precondition check and discharges its mid <= len requirement from the generated precondition and observed slice length. [status=source_bound_checked_in_verified_code_under_contract_precondition; source=core/src/slice/mod.rs:2099-2104; semantic-disposition=admissible-source-backed-support] TS-086-D004 source_verified_unchecked_sub_helper `unchecked_sub(len, mid)`: The helper now executes the Rust 1.96 unchecked subtraction as `len - mid` after proving the contract precondition `mid <= len`; this arithmetic is no longer a trusted external_body boundary. [status=verified_executable_not_trusted_boundary; source=core/src/slice/mod.rs:2110; semantic-disposition=admissible-source-backed-support] TS-086-D005 source_backed_raw_pointer_and_raw_parts_boundary `rust_1_96_split_at_mut_unchecked_raw_parts`: The public target remains executable and calls this private boundary only for the source unsafe tuple from_raw_parts_mut(ptr, mid) and from_raw_parts_mut(ptr.add(mid), unchecked_sub(len, mid)), including raw-pointer provenance, raw-parts aliasing, and final mutable frame reconstruction. The unchecked_sub arithmetic helper itself is now verified executable under mid <= len. [status=minimal_trusted_boundary_for_raw_pointer_split_raw_parts_and_final_frame; source=core/src/slice/mod.rs:2107-2111; semantic-disposition=mixed-support-includes-answer-bearing-site] TS-086-C001 source-indexed callee `len`: core/src/slice/iter/macros.rs:142-144 [status=source-indexed; semantic-disposition=context-only-source-closure]. TS-086-C002 source-indexed callee `len`: core/src/slice/sort/stable/drift.rs:295-297 [status=source-indexed; semantic-disposition=context-only-source-closure]. TS-086-C003 source-indexed callee `len`: alloc/src/vec/in_place_drop.rs:15-17 [status=source-indexed; semantic-disposition=context-only-source-closure]. TS-086-E001 external_body `from_raw_parts_mut` at /home/chentianyu/nanvix-rust-std-spec-survey/nanvix-rust-std-slice-vec-implproof-2026-08-12/proof_harnesses/086_core_slice_split_at_mut_unchecked/harness.rs:84 is an explicit trusted function body; backing dependency records=TS-086-D005; semantic-disposition=admissible-source-backed-lower-boundary. TS-086-E002 external_body `rust_1_96_split_at_mut_unchecked_raw_parts` at /home/chentianyu/nanvix-rust-std-spec-survey/nanvix-rust-std-slice-vec-implproof-2026-08-12/proof_harnesses/086_core_slice_split_at_mut_unchecked/harness.rs:93 is an explicit trusted function body; backing dependency records=TS-086-D005; semantic-disposition=inadmissible-complete-target-postcondition.",The target definition must derive returned subranges and borrow observations from these inputs with source-backed transitions.,inadmissible,"Boundary_T must exclude or replace TS-086-D005, TS-086-E002 with recursively modeled lower transitions before a conditional-completeness obligation is admissible.",no,"Retained trust site(s) TS-086-D005, TS-086-E002 supply a complete target/branch postcondition or an answer-equivalent result, so the current proof boundary is not narrower than the target.",exact-principal-return-and-final-state,"Principal return values, returned reference identities, and final-state observations are compared by exact equality.",,,,conditional-complete,conditional-complete
core::slice::split_first_chunk_mut,90,slice,all-20260815T0127Z-ascii-whitespace-vtab-repair,unknown,mutable-reference-view-boundary,"contract fixes the Seq view and old/final frame, but mutable reference identity and alias/lifetime state are not uniquely determined by that view",iterator-splitting-and-chunking,generated-new-real-relation-spec,B,"pub assume_specification<T, const N: usize>[ <[T]>::split_first_chunk_mut::<N> ]( slice: &mut [T], ) -> (ret: Option<(&mut [T; N], &mut [T])>) ensures (N as int) <= old(slice)@.len() ==> ret.is_some() && array_mut_ref_view(ret.unwrap().0) == slice_fixed_prefix::<T, N>(old(slice)@) && ret.unwrap().1@ == old(slice)@.subrange(N as int, old(slice)@.len() as int) && final(slice)@ == array_value_view(*final(ret.unwrap().0)) + final(ret.unwrap().1)@, (N as int) > old(slice)@.len() ==> ret.is_none() && final(slice)@ == old(slice)@, ;",eb599a67a0f7b786e404c9b3f97181b56e9b01bb82f3cc21822b93d2d46ab950,"pub assume_specification<T, const N: usize>[ <[T]>::split_first_chunk_mut::<N> ]( slice: &mut [T], ) -> (ret: Option<(&mut [T; N], &mut [T])>) ensures (N as int) <= old(slice)@.len() ==> ret.is_some() && array_mut_ref_view(ret.unwrap().0) == slice_fixed_prefix::<T, N>(old(slice)@) && ret.unwrap().1@ == old(slice)@.subrange(N as int, old(slice)@.len() as int) && final(slice)@ == array_value_view(*final(ret.unwrap().0)) + final(ret.unwrap().1)@, (N as int) > old(slice)@.len() ==> ret.is_none() && final(slice)@ == old(slice)@, ;",eb599a67a0f7b786e404c9b3f97181b56e9b01bb82f3cc21822b93d2d46ab950,no,active-catalog-and-generated-declaration,/home/chentianyu/nanvix-rust-std-spec-survey/nanvix-rust-std-slice-specgen-2026-08-11/specs/generated_slice_specs.rs,243,253,"pub assume_specification<T, const N: usize>[ <[T]>::split_first_chunk_mut::<N> ](
    slice: &mut [T],
) -> (ret: Option<(&mut [T; N], &mut [T])>)
    ensures
        (N as int) <= old(slice)@.len() ==> ret.is_some()
            && array_mut_ref_view(ret.unwrap().0) == slice_fixed_prefix::<T, N>(old(slice)@)
            && ret.unwrap().1@ == old(slice)@.subrange(N as int, old(slice)@.len() as int)
            && final(slice)@
                == array_value_view(*final(ret.unwrap().0)) + final(ret.unwrap().1)@,
        (N as int) > old(slice)@.len() ==> ret.is_none() && final(slice)@ == old(slice)@,
;
",fb22a7216f5fd30ce74eddca47abaebebb49efcac3d424779c467e8fa20dce7c,/home/chentianyu/nanvix-rust-std-spec-survey/nanvix-rust-std-slice-specgen-2026-08-11/specs/slice_shared_vocabulary.rs,f47deb4c5da97621b87c7bbfb1909c5eda7303e8be0422fbe43fd6588fdf1c33,core/src/slice/mod.rs:417,/home/chentianyu/nanvix-rust-std-spec-survey/rust-1.96/library/core/src/slice/mod.rs,58901fa6437dbd4d77c68427bbced0fc3a91a10fdb8bd2e233adf6a9ba27d2d5,417,426,3be6504bdddb52013d9143e4e18804170bf42fae8db6e9404c432e967877e3ab,"    pub const fn split_first_chunk_mut<const N: usize>(
        &mut self,
    ) -> Option<(&mut [T; N], &mut [T])> {
        let Some((first, tail)) = self.split_at_mut_checked(N) else { return None };

        // SAFETY: We explicitly check for the correct number of elements,
        //   do not let the reference outlive the slice,
        //   and enforce exclusive mutability of the chunk by the split.
        Some((unsafe { &mut *(first.as_mut_ptr().cast_array()) }, tail))
    }
",core/src/slice/mod.rs:395-413,395,413,f89d9408e466025ee5a906ae59711c15240a689e97c959c2414729b0a177680b,"Returns a mutable array reference to the first `N` items in the slice and the remaining
slice.

If the slice is not at least `N` in length, this will return `None`.

# Examples

```
let x = &mut [0, 1, 2];

if let Some((first, elements)) = x.split_first_chunk_mut::<2>() {
first[0] = 3;
first[1] = 4;
elements[0] = 5;
}
assert_eq!(x, &[3, 4, 5]);

assert_eq!(None, x.split_first_chunk_mut::<4>());
```
",/home/chentianyu/nanvix-rust-std-spec-survey/nanvix-rust-std-slice-vec-implproof-2026-08-12/proof_harnesses/090_core_slice_split_first_chunk_mut/harness.rs,a0267dfc672df4c2020cee1b3c35f05582001aec76b9f8c505978675c951909b,/home/chentianyu/nanvix-rust-std-spec-survey/nanvix-rust-std-slice-vec-implproof-2026-08-12/proof_manifests/090_core_slice_split_first_chunk_mut/source_body.json,ceab6de1198b85daa4672b2257b163a76db13dbfd54025355cc25de1d084daa5,/home/chentianyu/nanvix-rust-std-spec-survey/nanvix-rust-std-slice-vec-implproof-2026-08-12/proof_manifests/090_core_slice_split_first_chunk_mut/transformation_manifest.json,66831ecb168cd8dee0dc961f947f10a1db8493fc027bbde4ce52b607cfbd1b49,/home/chentianyu/nanvix-rust-std-spec-survey/nanvix-rust-std-slice-vec-implproof-2026-08-12/proof_manifests/090_core_slice_split_first_chunk_mut/dependency_assumption_manifest.json,06520373dbb6363b1fc487af7343d80a796b78ecfaa301a43c916eabc577ff86,provenance/frozen/implproof/090_core_slice_split_first_chunk_mut/harness.rs,provenance/frozen/implproof/090_core_slice_split_first_chunk_mut/source_body.json,provenance/frozen/implproof/090_core_slice_split_first_chunk_mut/transformation_manifest.json,provenance/frozen/implproof/090_core_slice_split_first_chunk_mut/dependency_assumption_manifest.json,provenance/frozen/rust-1.96/library/core/src/slice/mod.rs,126,2,actual_verus_verified_modulo_source_shaped_split_at_mut_unchecked_raw_parts_final_frame_boundary_and_source_backed_raw_pointer_cast_boundary_and_mut_array_ref_final_frame_boundary:proof_inventory/split_unchecked_helper_reduction_20260815T0026Z/verus/090_core_slice_split_first_chunk_mut/actual_verus/stdout,"[""len"",""split_at_mut_checked"",""split_at_mut_unchecked"",""as_mut_ptr"",""rust_1_96_slice_as_mut_ptr_cast"",""rust_1_96_mut_ptr_cast_array"",""rust_1_96_split_first_chunk_mut_array_ref""]",4,TS-090-D001;TS-090-D002;TS-090-D003;TS-090-D004,0,,4,TS-090-E001;TS-090-E002;TS-090-E003;TS-090-E004,TS-090-D001;TS-090-D002;TS-090-D003;TS-090-D004;TS-090-E001;TS-090-E002;TS-090-E003;TS-090-E004,8,7,1,0,,0,mutable_borrow_transition_v1,"[""input root allocation, provenance, and borrow identity"",""source-backed subrange and alias-permission transitions"",""individual caller mutation events and their local state transitions""]","Boundary_T fixes the input mutable-borrow identity and any genuine caller mutation transitions already represented by the proof. It does not freeze returned references, aggregate post-state, or a complete target trace. TS-090-D001 shared_model_helper `array_mut_ref_view;array_value_view;slice_fixed_prefix;split_point_in_range;split_at_mut_unchecked_result;slice_start_mut_ptr;slice_mut_prefix_array_ptr`: The generated mutable prefix/final-frame vocabulary is inlined as open spec definitions; split_point_in_range and split_at_mut_unchecked_result capture the checked mutable-split guard and reviewed unchecked final-frame relation; and the pointer provenance vocabulary connects the reviewed mutable slice pointer shape to the source-backed cast_array/deref boundaries. The target postcondition is attached to the executable target and is not assumed. [status=audited_generated_contract_vocabulary_instantiated_in_harness; source=frozen_inputs/slice/specs/slice_shared_vocabulary.rs array_mut_ref_view/array_value_view/slice_fixed_prefix, proof_harnesses/085_core_slice_split_at_mut_checked/harness.rs split_point_in_range/split_at_mut_unchecked_result, and raw-pointer/provenance vocabulary used by core::slice::as_mut_ptr; semantic-disposition=context-only-specification-vocabulary] TS-090-D002 reviewed_generated_dependency_boundary `core::slice::split_at_mut_unchecked`: The target-local checked mutable split helper now reaches a source-shaped split_at_mut_unchecked implementation copied from the reviewed proof, retaining the lower mutable raw-parts/final-frame split boundary before the existing cast_array/mutable-array-ref boundaries. [status=source_shaped_unchecked_mut_split_helper_verified_in_harness_modulo_raw_parts_final_frame_boundary; source=core/src/slice/mod.rs:420; checked wrapper modeled on proof_harnesses/085_core_slice_split_at_mut_checked/harness.rs; reviewed unchecked dependency proof_harnesses/086_core_slice_split_at_mut_unchecked/harness.rs; semantic-disposition=admissible-source-backed-support] TS-090-D003 source_backed_raw_pointer_cast_boundary `rust_1_96_mut_ptr_cast_array`: Verus cannot prove mutable raw-pointer provenance for ptr.cast_array() directly in the non-external target body. The boundary body is exactly the Rust 1.96 ptr.cast_array() operation and only links the reviewed mutable slice-start pointer to an array-pointer provenance fact while preserving the mutable prefix slice frame. [status=minimal_trusted_boundary_for_source_backed_first_as_mut_ptr_cast_array; source=core/src/slice/mod.rs:425; semantic-disposition=admissible-source-backed-support] TS-090-D004 source_backed_mut_array_ref_final_frame_boundary `rust_1_96_split_first_chunk_mut_array_ref`: Only the unsafe mutable array-reference dereference is isolated: its precondition is discharged from split_at_mut_checked(N), which proves first@.len() == N, plus the pointer-array provenance fact. The boundary returns a mutable array reference whose old view is exactly first@ and whose final value reconstructs the mutable prefix frame. [status=minimal_trusted_boundary_for_source_backed_prefix_mut_array_ref_cast_and_final_frame; source=core/src/slice/mod.rs:425; semantic-disposition=admissible-source-backed-support] TS-090-E001 external_body `from_raw_parts_mut` at /home/chentianyu/nanvix-rust-std-spec-survey/nanvix-rust-std-slice-vec-implproof-2026-08-12/proof_harnesses/090_core_slice_split_first_chunk_mut/harness.rs:80 is an explicit trusted function body; backing dependency records=TS-090-D002; semantic-disposition=admissible-source-backed-lower-boundary. TS-090-E002 external_body `rust_1_96_split_at_mut_unchecked_raw_parts` at /home/chentianyu/nanvix-rust-std-spec-survey/nanvix-rust-std-slice-vec-implproof-2026-08-12/proof_harnesses/090_core_slice_split_first_chunk_mut/harness.rs:89 is an explicit trusted function body; backing dependency records=TS-090-D002; semantic-disposition=admissible-source-backed-lower-boundary. TS-090-E003 external_body `rust_1_96_mut_ptr_cast_array` at /home/chentianyu/nanvix-rust-std-spec-survey/nanvix-rust-std-slice-vec-implproof-2026-08-12/proof_harnesses/090_core_slice_split_first_chunk_mut/harness.rs:210 is an explicit trusted function body; backing dependency records=TS-090-D003; semantic-disposition=admissible-source-backed-lower-boundary. TS-090-E004 external_body `rust_1_96_split_first_chunk_mut_array_ref` at /home/chentianyu/nanvix-rust-std-spec-survey/nanvix-rust-std-slice-vec-implproof-2026-08-12/proof_harnesses/090_core_slice_split_first_chunk_mut/harness.rs:224 is an explicit trusted function body; backing dependency records=TS-090-D004; semantic-disposition=admissible-source-backed-lower-boundary.",The target definition must construct returned borrow identities and frames from source-backed range and ownership transitions.,admissible,All executable trust sites are source-linked and semantically partial; context-only vocabulary and call-closure records are not admitted as Boundary_T observations.,yes,Every executable dependency and external-body contract is present in the frozen exhaustive audit and limited to a lower source transition; none supplies a complete branch or answer-equivalent target result.,exact-principal-return-and-final-state,"Principal return values, returned reference identities, and final-state observations are compared by exact equality.",,,,conditional-complete,conditional-complete
core::slice::split_first_mut,91,slice,all-20260815T0127Z-ascii-whitespace-vtab-repair,unknown,iterator-or-subslice-state-boundary,"contract fixes source/remaining/subrange state, but the Rust iterator, chunk, split, or borrowed subslice value retains opaque runtime/lifetime state",iterator-splitting-and-chunking,generated-new-real-relation-spec,B,"pub assume_specification<T>[ <[T]>::split_first_mut ]( slice: &mut [T], ) -> (ret: Option<(&mut T, &mut [T])>) ensures old(slice)@.len() == 0 ==> ret.is_none() && final(slice)@ == old(slice)@, old(slice)@.len() != 0 ==> ret.is_some() && *ret.unwrap().0 == old(slice)@[0] && ret.unwrap().1@ == old(slice)@.subrange(1, old(slice)@.len() as int) && final(slice)@ == seq![*final(ret.unwrap().0)] + final(ret.unwrap().1)@, ;",ba139fadbde88d928fe18d330586ce8184d3de7a0d45938733e7231bd1320b11,"pub assume_specification<T>[ <[T]>::split_first_mut ]( slice: &mut [T], ) -> (ret: Option<(&mut T, &mut [T])>) ensures old(slice)@.len() == 0 ==> ret.is_none() && final(slice)@ == old(slice)@, old(slice)@.len() != 0 ==> ret.is_some() && *ret.unwrap().0 == old(slice)@[0] && ret.unwrap().1@ == old(slice)@.subrange(1, old(slice)@.len() as int) && final(slice)@ == seq![*final(ret.unwrap().0)] + final(ret.unwrap().1)@, ;",ba139fadbde88d928fe18d330586ce8184d3de7a0d45938733e7231bd1320b11,no,active-catalog-and-generated-declaration,/home/chentianyu/nanvix-rust-std-spec-survey/nanvix-rust-std-slice-specgen-2026-08-11/specs/generated_slice_specs.rs,159,168,"pub assume_specification<T>[ <[T]>::split_first_mut ](
    slice: &mut [T],
) -> (ret: Option<(&mut T, &mut [T])>)
    ensures
        old(slice)@.len() == 0 ==> ret.is_none() && final(slice)@ == old(slice)@,
        old(slice)@.len() != 0 ==> ret.is_some()
            && *ret.unwrap().0 == old(slice)@[0]
            && ret.unwrap().1@ == old(slice)@.subrange(1, old(slice)@.len() as int)
            && final(slice)@ == seq![*final(ret.unwrap().0)] + final(ret.unwrap().1)@,
;
",7f1740919cbe99b92c55225e25bb5c77610e261ee105411c0d3f0943360ca68d,/home/chentianyu/nanvix-rust-std-spec-survey/nanvix-rust-std-slice-specgen-2026-08-11/specs/slice_shared_vocabulary.rs,f47deb4c5da97621b87c7bbfb1909c5eda7303e8be0422fbe43fd6588fdf1c33,core/src/slice/mod.rs:220,/home/chentianyu/nanvix-rust-std-spec-survey/rust-1.96/library/core/src/slice/mod.rs,58901fa6437dbd4d77c68427bbced0fc3a91a10fdb8bd2e233adf6a9ba27d2d5,220,222,8d6d5b36d373d9e4556d437c6945a36066ed634bd2931a95cbb07d5197b5c3b4,"    pub const fn split_first_mut(&mut self) -> Option<(&mut T, &mut [T])> {
        if let [first, tail @ ..] = self { Some((first, tail)) } else { None }
    }
",core/src/slice/mod.rs:202-215,202,215,dda943b7a6d65121e491bc8723dfa30d263b4dd645949e56b823b92986451634,"Returns the first and all the rest of the elements of the slice, or `None` if it is empty.

# Examples

```
let x = &mut [0, 1, 2];

if let Some((first, elements)) = x.split_first_mut() {
*first = 3;
elements[0] = 4;
elements[1] = 5;
}
assert_eq!(x, &[3, 4, 5]);
```
",/home/chentianyu/nanvix-rust-std-spec-survey/nanvix-rust-std-slice-vec-implproof-2026-08-12/proof_harnesses/091_core_slice_split_first_mut/harness.rs,22105e1da4c34b18a1bfe597e3426d90da1321e6ef82dab1d6643ff75755de8a,/home/chentianyu/nanvix-rust-std-spec-survey/nanvix-rust-std-slice-vec-implproof-2026-08-12/proof_manifests/091_core_slice_split_first_mut/source_body.json,45f129d73e7ffe7f3a6f2d32411dd504529e07d0093624e32ccc7d448c255e29,/home/chentianyu/nanvix-rust-std-spec-survey/nanvix-rust-std-slice-vec-implproof-2026-08-12/proof_manifests/091_core_slice_split_first_mut/transformation_manifest.json,3cff008c6c01e0b652035043b6e15e294df35700ab395c71fa68904e1f3eccb9,/home/chentianyu/nanvix-rust-std-spec-survey/nanvix-rust-std-slice-vec-implproof-2026-08-12/proof_manifests/091_core_slice_split_first_mut/dependency_assumption_manifest.json,27730e9ae50e859c6d6b3982c73d0f0da30da64004413e2e02fa17f68126d49d,provenance/frozen/implproof/091_core_slice_split_first_mut/harness.rs,provenance/frozen/implproof/091_core_slice_split_first_mut/source_body.json,provenance/frozen/implproof/091_core_slice_split_first_mut/transformation_manifest.json,provenance/frozen/implproof/091_core_slice_split_first_mut/dependency_assumption_manifest.json,provenance/frozen/rust-1.96/library/core/src/slice/mod.rs,26,0,actual_verus_verified_modulo_verus_mut_slice_pattern_desugaring_boundary:proof_harnesses/091_core_slice_split_first_mut/evidence/verus_stdout.txt,"[""slice.len"",""slice.split_at_mut"",""slice_index_mut""]",1,TS-091-D001,0,,0,,TS-091-D001,1,1,0,0,,0,iterator_private_state_v1,"[""input borrow and allocation identity"",""iterator front/back cursor and remaining source range"",""private chunk or split state read by the implementation proof"",""individual source-backed raw-slice constructor observations""]","Boundary_T fixes the input borrow/allocation identity and only the iterator, range, or raw-slice-constructor observations consumed by the proof. Target-returned references, aggregate post-state, and a complete execution trace remain outside b. TS-091-D001 declared_boundary `vstd_mut_slice_split_at_index_contract_for_slice_pattern_desugaring`: The Verus harness lowers Rust's unsupported mutable slice pattern `[first, tail @ ..]` to the standard first/tail decomposition using `split_at_mut(1)` and `&mut head[0]`; the trusted interface is limited to the vstd mutable slice split/index/final reconstruction facts needed for that lowering. [status=manifest-declared-boundary; source=core/src/slice/mod.rs:220-222; semantic-disposition=admissible-source-backed-support]",The target definition must derive returned subranges and borrow observations from these inputs with source-backed transitions.,admissible,All executable trust sites are source-linked and semantically partial; context-only vocabulary and call-closure records are not admitted as Boundary_T observations.,yes,Every executable dependency and external-body contract is present in the frozen exhaustive audit and limited to a lower source transition; none supplies a complete branch or answer-equivalent target result.,exact-principal-return-and-final-state,"Principal return values, returned reference identities, and final-state observations are compared by exact equality.",,,,conditional-complete,conditional-complete
core::slice::split_inclusive_mut,93,slice,all-20260815T0127Z-ascii-whitespace-vtab-repair,unknown,iterator-or-subslice-state-boundary,"contract fixes source/remaining/subrange state, but the Rust iterator, chunk, split, or borrowed subslice value retains opaque runtime/lifetime state",iterator-splitting-and-chunking,generated-new-real-relation-spec,B,"pub assume_specification<'a, T, F: core::ops::FnMut(&T) -> bool>[ <[T]>::split_inclusive_mut::<F> ]( slice: &'a mut [T], pred: F, ) -> (iter: core::slice::SplitInclusiveMut<'a, T, F>) ensures slice_predicate_split_view::<core::slice::SplitInclusiveMut<'a, T, F>, F, T>( iter, old(slice)@, pred, true, false, 0, ), ;",d0f84cc808519d278a4020ddeff02c6979d9d3e9e06d6880ec28c354d0e57fe5,"pub assume_specification<'a, T, F: core::ops::FnMut(&T) -> bool>[ <[T]>::split_inclusive_mut::<F> ]( slice: &'a mut [T], pred: F, ) -> (iter: core::slice::SplitInclusiveMut<'a, T, F>) ensures slice_predicate_split_view::<core::slice::SplitInclusiveMut<'a, T, F>, F, T>( iter, old(slice)@, pred, true, false, 0, ), ;",d0f84cc808519d278a4020ddeff02c6979d9d3e9e06d6880ec28c354d0e57fe5,no,active-catalog-and-generated-declaration,/home/chentianyu/nanvix-rust-std-spec-survey/nanvix-rust-std-slice-specgen-2026-08-11/specs/generated_slice_specs.rs,645,655,"pub assume_specification<'a, T, F: core::ops::FnMut(&T) -> bool>[
    <[T]>::split_inclusive_mut::<F>
](
    slice: &'a mut [T],
    pred: F,
) -> (iter: core::slice::SplitInclusiveMut<'a, T, F>)
    ensures
        slice_predicate_split_view::<core::slice::SplitInclusiveMut<'a, T, F>, F, T>(
            iter, old(slice)@, pred, true, false, 0,
        ),
;
",7bd3ca7766b70ec09940d71b98a0efdf4802e1ba352247ddeb52a1b2bb40af21,/home/chentianyu/nanvix-rust-std-spec-survey/nanvix-rust-std-slice-specgen-2026-08-11/specs/slice_shared_vocabulary.rs,f47deb4c5da97621b87c7bbfb1909c5eda7303e8be0422fbe43fd6588fdf1c33,core/src/slice/mod.rs:2329,/home/chentianyu/nanvix-rust-std-spec-survey/rust-1.96/library/core/src/slice/mod.rs,58901fa6437dbd4d77c68427bbced0fc3a91a10fdb8bd2e233adf6a9ba27d2d5,2326,2331,fdec3a15e77cff14e7dfde0b1da0d454668e2da3e3e8d48d9072573f8a582778,"    pub fn split_inclusive_mut<F>(&mut self, pred: F) -> SplitInclusiveMut<'_, T, F>
    where
        F: FnMut(&T) -> bool,
    {
        SplitInclusiveMut::new(self, pred)
    }
",core/src/slice/mod.rs:2309-2323,2309,2323,68e561a84c19de71630fcf5a9172237804264488dfb9a0c648695557160fc925,"Returns an iterator over mutable subslices separated by elements that
match `pred`. The matched element is contained in the previous
subslice as a terminator.

# Examples

```
let mut v = [10, 40, 30, 20, 60, 50];

for group in v.split_inclusive_mut(|num| *num % 3 == 0) {
let terminator_idx = group.len()-1;
group[terminator_idx] = 1;
}
assert_eq!(v, [10, 40, 1, 20, 1, 1]);
```
",/home/chentianyu/nanvix-rust-std-spec-survey/nanvix-rust-std-slice-vec-implproof-2026-08-12/proof_harnesses/093_core_slice_split_inclusive_mut/harness.rs,dacbc5506f9e4d8945d6396715f89814ca9936530360ee56880fb6bbaf14cbee,/home/chentianyu/nanvix-rust-std-spec-survey/nanvix-rust-std-slice-vec-implproof-2026-08-12/proof_manifests/093_core_slice_split_inclusive_mut/source_body.json,71723fb90423bb206080fb20697c9f55839892ccd00569c2dbabf3c45ce6934e,/home/chentianyu/nanvix-rust-std-spec-survey/nanvix-rust-std-slice-vec-implproof-2026-08-12/proof_manifests/093_core_slice_split_inclusive_mut/transformation_manifest.json,784645fdbc891dea405551a92a00b31e449f867a5ca7329ebe41a90273c4083b,/home/chentianyu/nanvix-rust-std-spec-survey/nanvix-rust-std-slice-vec-implproof-2026-08-12/proof_manifests/093_core_slice_split_inclusive_mut/dependency_assumption_manifest.json,f9ee5b0890ad44f949a78f0ab677c38e97e1e47bf7f5ac890db68bb463cba1fc,provenance/frozen/implproof/093_core_slice_split_inclusive_mut/harness.rs,provenance/frozen/implproof/093_core_slice_split_inclusive_mut/source_body.json,provenance/frozen/implproof/093_core_slice_split_inclusive_mut/transformation_manifest.json,provenance/frozen/implproof/093_core_slice_split_inclusive_mut/dependency_assumption_manifest.json,provenance/frozen/rust-1.96/library/core/src/slice/mod.rs,71,1,actual_verus_verified_modulo_source_backed_iterator_view_boundary:proof_harnesses/093_core_slice_split_inclusive_mut/evidence/verus_stdout.txt,"[""SplitInclusiveMut::new""]",4,TS-093-D001;TS-093-D002;TS-093-D003;TS-093-D004,1,TS-093-C001,0,,TS-093-D001;TS-093-D002;TS-093-D003;TS-093-D004;TS-093-C001,5,4,1,0,,0,iterator_private_state_v1,"[""input borrow and allocation identity"",""iterator front/back cursor and remaining source range"",""private chunk or split state read by the implementation proof"",""individual source-backed raw-slice constructor observations""]","Boundary_T fixes the input borrow/allocation identity and only the iterator, range, or raw-slice-constructor observations consumed by the proof. Target-returned references, aggregate post-state, and a complete execution trace remain outside b. TS-093-D001 source_backed_model_instantiation `slice_iterator_view::<SplitInclusiveMut>;slice_predicate_split_view`: The generated forward inclusive predicate-split vocabulary is instantiated as local open/closed specs over the extracted SplitInclusiveMut private mutable iterator state; this does not assume the target postcondition. [status=minimal_trusted_boundary_for_shared_helper_representation; source=core/src/slice/iter.rs:807-821 and frozen_inputs/slice/specs/all_slice_specs.rs predicate-split vocabulary; semantic-disposition=admissible-source-backed-support] TS-093-D002 source_backed_iterator_view_boundary `repaired generated mutable-iterator contract without final-slice frame`: The remaining source-backed obligation is the iterator/chunk/predicate view abstraction over returned lazy mutable iterator state; the removed final(slice) frame is no longer part of the contract under proof. [status=actual_verus_verified_after_contract_repair; source=core/src/slice/mod.rs:2326-2331; core/src/slice/iter.rs:816-821; semantic-disposition=admissible-source-backed-support] TS-093-D003 trait_or_callback `F: FnMut(&T) -> bool`: The Rust constructor stores but does not invoke the predicate. The harness preserves the callback bound and uses only the audited uninterpreted predicate-observation relation. [status=preserved_callback_signature_without_target_body_assumption; source=core/src/slice/mod.rs:2326-2331 and core/src/slice/iter.rs:807-821; semantic-disposition=admissible-source-backed-support] TS-093-D004 source_backed_iterator_view_boundary `repaired generated mutable-iterator contract without final-slice frame`: The remaining source-backed obligation is the iterator/chunk/predicate view abstraction over returned lazy mutable iterator state; the removed final(slice) frame is no longer part of the contract under proof. [status=actual_verus_verified_after_contract_repair; source=core/src/slice/mod.rs:2326-2331; core/src/slice/iter.rs:807-821; generated contract for <[T]>::split_inclusive_mut; semantic-disposition=admissible-source-backed-support] TS-093-C001 source-indexed callee `SplitInclusiveMut::new`: core/src/slice/iter.rs:816-821 [status=body_preserved_in_harness_actual_verus_verified_after_contract_repair; semantic-disposition=context-only-source-closure].",The target definition must derive returned subranges and borrow observations from these inputs with source-backed transitions.,admissible,All executable trust sites are source-linked and semantically partial; context-only vocabulary and call-closure records are not admitted as Boundary_T observations.,yes,Every executable dependency and external-body contract is present in the frozen exhaustive audit and limited to a lower source transition; none supplies a complete branch or answer-equivalent target result.,exact-principal-return-and-final-state,"Principal return values, returned reference identities, and final-state observations are compared by exact equality.",,,,conditional-complete,conditional-complete
core::slice::split_last_chunk_mut,96,slice,all-20260815T0127Z-ascii-whitespace-vtab-repair,unknown,mutable-reference-view-boundary,"contract fixes the Seq view and old/final frame, but mutable reference identity and alias/lifetime state are not uniquely determined by that view",iterator-splitting-and-chunking,generated-new-real-relation-spec,B,"pub assume_specification<T, const N: usize>[ <[T]>::split_last_chunk_mut::<N> ]( slice: &mut [T], ) -> (ret: Option<(&mut [T], &mut [T; N])>) ensures (N as int) <= old(slice)@.len() ==> ret.is_some() && ret.unwrap().0@ == old(slice)@.subrange(0, (old(slice)@.len() - N) as int) && array_mut_ref_view(ret.unwrap().1) == slice_fixed_suffix::<T, N>(old(slice)@) && final(slice)@ == final(ret.unwrap().0)@ + array_value_view(*final(ret.unwrap().1)), (N as int) > old(slice)@.len() ==> ret.is_none() && final(slice)@ == old(slice)@, ;",0c9131cd588a99217fc333ad32e54ac62deaf95cfc245fffb3523ba683296ce5,"pub assume_specification<T, const N: usize>[ <[T]>::split_last_chunk_mut::<N> ]( slice: &mut [T], ) -> (ret: Option<(&mut [T], &mut [T; N])>) ensures (N as int) <= old(slice)@.len() ==> ret.is_some() && ret.unwrap().0@ == old(slice)@.subrange(0, (old(slice)@.len() - N) as int) && array_mut_ref_view(ret.unwrap().1) == slice_fixed_suffix::<T, N>(old(slice)@) && final(slice)@ == final(ret.unwrap().0)@ + array_value_view(*final(ret.unwrap().1)), (N as int) > old(slice)@.len() ==> ret.is_none() && final(slice)@ == old(slice)@, ;",0c9131cd588a99217fc333ad32e54ac62deaf95cfc245fffb3523ba683296ce5,no,active-catalog-and-generated-declaration,/home/chentianyu/nanvix-rust-std-spec-survey/nanvix-rust-std-slice-specgen-2026-08-11/specs/generated_slice_specs.rs,255,265,"pub assume_specification<T, const N: usize>[ <[T]>::split_last_chunk_mut::<N> ](
    slice: &mut [T],
) -> (ret: Option<(&mut [T], &mut [T; N])>)
    ensures
        (N as int) <= old(slice)@.len() ==> ret.is_some()
            && ret.unwrap().0@ == old(slice)@.subrange(0, (old(slice)@.len() - N) as int)
            && array_mut_ref_view(ret.unwrap().1) == slice_fixed_suffix::<T, N>(old(slice)@)
            && final(slice)@
                == final(ret.unwrap().0)@ + array_value_view(*final(ret.unwrap().1)),
        (N as int) > old(slice)@.len() ==> ret.is_none() && final(slice)@ == old(slice)@,
;
",d63caa69d351c6a7bff2838ed5ad5c46d92a824f7b10f25e3256c42a0a2e20cb,/home/chentianyu/nanvix-rust-std-spec-survey/nanvix-rust-std-slice-specgen-2026-08-11/specs/slice_shared_vocabulary.rs,f47deb4c5da97621b87c7bbfb1909c5eda7303e8be0422fbe43fd6588fdf1c33,core/src/slice/mod.rs:478,/home/chentianyu/nanvix-rust-std-spec-survey/rust-1.96/library/core/src/slice/mod.rs,58901fa6437dbd4d77c68427bbced0fc3a91a10fdb8bd2e233adf6a9ba27d2d5,478,488,9b9156326fe8307c826a2e1599a682000caa3c60a78b9953c9e7b929dab147bd,"    pub const fn split_last_chunk_mut<const N: usize>(
        &mut self,
    ) -> Option<(&mut [T], &mut [T; N])> {
        let Some(index) = self.len().checked_sub(N) else { return None };
        let (init, last) = self.split_at_mut(index);

        // SAFETY: We explicitly check for the correct number of elements,
        //   do not let the reference outlive the slice,
        //   and enforce exclusive mutability of the chunk by the split.
        Some((init, unsafe { &mut *(last.as_mut_ptr().cast_array()) }))
    }
",core/src/slice/mod.rs:456-474,456,474,a503ee6431ea0b52a77a79ed9a98057b40e8af340cdd76238507da6c7c19d030,"Returns a mutable array reference to the last `N` items in the slice and the remaining
slice.

If the slice is not at least `N` in length, this will return `None`.

# Examples

```
let x = &mut [0, 1, 2];

if let Some((elements, last)) = x.split_last_chunk_mut::<2>() {
last[0] = 3;
last[1] = 4;
elements[0] = 5;
}
assert_eq!(x, &[5, 3, 4]);

assert_eq!(None, x.split_last_chunk_mut::<4>());
```
",/home/chentianyu/nanvix-rust-std-spec-survey/nanvix-rust-std-slice-vec-implproof-2026-08-12/proof_harnesses/096_core_slice_split_last_chunk_mut/harness.rs,3eb054811b2d82a7c308e6481991aadae8da301428a41172695d920f67cec3e6,/home/chentianyu/nanvix-rust-std-spec-survey/nanvix-rust-std-slice-vec-implproof-2026-08-12/proof_manifests/096_core_slice_split_last_chunk_mut/source_body.json,fd8b292a813c372fe17b72297b902cdc46a5ebeb8a2678a6ce7b9eb4da99de6f,/home/chentianyu/nanvix-rust-std-spec-survey/nanvix-rust-std-slice-vec-implproof-2026-08-12/proof_manifests/096_core_slice_split_last_chunk_mut/transformation_manifest.json,5d61dd381ace9a6a9d455181303f673b0980d2b36ccaf55e7808930d5fa906d0,/home/chentianyu/nanvix-rust-std-spec-survey/nanvix-rust-std-slice-vec-implproof-2026-08-12/proof_manifests/096_core_slice_split_last_chunk_mut/dependency_assumption_manifest.json,82f51875c2e94cf5f0cb1d5ccad20875b4fdfba658f625f4b899e0053145750a,provenance/frozen/implproof/096_core_slice_split_last_chunk_mut/harness.rs,provenance/frozen/implproof/096_core_slice_split_last_chunk_mut/source_body.json,provenance/frozen/implproof/096_core_slice_split_last_chunk_mut/transformation_manifest.json,provenance/frozen/implproof/096_core_slice_split_last_chunk_mut/dependency_assumption_manifest.json,provenance/frozen/rust-1.96/library/core/src/slice/mod.rs,73,1,actual_verus_verified_modulo_source_backed_raw_pointer_cast_boundary_and_vstd_split_at_mut_suffix_boundary,"[""checked_sub"",""split_at_mut"",""rust_1_96_split_last_chunk_mut_array_ref""]",3,TS-096-D001;TS-096-D002;TS-096-D003,3,TS-096-C001;TS-096-C002;TS-096-C003,1,TS-096-E001,TS-096-D001;TS-096-D002;TS-096-D003;TS-096-C001;TS-096-C002;TS-096-C003;TS-096-E001,7,3,4,0,,0,mutable_borrow_transition_v1,"[""input root allocation, provenance, and borrow identity"",""source-backed subrange and alias-permission transitions"",""individual caller mutation events and their local state transitions""]","Boundary_T fixes the input mutable-borrow identity and any genuine caller mutation transitions already represented by the proof. It does not freeze returned references, aggregate post-state, or a complete target trace. TS-096-D001 shared_model_helper `array_mut_ref_view;array_value_view;slice_fixed_suffix`: The generated mutable fixed-suffix vocabulary is inlined as open spec definitions so Verus can check split_last_chunk_mut without assuming the target postcondition. [status=audited_generated_contract_vocabulary_instantiated_in_harness; source=frozen_inputs/slice/specs/slice_shared_vocabulary.rs:913-935; semantic-disposition=context-only-specification-vocabulary] TS-096-D002 existing_vstd_source_contract_boundary `<[T]>::split_at_mut`: The Rust 1.96 target body calls safe split_at_mut(index) after checked_sub proves index = len - N. The harness uses the reviewed vstd mutable split view and final-frame facts at that in-bounds index while the exact-vstd implementation proof for split_at_mut remains a later obligation. [status=minimal_trusted_boundary_for_safe_mutable_slice_split_view_and_final_frame_facts; source=core/src/slice/mod.rs:482; core/src/slice/mod.rs:1947; semantic-disposition=admissible-source-backed-support] TS-096-D003 source_backed_raw_pointer_cast_boundary `rust_1_96_split_last_chunk_mut_array_ref`: The public target is executable and keeps the Rust 1.96 checked_sub early-None and split_at_mut(index) structure. Only the final unsafe suffix conversion `unsafe { &mut *(last.as_mut_ptr().cast_array()) }` is isolated in a target-local boundary whose precondition is the proved suffix length N and whose postcondition relates the returned mutable array reference to that suffix view and final frame. [status=minimal_trusted_boundary_for_source_backed_mut_slice_suffix_array_ref_cast; source=core/src/slice/mod.rs:487; semantic-disposition=admissible-source-backed-support] TS-096-C001 source-indexed callee `len`: core/src/slice/iter/macros.rs:142-144 [status=source-indexed; semantic-disposition=context-only-source-closure]. TS-096-C002 source-indexed callee `len`: core/src/slice/sort/stable/drift.rs:295-297 [status=source-indexed; semantic-disposition=context-only-source-closure]. TS-096-C003 source-indexed callee `len`: alloc/src/vec/in_place_drop.rs:15-17 [status=source-indexed; semantic-disposition=context-only-source-closure]. TS-096-E001 external_body `rust_1_96_split_last_chunk_mut_array_ref` at /home/chentianyu/nanvix-rust-std-spec-survey/nanvix-rust-std-slice-vec-implproof-2026-08-12/proof_harnesses/096_core_slice_split_last_chunk_mut/harness.rs:26 is an explicit trusted function body; backing dependency records=TS-096-D003; semantic-disposition=admissible-source-backed-lower-boundary.",The target definition must construct returned borrow identities and frames from source-backed range and ownership transitions.,admissible,All executable trust sites are source-linked and semantically partial; context-only vocabulary and call-closure records are not admitted as Boundary_T observations.,yes,Every executable dependency and external-body contract is present in the frozen exhaustive audit and limited to a lower source transition; none supplies a complete branch or answer-equivalent target result.,exact-principal-return-and-final-state,"Principal return values, returned reference identities, and final-state observations are compared by exact equality.",,,,conditional-complete,conditional-complete
core::slice::split_last_mut,97,slice,all-20260815T0127Z-ascii-whitespace-vtab-repair,unknown,iterator-or-subslice-state-boundary,"contract fixes source/remaining/subrange state, but the Rust iterator, chunk, split, or borrowed subslice value retains opaque runtime/lifetime state",iterator-splitting-and-chunking,generated-new-real-relation-spec,B,"pub assume_specification<T>[ <[T]>::split_last_mut ]( slice: &mut [T], ) -> (ret: Option<(&mut T, &mut [T])>) ensures old(slice)@.len() == 0 ==> ret.is_none() && final(slice)@ == old(slice)@, old(slice)@.len() != 0 ==> ret.is_some() && *ret.unwrap().0 == old(slice)@[(old(slice)@.len() - 1) as int] && ret.unwrap().1@ == old(slice)@.subrange(0, (old(slice)@.len() - 1) as int) && final(slice)@ == final(ret.unwrap().1)@ + seq![*final(ret.unwrap().0)], ;",3039d0b8c54beb0cb99102305eb5e9b69b95dbbfd6839f26a149c9198ca962d6,"pub assume_specification<T>[ <[T]>::split_last_mut ]( slice: &mut [T], ) -> (ret: Option<(&mut T, &mut [T])>) ensures old(slice)@.len() == 0 ==> ret.is_none() && final(slice)@ == old(slice)@, old(slice)@.len() != 0 ==> ret.is_some() && *ret.unwrap().0 == old(slice)@[(old(slice)@.len() - 1) as int] && ret.unwrap().1@ == old(slice)@.subrange(0, (old(slice)@.len() - 1) as int) && final(slice)@ == final(ret.unwrap().1)@ + seq![*final(ret.unwrap().0)], ;",3039d0b8c54beb0cb99102305eb5e9b69b95dbbfd6839f26a149c9198ca962d6,no,active-catalog-and-generated-declaration,/home/chentianyu/nanvix-rust-std-spec-survey/nanvix-rust-std-slice-specgen-2026-08-11/specs/generated_slice_specs.rs,170,179,"pub assume_specification<T>[ <[T]>::split_last_mut ](
    slice: &mut [T],
) -> (ret: Option<(&mut T, &mut [T])>)
    ensures
        old(slice)@.len() == 0 ==> ret.is_none() && final(slice)@ == old(slice)@,
        old(slice)@.len() != 0 ==> ret.is_some()
            && *ret.unwrap().0 == old(slice)@[(old(slice)@.len() - 1) as int]
            && ret.unwrap().1@ == old(slice)@.subrange(0, (old(slice)@.len() - 1) as int)
            && final(slice)@ == final(ret.unwrap().1)@ + seq![*final(ret.unwrap().0)],
;
",76df58761b95f470374b35994693219ee30cc860c14587a16ed6596514e9d0c6,/home/chentianyu/nanvix-rust-std-spec-survey/nanvix-rust-std-slice-specgen-2026-08-11/specs/slice_shared_vocabulary.rs,f47deb4c5da97621b87c7bbfb1909c5eda7303e8be0422fbe43fd6588fdf1c33,core/src/slice/mod.rs:262,/home/chentianyu/nanvix-rust-std-spec-survey/rust-1.96/library/core/src/slice/mod.rs,58901fa6437dbd4d77c68427bbced0fc3a91a10fdb8bd2e233adf6a9ba27d2d5,262,264,bea57e99b1e178d9176ff0b1a6f78a83dafce93f1f7485844e6275ac07ab2005,"    pub const fn split_last_mut(&mut self) -> Option<(&mut T, &mut [T])> {
        if let [init @ .., last] = self { Some((last, init)) } else { None }
    }
",core/src/slice/mod.rs:244-257,244,257,1b8cda24dcf4dc3de2aafae4137adddc36854ac66c1956eb023a74f5df89df7d,"Returns the last and all the rest of the elements of the slice, or `None` if it is empty.

# Examples

```
let x = &mut [0, 1, 2];

if let Some((last, elements)) = x.split_last_mut() {
*last = 3;
elements[0] = 4;
elements[1] = 5;
}
assert_eq!(x, &[4, 5, 3]);
```
",/home/chentianyu/nanvix-rust-std-spec-survey/nanvix-rust-std-slice-vec-implproof-2026-08-12/proof_harnesses/097_core_slice_split_last_mut/harness.rs,79cde36bfa903f2f82536655e821781d4fd39e5d1bced66048094f3511dd5614,/home/chentianyu/nanvix-rust-std-spec-survey/nanvix-rust-std-slice-vec-implproof-2026-08-12/proof_manifests/097_core_slice_split_last_mut/source_body.json,28f1f351cfe548e9cac218a94db73737117e741929bf0485866be814720d6136,/home/chentianyu/nanvix-rust-std-spec-survey/nanvix-rust-std-slice-vec-implproof-2026-08-12/proof_manifests/097_core_slice_split_last_mut/transformation_manifest.json,432c69053621895e294019161a109c9df2ac16a2f3ff67cd269fe63310437768,/home/chentianyu/nanvix-rust-std-spec-survey/nanvix-rust-std-slice-vec-implproof-2026-08-12/proof_manifests/097_core_slice_split_last_mut/dependency_assumption_manifest.json,54f5812946dd268034191e872b844778c9d210b5d136e797d5040478d326d0a2,provenance/frozen/implproof/097_core_slice_split_last_mut/harness.rs,provenance/frozen/implproof/097_core_slice_split_last_mut/source_body.json,provenance/frozen/implproof/097_core_slice_split_last_mut/transformation_manifest.json,provenance/frozen/implproof/097_core_slice_split_last_mut/dependency_assumption_manifest.json,provenance/frozen/rust-1.96/library/core/src/slice/mod.rs,28,0,actual_verus_verified_modulo_verus_mut_slice_pattern_desugaring_boundary:proof_harnesses/097_core_slice_split_last_mut/evidence/verus_stdout.txt,"[""slice.len"",""slice.split_at_mut"",""slice_index_mut""]",1,TS-097-D001,0,,0,,TS-097-D001,1,1,0,0,,0,iterator_private_state_v1,"[""input borrow and allocation identity"",""iterator front/back cursor and remaining source range"",""private chunk or split state read by the implementation proof"",""individual source-backed raw-slice constructor observations""]","Boundary_T fixes the input borrow/allocation identity and only the iterator, range, or raw-slice-constructor observations consumed by the proof. Target-returned references, aggregate post-state, and a complete execution trace remain outside b. TS-097-D001 declared_boundary `vstd_mut_slice_split_at_index_contract_for_slice_pattern_desugaring`: The Verus harness lowers Rust's unsupported mutable slice pattern `[init @ .., last]` to the standard init/last decomposition using `split_at_mut(slice.len() - 1)` and `&mut tail[0]`; the trusted interface is limited to the vstd mutable slice split/index/final reconstruction facts needed for that lowering. [status=manifest-declared-boundary; source=core/src/slice/mod.rs:262-264; semantic-disposition=admissible-source-backed-support]",The target definition must derive returned subranges and borrow observations from these inputs with source-backed transitions.,admissible,All executable trust sites are source-linked and semantically partial; context-only vocabulary and call-closure records are not admitted as Boundary_T observations.,yes,Every executable dependency and external-body contract is present in the frozen exhaustive audit and limited to a lower source transition; none supplies a complete branch or answer-equivalent target result.,exact-principal-return-and-final-state,"Principal return values, returned reference identities, and final-state observations are compared by exact equality.",,,,conditional-complete,conditional-complete
core::slice::split_mut,98,slice,all-20260815T0127Z-ascii-whitespace-vtab-repair,unknown,iterator-or-subslice-state-boundary,"contract fixes source/remaining/subrange state, but the Rust iterator, chunk, split, or borrowed subslice value retains opaque runtime/lifetime state",iterator-splitting-and-chunking,generated-new-real-relation-spec,B,"pub assume_specification<'a, T, F: core::ops::FnMut(&T) -> bool>[ <[T]>::split_mut::<F> ]( slice: &'a mut [T], pred: F, ) -> (iter: core::slice::SplitMut<'a, T, F>) ensures slice_predicate_split_view::<core::slice::SplitMut<'a, T, F>, F, T>( iter, old(slice)@, pred, false, false, 0, ), ;",81cedd197710c3392a77bf21e9d0efe0bf6919c268ccbddebf0d3898ab138879,"pub assume_specification<'a, T, F: core::ops::FnMut(&T) -> bool>[ <[T]>::split_mut::<F> ]( slice: &'a mut [T], pred: F, ) -> (iter: core::slice::SplitMut<'a, T, F>) ensures slice_predicate_split_view::<core::slice::SplitMut<'a, T, F>, F, T>( iter, old(slice)@, pred, false, false, 0, ), ;",81cedd197710c3392a77bf21e9d0efe0bf6919c268ccbddebf0d3898ab138879,no,active-catalog-and-generated-declaration,/home/chentianyu/nanvix-rust-std-spec-survey/nanvix-rust-std-slice-specgen-2026-08-11/specs/generated_slice_specs.rs,625,633,"pub assume_specification<'a, T, F: core::ops::FnMut(&T) -> bool>[ <[T]>::split_mut::<F> ](
    slice: &'a mut [T],
    pred: F,
) -> (iter: core::slice::SplitMut<'a, T, F>)
    ensures
        slice_predicate_split_view::<core::slice::SplitMut<'a, T, F>, F, T>(
            iter, old(slice)@, pred, false, false, 0,
        ),
;
",2455e17505af773ec98b394f8bfe4ab4d9ceabe8f223a7910dfdea977330d8a5,/home/chentianyu/nanvix-rust-std-spec-survey/nanvix-rust-std-slice-specgen-2026-08-11/specs/slice_shared_vocabulary.rs,f47deb4c5da97621b87c7bbfb1909c5eda7303e8be0422fbe43fd6588fdf1c33,core/src/slice/mod.rs:2269,/home/chentianyu/nanvix-rust-std-spec-survey/rust-1.96/library/core/src/slice/mod.rs,58901fa6437dbd4d77c68427bbced0fc3a91a10fdb8bd2e233adf6a9ba27d2d5,2266,2271,75b056645bc50f9f79c972b53ff5c1683ab5eafc1782d305cd4eb47bee542965,"    pub fn split_mut<F>(&mut self, pred: F) -> SplitMut<'_, T, F>
    where
        F: FnMut(&T) -> bool,
    {
        SplitMut::new(self, pred)
    }
",core/src/slice/mod.rs:2251-2263,2251,2263,b66bad2bf1316d797d55671d62c5a618d1e8475bc1d86dd99a8544948c8be10c,"Returns an iterator over mutable subslices separated by elements that
match `pred`. The matched element is not contained in the subslices.

# Examples

```
let mut v = [10, 40, 30, 20, 60, 50];

for group in v.split_mut(|num| *num % 3 == 0) {
group[0] = 1;
}
assert_eq!(v, [1, 40, 30, 1, 60, 1]);
```
",/home/chentianyu/nanvix-rust-std-spec-survey/nanvix-rust-std-slice-vec-implproof-2026-08-12/proof_harnesses/098_core_slice_split_mut/harness.rs,14d9b9b3f8c981eabeffd49b3c00652414bc611915f1f9c4b7c70188998fc527,/home/chentianyu/nanvix-rust-std-spec-survey/nanvix-rust-std-slice-vec-implproof-2026-08-12/proof_manifests/098_core_slice_split_mut/source_body.json,ada4a3639f7e1ffe45e7fc1633aed63fa93880f785afa18f185d72156854d28e,/home/chentianyu/nanvix-rust-std-spec-survey/nanvix-rust-std-slice-vec-implproof-2026-08-12/proof_manifests/098_core_slice_split_mut/transformation_manifest.json,c8ef2e827b4517a5fff51f8f57e87adc94516ec1a53444b41a153d82cee67007,/home/chentianyu/nanvix-rust-std-spec-survey/nanvix-rust-std-slice-vec-implproof-2026-08-12/proof_manifests/098_core_slice_split_mut/dependency_assumption_manifest.json,bf87d7d2f817a7555946ed133cb9d30a22a6bb0d523b491f30dfabd702de92ba,provenance/frozen/implproof/098_core_slice_split_mut/harness.rs,provenance/frozen/implproof/098_core_slice_split_mut/source_body.json,provenance/frozen/implproof/098_core_slice_split_mut/transformation_manifest.json,provenance/frozen/implproof/098_core_slice_split_mut/dependency_assumption_manifest.json,provenance/frozen/rust-1.96/library/core/src/slice/mod.rs,74,1,actual_verus_verified_modulo_source_backed_iterator_view_boundary:proof_harnesses/098_core_slice_split_mut/evidence/verus_stdout.txt,"[""SplitMut::new""]",4,TS-098-D001;TS-098-D002;TS-098-D003;TS-098-D004,1,TS-098-C001,0,,TS-098-D001;TS-098-D002;TS-098-D003;TS-098-D004;TS-098-C001,5,4,1,0,,0,iterator_private_state_v1,"[""input borrow and allocation identity"",""iterator front/back cursor and remaining source range"",""private chunk or split state read by the implementation proof"",""individual source-backed raw-slice constructor observations""]","Boundary_T fixes the input borrow/allocation identity and only the iterator, range, or raw-slice-constructor observations consumed by the proof. Target-returned references, aggregate post-state, and a complete execution trace remain outside b. TS-098-D001 source_backed_model_instantiation `slice_iterator_view::<SplitMut>;slice_predicate_split_view`: The generated forward predicate-split vocabulary is instantiated as local open/closed specs over the extracted SplitMut private mutable iterator state; this does not assume the target postcondition. [status=minimal_trusted_boundary_for_shared_helper_representation; source=core/src/slice/iter.rs:678-690 and frozen_inputs/slice/specs/all_slice_specs.rs predicate-split vocabulary; semantic-disposition=admissible-source-backed-support] TS-098-D002 source_backed_iterator_view_boundary `repaired generated mutable-iterator contract without final-slice frame`: The remaining source-backed obligation is the iterator/chunk/predicate view abstraction over returned lazy mutable iterator state; the removed final(slice) frame is no longer part of the contract under proof. [status=actual_verus_verified_after_contract_repair; source=core/src/slice/mod.rs:2266-2271; core/src/slice/iter.rs:678-690; semantic-disposition=admissible-source-backed-support] TS-098-D003 trait_or_callback `F: FnMut(&T) -> bool`: The Rust constructor stores but does not invoke the predicate. The harness preserves the callback bound and uses only the audited uninterpreted predicate-observation relation. [status=preserved_callback_signature_without_target_body_assumption; source=core/src/slice/mod.rs:2266-2271 and core/src/slice/iter.rs:678-690; semantic-disposition=admissible-source-backed-support] TS-098-D004 source_backed_iterator_view_boundary `repaired generated mutable-iterator contract without final-slice frame`: The remaining source-backed obligation is the iterator/chunk/predicate view abstraction over returned lazy mutable iterator state; the removed final(slice) frame is no longer part of the contract under proof. [status=actual_verus_verified_after_contract_repair; source=core/src/slice/mod.rs:2266-2271; core/src/slice/iter.rs:678-690; generated contract for <[T]>::split_mut; semantic-disposition=admissible-source-backed-support] TS-098-C001 source-indexed callee `SplitMut::new`: core/src/slice/iter.rs:689-691 [status=body_preserved_in_harness_actual_verus_verified_after_contract_repair; semantic-disposition=context-only-source-closure].",The target definition must derive returned subranges and borrow observations from these inputs with source-backed transitions.,admissible,All executable trust sites are source-linked and semantically partial; context-only vocabulary and call-closure records are not admitted as Boundary_T observations.,yes,Every executable dependency and external-body contract is present in the frozen exhaustive audit and limited to a lower source transition; none supplies a complete branch or answer-equivalent target result.,exact-principal-return-and-final-state,"Principal return values, returned reference identities, and final-state observations are compared by exact equality.",,,,conditional-complete,conditional-complete
core::slice::split_off,99,slice,all-20260815T0127Z-ascii-whitespace-vtab-repair,unknown,iterator-or-subslice-state-boundary,"contract fixes source/remaining/subrange state, but the Rust iterator, chunk, split, or borrowed subslice value retains opaque runtime/lifetime state",iterator-splitting-and-chunking,generated-new-real-relation-spec,B,"pub assume_specification<'a, T, R: core::ops::OneSidedRange<usize>>[ <[T]>::split_off::<R> ]( slice_ref: &mut &'a [T], range: R, ) -> (ret: Option<&'a [T]>) ensures ret.is_none() ==> (*final(slice_ref))@ == (*old(slice_ref))@, ret.is_some() ==> slice_split_off_partition::<T>( (*old(slice_ref))@, (*final(slice_ref))@, ret.unwrap()@, ), ;",980c0fc48d42c16666be982fb8949777aea4c339d73a52ba80f62fded2ae7085,"pub assume_specification<'a, T, R: core::ops::OneSidedRange<usize>>[ <[T]>::split_off::<R> ]( slice_ref: &mut &'a [T], range: R, ) -> (ret: Option<&'a [T]>) ensures ret.is_none() ==> (*final(slice_ref))@ == (*old(slice_ref))@, ret.is_some() ==> slice_split_off_partition::<T>( (*old(slice_ref))@, (*final(slice_ref))@, ret.unwrap()@, ), ;",980c0fc48d42c16666be982fb8949777aea4c339d73a52ba80f62fded2ae7085,no,active-catalog-and-generated-declaration,/home/chentianyu/nanvix-rust-std-spec-survey/nanvix-rust-std-slice-specgen-2026-08-11/specs/generated_slice_specs.rs,739,749,"#[verifier::allow(undeclared_external_trait)]
pub assume_specification<'a, T, R: core::ops::OneSidedRange<usize>>[ <[T]>::split_off::<R> ](
    slice_ref: &mut &'a [T],
    range: R,
) -> (ret: Option<&'a [T]>)
    ensures
        ret.is_none() ==> (*final(slice_ref))@ == (*old(slice_ref))@,
        ret.is_some() ==> slice_split_off_partition::<T>(
            (*old(slice_ref))@, (*final(slice_ref))@, ret.unwrap()@,
        ),
;
",1da2b681288110d4feed06d70d3cb9083c757b1601f526158e1bfcb52c847167,/home/chentianyu/nanvix-rust-std-spec-survey/nanvix-rust-std-slice-specgen-2026-08-11/specs/slice_shared_vocabulary.rs,f47deb4c5da97621b87c7bbfb1909c5eda7303e8be0422fbe43fd6588fdf1c33,core/src/slice/mod.rs:4913,/home/chentianyu/nanvix-rust-std-spec-survey/rust-1.96/library/core/src/slice/mod.rs,58901fa6437dbd4d77c68427bbced0fc3a91a10fdb8bd2e233adf6a9ba27d2d5,4906,4925,fb19cd4b355c594bef6afbe10c0e9b9fc58e5aca2904b0b2038c4bf72df4768a,"    pub fn split_off<'a, R: OneSidedRange<usize>>(
        self: &mut &'a Self,
        range: R,
    ) -> Option<&'a Self> {
        let (direction, split_index) = split_point_of(range)?;
        if split_index > self.len() {
            return None;
        }
        let (front, back) = self.split_at(split_index);
        match direction {
            Direction::Front => {
                *self = back;
                Some(front)
            }
            Direction::Back => {
                *self = front;
                Some(back)
            }
        }
    }
",core/src/slice/mod.rs:4861-4902,4861,4902,f6126fa7bdc11f5fa63550cd56f8a00a524d0226309b8e6d5ccfe26bbef6ecef,"Removes the subslice corresponding to the given range
and returns a reference to it.

Returns `None` and does not modify the slice if the given
range is out of bounds.

Note that this method only accepts one-sided ranges such as
`2..` or `..6`, but not `2..6`.

# Examples

Splitting off the first three elements of a slice:

```
let mut slice: &[_] = &['a', 'b', 'c', 'd'];
let mut first_three = slice.split_off(..3).unwrap();

assert_eq!(slice, &['d']);
assert_eq!(first_three, &['a', 'b', 'c']);
```

Splitting off a slice starting with the third element:

```
let mut slice: &[_] = &['a', 'b', 'c', 'd'];
let mut tail = slice.split_off(2..).unwrap();

assert_eq!(slice, &['a', 'b']);
assert_eq!(tail, &['c', 'd']);
```

Getting `None` when `range` is out of bounds:

```
let mut slice: &[_] = &['a', 'b', 'c', 'd'];

assert_eq!(None, slice.split_off(5..));
assert_eq!(None, slice.split_off(..5));
assert_eq!(None, slice.split_off(..=4));
let expected: &[char] = &['a', 'b', 'c', 'd'];
assert_eq!(Some(expected), slice.split_off(..4));
```
",/home/chentianyu/nanvix-rust-std-spec-survey/nanvix-rust-std-slice-vec-implproof-2026-08-12/proof_harnesses/099_core_slice_split_off/harness.rs,d8a5f9a6474961b9f59339ca207d11a7f2eab997e73ebf60c5add4e62d83b59c,/home/chentianyu/nanvix-rust-std-spec-survey/nanvix-rust-std-slice-vec-implproof-2026-08-12/proof_manifests/099_core_slice_split_off/source_body.json,418eb8bf8eda909c1d41102acde92f49a7c9c63be803154bb64b028f5106bc3e,/home/chentianyu/nanvix-rust-std-spec-survey/nanvix-rust-std-slice-vec-implproof-2026-08-12/proof_manifests/099_core_slice_split_off/transformation_manifest.json,f18016d21450901b13f3289003d1cd708316fb7abfb6db39d92e669bfa7fbafe,/home/chentianyu/nanvix-rust-std-spec-survey/nanvix-rust-std-slice-vec-implproof-2026-08-12/proof_manifests/099_core_slice_split_off/dependency_assumption_manifest.json,546a89b7305989b545499403bad79954a37803ce773307bf8cea7c2601d7e5fe,provenance/frozen/implproof/099_core_slice_split_off/harness.rs,provenance/frozen/implproof/099_core_slice_split_off/source_body.json,provenance/frozen/implproof/099_core_slice_split_off/transformation_manifest.json,provenance/frozen/implproof/099_core_slice_split_off/dependency_assumption_manifest.json,provenance/frozen/rust-1.96/library/core/src/slice/mod.rs,29,0,actual_verus_verified_modulo_source_backed_one_sided_range_and_vstd_split_boundary:proof_harnesses/099_core_slice_split_off/evidence/verus_stdout.txt,"[""range.bound"",""usize.checked_add"",""split_point_of"",""slice.len"",""slice.split_at""]",3,TS-099-D001;TS-099-D002;TS-099-D003,1,TS-099-C001,0,,TS-099-D001;TS-099-D002;TS-099-D003;TS-099-C001,4,3,1,0,,0,iterator_private_state_v1,"[""input borrow and allocation identity"",""iterator front/back cursor and remaining source range"",""private chunk or split state read by the implementation proof"",""individual source-backed raw-slice constructor observations""]","Boundary_T fixes the input borrow/allocation identity and only the iterator, range, or raw-slice-constructor observations consumed by the proof. Target-returned references, aggregate post-state, and a complete execution trace remain outside b. TS-099-D001 declared_boundary `source_backed_one_sided_range_bound_model`: The generic Rust `R: OneSidedRange<usize>` input is represented by the target-local executable `OneSidedRangeSpec`, which exposes the same `(OneSidedRangeBound, usize)` observation consumed by the Rust 1.96 private helper. [status=manifest-declared-boundary; source=core/src/slice/mod.rs:80-94; semantic-disposition=admissible-source-backed-support] TS-099-D002 declared_boundary `vstd_immutable_slice_split_at_view_contract`: The immutable slice `split_at(split_index)` call uses the reviewed vstd split/index view contract to connect `front` and `back` to the old slice sequence. [status=manifest-declared-boundary; source=core/src/slice/mod.rs:4914-4924; semantic-disposition=admissible-source-backed-support] TS-099-D003 declared_boundary `slice_split_off_partition_contract_vocabulary`: The generated `slice_split_off_partition` vocabulary is the audited prefix/suffix relation `removed + remaining == source || remaining + removed == source`; this helper does not assume the target postcondition. [status=manifest-declared-boundary; source=frozen_inputs/slice/specs/slice_shared_vocabulary.rs:876-882; semantic-disposition=admissible-source-backed-support] TS-099-C001 source-indexed callee `split_point_of`: core/src/slice/mod.rs:86-94 [status=source-indexed; semantic-disposition=context-only-source-closure].",The target definition must derive returned subranges and borrow observations from these inputs with source-backed transitions.,admissible,All executable trust sites are source-linked and semantically partial; context-only vocabulary and call-closure records are not admitted as Boundary_T observations.,yes,Every executable dependency and external-body contract is present in the frozen exhaustive audit and limited to a lower source transition; none supplies a complete branch or answer-equivalent target result.,exact-principal-return-and-final-state,"Principal return values, returned reference identities, and final-state observations are compared by exact equality.",,,,conditional-complete,conditional-complete
core::slice::split_off_first_mut,101,slice,all-20260815T0127Z-ascii-whitespace-vtab-repair,unknown,iterator-or-subslice-state-boundary,"contract fixes source/remaining/subrange state, but the Rust iterator, chunk, split, or borrowed subslice value retains opaque runtime/lifetime state",iterator-splitting-and-chunking,generated-new-real-relation-spec,B,"pub assume_specification<'a, T>[ <[T]>::split_off_first_mut ]( slice_ref: &mut &'a mut [T], ) -> (ret: Option<&'a mut T>) ensures (*old(slice_ref))@.len() == 0 ==> ret.is_none() && (*final(slice_ref))@ == (*old(slice_ref))@, (*old(slice_ref))@.len() != 0 ==> ret.is_some() && slice_split_off_first_result::<T>( (*old(slice_ref))@, (*final(slice_ref))@, *ret.unwrap(), ) && (seq![*final(ret.unwrap())] + (*final(slice_ref))@).len() == (*old(slice_ref))@.len(), ;",fb2805dd3aa3b506b48de88fdc75518d217820aceb32543f31d6d0ef40446728,"pub assume_specification<'a, T>[ <[T]>::split_off_first_mut ]( slice_ref: &mut &'a mut [T], ) -> (ret: Option<&'a mut T>) ensures (*old(slice_ref))@.len() == 0 ==> ret.is_none() && (*final(slice_ref))@ == (*old(slice_ref))@, (*old(slice_ref))@.len() != 0 ==> ret.is_some() && slice_split_off_first_result::<T>( (*old(slice_ref))@, (*final(slice_ref))@, *ret.unwrap(), ) && (seq![*final(ret.unwrap())] + (*final(slice_ref))@).len() == (*old(slice_ref))@.len(), ;",fb2805dd3aa3b506b48de88fdc75518d217820aceb32543f31d6d0ef40446728,no,active-catalog-and-generated-declaration,/home/chentianyu/nanvix-rust-std-spec-survey/nanvix-rust-std-slice-specgen-2026-08-11/specs/generated_slice_specs.rs,780,792,"pub assume_specification<'a, T>[ <[T]>::split_off_first_mut ](
    slice_ref: &mut &'a mut [T],
) -> (ret: Option<&'a mut T>)
    ensures
        (*old(slice_ref))@.len() == 0 ==> ret.is_none()
            && (*final(slice_ref))@ == (*old(slice_ref))@,
        (*old(slice_ref))@.len() != 0 ==> ret.is_some()
            && slice_split_off_first_result::<T>(
                (*old(slice_ref))@, (*final(slice_ref))@, *ret.unwrap(),
            )
            && (seq![*final(ret.unwrap())] + (*final(slice_ref))@).len()
                == (*old(slice_ref))@.len(),
;
",7156077b16e2da259dafa573de211f7d47496f59b32bd7fb956881b5fcd9b745,/home/chentianyu/nanvix-rust-std-spec-survey/nanvix-rust-std-slice-specgen-2026-08-11/specs/slice_shared_vocabulary.rs,f47deb4c5da97621b87c7bbfb1909c5eda7303e8be0422fbe43fd6588fdf1c33,core/src/slice/mod.rs:5042,/home/chentianyu/nanvix-rust-std-spec-survey/rust-1.96/library/core/src/slice/mod.rs,58901fa6437dbd4d77c68427bbced0fc3a91a10fdb8bd2e233adf6a9ba27d2d5,5035,5041,bd916b533cd3fed622062b911bb1ad18889d4240f66d45311415d0673e52c374,"    pub const fn split_off_first_mut<'a>(self: &mut &'a mut Self) -> Option<&'a mut T> {
        // FIXME(const-hack): Use `mem::take` and `?` when available in const.
        // Original: `mem::take(self).split_first_mut()?`
        let Some((first, rem)) = mem::replace(self, &mut []).split_first_mut() else { return None };
        *self = rem;
        Some(first)
    }
",core/src/slice/mod.rs:5017-5031,5017,5031,fd886b960f9f6c5daa2f8c1bb096b64d9167aacd0af6c24c5654d674bfe643bc,"Removes the first element of the slice and returns a mutable
reference to it.

Returns `None` if the slice is empty.

# Examples

```
let mut slice: &mut [_] = &mut ['a', 'b', 'c'];
let first = slice.split_off_first_mut().unwrap();
*first = 'd';

assert_eq!(slice, &['b', 'c']);
assert_eq!(first, &'d');
```
",/home/chentianyu/nanvix-rust-std-spec-survey/nanvix-rust-std-slice-vec-implproof-2026-08-12/proof_harnesses/101_core_slice_split_off_first_mut/harness.rs,bd62ceb407a801d1660ae2b27c47bc3f290cdc7c72f847a6a713372462d929a8,/home/chentianyu/nanvix-rust-std-spec-survey/nanvix-rust-std-slice-vec-implproof-2026-08-12/proof_manifests/101_core_slice_split_off_first_mut/source_body.json,1147483268ee210b895d4699681728739e6ac4419c458b9cc532be2e4fb1bfc3,/home/chentianyu/nanvix-rust-std-spec-survey/nanvix-rust-std-slice-vec-implproof-2026-08-12/proof_manifests/101_core_slice_split_off_first_mut/transformation_manifest.json,a9ce2165e086573f4a920b8a667ab08304ac788713f5578a438c788743ad71ac,/home/chentianyu/nanvix-rust-std-spec-survey/nanvix-rust-std-slice-vec-implproof-2026-08-12/proof_manifests/101_core_slice_split_off_first_mut/dependency_assumption_manifest.json,a871e0a39b42c1c6a9a48478d512d4ede677f64576823c84253a648cd69138ee,provenance/frozen/implproof/101_core_slice_split_off_first_mut/harness.rs,provenance/frozen/implproof/101_core_slice_split_off_first_mut/source_body.json,provenance/frozen/implproof/101_core_slice_split_off_first_mut/transformation_manifest.json,provenance/frozen/implproof/101_core_slice_split_off_first_mut/dependency_assumption_manifest.json,provenance/frozen/rust-1.96/library/core/src/slice/mod.rs,30,0,actual_verus_verified_modulo_mem_replace_swap_lowering_and_verus_mut_slice_pattern_desugaring_boundary:proof_harnesses/101_core_slice_split_off_first_mut/evidence/verus_stdout.txt,"[""core::mem::swap"",""slice.len"",""slice.split_at_mut"",""slice_index_mut""]",3,TS-101-D001;TS-101-D002;TS-101-D003,0,,0,,TS-101-D001;TS-101-D002;TS-101-D003,3,3,0,0,,0,iterator_private_state_v1,"[""input borrow and allocation identity"",""iterator front/back cursor and remaining source range"",""private chunk or split state read by the implementation proof"",""individual source-backed raw-slice constructor observations""]","Boundary_T fixes the input borrow/allocation identity and only the iterator, range, or raw-slice-constructor observations consumed by the proof. Target-returned references, aggregate post-state, and a complete execution trace remain outside b. TS-101-D001 declared_boundary `vstd_core_mem_swap_for_mem_replace_lowering`: Verus rejects core::mem::replace without an assume_specification, so the harness uses the standard executable swap-with-empty lowering for the exact Rust expression mem::replace(self, &mut []): initialize an empty mutable slice, core::mem::swap it with the receiver slot, then continue with the old inner slice reference. [status=manifest-declared-boundary; source=core/src/slice/mod.rs:5038; semantic-disposition=admissible-source-backed-support] TS-101-D002 declared_boundary `vstd_mut_slice_split_at_index_contract_for_split_first_mut_desugaring`: The Verus harness lowers the split_first_mut empty/nonempty branch to slice.len() != 0, split_at_mut(1), and &mut head[0], matching the already-reviewed mutable slice-pattern decomposition. [status=manifest-declared-boundary; source=core/src/slice/mod.rs:5038-5040; semantic-disposition=admissible-source-backed-support] TS-101-D003 declared_boundary `slice_split_off_first_result_contract_vocabulary`: The generated slice_split_off_first_result vocabulary is the audited first/tail relation source.len()!=0, value==source[0], and remaining==source.subrange(1, len); this helper does not assume the target postcondition. [status=manifest-declared-boundary; source=frozen_inputs/slice/specs/slice_shared_vocabulary.rs:884-890; semantic-disposition=admissible-source-backed-support]",The target definition must derive returned subranges and borrow observations from these inputs with source-backed transitions.,admissible,All executable trust sites are source-linked and semantically partial; context-only vocabulary and call-closure records are not admitted as Boundary_T observations.,yes,Every executable dependency and external-body contract is present in the frozen exhaustive audit and limited to a lower source transition; none supplies a complete branch or answer-equivalent target result.,exact-principal-return-and-final-state,"Principal return values, returned reference identities, and final-state observations are compared by exact equality.",,,,conditional-complete,conditional-complete
core::slice::split_off_last_mut,103,slice,all-20260815T0127Z-ascii-whitespace-vtab-repair,unknown,iterator-or-subslice-state-boundary,"contract fixes source/remaining/subrange state, but the Rust iterator, chunk, split, or borrowed subslice value retains opaque runtime/lifetime state",iterator-splitting-and-chunking,generated-new-real-relation-spec,B,"pub assume_specification<'a, T>[ <[T]>::split_off_last_mut ]( slice_ref: &mut &'a mut [T], ) -> (ret: Option<&'a mut T>) ensures (*old(slice_ref))@.len() == 0 ==> ret.is_none() && (*final(slice_ref))@ == (*old(slice_ref))@, (*old(slice_ref))@.len() != 0 ==> ret.is_some() && slice_split_off_last_result::<T>( (*old(slice_ref))@, (*final(slice_ref))@, *ret.unwrap(), ) && ((*final(slice_ref))@ + seq![*final(ret.unwrap())]).len() == (*old(slice_ref))@.len(), ;",1f03e74ea8d7d4c774711bb8af028cbed32e1401810479f58803a6de7a426f4d,"pub assume_specification<'a, T>[ <[T]>::split_off_last_mut ]( slice_ref: &mut &'a mut [T], ) -> (ret: Option<&'a mut T>) ensures (*old(slice_ref))@.len() == 0 ==> ret.is_none() && (*final(slice_ref))@ == (*old(slice_ref))@, (*old(slice_ref))@.len() != 0 ==> ret.is_some() && slice_split_off_last_result::<T>( (*old(slice_ref))@, (*final(slice_ref))@, *ret.unwrap(), ) && ((*final(slice_ref))@ + seq![*final(ret.unwrap())]).len() == (*old(slice_ref))@.len(), ;",1f03e74ea8d7d4c774711bb8af028cbed32e1401810479f58803a6de7a426f4d,no,active-catalog-and-generated-declaration,/home/chentianyu/nanvix-rust-std-spec-survey/nanvix-rust-std-slice-specgen-2026-08-11/specs/generated_slice_specs.rs,806,818,"pub assume_specification<'a, T>[ <[T]>::split_off_last_mut ](
    slice_ref: &mut &'a mut [T],
) -> (ret: Option<&'a mut T>)
    ensures
        (*old(slice_ref))@.len() == 0 ==> ret.is_none()
            && (*final(slice_ref))@ == (*old(slice_ref))@,
        (*old(slice_ref))@.len() != 0 ==> ret.is_some()
            && slice_split_off_last_result::<T>(
                (*old(slice_ref))@, (*final(slice_ref))@, *ret.unwrap(),
            )
            && ((*final(slice_ref))@ + seq![*final(ret.unwrap())]).len()
                == (*old(slice_ref))@.len(),
;
",bd6cd48029fd8c19e8f605de2ea3789bb5f40bd059781463ca0c0b8d3d20ca94,/home/chentianyu/nanvix-rust-std-spec-survey/nanvix-rust-std-slice-specgen-2026-08-11/specs/slice_shared_vocabulary.rs,f47deb4c5da97621b87c7bbfb1909c5eda7303e8be0422fbe43fd6588fdf1c33,core/src/slice/mod.rs:5092,/home/chentianyu/nanvix-rust-std-spec-survey/rust-1.96/library/core/src/slice/mod.rs,58901fa6437dbd4d77c68427bbced0fc3a91a10fdb8bd2e233adf6a9ba27d2d5,5085,5091,8a7346f07fcf4cf6ee992be7812103b22dbed089118e0b60902114b2f63cf6aa,"    pub const fn split_off_last_mut<'a>(self: &mut &'a mut Self) -> Option<&'a mut T> {
        // FIXME(const-hack): Use `mem::take` and `?` when available in const.
        // Original: `mem::take(self).split_last_mut()?`
        let Some((last, rem)) = mem::replace(self, &mut []).split_last_mut() else { return None };
        *self = rem;
        Some(last)
    }
",core/src/slice/mod.rs:5067-5081,5067,5081,bf5e70233263278ce6b7551a78331e0068da312cde02361a09a0c2c3f062390e,"Removes the last element of the slice and returns a mutable
reference to it.

Returns `None` if the slice is empty.

# Examples

```
let mut slice: &mut [_] = &mut ['a', 'b', 'c'];
let last = slice.split_off_last_mut().unwrap();
*last = 'd';

assert_eq!(slice, &['a', 'b']);
assert_eq!(last, &'d');
```
",/home/chentianyu/nanvix-rust-std-spec-survey/nanvix-rust-std-slice-vec-implproof-2026-08-12/proof_harnesses/103_core_slice_split_off_last_mut/harness.rs,2b11db639ed9a38e09c3c9f9c2695ddba318d667b524ad76aeadf271d7eebab9,/home/chentianyu/nanvix-rust-std-spec-survey/nanvix-rust-std-slice-vec-implproof-2026-08-12/proof_manifests/103_core_slice_split_off_last_mut/source_body.json,a5ca19f854205c69818371342f690528e46e28f0b574b5edbae47ddfed40dcc3,/home/chentianyu/nanvix-rust-std-spec-survey/nanvix-rust-std-slice-vec-implproof-2026-08-12/proof_manifests/103_core_slice_split_off_last_mut/transformation_manifest.json,704b976063e1bd8554f6f7de9813eadc4db699ed033b5fdbc9bd5ee4677005ee,/home/chentianyu/nanvix-rust-std-spec-survey/nanvix-rust-std-slice-vec-implproof-2026-08-12/proof_manifests/103_core_slice_split_off_last_mut/dependency_assumption_manifest.json,d4a310757aa508f4ea9866dd4b136919a813b130f87c86f423765942649ddd01,provenance/frozen/implproof/103_core_slice_split_off_last_mut/harness.rs,provenance/frozen/implproof/103_core_slice_split_off_last_mut/source_body.json,provenance/frozen/implproof/103_core_slice_split_off_last_mut/transformation_manifest.json,provenance/frozen/implproof/103_core_slice_split_off_last_mut/dependency_assumption_manifest.json,provenance/frozen/rust-1.96/library/core/src/slice/mod.rs,31,0,actual_verus_verified_modulo_mem_replace_swap_lowering_and_verus_mut_slice_pattern_desugaring_boundary:proof_harnesses/103_core_slice_split_off_last_mut/evidence/verus_stdout.txt,"[""core::mem::swap"",""slice.len"",""slice.split_at_mut"",""slice_index_mut""]",3,TS-103-D001;TS-103-D002;TS-103-D003,0,,0,,TS-103-D001;TS-103-D002;TS-103-D003,3,3,0,0,,0,iterator_private_state_v1,"[""input borrow and allocation identity"",""iterator front/back cursor and remaining source range"",""private chunk or split state read by the implementation proof"",""individual source-backed raw-slice constructor observations""]","Boundary_T fixes the input borrow/allocation identity and only the iterator, range, or raw-slice-constructor observations consumed by the proof. Target-returned references, aggregate post-state, and a complete execution trace remain outside b. TS-103-D001 declared_boundary `vstd_core_mem_swap_for_mem_replace_lowering`: Verus rejects core::mem::replace without an assume_specification, so the harness uses the standard executable swap-with-empty lowering for the exact Rust expression mem::replace(self, &mut []): initialize an empty mutable slice, core::mem::swap it with the receiver slot, then continue with the old inner slice reference. [status=manifest-declared-boundary; source=core/src/slice/mod.rs:5088; semantic-disposition=admissible-source-backed-support] TS-103-D002 declared_boundary `vstd_mut_slice_split_at_index_contract_for_split_last_mut_desugaring`: The Verus harness lowers the split_last_mut empty/nonempty branch to slice.len() != 0, split_at_mut(slice.len() - 1), and &mut tail[0], matching the already-reviewed mutable slice-pattern decomposition. [status=manifest-declared-boundary; source=core/src/slice/mod.rs:5088-5090; semantic-disposition=admissible-source-backed-support] TS-103-D003 declared_boundary `slice_split_off_last_result_contract_vocabulary`: The generated slice_split_off_last_result vocabulary is the audited prefix/last relation source.len()!=0, value==source[len-1], and remaining==source.subrange(0, len-1); this helper does not assume the target postcondition. [status=manifest-declared-boundary; source=frozen_inputs/slice/specs/slice_shared_vocabulary.rs:892-900; semantic-disposition=admissible-source-backed-support]",The target definition must derive returned subranges and borrow observations from these inputs with source-backed transitions.,admissible,All executable trust sites are source-linked and semantically partial; context-only vocabulary and call-closure records are not admitted as Boundary_T observations.,yes,Every executable dependency and external-body contract is present in the frozen exhaustive audit and limited to a lower source transition; none supplies a complete branch or answer-equivalent target result.,exact-principal-return-and-final-state,"Principal return values, returned reference identities, and final-state observations are compared by exact equality.",,,,conditional-complete,conditional-complete
core::slice::split_off_mut,104,slice,all-20260815T0127Z-ascii-whitespace-vtab-repair,unknown,iterator-or-subslice-state-boundary,"contract fixes source/remaining/subrange state, but the Rust iterator, chunk, split, or borrowed subslice value retains opaque runtime/lifetime state",iterator-splitting-and-chunking,generated-new-real-relation-spec,B,"pub assume_specification<'a, T, R: core::ops::OneSidedRange<usize>>[ <[T]>::split_off_mut::<R> ]( slice_ref: &mut &'a mut [T], range: R, ) -> (ret: Option<&'a mut [T]>) ensures ret.is_none() ==> (*final(slice_ref))@ == (*old(slice_ref))@, ret.is_some() ==> slice_split_off_partition::<T>( (*old(slice_ref))@, (*final(slice_ref))@, ret.unwrap()@, ), ret.is_some() ==> slice_split_off_partition::<T>( (*old(slice_ref))@, (*final(slice_ref))@, final(ret.unwrap())@, ), ;",74829510395c909f4449ed0dd06a0ac44332151e2a9d1feba392c5728e616e99,"pub assume_specification<'a, T, R: core::ops::OneSidedRange<usize>>[ <[T]>::split_off_mut::<R> ]( slice_ref: &mut &'a mut [T], range: R, ) -> (ret: Option<&'a mut [T]>) ensures ret.is_none() ==> (*final(slice_ref))@ == (*old(slice_ref))@, ret.is_some() ==> slice_split_off_partition::<T>( (*old(slice_ref))@, (*final(slice_ref))@, ret.unwrap()@, ), ret.is_some() ==> slice_split_off_partition::<T>( (*old(slice_ref))@, (*final(slice_ref))@, final(ret.unwrap())@, ), ;",74829510395c909f4449ed0dd06a0ac44332151e2a9d1feba392c5728e616e99,no,active-catalog-and-generated-declaration,/home/chentianyu/nanvix-rust-std-spec-survey/nanvix-rust-std-slice-specgen-2026-08-11/specs/generated_slice_specs.rs,751,766,"#[verifier::allow(undeclared_external_trait)]
pub assume_specification<'a, T, R: core::ops::OneSidedRange<usize>>[
    <[T]>::split_off_mut::<R>
](
    slice_ref: &mut &'a mut [T],
    range: R,
) -> (ret: Option<&'a mut [T]>)
    ensures
        ret.is_none() ==> (*final(slice_ref))@ == (*old(slice_ref))@,
        ret.is_some() ==> slice_split_off_partition::<T>(
            (*old(slice_ref))@, (*final(slice_ref))@, ret.unwrap()@,
        ),
        ret.is_some() ==> slice_split_off_partition::<T>(
            (*old(slice_ref))@, (*final(slice_ref))@, final(ret.unwrap())@,
        ),
;
",1e2f6a1761d197ceb678cc9b694124b1ffeda4bbb3649bd48a298c5e6224b1e6,/home/chentianyu/nanvix-rust-std-spec-survey/nanvix-rust-std-slice-specgen-2026-08-11/specs/slice_shared_vocabulary.rs,f47deb4c5da97621b87c7bbfb1909c5eda7303e8be0422fbe43fd6588fdf1c33,core/src/slice/mod.rs:4979,/home/chentianyu/nanvix-rust-std-spec-survey/rust-1.96/library/core/src/slice/mod.rs,58901fa6437dbd4d77c68427bbced0fc3a91a10fdb8bd2e233adf6a9ba27d2d5,4972,4991,e1678d19e42198d5c9fc2b61a072aa4dbc114905a60b0f55a3b44bfe37429d46,"    pub fn split_off_mut<'a, R: OneSidedRange<usize>>(
        self: &mut &'a mut Self,
        range: R,
    ) -> Option<&'a mut Self> {
        let (direction, split_index) = split_point_of(range)?;
        if split_index > self.len() {
            return None;
        }
        let (front, back) = mem::take(self).split_at_mut(split_index);
        match direction {
            Direction::Front => {
                *self = back;
                Some(front)
            }
            Direction::Back => {
                *self = front;
                Some(back)
            }
        }
    }
",core/src/slice/mod.rs:4927-4968,4927,4968,c2f2ea6627dc6c27f4b2c8ff17b491268c9ad9f3746d0e04be0bcf4ed5b9091c,"Removes the subslice corresponding to the given range
and returns a mutable reference to it.

Returns `None` and does not modify the slice if the given
range is out of bounds.

Note that this method only accepts one-sided ranges such as
`2..` or `..6`, but not `2..6`.

# Examples

Splitting off the first three elements of a slice:

```
let mut slice: &mut [_] = &mut ['a', 'b', 'c', 'd'];
let mut first_three = slice.split_off_mut(..3).unwrap();

assert_eq!(slice, &mut ['d']);
assert_eq!(first_three, &mut ['a', 'b', 'c']);
```

Splitting off a slice starting with the third element:

```
let mut slice: &mut [_] = &mut ['a', 'b', 'c', 'd'];
let mut tail = slice.split_off_mut(2..).unwrap();

assert_eq!(slice, &mut ['a', 'b']);
assert_eq!(tail, &mut ['c', 'd']);
```

Getting `None` when `range` is out of bounds:

```
let mut slice: &mut [_] = &mut ['a', 'b', 'c', 'd'];

assert_eq!(None, slice.split_off_mut(5..));
assert_eq!(None, slice.split_off_mut(..5));
assert_eq!(None, slice.split_off_mut(..=4));
let expected: &mut [_] = &mut ['a', 'b', 'c', 'd'];
assert_eq!(Some(expected), slice.split_off_mut(..4));
```
",/home/chentianyu/nanvix-rust-std-spec-survey/nanvix-rust-std-slice-vec-implproof-2026-08-12/proof_harnesses/104_core_slice_split_off_mut/harness.rs,870bb881b247e42e6e40071061eaeac4a94b5cf7408ba7229c54126ef87a27b0,/home/chentianyu/nanvix-rust-std-spec-survey/nanvix-rust-std-slice-vec-implproof-2026-08-12/proof_manifests/104_core_slice_split_off_mut/source_body.json,1cddd1d3aa5758b53efd1b3b7933c07fec2276bd22c01180b7838101456226c8,/home/chentianyu/nanvix-rust-std-spec-survey/nanvix-rust-std-slice-vec-implproof-2026-08-12/proof_manifests/104_core_slice_split_off_mut/transformation_manifest.json,a954a8bd48a0455bcaa5ef9e0cc2cfa0384ff804144b273f6742c2a7fc41601c,/home/chentianyu/nanvix-rust-std-spec-survey/nanvix-rust-std-slice-vec-implproof-2026-08-12/proof_manifests/104_core_slice_split_off_mut/dependency_assumption_manifest.json,323bc29843b2a8e6e205da191f1fed7906e825483705c7fc72ab71136265cfd9,provenance/frozen/implproof/104_core_slice_split_off_mut/harness.rs,provenance/frozen/implproof/104_core_slice_split_off_mut/source_body.json,provenance/frozen/implproof/104_core_slice_split_off_mut/transformation_manifest.json,provenance/frozen/implproof/104_core_slice_split_off_mut/dependency_assumption_manifest.json,provenance/frozen/rust-1.96/library/core/src/slice/mod.rs,32,0,actual_verus_verified_modulo_source_backed_one_sided_range_mem_take_swap_lowering_and_vstd_split_at_mut_boundary:proof_harnesses/104_core_slice_split_off_mut/evidence/verus_stdout.txt,"[""core::mem::swap"",""slice.len"",""slice.split_at_mut"",""split_point_of""]",4,TS-104-D001;TS-104-D002;TS-104-D003;TS-104-D004,1,TS-104-C001,0,,TS-104-D001;TS-104-D002;TS-104-D003;TS-104-D004;TS-104-C001,5,4,1,0,,0,iterator_private_state_v1,"[""input borrow and allocation identity"",""iterator front/back cursor and remaining source range"",""private chunk or split state read by the implementation proof"",""individual source-backed raw-slice constructor observations""]","Boundary_T fixes the input borrow/allocation identity and only the iterator, range, or raw-slice-constructor observations consumed by the proof. Target-returned references, aggregate post-state, and a complete execution trace remain outside b. TS-104-D001 declared_boundary `source_backed_one_sided_range_model`: The generic `R: OneSidedRange<usize>` input is represented by the target-local executable `OneSidedRangeSpec` model with `StartInclusive`, `End`, and `EndInclusive` cases, including the `checked_add(1)` overflow-to-None path. [status=manifest-declared-boundary; source=core/src/slice/mod.rs:86-94; core/src/slice/mod.rs:4976; semantic-disposition=admissible-source-backed-support] TS-104-D002 declared_boundary `vstd_core_mem_swap_for_mem_take_lowering`: Verus rejects `mem::take(self)` on the mutable slice receiver in this proof setting, so the harness uses the reviewed executable swap-with-empty lowering for the same ownership transfer: initialize an empty mutable slice, `core::mem::swap` it with the receiver slot, and continue with the old inner mutable slice reference. [status=manifest-declared-boundary; source=core/src/slice/mod.rs:4980; semantic-disposition=admissible-source-backed-support] TS-104-D003 declared_boundary `vstd_mut_slice_split_at_contract_for_split_off_mut`: The Verus harness uses the reviewed vstd `split_at_mut` view/final facts for the source `mem::take(self).split_at_mut(split_index)` split. [status=manifest-declared-boundary; source=core/src/slice/mod.rs:4980-4989; semantic-disposition=admissible-source-backed-support] TS-104-D004 declared_boundary `source_backed_initial_return_mut_slice_partition`: The generated `slice_split_off_partition` vocabulary is the audited prefix/suffix partition helper and does not assume the target body. After removing the unsound `final(ret.unwrap())@` partition clause, Actual Verus discharges the None frame and the initial returned mutable-slice partition established by the executable body. [status=manifest-declared-boundary; source=frozen_inputs/slice/specs/slice_shared_vocabulary.rs; generated contract for <[T]>::split_off_mut; semantic-disposition=admissible-source-backed-support] TS-104-C001 source-indexed callee `split_point_of`: core/src/slice/mod.rs:86-94 [status=source_backed_executable_range_model_in_harness; semantic-disposition=context-only-source-closure].",The target definition must derive returned subranges and borrow observations from these inputs with source-backed transitions.,admissible,All executable trust sites are source-linked and semantically partial; context-only vocabulary and call-closure records are not admitted as Boundary_T observations.,yes,Every executable dependency and external-body contract is present in the frozen exhaustive audit and limited to a lower source transition; none supplies a complete branch or answer-equivalent target result.,exact-principal-return-and-final-state,"Principal return values, returned reference identities, and final-state observations are compared by exact equality.",,,,conditional-complete,conditional-complete
core::slice::splitn_mut,106,slice,all-20260815T0127Z-ascii-whitespace-vtab-repair,unknown,iterator-or-subslice-state-boundary,"contract fixes source/remaining/subrange state, but the Rust iterator, chunk, split, or borrowed subslice value retains opaque runtime/lifetime state",iterator-splitting-and-chunking,generated-new-real-relation-spec,B,"pub assume_specification<'a, T, F: core::ops::FnMut(&T) -> bool>[ <[T]>::splitn_mut::<F> ]( slice: &'a mut [T], n: usize, pred: F, ) -> (iter: core::slice::SplitNMut<'a, T, F>) ensures slice_predicate_split_view::<core::slice::SplitNMut<'a, T, F>, F, T>( iter, old(slice)@, pred, false, false, n as int, ), ;",8fb38da00d00aea693a93e948863b8ab7bf6d6d2e6e4662345ad50d9a923d3db,"pub assume_specification<'a, T, F: core::ops::FnMut(&T) -> bool>[ <[T]>::splitn_mut::<F> ]( slice: &'a mut [T], n: usize, pred: F, ) -> (iter: core::slice::SplitNMut<'a, T, F>) ensures slice_predicate_split_view::<core::slice::SplitNMut<'a, T, F>, F, T>( iter, old(slice)@, pred, false, false, n as int, ), ;",8fb38da00d00aea693a93e948863b8ab7bf6d6d2e6e4662345ad50d9a923d3db,no,active-catalog-and-generated-declaration,/home/chentianyu/nanvix-rust-std-spec-survey/nanvix-rust-std-slice-specgen-2026-08-11/specs/generated_slice_specs.rs,668,677,"pub assume_specification<'a, T, F: core::ops::FnMut(&T) -> bool>[ <[T]>::splitn_mut::<F> ](
    slice: &'a mut [T],
    n: usize,
    pred: F,
) -> (iter: core::slice::SplitNMut<'a, T, F>)
    ensures
        slice_predicate_split_view::<core::slice::SplitNMut<'a, T, F>, F, T>(
            iter, old(slice)@, pred, false, false, n as int,
        ),
;
",041ea2a4ab10c04d90b7f22ddb1dc7c67d6089a4dcf814b82d41b68eefe9977a,/home/chentianyu/nanvix-rust-std-spec-survey/nanvix-rust-std-slice-specgen-2026-08-11/specs/slice_shared_vocabulary.rs,f47deb4c5da97621b87c7bbfb1909c5eda7303e8be0422fbe43fd6588fdf1c33,core/src/slice/mod.rs:2445,/home/chentianyu/nanvix-rust-std-spec-survey/rust-1.96/library/core/src/slice/mod.rs,58901fa6437dbd4d77c68427bbced0fc3a91a10fdb8bd2e233adf6a9ba27d2d5,2442,2447,16885c97baf3a651ede1ef9e05515ebca484886eae5f110aee3481bd30b3a7ec,"    pub fn splitn_mut<F>(&mut self, n: usize, pred: F) -> SplitNMut<'_, T, F>
    where
        F: FnMut(&T) -> bool,
    {
        SplitNMut::new(self.split_mut(pred), n)
    }
",core/src/slice/mod.rs:2423-2439,2423,2439,caeda3cd1b7d361b33019c518e2be305631793bef5b5b63b4f57bc63ad60275a,"Returns an iterator over mutable subslices separated by elements that match
`pred`, limited to returning at most `n` items. The matched element is
not contained in the subslices.

The last element returned, if any, will contain the remainder of the
slice.

# Examples

```
let mut v = [10, 40, 30, 20, 60, 50];

for group in v.splitn_mut(2, |num| *num % 3 == 0) {
group[0] = 1;
}
assert_eq!(v, [1, 40, 30, 1, 60, 50]);
```
",/home/chentianyu/nanvix-rust-std-spec-survey/nanvix-rust-std-slice-vec-implproof-2026-08-12/proof_harnesses/106_core_slice_splitn_mut/harness.rs,0156594b17146f16abffa310632ffb9fa418dfd9e7941b9af9449df31a83789f,/home/chentianyu/nanvix-rust-std-spec-survey/nanvix-rust-std-slice-vec-implproof-2026-08-12/proof_manifests/106_core_slice_splitn_mut/source_body.json,dc3e00c08f05e3284944fdda6b34b57ad401692ee36e4447559f42c4bf1e2e5d,/home/chentianyu/nanvix-rust-std-spec-survey/nanvix-rust-std-slice-vec-implproof-2026-08-12/proof_manifests/106_core_slice_splitn_mut/transformation_manifest.json,97d11b3535a74f317df8e7297891e04e8dba7936845b6919cd4290401d2dcc4b,/home/chentianyu/nanvix-rust-std-spec-survey/nanvix-rust-std-slice-vec-implproof-2026-08-12/proof_manifests/106_core_slice_splitn_mut/dependency_assumption_manifest.json,c494dc8bf51dd1860a39ea3dfccceaa8b5e62438dcc66f23bcf496f4845623da,provenance/frozen/implproof/106_core_slice_splitn_mut/harness.rs,provenance/frozen/implproof/106_core_slice_splitn_mut/source_body.json,provenance/frozen/implproof/106_core_slice_splitn_mut/transformation_manifest.json,provenance/frozen/implproof/106_core_slice_splitn_mut/dependency_assumption_manifest.json,provenance/frozen/rust-1.96/library/core/src/slice/mod.rs,130,2,actual_verus_verified_modulo_source_backed_iterator_view_boundary:proof_harnesses/106_core_slice_splitn_mut/evidence/verus_stdout.txt,"[""split_mut"",""SplitNMut::new"",""SplitMut::new""]",4,TS-106-D001;TS-106-D002;TS-106-D003;TS-106-D004,2,TS-106-C001;TS-106-C002,0,,TS-106-D001;TS-106-D002;TS-106-D003;TS-106-D004;TS-106-C001;TS-106-C002,6,4,2,0,,0,iterator_private_state_v1,"[""input borrow and allocation identity"",""iterator front/back cursor and remaining source range"",""private chunk or split state read by the implementation proof"",""individual source-backed raw-slice constructor observations""]","Boundary_T fixes the input borrow/allocation identity and only the iterator, range, or raw-slice-constructor observations consumed by the proof. Target-returned references, aggregate post-state, and a complete execution trace remain outside b. TS-106-D001 source_backed_model_instantiation `slice_iterator_view::<SplitNMut>;split_mut_iterator_view;slice_predicate_split_view`: The generated forward predicate split-limit vocabulary is instantiated over extracted SplitNMut/GenericSplitN/SplitMut mutable iterator state; this does not assume the target postcondition. [status=minimal_trusted_boundary_for_shared_helper_representation; source=core/src/slice/iter.rs:678-690,1105-1108,1241-1252 and frozen_inputs/slice/specs/all_slice_specs.rs predicate-split vocabulary; semantic-disposition=admissible-source-backed-support] TS-106-D002 source_backed_iterator_view_boundary `repaired generated mutable-iterator contract without final-slice frame`: The remaining source-backed obligation is the iterator/chunk/predicate view abstraction over returned lazy mutable iterator state; the removed final(slice) frame is no longer part of the contract under proof. [status=actual_verus_verified_after_contract_repair; source=core/src/slice/mod.rs:2442-2447; core/src/slice/iter.rs:678-690,1105-1108,1241-1252; semantic-disposition=admissible-source-backed-support] TS-106-D003 trait_or_callback `F: FnMut(&T) -> bool`: The Rust constructors store but do not invoke the predicate. The harness preserves the callback bound and uses only the audited uninterpreted predicate-observation relation. [status=preserved_callback_signature_without_target_body_assumption; source=core/src/slice/mod.rs:2442-2447 and core/src/slice/iter.rs:678-690,1241-1252; semantic-disposition=admissible-source-backed-support] TS-106-D004 source_backed_iterator_view_boundary `repaired generated mutable-iterator contract without final-slice frame`: The remaining source-backed obligation is the iterator/chunk/predicate view abstraction over returned lazy mutable iterator state; the removed final(slice) frame is no longer part of the contract under proof. [status=actual_verus_verified_after_contract_repair; source=core/src/slice/mod.rs:2442-2447; core/src/slice/iter.rs:678-690,1105-1108,1241-1252; generated contract for <[T]>::splitn_mut; semantic-disposition=admissible-source-backed-support] TS-106-C001 source-indexed callee `SplitMut::new`: core/src/slice/iter.rs:689-691 [status=body_preserved_in_harness_actual_verus_verified_after_contract_repair; semantic-disposition=context-only-source-closure]. TS-106-C002 source-indexed callee `SplitNMut::new`: core/src/slice/iter.rs:1250-1252 [status=body_preserved_in_harness_actual_verus_verified_after_contract_repair; semantic-disposition=context-only-source-closure].",The target definition must derive returned subranges and borrow observations from these inputs with source-backed transitions.,admissible,All executable trust sites are source-linked and semantically partial; context-only vocabulary and call-closure records are not admitted as Boundary_T observations.,yes,Every executable dependency and external-body contract is present in the frozen exhaustive audit and limited to a lower source transition; none supplies a complete branch or answer-equivalent target result.,exact-principal-return-and-final-state,"Principal return values, returned reference identities, and final-state observations are compared by exact equality.",,,,conditional-complete,conditional-complete
core::slice::subslice_range,111,slice,all-20260815T0127Z-ascii-whitespace-vtab-repair,unknown,raw-pointer-provenance-boundary,"pointer address, provenance, alignment, or layout state is source-observable but not uniquely recoverable from the pure slice Seq view",raw-pointer-and-provenance,generated-new-real-relation-spec,B,"pub assume_specification<T>[ <[T]>::subslice_range ]( slice: &[T], subslice: &[T], ) -> (ret: Option<core::range::Range<usize>>) ensures slice_subslice_range_option_result(slice@, subslice@, ret), ;",efa221cefc2e3ffa897082292c658fd9163e1e151be34c08189360d0b01729bb,"pub assume_specification<T>[ <[T]>::subslice_range ]( slice: &[T], subslice: &[T], ) -> (ret: Option<core::range::Range<usize>>) ensures slice_subslice_range_option_result(slice@, subslice@, ret), ;",efa221cefc2e3ffa897082292c658fd9163e1e151be34c08189360d0b01729bb,no,active-catalog-and-generated-declaration,/home/chentianyu/nanvix-rust-std-spec-survey/nanvix-rust-std-slice-specgen-2026-08-11/specs/generated_slice_specs.rs,1353,1359,"pub assume_specification<T>[ <[T]>::subslice_range ](
    slice: &[T],
    subslice: &[T],
) -> (ret: Option<core::range::Range<usize>>)
    ensures
        slice_subslice_range_option_result(slice@, subslice@, ret),
;
",c88fc80d677e29e5a2911e385b955122d3765a3b96f5e47504a7cd793ad224e6,/home/chentianyu/nanvix-rust-std-spec-survey/nanvix-rust-std-slice-specgen-2026-08-11/specs/slice_shared_vocabulary.rs,f47deb4c5da97621b87c7bbfb1909c5eda7303e8be0422fbe43fd6588fdf1c33,core/src/slice/mod.rs:5321,/home/chentianyu/nanvix-rust-std-spec-survey/rust-1.96/library/core/src/slice/mod.rs,58901fa6437dbd4d77c68427bbced0fc3a91a10fdb8bd2e233adf6a9ba27d2d5,5315,5337,a7deec2b313078cd2025212553c60d1578ed93aac7baa15a11c2749f97fd5421,"    pub fn subslice_range(&self, subslice: &[T]) -> Option<core::range::Range<usize>> {
        if T::IS_ZST {
            panic!(""elements are zero-sized"");
        }

        let self_start = self.as_ptr().addr();
        let subslice_start = subslice.as_ptr().addr();

        let byte_start = subslice_start.wrapping_sub(self_start);

        if !byte_start.is_multiple_of(size_of::<T>()) {
            return None;
        }

        let start = byte_start / size_of::<T>();
        let end = start.wrapping_add(subslice.len());

        if start <= self.len() && end <= self.len() {
            Some(core::range::Range { start, end })
        } else {
            None
        }
    }
",core/src/slice/mod.rs:5279-5312,5279,5312,09f496da077aec0a201bf90a48a5e9e8a8b1f920eb4011fecda183d4b245fde3,"Returns the range of indices that a subslice points to.

Returns `None` if `subslice` does not point within the slice or if it is not aligned with the
elements in the slice.

This method **does not compare elements**. Instead, this method finds the location in the slice that
`subslice` was obtained from. To find the index of a subslice via comparison, instead use
[`.windows()`](slice::windows)[`.position()`](crate::iter::Iterator::position).

This method is useful for extending slice iterators like [`slice::split`].

Note that this may return a false positive (either `Some(0..0)` or `Some(self.len()..self.len())`)
if `subslice` has a length of zero and points to the beginning or end of another, separate, slice.

# Panics
Panics if `T` is zero-sized.

# Examples
Basic usage:
```
#![feature(substr_range)]
use core::range::Range;

let nums = &[0, 5, 10, 0, 0, 5];

let mut iter = nums
.split(|t| *t == 0)
.map(|n| nums.subslice_range(n).unwrap());

assert_eq!(iter.next(), Some(Range { start: 0, end: 0 }));
assert_eq!(iter.next(), Some(Range { start: 1, end: 3 }));
assert_eq!(iter.next(), Some(Range { start: 4, end: 4 }));
assert_eq!(iter.next(), Some(Range { start: 5, end: 6 }));
```
",/home/chentianyu/nanvix-rust-std-spec-survey/nanvix-rust-std-slice-vec-implproof-2026-08-12/proof_harnesses/111_core_slice_subslice_range/harness.rs,a146f50eddb3926853c4c17c18838063a647cb152fdee0b6e0cc940eb2b0d49c,/home/chentianyu/nanvix-rust-std-spec-survey/nanvix-rust-std-slice-vec-implproof-2026-08-12/proof_manifests/111_core_slice_subslice_range/source_body.json,381995b1450fd95956865d4ed37f0fc06178507a7037b4907cb4a80a5fbbf73c,/home/chentianyu/nanvix-rust-std-spec-survey/nanvix-rust-std-slice-vec-implproof-2026-08-12/proof_manifests/111_core_slice_subslice_range/transformation_manifest.json,72145732829e47d0051afe0fcd9dfc060445d65ec85d1d01cd7b8bc3796940b6,/home/chentianyu/nanvix-rust-std-spec-survey/nanvix-rust-std-slice-vec-implproof-2026-08-12/proof_manifests/111_core_slice_subslice_range/dependency_assumption_manifest.json,f6ef2d5982b62808440e3bfbe8ea024bbd01d17d8e00a1f2db7625be3b9caee1,provenance/frozen/implproof/111_core_slice_subslice_range/harness.rs,provenance/frozen/implproof/111_core_slice_subslice_range/source_body.json,provenance/frozen/implproof/111_core_slice_subslice_range/transformation_manifest.json,provenance/frozen/implproof/111_core_slice_subslice_range/dependency_assumption_manifest.json,provenance/frozen/rust-1.96/library/core/src/slice/mod.rs,132,2,actual_verus_verified_modulo_source_backed_raw_pointer_cast_boundary_and_addr_zst_panic_pointer_domain_bridge_boundary:proof_inventory/raw_slice_start_pointer_tail_consumers_20260818T0802Z/evidence/111_core_slice_subslice_range_actual.stdout,"[""as_ptr"",""addr"",""wrapping_sub"",""is_multiple_of"",""size_of"",""wrapping_add"",""len"",""panic!"",""rust_1_96_slice_as_ptr_cast"",""rust_1_96_type_is_zst"",""rust_1_96_subslice_range_zst_panic"",""rust_1_96_size_of"",""rust_1_96_ptr_addr"",""rust_1_96_wrapping_sub"",""rust_1_96_is_multiple_of"",""rust_1_96_divide_byte_offset"",""rust_1_96_wrapping_add"",""rust_1_96_subslice_range_unaligned_bridge"",""rust_1_96_subslice_range_oob_bridge"",""rust_1_96_subslice_range_some_bridge""]",6,TS-111-D001;TS-111-D002;TS-111-D003;TS-111-D004;TS-111-D005;TS-111-D006,3,TS-111-C001;TS-111-C002;TS-111-C003,4,TS-111-E001;TS-111-E002;TS-111-E003;TS-111-E004,TS-111-D001;TS-111-D002;TS-111-D003;TS-111-D004;TS-111-D005;TS-111-D006;TS-111-C001;TS-111-C002;TS-111-C003;TS-111-E001;TS-111-E002;TS-111-E003;TS-111-E004,13,5,4,4,TS-111-D006;TS-111-E002;TS-111-E003;TS-111-E004,0,raw_input_memory_provenance_v1,"[""input allocation identity, base address, provenance, and alive range"",""input length and pointer metadata"",""source and destination element layouts, alignment, and ZST flags"",""individual source-backed pointer arithmetic or alignment-helper observations""]","Boundary_T fixes the hidden raw representation of the input and only source-used pointer/layout helper observations. It does not contain the returned pointer, returned ranges, aggregate post-state, or an encoding of the selected output. TS-111-D001 shared_contract_vocabulary `slice_subslice_in_domain;slice_subslice_range_option_result;slice_subslice_range_result;slice_start_ptr`: The harness instantiates the generated subslice-range vocabulary and the reviewed immutable slice-start pointer vocabulary without assuming the public target body. [status=existing_generated_contract_vocabulary_boundary; source=manifest-local; semantic-disposition=context-only-specification-vocabulary] TS-111-D002 generated_target_dependency `core::slice::as_ptr`: Rust 1.96 computes both `self.as_ptr().addr()` and `subslice.as_ptr().addr()`. The harness reuses the reviewed as_ptr raw-cast boundary locally to obtain `slice_start_ptr(..., ptr)` before observing pointer addresses. [status=reviewed_dependency_reused_for_immutable_pointer_start_fact; source=core/src/slice/mod.rs:726-728 and 5321-5322; semantic-disposition=admissible-source-backed-support] TS-111-D003 source_backed_zst_panic_boundary `rust_1_96_subslice_range_zst_panic`: The source body panics on `T::IS_ZST` before dividing by `size_of::<T>()`; the harness preserves the panic branch as the retained ZST-domain boundary while `rust_1_96_type_is_zst` and `rust_1_96_size_of` now verify from concrete `core::mem::size_of::<T>()`. [status=retained_minimal_source_backed_boundary_for_zst_panic_only; source=core/src/slice/mod.rs:5316-5318,5326; semantic-disposition=admissible-source-backed-support] TS-111-D004 source_verified_pointer_address_helper `rust_1_96_ptr_addr`: Verus supports the Rust 1.96 `ptr.addr()` wrapper here, so the target-local pointer-address observation helper is executable. The generated Seq view still has no provenance/address model, so the lower pointer-domain result bridges remain retained. [status=verified_executable_not_trusted_boundary; source=core/src/slice/mod.rs:5321-5322; semantic-disposition=admissible-source-backed-support] TS-111-D005 source_verified_layout_pointer_alignment_range_arithmetic_helpers `rust_1_96_type_is_zst;rust_1_96_size_of;rust_1_96_ptr_addr;rust_1_96_wrapping_sub;rust_1_96_is_multiple_of;rust_1_96_divide_byte_offset;rust_1_96_wrapping_add`: The public target preserves the concrete `core::mem::size_of::<T>() == 0` ZST test, the concrete nonzero `size_of::<T>()` fact after the panic branch, pointer-address observations, wrapping address subtraction, alignment check via `is_multiple_of(size_of::<T>())`, byte-offset division, and wrapping end construction. These source-pure operations now have executable verified helper bodies rather than trusted `external_body` boundaries; the pointer-domain bridges still carry the provenance/address facts that pure arithmetic cannot provide. [status=verified_executable_not_trusted_boundary; source=core/src/slice/mod.rs:5324-5331; semantic-disposition=admissible-source-backed-support] TS-111-D006 source_backed_pointer_domain_result_bridge_boundary `rust_1_96_subslice_range_unaligned_bridge;rust_1_96_subslice_range_oob_bridge;rust_1_96_subslice_range_some_bridge`: The source distinguishes unaligned None, out-of-slice None, and length-guarded Some(start..end), but the pure contract vocabulary is relational over pointer-domain membership. The bridge connects preserved source branches to that vocabulary without forcing uniqueness or changing the contract. [status=minimal_result_bridge_for_pointer_provenance_alignment_domain_contract; source=core/src/slice/mod.rs:5324-5336; semantic-disposition=inadmissible-answer-bearing-support] TS-111-C001 source-indexed callee `len`: core/src/slice/iter/macros.rs:142-144 [status=source-indexed; semantic-disposition=context-only-source-closure]. TS-111-C002 source-indexed callee `len`: core/src/slice/sort/stable/drift.rs:295-297 [status=source-indexed; semantic-disposition=context-only-source-closure]. TS-111-C003 source-indexed callee `len`: alloc/src/vec/in_place_drop.rs:15-17 [status=source-indexed; semantic-disposition=context-only-source-closure]. TS-111-E001 external_body `rust_1_96_subslice_range_zst_panic` at /home/chentianyu/nanvix-rust-std-spec-survey/nanvix-rust-std-slice-vec-implproof-2026-08-12/proof_harnesses/111_core_slice_subslice_range/harness.rs:52 is an explicit trusted function body; backing dependency records=TS-111-D003; semantic-disposition=admissible-source-backed-lower-boundary. TS-111-E002 external_body `rust_1_96_subslice_range_unaligned_bridge` at /home/chentianyu/nanvix-rust-std-spec-survey/nanvix-rust-std-slice-vec-implproof-2026-08-12/proof_harnesses/111_core_slice_subslice_range/harness.rs:112 is an explicit trusted function body; backing dependency records=TS-111-D006; semantic-disposition=inadmissible-complete-branch-postcondition. TS-111-E003 external_body `rust_1_96_subslice_range_oob_bridge` at /home/chentianyu/nanvix-rust-std-spec-survey/nanvix-rust-std-slice-vec-implproof-2026-08-12/proof_harnesses/111_core_slice_subslice_range/harness.rs:132 is an explicit trusted function body; backing dependency records=TS-111-D006; semantic-disposition=inadmissible-complete-branch-postcondition. TS-111-E004 external_body `rust_1_96_subslice_range_some_bridge` at /home/chentianyu/nanvix-rust-std-spec-survey/nanvix-rust-std-slice-vec-implproof-2026-08-12/proof_harnesses/111_core_slice_subslice_range/harness.rs:155 is an explicit trusted function body; backing dependency records=TS-111-D006; semantic-disposition=inadmissible-complete-branch-postcondition.",The target definition must compute pointer/range observations from the fixed input memory model and reviewed Rust transition semantics.,inadmissible,"Boundary_T must exclude or replace TS-111-D006, TS-111-E002, TS-111-E003, TS-111-E004 with recursively modeled lower transitions before a conditional-completeness obligation is admissible.",no,"Retained trust site(s) TS-111-D006, TS-111-E002, TS-111-E003, TS-111-E004 supply a complete target/branch postcondition or an answer-equivalent result, so the current proof boundary is not narrower than the target.",exact-principal-return-and-final-state,"Principal return values, returned reference identities, and final-state observations are compared by exact equality.",,,,conditional-complete,conditional-complete
core::slice::write_clone_of_slice,119,slice,all-20260815T0127Z-ascii-whitespace-vtab-repair,unknown,maybeuninit-storage-boundary,MaybeUninit initialization/storage state is modeled relationally through a raw-storage view and cannot be collapsed to one unique concrete value,maybe-uninit-slice-storage,generated-new-real-relation-spec,B,"pub assume_specification<'a, 'b, T: core::clone::Clone>[ <[core::mem::MaybeUninit<T>]>::write_clone_of_slice ]( slice: &'a mut [core::mem::MaybeUninit<T>], src: &'b [T], ) -> (ret: &'a mut [T]) requires old(slice)@.len() == src@.len(), ensures ret@ == src@, ret@.len() == src@.len(), final(slice)@.len() == old(slice)@.len(), maybe_uninit_relation_well_formed( maybe_uninit_seq_relation(old(slice)@), old(slice)@.len() as int, ), maybe_uninit_relation_well_formed( maybe_uninit_seq_relation(final(slice)@), final(slice)@.len() as int, ), maybe_uninit_written_from( maybe_uninit_seq_relation(old(slice)@), maybe_uninit_seq_relation(final(slice)@), src@, ), maybe_uninit_all_initialized(maybe_uninit_seq_relation(final(slice)@)), final(ret)@.len() == src@.len(), maybe_uninit_seq_relation(final(slice)@).values == final(ret)@, ;",0e3746ad6530835f74de584a989ea1c6126fdb297454de35509cbdb05fd8c54b,"pub assume_specification<'a, 'b, T: core::clone::Clone>[ <[core::mem::MaybeUninit<T>]>::write_clone_of_slice ]( slice: &'a mut [core::mem::MaybeUninit<T>], src: &'b [T], ) -> (ret: &'a mut [T]) requires old(slice)@.len() == src@.len(), ensures ret@ == src@, ret@.len() == src@.len(), final(slice)@.len() == old(slice)@.len(), maybe_uninit_relation_well_formed( maybe_uninit_seq_relation(old(slice)@), old(slice)@.len() as int, ), maybe_uninit_relation_well_formed( maybe_uninit_seq_relation(final(slice)@), final(slice)@.len() as int, ), maybe_uninit_written_from( maybe_uninit_seq_relation(old(slice)@), maybe_uninit_seq_relation(final(slice)@), src@, ), maybe_uninit_all_initialized(maybe_uninit_seq_relation(final(slice)@)), final(ret)@.len() == src@.len(), maybe_uninit_seq_relation(final(slice)@).values == final(ret)@, ;",0e3746ad6530835f74de584a989ea1c6126fdb297454de35509cbdb05fd8c54b,no,active-catalog-and-generated-declaration,/home/chentianyu/nanvix-rust-std-spec-survey/nanvix-rust-std-slice-specgen-2026-08-11/specs/generated_slice_specs.rs,1382,1410,"pub assume_specification<'a, 'b, T: core::clone::Clone>[
    <[core::mem::MaybeUninit<T>]>::write_clone_of_slice
](
    slice: &'a mut [core::mem::MaybeUninit<T>],
    src: &'b [T],
) -> (ret: &'a mut [T])
    requires
        old(slice)@.len() == src@.len(),
    ensures
        ret@ == src@,
        ret@.len() == src@.len(),
        final(slice)@.len() == old(slice)@.len(),
        maybe_uninit_relation_well_formed(
            maybe_uninit_seq_relation(old(slice)@),
            old(slice)@.len() as int,
        ),
        maybe_uninit_relation_well_formed(
            maybe_uninit_seq_relation(final(slice)@),
            final(slice)@.len() as int,
        ),
        maybe_uninit_written_from(
            maybe_uninit_seq_relation(old(slice)@),
            maybe_uninit_seq_relation(final(slice)@),
            src@,
        ),
        maybe_uninit_all_initialized(maybe_uninit_seq_relation(final(slice)@)),
        final(ret)@.len() == src@.len(),
        maybe_uninit_seq_relation(final(slice)@).values == final(ret)@,
;
",db890b6c1a895e22e5ec685df3b8d54162995c452e526a56026b9b55e16608d8,/home/chentianyu/nanvix-rust-std-spec-survey/nanvix-rust-std-slice-specgen-2026-08-11/specs/slice_shared_vocabulary.rs,f47deb4c5da97621b87c7bbfb1909c5eda7303e8be0422fbe43fd6588fdf1c33,core/src/mem/maybe_uninit.rs:1223,/home/chentianyu/nanvix-rust-std-spec-survey/rust-1.96/library/core/src/mem/maybe_uninit.rs,cd1152779de3a6bc96b29997e8a95d3beb9ff1018f99223b429ed0df66baa8ef,1222,1249,e462745e3463480cfc474d3dcdfb86acac33f658f55c9cd12500e44d23ba42a6,"    pub fn write_clone_of_slice(&mut self, src: &[T]) -> &mut [T]
    where
        T: Clone,
    {
        // unlike copy_from_slice this does not call clone_from_slice on the slice
        // this is because `MaybeUninit<T: Clone>` does not implement Clone.

        assert_eq!(self.len(), src.len(), ""destination and source slices have different lengths"");

        // NOTE: We need to explicitly slice them to the same length
        // for bounds checking to be elided, and the optimizer will
        // generate memcpy for simple cases (for example T = u8).
        let len = self.len();
        let src = &src[..len];

        // guard is needed b/c panic might happen during a clone
        let mut guard = Guard { slice: self, initialized: 0 };

        for i in 0..len {
            guard.slice[i].write(src[i].clone());
            guard.initialized += 1;
        }

        super::forget(guard);

        // SAFETY: Valid elements have just been written into `self` so it is initialized
        unsafe { self.assume_init_mut() }
    }
",core/src/mem/maybe_uninit.rs:1175-1220,1175,1220,9e27820be878cd3ee9fb1dc0977b99941d9406c5ebbaa558f254a993e2ab6acf,"Clones the elements from `src` to `self`,
returning a mutable reference to the now initialized contents of `self`.
Any already initialized elements will not be dropped.

If `T` implements `Copy`, use [`write_copy_of_slice`] instead.

This is similar to [`slice::clone_from_slice`] but does not drop existing elements.

# Panics

This function will panic if the two slices have different lengths, or if the implementation of `Clone` panics.

If there is a panic, the already cloned elements will be dropped.

# Examples

```
use std::mem::MaybeUninit;

let mut dst = [const { MaybeUninit::uninit() }; 5];
let src = [""wibbly"", ""wobbly"", ""timey"", ""wimey"", ""stuff""].map(|s| s.to_string());

let init = dst.write_clone_of_slice(&src);

assert_eq!(init, src);

# // Prevent leaks for Miri
# unsafe { std::ptr::drop_in_place(init); }
```

```
let mut vec = Vec::with_capacity(32);
let src = [""rust"", ""is"", ""a"", ""pretty"", ""cool"", ""language""].map(|s| s.to_string());

vec.spare_capacity_mut()[..src.len()].write_clone_of_slice(&src);

// SAFETY: we have just cloned all the elements of len into the spare capacity
// the first src.len() elements of the vec are valid now.
unsafe {
vec.set_len(src.len());
}

assert_eq!(vec, src);
```

[`write_copy_of_slice`]: slice::write_copy_of_slice
",/home/chentianyu/nanvix-rust-std-spec-survey/nanvix-rust-std-slice-vec-implproof-2026-08-12/proof_harnesses/119_core_slice_write_clone_of_slice/harness.rs,36e27942a83b6231dad8830c5d1b131c338a26aa2e0542b253973c130b219118,/home/chentianyu/nanvix-rust-std-spec-survey/nanvix-rust-std-slice-vec-implproof-2026-08-12/proof_manifests/119_core_slice_write_clone_of_slice/source_body.json,7333d32639213793e067000b6fa5e95a2715bb63ca44fcaf402b821523676f44,/home/chentianyu/nanvix-rust-std-spec-survey/nanvix-rust-std-slice-vec-implproof-2026-08-12/proof_manifests/119_core_slice_write_clone_of_slice/transformation_manifest.json,4fcb7436eb5e5fe1cfb675deead66e21d3e791b908cfbd104ac3da62a49430bd,/home/chentianyu/nanvix-rust-std-spec-survey/nanvix-rust-std-slice-vec-implproof-2026-08-12/proof_manifests/119_core_slice_write_clone_of_slice/dependency_assumption_manifest.json,76c71ccb82b5d785beea5c693a633cea02fedabc227eebaa7bff96c0dff1f95c,provenance/frozen/implproof/119_core_slice_write_clone_of_slice/harness.rs,provenance/frozen/implproof/119_core_slice_write_clone_of_slice/source_body.json,provenance/frozen/implproof/119_core_slice_write_clone_of_slice/transformation_manifest.json,provenance/frozen/implproof/119_core_slice_write_clone_of_slice/dependency_assumption_manifest.json,provenance/frozen/rust-1.96/library/core/src/mem/maybe_uninit.rs,135,2,actual_verus_verified_modulo_source_backed_maybeuninit_clone_write_loop_and_assume_init_mut_boundary,"[""len"",""rust_1_96_equal_len_source_prefix"",""rust_1_96_clone_write_at"",""forget"",""assume_init_mut""]",4,TS-119-D001;TS-119-D002;TS-119-D003;TS-119-D004,4,TS-119-C001;TS-119-C002;TS-119-C003;TS-119-C004,3,TS-119-E001;TS-119-E002;TS-119-E003,TS-119-D001;TS-119-D002;TS-119-D003;TS-119-D004;TS-119-C001;TS-119-C002;TS-119-C003;TS-119-C004;TS-119-E001;TS-119-E002;TS-119-E003,11,6,5,0,,0,maybeuninit_storage_transition_v1,"[""input storage identity, slot initialization mask, and initialized values"",""individual source-backed raw copy, write, read, or drop transitions"",""destructor or clone callback results and local state transitions""]","Boundary_T fixes the initial raw-storage state and only primitive memory/destructor observations used by the proof. It does not contain the aggregate resulting storage, returned reference, selected output, or a complete target execution trace. TS-119-D001 shared_model_helper `MaybeUninitSliceRelation;maybe_uninit_seq_relation;maybe_uninit_relation_well_formed;maybe_uninit_all_initialized;maybe_uninit_written_from;maybe_uninit_prefix_written_from`: The generated MaybeUninit raw-storage vocabulary is instantiated in the harness as target-local spec definitions and is used to state the written-from relation. The target-local prefix helper is a proof decomposition of the same final written-from relation and does not assume the public target body. [status=audited_generated_contract_vocabulary_instantiated_in_harness; source=frozen_inputs/slice/specs/slice_shared_vocabulary.rs:1143-1185; semantic-disposition=context-only-specification-vocabulary] TS-119-D002 reviewed_generated_dependency_boundary `core::slice::assume_init_mut`: The final Rust 1.96 `unsafe { self.assume_init_mut() }` step reuses the already ordered `core::slice::assume_init_mut` proof shape and its source-backed MaybeUninit raw mutable-slice cast boundary. [status=reviewed_dependency_reused_for_final_initialized_storage_cast; source=core/src/mem/maybe_uninit.rs:1527-1531; semantic-disposition=admissible-source-backed-support] TS-119-D003 source_backed_clone_write_boundary `rust_1_96_write_cloned_at`: Each loop iteration preserves the source operation `guard.slice[i].write(src[i].clone())`; the wrapper now verifies the source-side `src[i].clone()` under the equal-length index bound and isolates only the destination `slice[i].write(value)` MaybeUninit slot write because Verus does not recursively model MaybeUninit slot writes or destination slice indexing/provenance. [status=minimal_trusted_boundary_for_maybeuninit_slot_write_destination_indexing_and_provenance; source=core/src/mem/maybe_uninit.rs:1242; semantic-disposition=admissible-source-backed-support] TS-119-D004 source_backed_guard_iteration_effect_boundary `rust_1_96_write_clone_iteration_effect`: The public body keeps the initialized counter, loop guard, counter increment, and final `forget(guard)`. The proof-only bridge is now per-iteration: after one source-shaped clone/write step it extends the carried MaybeUninit initialized/value prefix by one slot, and the executable loop invariant carries those facts to completion. [status=minimal_trusted_boundary_for_per_iteration_guard_commit_and_maybeuninit_prefix_relation; source=core/src/mem/maybe_uninit.rs:1238-1245; semantic-disposition=admissible-source-backed-support] TS-119-C001 source-indexed callee `len`: core/src/slice/iter/macros.rs:142-144 [status=source_indexed_conservative_len_callee_not_semantically_assumed; semantic-disposition=context-only-source-closure]. TS-119-C002 source-indexed callee `len`: core/src/slice/sort/stable/drift.rs:295-297 [status=source_indexed_conservative_len_callee_not_semantically_assumed; semantic-disposition=context-only-source-closure]. TS-119-C003 source-indexed callee `len`: alloc/src/vec/in_place_drop.rs:15-17 [status=source_indexed_conservative_len_callee_not_semantically_assumed; semantic-disposition=context-only-source-closure]. TS-119-C004 source-indexed callee `assume_init_mut`: core/src/mem/maybe_uninit.rs:1527-1531 [status=reviewed_generated_dependency_reused; semantic-disposition=context-only-source-closure]. TS-119-E001 external_body `rust_1_96_write_cloned_at` at /home/chentianyu/nanvix-rust-std-spec-survey/nanvix-rust-std-slice-vec-implproof-2026-08-12/proof_harnesses/119_core_slice_write_clone_of_slice/harness.rs:129 is an explicit trusted function body; backing dependency records=TS-119-D003; semantic-disposition=admissible-source-backed-lower-boundary. TS-119-E002 external_body `rust_1_96_write_clone_iteration_effect` at /home/chentianyu/nanvix-rust-std-spec-survey/nanvix-rust-std-slice-vec-implproof-2026-08-12/proof_harnesses/119_core_slice_write_clone_of_slice/harness.rs:143 is an explicit trusted function body; backing dependency records=TS-119-D004; semantic-disposition=admissible-source-backed-lower-boundary. TS-119-E003 external_body `rust_1_96_assume_init_mut_raw_cast` at /home/chentianyu/nanvix-rust-std-spec-survey/nanvix-rust-std-slice-vec-implproof-2026-08-12/proof_harnesses/119_core_slice_write_clone_of_slice/harness.rs:192 is an explicit trusted function body; backing dependency records=TS-119-D002; semantic-disposition=admissible-source-backed-lower-boundary.",The target definition must compose the primitive storage transitions with explicit initialization and provenance semantics.,admissible,All executable trust sites are source-linked and semantically partial; context-only vocabulary and call-closure records are not admitted as Boundary_T observations.,yes,Every executable dependency and external-body contract is present in the frozen exhaustive audit and limited to a lower source transition; none supplies a complete branch or answer-equivalent target result.,exact-principal-return-and-final-state,"Principal return values, returned reference identities, and final-state observations are compared by exact equality.",,,,conditional-complete,conditional-complete
core::slice::write_copy_of_slice,120,slice,all-20260815T0127Z-ascii-whitespace-vtab-repair,unknown,maybeuninit-storage-boundary,MaybeUninit initialization/storage state is modeled relationally through a raw-storage view and cannot be collapsed to one unique concrete value,maybe-uninit-slice-storage,generated-new-real-relation-spec,B,"pub assume_specification<'a, 'b, T: core::marker::Copy>[ <[core::mem::MaybeUninit<T>]>::write_copy_of_slice ]( slice: &'a mut [core::mem::MaybeUninit<T>], src: &'b [T], ) -> (ret: &'a mut [T]) requires old(slice)@.len() == src@.len(), ensures ret@ == src@, ret@.len() == src@.len(), final(slice)@.len() == old(slice)@.len(), maybe_uninit_relation_well_formed( maybe_uninit_seq_relation(old(slice)@), old(slice)@.len() as int, ), maybe_uninit_relation_well_formed( maybe_uninit_seq_relation(final(slice)@), final(slice)@.len() as int, ), maybe_uninit_written_from( maybe_uninit_seq_relation(old(slice)@), maybe_uninit_seq_relation(final(slice)@), src@, ), maybe_uninit_all_initialized(maybe_uninit_seq_relation(final(slice)@)), final(ret)@.len() == src@.len(), maybe_uninit_seq_relation(final(slice)@).values == final(ret)@, ;",09f266d66c804f7e0f5f296f4050ba156240da188db824b5f5f6efc0a0145e69,"pub assume_specification<'a, 'b, T: core::marker::Copy>[ <[core::mem::MaybeUninit<T>]>::write_copy_of_slice ]( slice: &'a mut [core::mem::MaybeUninit<T>], src: &'b [T], ) -> (ret: &'a mut [T]) requires old(slice)@.len() == src@.len(), ensures ret@ == src@, ret@.len() == src@.len(), final(slice)@.len() == old(slice)@.len(), maybe_uninit_relation_well_formed( maybe_uninit_seq_relation(old(slice)@), old(slice)@.len() as int, ), maybe_uninit_relation_well_formed( maybe_uninit_seq_relation(final(slice)@), final(slice)@.len() as int, ), maybe_uninit_written_from( maybe_uninit_seq_relation(old(slice)@), maybe_uninit_seq_relation(final(slice)@), src@, ), maybe_uninit_all_initialized(maybe_uninit_seq_relation(final(slice)@)), final(ret)@.len() == src@.len(), maybe_uninit_seq_relation(final(slice)@).values == final(ret)@, ;",09f266d66c804f7e0f5f296f4050ba156240da188db824b5f5f6efc0a0145e69,no,active-catalog-and-generated-declaration,/home/chentianyu/nanvix-rust-std-spec-survey/nanvix-rust-std-slice-specgen-2026-08-11/specs/generated_slice_specs.rs,1412,1440,"pub assume_specification<'a, 'b, T: core::marker::Copy>[
    <[core::mem::MaybeUninit<T>]>::write_copy_of_slice
](
    slice: &'a mut [core::mem::MaybeUninit<T>],
    src: &'b [T],
) -> (ret: &'a mut [T])
    requires
        old(slice)@.len() == src@.len(),
    ensures
        ret@ == src@,
        ret@.len() == src@.len(),
        final(slice)@.len() == old(slice)@.len(),
        maybe_uninit_relation_well_formed(
            maybe_uninit_seq_relation(old(slice)@),
            old(slice)@.len() as int,
        ),
        maybe_uninit_relation_well_formed(
            maybe_uninit_seq_relation(final(slice)@),
            final(slice)@.len() as int,
        ),
        maybe_uninit_written_from(
            maybe_uninit_seq_relation(old(slice)@),
            maybe_uninit_seq_relation(final(slice)@),
            src@,
        ),
        maybe_uninit_all_initialized(maybe_uninit_seq_relation(final(slice)@)),
        final(ret)@.len() == src@.len(),
        maybe_uninit_seq_relation(final(slice)@).values == final(ret)@,
;
",146eab31ead53936427f309be34efa28e167c7479f7a359cb9998a7b2966ee33,/home/chentianyu/nanvix-rust-std-spec-survey/nanvix-rust-std-slice-specgen-2026-08-11/specs/slice_shared_vocabulary.rs,f47deb4c5da97621b87c7bbfb1909c5eda7303e8be0422fbe43fd6588fdf1c33,core/src/mem/maybe_uninit.rs:1163,/home/chentianyu/nanvix-rust-std-spec-survey/rust-1.96/library/core/src/mem/maybe_uninit.rs,cd1152779de3a6bc96b29997e8a95d3beb9ff1018f99223b429ed0df66baa8ef,1162,1173,ead2525c17edd52087da54aca316368bd080821aab7238723509ed8dca91ed53,"    pub const fn write_copy_of_slice(&mut self, src: &[T]) -> &mut [T]
    where
        T: Copy,
    {
        // SAFETY: &[T] and &[MaybeUninit<T>] have the same layout
        let uninit_src: &[MaybeUninit<T>] = unsafe { super::transmute(src) };

        self.copy_from_slice(uninit_src);

        // SAFETY: Valid elements have just been copied into `self` so it is initialized
        unsafe { self.assume_init_mut() }
    }
",core/src/mem/maybe_uninit.rs:1120-1159,1120,1159,c26c6a789b8fb6d3d7cb8b86eb5fe24a07d41b316e5e2ccdda395d0a90170542,"Copies the elements from `src` to `self`,
returning a mutable reference to the now initialized contents of `self`.

If `T` does not implement `Copy`, use [`write_clone_of_slice`] instead.

This is similar to [`slice::copy_from_slice`].

# Panics

This function will panic if the two slices have different lengths.

# Examples

```
use std::mem::MaybeUninit;

let mut dst = [MaybeUninit::uninit(); 32];
let src = [0; 32];

let init = dst.write_copy_of_slice(&src);

assert_eq!(init, src);
```

```
let mut vec = Vec::with_capacity(32);
let src = [0; 16];

vec.spare_capacity_mut()[..src.len()].write_copy_of_slice(&src);

// SAFETY: we have just copied all the elements of len into the spare capacity
// the first src.len() elements of the vec are valid now.
unsafe {
vec.set_len(src.len());
}

assert_eq!(vec, src);
```

[`write_clone_of_slice`]: slice::write_clone_of_slice
",/home/chentianyu/nanvix-rust-std-spec-survey/nanvix-rust-std-slice-vec-implproof-2026-08-12/proof_harnesses/120_core_slice_write_copy_of_slice/harness.rs,a591aac5f493bfa07c3d424aa0ae360cdb41fd3b9309880df8f829439eca152b,/home/chentianyu/nanvix-rust-std-spec-survey/nanvix-rust-std-slice-vec-implproof-2026-08-12/proof_manifests/120_core_slice_write_copy_of_slice/source_body.json,4afd1926a7f025ea88ca0d9b3ad049c9c73ef73ef89b00531ae457d8849f9e4b,/home/chentianyu/nanvix-rust-std-spec-survey/nanvix-rust-std-slice-vec-implproof-2026-08-12/proof_manifests/120_core_slice_write_copy_of_slice/transformation_manifest.json,0bfd9db9b3ddd71de3ca24c540e26dd05e15b0629e9e7168500c7762ad7e7dfb,/home/chentianyu/nanvix-rust-std-spec-survey/nanvix-rust-std-slice-vec-implproof-2026-08-12/proof_manifests/120_core_slice_write_copy_of_slice/dependency_assumption_manifest.json,6980ee0cfeaf199114adcc164a2a41474750cf8c5594d6dcafb2d1b369e4ef94,provenance/frozen/implproof/120_core_slice_write_copy_of_slice/harness.rs,provenance/frozen/implproof/120_core_slice_write_copy_of_slice/source_body.json,provenance/frozen/implproof/120_core_slice_write_copy_of_slice/transformation_manifest.json,provenance/frozen/implproof/120_core_slice_write_copy_of_slice/dependency_assumption_manifest.json,provenance/frozen/rust-1.96/library/core/src/mem/maybe_uninit.rs,136,2,actual_verus_verified_modulo_source_backed_maybeuninit_transmute_executable_copy_from_slice_raw_copy_and_assume_init_mut_boundary,"[""rust_1_96_same_layout_transmute_src"",""rust_1_96_copy_from_slice"",""rust_1_96_copy_from_slice_impl"",""rust_1_96_maybe_uninit_slice_as_ptr"",""rust_1_96_maybe_uninit_slice_as_mut_ptr"",""ptr::copy_nonoverlapping"",""rust_1_96_maybe_uninit_copy_from_slice_effect"",""assume_init_mut""]",5,TS-120-D001;TS-120-D002;TS-120-D003;TS-120-D004;TS-120-D005,1,TS-120-C001,6,TS-120-E001;TS-120-E002;TS-120-E003;TS-120-E004;TS-120-E005;TS-120-E006,TS-120-D001;TS-120-D002;TS-120-D003;TS-120-D004;TS-120-D005;TS-120-C001;TS-120-E001;TS-120-E002;TS-120-E003;TS-120-E004;TS-120-E005;TS-120-E006,12,8,2,2,TS-120-D004;TS-120-E005,0,maybeuninit_storage_transition_v1,"[""input storage identity, slot initialization mask, and initialized values"",""individual source-backed raw copy, write, read, or drop transitions"",""destructor or clone callback results and local state transitions""]","Boundary_T fixes the initial raw-storage state and only primitive memory/destructor observations used by the proof. It does not contain the aggregate resulting storage, returned reference, selected output, or a complete target execution trace. TS-120-D001 shared_model_helper `MaybeUninitSliceRelation;maybe_uninit_seq_relation;maybe_uninit_relation_well_formed;maybe_uninit_all_initialized;maybe_uninit_written_from`: The generated MaybeUninit raw-storage vocabulary is instantiated in the harness as target-local spec definitions and is used to state the copied-from relation. This does not assume the public target body. [status=audited_generated_contract_vocabulary_instantiated_in_harness; source=frozen_inputs/slice/specs/slice_shared_vocabulary.rs:1143-1185; semantic-disposition=context-only-specification-vocabulary] TS-120-D002 source_backed_same_layout_transmute_boundary `rust_1_96_same_layout_transmute_src`: The source explicitly performs `unsafe { super::transmute(src) }` from `&[T]` to `&[MaybeUninit<T>]` and documents the same-layout safety reason. Verus does not recursively model this generic slice-layout transmute, so the harness isolates only that conversion and records the initialized MaybeUninit view of the source values. [status=minimal_trusted_boundary_for_same_layout_slice_transmute; source=core/src/mem/maybe_uninit.rs:1166-1167; semantic-disposition=admissible-source-backed-support] TS-120-D003 source_backed_copy_from_slice_private_helper_flow `rust_1_96_copy_from_slice; rust_1_96_copy_from_slice_impl`: The Rust 1.96 `self.copy_from_slice(uninit_src)` call is now represented by an executable wrapper/private-helper lowering, following the reviewed core::slice::copy_from_slice shape: equal-length branch proof, raw pointer exposure, and `ptr::copy_nonoverlapping` call. [status=private_helper_flow_preserved_with_lower_raw_copy_boundaries; source=core/src/mem/maybe_uninit.rs:1169; core/src/slice/mod.rs:4320-4326 and 5561-5586; semantic-disposition=admissible-source-backed-support] TS-120-D004 source_backed_raw_pointer_or_maybeuninit_storage_boundary `rust_1_96_maybe_uninit_slice_as_ptr; rust_1_96_maybe_uninit_slice_as_mut_ptr; ptr::copy_nonoverlapping; rust_1_96_maybe_uninit_copy_from_slice_effect`: Verus still does not derive MaybeUninit initialized-storage updates from raw pointer copy. The harness keeps the source raw-copy operation order and isolates only pointer exposure plus the lower copied-storage effect, rather than trusting the whole copy_from_slice call. [status=minimal_trusted_boundary_for_maybeuninit_raw_copy_storage_effect; source=core/src/slice/mod.rs:5580-5584; semantic-disposition=mixed-support-includes-answer-bearing-site] TS-120-D005 reviewed_generated_dependency_boundary `core::slice::assume_init_mut`: The final Rust 1.96 `unsafe { self.assume_init_mut() }` step reuses the already ordered `core::slice::assume_init_mut` proof shape and its source-backed MaybeUninit raw mutable-slice cast boundary. [status=reviewed_dependency_reused_for_final_initialized_storage_cast; source=core/src/mem/maybe_uninit.rs:1527-1531; semantic-disposition=admissible-source-backed-support] TS-120-C001 source-indexed callee `assume_init_mut`: core/src/mem/maybe_uninit.rs:1527-1531 [status=reviewed_generated_dependency_reused; semantic-disposition=context-only-source-closure]. TS-120-E001 external_body `rust_1_96_same_layout_transmute_src` at /home/chentianyu/nanvix-rust-std-spec-survey/nanvix-rust-std-slice-vec-implproof-2026-08-12/proof_harnesses/120_core_slice_write_copy_of_slice/harness.rs:78 is an explicit trusted function body; backing dependency records=TS-120-D002; semantic-disposition=admissible-source-backed-lower-boundary. TS-120-E002 external_body `rust_1_96_maybe_uninit_slice_as_ptr` at /home/chentianyu/nanvix-rust-std-spec-survey/nanvix-rust-std-slice-vec-implproof-2026-08-12/proof_harnesses/120_core_slice_write_copy_of_slice/harness.rs:94 is an explicit trusted function body; backing dependency records=TS-120-D004; semantic-disposition=admissible-source-backed-lower-boundary. TS-120-E003 external_body `rust_1_96_maybe_uninit_slice_as_mut_ptr` at /home/chentianyu/nanvix-rust-std-spec-survey/nanvix-rust-std-slice-vec-implproof-2026-08-12/proof_harnesses/120_core_slice_write_copy_of_slice/harness.rs:104 is an explicit trusted function body; backing dependency records=TS-120-D004; semantic-disposition=admissible-source-backed-lower-boundary. TS-120-E004 external_body `copy_nonoverlapping` at /home/chentianyu/nanvix-rust-std-spec-survey/nanvix-rust-std-slice-vec-implproof-2026-08-12/proof_harnesses/120_core_slice_write_copy_of_slice/harness.rs:118 is an explicit trusted function body; backing dependency records=TS-120-D003;TS-120-D004; semantic-disposition=admissible-source-backed-lower-boundary. TS-120-E005 external_body `rust_1_96_maybe_uninit_copy_from_slice_effect` at /home/chentianyu/nanvix-rust-std-spec-survey/nanvix-rust-std-slice-vec-implproof-2026-08-12/proof_harnesses/120_core_slice_write_copy_of_slice/harness.rs:124 is an explicit trusted function body; backing dependency records=TS-120-D004; semantic-disposition=inadmissible-answer-equivalent-result. TS-120-E006 external_body `rust_1_96_assume_init_mut_raw_cast` at /home/chentianyu/nanvix-rust-std-spec-survey/nanvix-rust-std-slice-vec-implproof-2026-08-12/proof_harnesses/120_core_slice_write_copy_of_slice/harness.rs:253 is an explicit trusted function body; backing dependency records=TS-120-D005; semantic-disposition=admissible-source-backed-lower-boundary.",The target definition must compose the primitive storage transitions with explicit initialization and provenance semantics.,inadmissible,"Boundary_T must exclude or replace TS-120-D004, TS-120-E005 with recursively modeled lower transitions before a conditional-completeness obligation is admissible.",no,"Retained trust site(s) TS-120-D004, TS-120-E005 supply a complete target/branch postcondition or an answer-equivalent result, so the current proof boundary is not narrower than the target.",exact-principal-return-and-final-state,"Principal return values, returned reference identities, and final-state observations are compared by exact equality.",,,,conditional-complete,conditional-complete
