record_id,record_type,target,input_order,local_index,kind,name,status,rationale,source_lines,source_sha256,source_excerpt_relpath,harness_path,attribute_line,declaration_line,signature,contract_end_line,contract_text,contract_sha256,matching_dependency_record_ids,semantic_role,semantic_disposition,target_postcondition_coverage,adjudication_rationale,adjudication_source_citations,raw_record_json,semantic_audit_category,semantic_audit_version
TS-008-D001,dependency-manifest-record,core::slice::align_to,8,1,shared_model_helper,slice_align_to_domain;slice_align_to_result;slice_aligned_middle,existing_generated_contract_vocabulary_boundary,The executable target carries the generated align_to contract vocabulary. The harness does not use assume_specification and does not mark the public target as external_body.,,,,/home/chentianyu/nanvix-rust-std-spec-survey/nanvix-rust-std-slice-vec-implproof-2026-08-12/proof_harnesses/008_core_slice_align_to/harness.rs,,,,,,,,specification-vocabulary,context-only-specification-vocabulary,not-an-executable-boundary,"This record identifies target-local specification vocabulary. It is retained for binding, but is not admitted as an executable Boundary_T observation or transition.",manifest-local,"{""kind"":""shared_model_helper"",""name"":""slice_align_to_domain;slice_align_to_result;slice_aligned_middle"",""rationale"":""The executable target carries the generated align_to contract vocabulary. The harness does not use assume_specification and does not mark the public target as external_body."",""status"":""existing_generated_contract_vocabulary_boundary""}",specification-vocabulary,slice-unknown-authority-v3
TS-008-D002,dependency-manifest-record,core::slice::align_to,8,2,source_backed_raw_pointer_provenance_boundary,rust_1_96_ptr_align_offset,minimal_trusted_boundary_until_pointer_alignment_intrinsics_are_recursively_modeled,"The local rust_1_96_slice_as_ptr helper now executes the reviewed null-provenance len-address Slice start-pointer model. This retained boundary covers only crate::ptr::align_offset(ptr, align_of::<U>()), including alignment-offset semantics cited from the frozen target body.","core/src/slice/mod.rs:4508-4513,4569-4584",38394f129cf389381904f8fea0ae93d1d1059f79b4a8505a540992907e485706,proof_harnesses/008_core_slice_align_to/source_excerpt.rs,/home/chentianyu/nanvix-rust-std-spec-survey/nanvix-rust-std-slice-vec-implproof-2026-08-12/proof_harnesses/008_core_slice_align_to/harness.rs,,,,,,,,panic-or-domain-transition,admissible-source-backed-support,partial-or-lower-level,"This exact frozen manifest record was audited as a named source dependency, callback, primitive, or local proof bridge. Its final disposition also incorporates every explicitly linked external site.","core/src/slice/mod.rs:4508-4513,4569-4584","{""kind"":""source_backed_raw_pointer_provenance_boundary"",""name"":""rust_1_96_ptr_align_offset"",""rationale"":""The local rust_1_96_slice_as_ptr helper now executes the reviewed null-provenance len-address Slice start-pointer model. This retained boundary covers only crate::ptr::align_offset(ptr, align_of::<U>()), including alignment-offset semantics cited from the frozen target body."",""source_excerpt_relpath"":""proof_harnesses/008_core_slice_align_to/source_excerpt.rs"",""source_lines"":""core/src/slice/mod.rs:4508-4513,4569-4584"",""source_sha256"":""38394f129cf389381904f8fea0ae93d1d1059f79b4a8505a540992907e485706"",""status"":""minimal_trusted_boundary_until_pointer_alignment_intrinsics_are_recursively_modeled""}",source-backed-support,slice-unknown-authority-v3
TS-008-D003,dependency-manifest-record,core::slice::align_to,8,3,source_backed_offsets_arithmetic_fit_boundary,rust_1_96_align_to_offsets_mul_fits;rust_1_96_align_to_offsets_view_bridge,narrow_retained_boundary_after_executable_offsets_arithmetic,"The Rust 1.96 private align_to_offsets helper now executes its gcd, ts/us, rest_len / ts * us, and rest_len % ts arithmetic in the harness. The retained offsets-specific boundary is narrowed to the source-backed slice-layout multiplication-fit fact needed to rule out usize overflow, plus the bridge from the computed lengths to the abstract align_to_offsets_view consumed by the raw-parts result boundary.","core/src/slice/mod.rs:4433-4464,4515",38394f129cf389381904f8fea0ae93d1d1059f79b4a8505a540992907e485706,proof_harnesses/008_core_slice_align_to/source_excerpt.rs,/home/chentianyu/nanvix-rust-std-spec-survey/nanvix-rust-std-slice-vec-implproof-2026-08-12/proof_harnesses/008_core_slice_align_to/harness.rs,,,,,,,,panic-or-domain-transition,admissible-source-backed-support,partial-or-lower-level,"This exact frozen manifest record was audited as a named source dependency, callback, primitive, or local proof bridge. Its final disposition also incorporates every explicitly linked external site.","core/src/slice/mod.rs:4433-4464,4515","{""kind"":""source_backed_offsets_arithmetic_fit_boundary"",""name"":""rust_1_96_align_to_offsets_mul_fits;rust_1_96_align_to_offsets_view_bridge"",""rationale"":""The Rust 1.96 private align_to_offsets helper now executes its gcd, ts/us, rest_len / ts * us, and rest_len % ts arithmetic in the harness. The retained offsets-specific boundary is narrowed to the source-backed slice-layout multiplication-fit fact needed to rule out usize overflow, plus the bridge from the computed lengths to the abstract align_to_offsets_view consumed by the raw-parts result boundary."",""source_excerpt_relpath"":""proof_harnesses/008_core_slice_align_to/source_excerpt.rs"",""source_lines"":""core/src/slice/mod.rs:4433-4464,4515"",""source_sha256"":""38394f129cf389381904f8fea0ae93d1d1059f79b4a8505a540992907e485706"",""status"":""narrow_retained_boundary_after_executable_offsets_arithmetic""}",source-backed-support,slice-unknown-authority-v3
TS-008-D004,dependency-manifest-record,core::slice::align_to,8,4,source_backed_raw_parts_split_boundary,rust_1_96_align_to_from_raw_parts;rust_1_96_align_to_split_raw_parts_result,minimal_trusted_boundary_until_raw_parts_provenance_and_split_contracts_are_recursively_proved,"The public target performs `slice.split_at(offset)` directly; this boundary covers the final unsafe `from_raw_parts(rest.as_ptr() as *const U, us_len)` and `from_raw_parts(rest.as_ptr().add(rest.len() - ts_len), ts_len)` construction plus the proof bridge to the generated `slice_aligned_middle` relation. It does not mark `split_at`, `from_raw_parts`, raw pointer casts/addition, or provenance complete for other targets.",core/src/slice/mod.rs:4514-4531,38394f129cf389381904f8fea0ae93d1d1059f79b4a8505a540992907e485706,proof_harnesses/008_core_slice_align_to/source_excerpt.rs,/home/chentianyu/nanvix-rust-std-spec-survey/nanvix-rust-std-slice-vec-implproof-2026-08-12/proof_harnesses/008_core_slice_align_to/harness.rs,,,,,,,,panic-or-domain-transition,mixed-support-includes-answer-bearing-site,mixed-partial-and-complete,This manifest record supports both a lower source transition and an explicitly audited answer-bearing helper; it cannot be admitted as one undifferentiated boundary unit.,core/src/slice/mod.rs:4514-4531,"{""kind"":""source_backed_raw_parts_split_boundary"",""name"":""rust_1_96_align_to_from_raw_parts;rust_1_96_align_to_split_raw_parts_result"",""rationale"":""The public target performs `slice.split_at(offset)` directly; this boundary covers the final unsafe `from_raw_parts(rest.as_ptr() as *const U, us_len)` and `from_raw_parts(rest.as_ptr().add(rest.len() - ts_len), ts_len)` construction plus the proof bridge to the generated `slice_aligned_middle` relation. It does not mark `split_at`, `from_raw_parts`, raw pointer casts/addition, or provenance complete for other targets."",""source_excerpt_relpath"":""proof_harnesses/008_core_slice_align_to/source_excerpt.rs"",""source_lines"":""core/src/slice/mod.rs:4514-4531"",""source_sha256"":""38394f129cf389381904f8fea0ae93d1d1059f79b4a8505a540992907e485706"",""status"":""minimal_trusted_boundary_until_raw_parts_provenance_and_split_contracts_are_recursively_proved""}",source-backed-support,slice-unknown-authority-v3
TS-008-C001,private-helper-callee,core::slice::align_to,8,1,private_helper_callee_closure,align_to_offsets,source-indexed,Source-indexed private/public callee closure retained by the implementation-proof dependency manifest.,core/src/slice/mod.rs:4433-4458,019c66b921c4261118ba6d8b0f1b29a5d356fb96dcf3cd707e1c5cc0fa97c4dd,frozen_inputs/slice/rust-core-slice/mod.rs,/home/chentianyu/nanvix-rust-std-spec-survey/nanvix-rust-std-slice-vec-implproof-2026-08-12/proof_harnesses/008_core_slice_align_to/harness.rs,,,,,,,,source-callee-provenance,context-only-source-closure,not-an-executable-boundary,This record closes the source call graph for provenance. It does not itself add an assumed transition or observation.,core/src/slice/mod.rs:4433-4458,"{""body_end_line"":4458,""frozen_relpath"":""frozen_inputs/slice/rust-core-slice/mod.rs"",""item_sha256"":""019c66b921c4261118ba6d8b0f1b29a5d356fb96dcf3cd707e1c5cc0fa97c4dd"",""name"":""align_to_offsets"",""public"":false,""signature_start_line"":4433,""source_reference_path"":""core/src/slice/mod.rs""}",source-closure-provenance,slice-unknown-authority-v3
TS-008-E001,harness-external-body,core::slice::align_to,8,1,verifier::external_body,rust_1_96_align_to_offsets_mul_fits,active-explicit-trusted-body,Exact external-body site enumerated from the selected proof harness; semantics and source backing are supplied by linked dependency records and the retained harness signature.,,,,/home/chentianyu/nanvix-rust-std-spec-survey/nanvix-rust-std-slice-vec-implproof-2026-08-12/proof_harnesses/008_core_slice_align_to/harness.rs,60,61,"proof fn rust_1_96_align_to_offsets_mul_fits<T, U>(rest_len: usize, ts: usize, us: usize) requires",66,"proof fn rust_1_96_align_to_offsets_mul_fits<T, U>(rest_len: usize, ts: usize, us: usize)
    requires
        ts != 0,
    ensures
        (rest_len as int / ts as int) * us as int <= usize::MAX as int,
",b010e2a6960ce05294e372a6edbb8ddc4390abab3b687009cdaaf0a52b3e4a90,TS-008-D003,private-algorithm-or-layout-transition,admissible-source-backed-lower-boundary,partial-or-lower-level,"The proof exposes only an arithmetic fit, length, or offset fact consumed by later source-backed transitions.","core/src/slice/mod.rs:4433-4464,4515","{""attribute_line"":60,""contract_end_line"":66,""contract_text"":""proof fn rust_1_96_align_to_offsets_mul_fits<T, U>(rest_len: usize, ts: usize, us: usize)\n    requires\n        ts != 0,\n    ensures\n        (rest_len as int / ts as int) * us as int <= usize::MAX as int,\n"",""declaration_line"":61,""signature"":""proof fn rust_1_96_align_to_offsets_mul_fits<T, U>(rest_len: usize, ts: usize, us: usize) requires"",""symbol"":""rust_1_96_align_to_offsets_mul_fits""}",arithmetic-or-offset-fact,slice-unknown-authority-v3
TS-008-E002,harness-external-body,core::slice::align_to,8,2,verifier::external_body,rust_1_96_align_to_offsets_view_bridge,active-explicit-trusted-body,Exact external-body site enumerated from the selected proof harness; semantics and source backing are supplied by linked dependency records and the retained harness signature.,,,,/home/chentianyu/nanvix-rust-std-spec-survey/nanvix-rust-std-slice-vec-implproof-2026-08-12/proof_harnesses/008_core_slice_align_to/harness.rs,86,87,"proof fn rust_1_96_align_to_offsets_view_bridge<T, U>( rest: Seq<T>, us_len: usize, ts_len: usize, ) requires",96,"proof fn rust_1_96_align_to_offsets_view_bridge<T, U>(
    rest: Seq<T>,
    us_len: usize,
    ts_len: usize,
)
    requires
        ts_len <= rest.len(),
    ensures
        align_to_offsets_view::<T, U>(rest, us_len, ts_len),
",940ea656d4de23e830646a9625ad172bbbd5074e2645cf24ae84d43b569bf691,TS-008-D003,private-algorithm-or-layout-transition,admissible-source-backed-lower-boundary,partial-or-lower-level,"The proof exposes only an arithmetic fit, length, or offset fact consumed by later source-backed transitions.","core/src/slice/mod.rs:4433-4464,4515","{""attribute_line"":86,""contract_end_line"":96,""contract_text"":""proof fn rust_1_96_align_to_offsets_view_bridge<T, U>(\n    rest: Seq<T>,\n    us_len: usize,\n    ts_len: usize,\n)\n    requires\n        ts_len <= rest.len(),\n    ensures\n        align_to_offsets_view::<T, U>(rest, us_len, ts_len),\n"",""declaration_line"":87,""signature"":""proof fn rust_1_96_align_to_offsets_view_bridge<T, U>( rest: Seq<T>, us_len: usize, ts_len: usize, ) requires"",""symbol"":""rust_1_96_align_to_offsets_view_bridge""}",arithmetic-or-offset-fact,slice-unknown-authority-v3
TS-008-E003,harness-external-body,core::slice::align_to,8,3,verifier::external_body,rust_1_96_ptr_align_offset,active-explicit-trusted-body,Exact external-body site enumerated from the selected proof harness; semantics and source backing are supplied by linked dependency records and the retained harness signature.,,,,/home/chentianyu/nanvix-rust-std-spec-survey/nanvix-rust-std-slice-vec-implproof-2026-08-12/proof_harnesses/008_core_slice_align_to/harness.rs,119,120,"pub unsafe fn rust_1_96_ptr_align_offset<T, U>(ptr: *const T) -> (offset: usize) {",120,"pub unsafe fn rust_1_96_ptr_align_offset<T, U>(ptr: *const T) -> (offset: usize)
",142fc29c4d99878b71e6baaa814e7eb91f9586904a3c03764a60cb5f7266bfc8,TS-008-D002,memory-layout-or-provenance-transition,admissible-source-backed-lower-boundary,partial-or-lower-level,"The contract isolates a pointer cast/copy, layout, address, or provenance transition and does not state the enclosing target answer.","core/src/slice/mod.rs:4508-4513,4569-4584","{""attribute_line"":119,""contract_end_line"":120,""contract_text"":""pub unsafe fn rust_1_96_ptr_align_offset<T, U>(ptr: *const T) -> (offset: usize)\n"",""declaration_line"":120,""signature"":""pub unsafe fn rust_1_96_ptr_align_offset<T, U>(ptr: *const T) -> (offset: usize) {"",""symbol"":""rust_1_96_ptr_align_offset""}",pointer-layout-provenance-transition,slice-unknown-authority-v3
TS-008-E004,harness-external-body,core::slice::align_to,8,4,verifier::external_body,rust_1_96_align_to_from_raw_parts,active-explicit-trusted-body,Exact external-body site enumerated from the selected proof harness; semantics and source backing are supplied by linked dependency records and the retained harness signature.,,,,/home/chentianyu/nanvix-rust-std-spec-survey/nanvix-rust-std-slice-vec-implproof-2026-08-12/proof_harnesses/008_core_slice_align_to/harness.rs,169,170,"pub unsafe fn rust_1_96_align_to_from_raw_parts<'a, T, U>( rest: &'a [T], us_len: usize, ts_len: usize, ) -> (ret: (&'a [U], &'a [T])) requires",178,"pub unsafe fn rust_1_96_align_to_from_raw_parts<'a, T, U>(
    rest: &'a [T],
    us_len: usize,
    ts_len: usize,
) -> (ret: (&'a [U], &'a [T]))
    requires
        ts_len <= rest@.len(),
        align_to_offsets_view::<T, U>(rest@, us_len, ts_len),
",cd6f17fb9f52927fccf2bb4f91cdf38cf9c12dade84ff95f3cad4dd9620109c4,TS-008-D004,memory-layout-or-provenance-transition,admissible-source-backed-lower-boundary,partial-or-lower-level,The helper operates on a derived sub-borrow or lower source callee; the caller must still construct the target result.,core/src/slice/mod.rs:4514-4531,"{""attribute_line"":169,""contract_end_line"":178,""contract_text"":""pub unsafe fn rust_1_96_align_to_from_raw_parts<'a, T, U>(\n    rest: &'a [T],\n    us_len: usize,\n    ts_len: usize,\n) -> (ret: (&'a [U], &'a [T]))\n    requires\n        ts_len <= rest@.len(),\n        align_to_offsets_view::<T, U>(rest@, us_len, ts_len),\n"",""declaration_line"":170,""signature"":""pub unsafe fn rust_1_96_align_to_from_raw_parts<'a, T, U>( rest: &'a [T], us_len: usize, ts_len: usize, ) -> (ret: (&'a [U], &'a [T])) requires"",""symbol"":""rust_1_96_align_to_from_raw_parts""}",derived-borrow-source-callee,slice-unknown-authority-v3
TS-008-E005,harness-external-body,core::slice::align_to,8,5,verifier::external_body,rust_1_96_align_to_zst_or_overflow_result,active-explicit-trusted-body,Exact external-body site enumerated from the selected proof harness; semantics and source backing are supplied by linked dependency records and the retained harness signature.,,,,/home/chentianyu/nanvix-rust-std-spec-survey/nanvix-rust-std-slice-vec-implproof-2026-08-12/proof_harnesses/008_core_slice_align_to/harness.rs,183,184,"proof fn rust_1_96_align_to_zst_or_overflow_result<T, U>( source: Seq<T>, middle: Seq<U>, suffix: Seq<T>, ) ensures",191,"proof fn rust_1_96_align_to_zst_or_overflow_result<T, U>(
    source: Seq<T>,
    middle: Seq<U>,
    suffix: Seq<T>,
)
    ensures
        slice_align_to_result::<T, U>(source, source, middle, suffix),
",d67dabbdbeac961db999245e8ab9e5437d960aebca4a69061d64d57bf1ee6d2f,TS-008-D001,private-algorithm-or-layout-transition,inadmissible-complete-branch-postcondition,complete-on-target-branch,"Under the helper's branch preconditions, its contract supplies every remaining public postcondition for that target branch.",core/src/slice/mod.rs:4506,"{""attribute_line"":183,""contract_end_line"":191,""contract_text"":""proof fn rust_1_96_align_to_zst_or_overflow_result<T, U>(\n    source: Seq<T>,\n    middle: Seq<U>,\n    suffix: Seq<T>,\n)\n    ensures\n        slice_align_to_result::<T, U>(source, source, middle, suffix),\n"",""declaration_line"":184,""signature"":""proof fn rust_1_96_align_to_zst_or_overflow_result<T, U>( source: Seq<T>, middle: Seq<U>, suffix: Seq<T>, ) ensures"",""symbol"":""rust_1_96_align_to_zst_or_overflow_result""}",complete-branch-postcondition,slice-unknown-authority-v3
TS-008-E006,harness-external-body,core::slice::align_to,8,6,verifier::external_body,rust_1_96_align_to_split_raw_parts_result,active-explicit-trusted-body,Exact external-body site enumerated from the selected proof harness; semantics and source backing are supplied by linked dependency records and the retained harness signature.,,,,/home/chentianyu/nanvix-rust-std-spec-survey/nanvix-rust-std-slice-vec-implproof-2026-08-12/proof_harnesses/008_core_slice_align_to/harness.rs,194,195,"proof fn rust_1_96_align_to_split_raw_parts_result<T, U>( source: Seq<T>, left: Seq<T>, rest: Seq<T>, middle: Seq<U>, suffix: Seq<T>, offset: usize, us_len: usize, ts_len: usize, ) requires",212,"proof fn rust_1_96_align_to_split_raw_parts_result<T, U>(
    source: Seq<T>,
    left: Seq<T>,
    rest: Seq<T>,
    middle: Seq<U>,
    suffix: Seq<T>,
    offset: usize,
    us_len: usize,
    ts_len: usize,
)
    requires
        offset <= source.len(),
        left == source.subrange(0, offset as int),
        rest == source.subrange(offset as int, source.len() as int),
        align_to_offsets_view::<T, U>(rest, us_len, ts_len),
    ensures
        slice_align_to_result::<T, U>(source, left, middle, suffix),
",fe71748602388788de3eef93ea56884116b6e9f43ab9bba3cad72d688b0e2eb7,TS-008-D004,memory-layout-or-provenance-transition,inadmissible-complete-branch-postcondition,complete-on-target-branch,"Under the helper's branch preconditions, its contract supplies every remaining public postcondition for that target branch.",core/src/slice/mod.rs:4514-4531,"{""attribute_line"":194,""contract_end_line"":212,""contract_text"":""proof fn rust_1_96_align_to_split_raw_parts_result<T, U>(\n    source: Seq<T>,\n    left: Seq<T>,\n    rest: Seq<T>,\n    middle: Seq<U>,\n    suffix: Seq<T>,\n    offset: usize,\n    us_len: usize,\n    ts_len: usize,\n)\n    requires\n        offset <= source.len(),\n        left == source.subrange(0, offset as int),\n        rest == source.subrange(offset as int, source.len() as int),\n        align_to_offsets_view::<T, U>(rest, us_len, ts_len),\n    ensures\n        slice_align_to_result::<T, U>(source, left, middle, suffix),\n"",""declaration_line"":195,""signature"":""proof fn rust_1_96_align_to_split_raw_parts_result<T, U>( source: Seq<T>, left: Seq<T>, rest: Seq<T>, middle: Seq<U>, suffix: Seq<T>, offset: usize, us_len: usize, ts_len: usize, ) requires"",""symbol"":""rust_1_96_align_to_split_raw_parts_result""}",complete-branch-postcondition,slice-unknown-authority-v3
TS-009-D001,dependency-manifest-record,core::slice::align_to_mut,9,1,shared_model_helper,slice_align_to_domain;slice_align_to_mut_result;slice_align_to_result;slice_aligned_middle,existing_generated_contract_vocabulary_boundary,The executable target carries the generated mutable align_to contract vocabulary. The harness does not use assume_specification and does not mark the public target as external_body.,,,,/home/chentianyu/nanvix-rust-std-spec-survey/nanvix-rust-std-slice-vec-implproof-2026-08-12/proof_harnesses/009_core_slice_align_to_mut/harness.rs,,,,,,,,specification-vocabulary,context-only-specification-vocabulary,not-an-executable-boundary,"This record identifies target-local specification vocabulary. It is retained for binding, but is not admitted as an executable Boundary_T observation or transition.",manifest-local,"{""kind"":""shared_model_helper"",""name"":""slice_align_to_domain;slice_align_to_mut_result;slice_align_to_result;slice_aligned_middle"",""rationale"":""The executable target carries the generated mutable align_to contract vocabulary. The harness does not use assume_specification and does not mark the public target as external_body."",""status"":""existing_generated_contract_vocabulary_boundary""}",specification-vocabulary,slice-unknown-authority-v3
TS-009-D002,dependency-manifest-record,core::slice::align_to_mut,9,2,source_backed_raw_pointer_provenance_boundary,rust_1_96_ptr_align_offset,minimal_trusted_boundary_until_pointer_alignment_intrinsics_are_recursively_modeled,"The local rust_1_96_slice_as_ptr helper now executes the reviewed null-provenance len-address Slice start-pointer model. This retained boundary covers only crate::ptr::align_offset(ptr, align_of::<U>()), including alignment-offset semantics cited from the frozen target body.",core/src/slice/mod.rs:4573-4584,79bc07c28c34e853de5c1bbc49ebb8f27b4e8837109fc51c6a15eef97565ec27,proof_harnesses/009_core_slice_align_to_mut/source_excerpt.rs,/home/chentianyu/nanvix-rust-std-spec-survey/nanvix-rust-std-slice-vec-implproof-2026-08-12/proof_harnesses/009_core_slice_align_to_mut/harness.rs,,,,,,,,panic-or-domain-transition,admissible-source-backed-support,partial-or-lower-level,"This exact frozen manifest record was audited as a named source dependency, callback, primitive, or local proof bridge. Its final disposition also incorporates every explicitly linked external site.",core/src/slice/mod.rs:4573-4584,"{""kind"":""source_backed_raw_pointer_provenance_boundary"",""name"":""rust_1_96_ptr_align_offset"",""rationale"":""The local rust_1_96_slice_as_ptr helper now executes the reviewed null-provenance len-address Slice start-pointer model. This retained boundary covers only crate::ptr::align_offset(ptr, align_of::<U>()), including alignment-offset semantics cited from the frozen target body."",""source_excerpt_relpath"":""proof_harnesses/009_core_slice_align_to_mut/source_excerpt.rs"",""source_lines"":""core/src/slice/mod.rs:4573-4584"",""source_sha256"":""79bc07c28c34e853de5c1bbc49ebb8f27b4e8837109fc51c6a15eef97565ec27"",""status"":""minimal_trusted_boundary_until_pointer_alignment_intrinsics_are_recursively_modeled""}",source-backed-support,slice-unknown-authority-v3
TS-009-D003,dependency-manifest-record,core::slice::align_to_mut,9,3,source_backed_offsets_arithmetic_fit_boundary,rust_1_96_align_to_offsets_mul_fits,narrow_retained_boundary_after_executable_offsets_arithmetic,"The mutable target now computes the Rust 1.96 private align_to_offsets gcd, ts/us, rest_len / ts * us, and rest_len % ts arithmetic before entering the retained mutable raw-parts/final-frame boundary. The retained offsets-specific boundary is narrowed to the source-backed slice-layout multiplication-fit fact needed to rule out usize overflow; ts_len <= rest_len is proved from div/mod arithmetic.","core/src/slice/mod.rs:4433-4464,4589-4590",79bc07c28c34e853de5c1bbc49ebb8f27b4e8837109fc51c6a15eef97565ec27,proof_harnesses/009_core_slice_align_to_mut/source_excerpt.rs,/home/chentianyu/nanvix-rust-std-spec-survey/nanvix-rust-std-slice-vec-implproof-2026-08-12/proof_harnesses/009_core_slice_align_to_mut/harness.rs,,,,,,,,panic-or-domain-transition,admissible-source-backed-support,partial-or-lower-level,"This exact frozen manifest record was audited as a named source dependency, callback, primitive, or local proof bridge. Its final disposition also incorporates every explicitly linked external site.","core/src/slice/mod.rs:4433-4464,4589-4590","{""kind"":""source_backed_offsets_arithmetic_fit_boundary"",""name"":""rust_1_96_align_to_offsets_mul_fits"",""rationale"":""The mutable target now computes the Rust 1.96 private align_to_offsets gcd, ts/us, rest_len / ts * us, and rest_len % ts arithmetic before entering the retained mutable raw-parts/final-frame boundary. The retained offsets-specific boundary is narrowed to the source-backed slice-layout multiplication-fit fact needed to rule out usize overflow; ts_len <= rest_len is proved from div/mod arithmetic."",""source_excerpt_relpath"":""proof_harnesses/009_core_slice_align_to_mut/source_excerpt.rs"",""source_lines"":""core/src/slice/mod.rs:4433-4464,4589-4590"",""source_sha256"":""79bc07c28c34e853de5c1bbc49ebb8f27b4e8837109fc51c6a15eef97565ec27"",""status"":""narrow_retained_boundary_after_executable_offsets_arithmetic""}",source-backed-support,slice-unknown-authority-v3
TS-009-D004,dependency-manifest-record,core::slice::align_to_mut,9,4,source_backed_mut_raw_parts_final_frame_boundary,rust_1_96_align_to_mut_zst_or_overflow;rust_1_96_align_to_mut_from_split_raw_parts,narrow_retained_boundary_after_executable_aligned_branch_split_setup,"The ZST/overflow helper remains the reviewed early-return boundary. In the aligned branch, rust_1_96_align_to_mut_split_offsets_raw_parts is now executable source-shaped code: it performs split_at_mut(offset), observes rest.len(), and uses the executable mutable Slice start-pointer model before delegating only the from_raw_parts_mut middle/suffix construction, raw-pointer provenance/aliasing, and generated-contract final-frame bridge to rust_1_96_align_to_mut_from_split_raw_parts. This does not mark from_raw_parts_mut, pointer casts/addition, provenance, or aliasing complete for other targets.",core/src/slice/mod.rs:4585-4604,79bc07c28c34e853de5c1bbc49ebb8f27b4e8837109fc51c6a15eef97565ec27,proof_harnesses/009_core_slice_align_to_mut/source_excerpt.rs,/home/chentianyu/nanvix-rust-std-spec-survey/nanvix-rust-std-slice-vec-implproof-2026-08-12/proof_harnesses/009_core_slice_align_to_mut/harness.rs,,,,,,,,panic-or-domain-transition,inadmissible-answer-bearing-support,complete-or-answer-equivalent,"Every linked executable site is explicitly audited as a complete target/branch postcondition, answer-equivalent result, or opaque whole algorithm. Source citation does not make it admissible.",core/src/slice/mod.rs:4585-4604,"{""kind"":""source_backed_mut_raw_parts_final_frame_boundary"",""name"":""rust_1_96_align_to_mut_zst_or_overflow;rust_1_96_align_to_mut_from_split_raw_parts"",""rationale"":""The ZST/overflow helper remains the reviewed early-return boundary. In the aligned branch, rust_1_96_align_to_mut_split_offsets_raw_parts is now executable source-shaped code: it performs split_at_mut(offset), observes rest.len(), and uses the executable mutable Slice start-pointer model before delegating only the from_raw_parts_mut middle/suffix construction, raw-pointer provenance/aliasing, and generated-contract final-frame bridge to rust_1_96_align_to_mut_from_split_raw_parts. This does not mark from_raw_parts_mut, pointer casts/addition, provenance, or aliasing complete for other targets."",""source_excerpt_relpath"":""proof_harnesses/009_core_slice_align_to_mut/source_excerpt.rs"",""source_lines"":""core/src/slice/mod.rs:4585-4604"",""source_sha256"":""79bc07c28c34e853de5c1bbc49ebb8f27b4e8837109fc51c6a15eef97565ec27"",""status"":""narrow_retained_boundary_after_executable_aligned_branch_split_setup""}",source-backed-support,slice-unknown-authority-v3
TS-009-C001,private-helper-callee,core::slice::align_to_mut,9,1,private_helper_callee_closure,align_to_offsets,source-indexed,Source-indexed private/public callee closure retained by the implementation-proof dependency manifest.,core/src/slice/mod.rs:4433-4458,019c66b921c4261118ba6d8b0f1b29a5d356fb96dcf3cd707e1c5cc0fa97c4dd,frozen_inputs/slice/rust-core-slice/mod.rs,/home/chentianyu/nanvix-rust-std-spec-survey/nanvix-rust-std-slice-vec-implproof-2026-08-12/proof_harnesses/009_core_slice_align_to_mut/harness.rs,,,,,,,,source-callee-provenance,context-only-source-closure,not-an-executable-boundary,This record closes the source call graph for provenance. It does not itself add an assumed transition or observation.,core/src/slice/mod.rs:4433-4458,"{""body_end_line"":4458,""frozen_relpath"":""frozen_inputs/slice/rust-core-slice/mod.rs"",""item_sha256"":""019c66b921c4261118ba6d8b0f1b29a5d356fb96dcf3cd707e1c5cc0fa97c4dd"",""name"":""align_to_offsets"",""public"":false,""signature_start_line"":4433,""source_reference_path"":""core/src/slice/mod.rs""}",source-closure-provenance,slice-unknown-authority-v3
TS-009-E001,harness-external-body,core::slice::align_to_mut,9,1,verifier::external_body,rust_1_96_align_to_offsets_mul_fits,active-explicit-trusted-body,Exact external-body site enumerated from the selected proof harness; semantics and source backing are supplied by linked dependency records and the retained harness signature.,,,,/home/chentianyu/nanvix-rust-std-spec-survey/nanvix-rust-std-slice-vec-implproof-2026-08-12/proof_harnesses/009_core_slice_align_to_mut/harness.rs,78,79,"proof fn rust_1_96_align_to_offsets_mul_fits<T, U>(rest_len: usize, ts: usize, us: usize) requires",84,"proof fn rust_1_96_align_to_offsets_mul_fits<T, U>(rest_len: usize, ts: usize, us: usize)
    requires
        ts != 0,
    ensures
        (rest_len as int / ts as int) * us as int <= usize::MAX as int,
",b010e2a6960ce05294e372a6edbb8ddc4390abab3b687009cdaaf0a52b3e4a90,TS-009-D003,private-algorithm-or-layout-transition,admissible-source-backed-lower-boundary,partial-or-lower-level,"The proof exposes only an arithmetic fit, length, or offset fact consumed by later source-backed transitions.","core/src/slice/mod.rs:4433-4464,4589-4590","{""attribute_line"":78,""contract_end_line"":84,""contract_text"":""proof fn rust_1_96_align_to_offsets_mul_fits<T, U>(rest_len: usize, ts: usize, us: usize)\n    requires\n        ts != 0,\n    ensures\n        (rest_len as int / ts as int) * us as int <= usize::MAX as int,\n"",""declaration_line"":79,""signature"":""proof fn rust_1_96_align_to_offsets_mul_fits<T, U>(rest_len: usize, ts: usize, us: usize) requires"",""symbol"":""rust_1_96_align_to_offsets_mul_fits""}",arithmetic-or-offset-fact,slice-unknown-authority-v3
TS-009-E002,harness-external-body,core::slice::align_to_mut,9,2,verifier::external_body,rust_1_96_ptr_align_offset,active-explicit-trusted-body,Exact external-body site enumerated from the selected proof harness; semantics and source backing are supplied by linked dependency records and the retained harness signature.,,,,/home/chentianyu/nanvix-rust-std-spec-survey/nanvix-rust-std-slice-vec-implproof-2026-08-12/proof_harnesses/009_core_slice_align_to_mut/harness.rs,141,142,"pub unsafe fn rust_1_96_ptr_align_offset<T, U>(ptr: *const T) -> (offset: usize) {",142,"pub unsafe fn rust_1_96_ptr_align_offset<T, U>(ptr: *const T) -> (offset: usize)
",142fc29c4d99878b71e6baaa814e7eb91f9586904a3c03764a60cb5f7266bfc8,TS-009-D002,memory-layout-or-provenance-transition,admissible-source-backed-lower-boundary,partial-or-lower-level,"The contract isolates a pointer cast/copy, layout, address, or provenance transition and does not state the enclosing target answer.",core/src/slice/mod.rs:4573-4584,"{""attribute_line"":141,""contract_end_line"":142,""contract_text"":""pub unsafe fn rust_1_96_ptr_align_offset<T, U>(ptr: *const T) -> (offset: usize)\n"",""declaration_line"":142,""signature"":""pub unsafe fn rust_1_96_ptr_align_offset<T, U>(ptr: *const T) -> (offset: usize) {"",""symbol"":""rust_1_96_ptr_align_offset""}",pointer-layout-provenance-transition,slice-unknown-authority-v3
TS-009-E003,harness-external-body,core::slice::align_to_mut,9,3,verifier::external_body,rust_1_96_align_to_mut_zst_or_overflow,active-explicit-trusted-body,Exact external-body site enumerated from the selected proof harness; semantics and source backing are supplied by linked dependency records and the retained harness signature.,,,,/home/chentianyu/nanvix-rust-std-spec-survey/nanvix-rust-std-slice-vec-implproof-2026-08-12/proof_harnesses/009_core_slice_align_to_mut/harness.rs,179,180,"pub unsafe fn rust_1_96_align_to_mut_zst_or_overflow<'a, T, U>( slice: &'a mut [T], ) -> (ret: (&'a mut [T], &'a mut [U], &'a mut [T])) ensures",194,"pub unsafe fn rust_1_96_align_to_mut_zst_or_overflow<'a, T, U>(
    slice: &'a mut [T],
) -> (ret: (&'a mut [T], &'a mut [U], &'a mut [T]))
    ensures
        slice_align_to_mut_result::<T, U>(
            old(slice)@,
            ret.0@,
            ret.1@,
            ret.2@,
            final(ret.0)@,
            final(ret.1)@,
            final(ret.2)@,
            final(slice)@,
        ),
",89403b1d9901317880735ce93f4ae693ed1ba6e6cc58d9ed9464e2efa7646dee,TS-009-D004,private-algorithm-or-layout-transition,inadmissible-complete-branch-postcondition,complete-on-target-branch,"Under the helper's branch preconditions, its contract supplies every remaining public postcondition for that target branch.",core/src/slice/mod.rs:4585-4604,"{""attribute_line"":179,""contract_end_line"":194,""contract_text"":""pub unsafe fn rust_1_96_align_to_mut_zst_or_overflow<'a, T, U>(\n    slice: &'a mut [T],\n) -> (ret: (&'a mut [T], &'a mut [U], &'a mut [T]))\n    ensures\n        slice_align_to_mut_result::<T, U>(\n            old(slice)@,\n            ret.0@,\n            ret.1@,\n            ret.2@,\n            final(ret.0)@,\n            final(ret.1)@,\n            final(ret.2)@,\n            final(slice)@,\n        ),\n"",""declaration_line"":180,""signature"":""pub unsafe fn rust_1_96_align_to_mut_zst_or_overflow<'a, T, U>( slice: &'a mut [T], ) -> (ret: (&'a mut [T], &'a mut [U], &'a mut [T])) ensures"",""symbol"":""rust_1_96_align_to_mut_zst_or_overflow""}",complete-branch-postcondition,slice-unknown-authority-v3
TS-009-E004,harness-external-body,core::slice::align_to_mut,9,4,verifier::external_body,rust_1_96_align_to_mut_from_split_raw_parts,active-explicit-trusted-body,Exact external-body site enumerated from the selected proof harness; semantics and source backing are supplied by linked dependency records and the retained harness signature.,,,,/home/chentianyu/nanvix-rust-std-spec-survey/nanvix-rust-std-slice-vec-implproof-2026-08-12/proof_harnesses/009_core_slice_align_to_mut/harness.rs,199,200,"pub unsafe fn rust_1_96_align_to_mut_from_split_raw_parts<'a, T, U>( left: &'a mut [T], rest: &'a mut [T], mut_ptr: *mut T, rest_len: usize, us_len: usize, ts_len: usize, source: Ghost<Seq<T>>, offset: Ghost<usize>, ) -> (ret: (&'a mut [T], &'a mut [U], &'a mut [T])) requires",229,"pub unsafe fn rust_1_96_align_to_mut_from_split_raw_parts<'a, T, U>(
    left: &'a mut [T],
    rest: &'a mut [T],
    mut_ptr: *mut T,
    rest_len: usize,
    us_len: usize,
    ts_len: usize,
    source: Ghost<Seq<T>>,
    offset: Ghost<usize>,
) -> (ret: (&'a mut [T], &'a mut [U], &'a mut [T]))
    requires
        offset@ <= source@.len(),
        old(left)@ == source@.subrange(0, offset@ as int),
        old(rest)@ == source@.subrange(offset@ as int, source@.len() as int),
        rest_len == old(rest)@.len(),
        ts_len <= rest_len,
        slice_start_mut_ptr(old(rest)@, mut_ptr),
    ensures
        final(left)@ == final(ret.0)@,
        slice_align_to_mut_result::<T, U>(
            source@,
            ret.0@,
            ret.1@,
            ret.2@,
            final(ret.0)@,
            final(ret.1)@,
            final(ret.2)@,
            final(ret.0)@ + final(rest)@,
        ),
",06a79fb3c30af806fcb0ceae77a3225e9e07d306510f866dc9529b4ced81e1ef,TS-009-D004,memory-layout-or-provenance-transition,inadmissible-complete-branch-postcondition,complete-on-target-branch,"Under the helper's branch preconditions, its contract supplies every remaining public postcondition for that target branch.",core/src/slice/mod.rs:4585-4604,"{""attribute_line"":199,""contract_end_line"":229,""contract_text"":""pub unsafe fn rust_1_96_align_to_mut_from_split_raw_parts<'a, T, U>(\n    left: &'a mut [T],\n    rest: &'a mut [T],\n    mut_ptr: *mut T,\n    rest_len: usize,\n    us_len: usize,\n    ts_len: usize,\n    source: Ghost<Seq<T>>,\n    offset: Ghost<usize>,\n) -> (ret: (&'a mut [T], &'a mut [U], &'a mut [T]))\n    requires\n        offset@ <= source@.len(),\n        old(left)@ == source@.subrange(0, offset@ as int),\n        old(rest)@ == source@.subrange(offset@ as int, source@.len() as int),\n        rest_len == old(rest)@.len(),\n        ts_len <= rest_len,\n        slice_start_mut_ptr(old(rest)@, mut_ptr),\n    ensures\n        final(left)@ == final(ret.0)@,\n        slice_align_to_mut_result::<T, U>(\n            source@,\n            ret.0@,\n            ret.1@,\n            ret.2@,\n            final(ret.0)@,\n            final(ret.1)@,\n            final(ret.2)@,\n            final(ret.0)@ + final(rest)@,\n        ),\n"",""declaration_line"":200,""signature"":""pub unsafe fn rust_1_96_align_to_mut_from_split_raw_parts<'a, T, U>( left: &'a mut [T], rest: &'a mut [T], mut_ptr: *mut T, rest_len: usize, us_len: usize, ts_len: usize, source: Ghost<Seq<T>>, offset: Ghost<usize>, ) -> (ret: (&'a mut [T], &'a mut [U], &'a mut [T])) requires"",""symbol"":""rust_1_96_align_to_mut_from_split_raw_parts""}",complete-branch-postcondition,slice-unknown-authority-v3
TS-012-D001,dependency-manifest-record,core::slice::as_chunks,12,1,shared_model_helper,array_value_view;flatten_array_chunks;slice_array_chunks_partition,audited_generated_contract_vocabulary_instantiated_in_harness,The generated immutable chunks-and-remainder vocabulary is instantiated locally as open spec definitions so Verus checks the partition without assuming the target postcondition.,frozen_inputs/slice/specs/slice_shared_vocabulary.rs:937-952,,,/home/chentianyu/nanvix-rust-std-spec-survey/nanvix-rust-std-slice-vec-implproof-2026-08-12/proof_harnesses/012_core_slice_as_chunks/harness.rs,,,,,,,,specification-vocabulary,context-only-specification-vocabulary,not-an-executable-boundary,"This record identifies target-local specification vocabulary. It is retained for binding, but is not admitted as an executable Boundary_T observation or transition.",frozen_inputs/slice/specs/slice_shared_vocabulary.rs:937-952,"{""kind"":""shared_model_helper"",""name"":""array_value_view;flatten_array_chunks;slice_array_chunks_partition"",""rationale"":""The generated immutable chunks-and-remainder vocabulary is instantiated locally as open spec definitions so Verus checks the partition without assuming the target postcondition."",""source_lines"":""frozen_inputs/slice/specs/slice_shared_vocabulary.rs:937-952"",""status"":""audited_generated_contract_vocabulary_instantiated_in_harness""}",specification-vocabulary,slice-unknown-authority-v3
TS-012-D002,dependency-manifest-record,core::slice::as_chunks,12,2,reviewed_generated_dependency_boundary,core::slice::split_at_unchecked,source_shaped_unchecked_split_helper_verified_in_harness_modulo_raw_parts_boundary,"The harness now replaces the prior target-local external split_at_unchecked wrapper with the source-shaped len/as_ptr/unsafe-precondition flow from the reviewed split_at_unchecked proof, while retaining named start-pointer and raw-parts construction boundaries.",core/src/slice/mod.rs:1401-1403; proof_harnesses/087_core_slice_split_at_unchecked/harness.rs,,,/home/chentianyu/nanvix-rust-std-spec-survey/nanvix-rust-std-slice-vec-implproof-2026-08-12/proof_harnesses/012_core_slice_as_chunks/harness.rs,,,,,,,,panic-or-domain-transition,admissible-source-backed-support,partial-or-lower-level,"This exact frozen manifest record was audited as a named source dependency, callback, primitive, or local proof bridge. Its final disposition also incorporates every explicitly linked external site.",core/src/slice/mod.rs:1401-1403; proof_harnesses/087_core_slice_split_at_unchecked/harness.rs,"{""kind"":""reviewed_generated_dependency_boundary"",""name"":""core::slice::split_at_unchecked"",""rationale"":""The harness now replaces the prior target-local external split_at_unchecked wrapper with the source-shaped len/as_ptr/unsafe-precondition flow from the reviewed split_at_unchecked proof, while retaining named start-pointer and raw-parts construction boundaries."",""source_lines"":""core/src/slice/mod.rs:1401-1403; proof_harnesses/087_core_slice_split_at_unchecked/harness.rs"",""status"":""source_shaped_unchecked_split_helper_verified_in_harness_modulo_raw_parts_boundary""}",source-backed-support,slice-unknown-authority-v3
TS-012-D003,dependency-manifest-record,core::slice::as_chunks,12,3,reviewed_generated_dependency_boundary,core::slice::as_chunks_unchecked,reviewed_dependency_reused_for_immutable_array_chunk_view_fact,The Rust 1.96 body converts the multiple-of-N prefix with unsafe as_chunks_unchecked. The harness reuses the verified immutable array-chunk view after proving the prefix length is divisible by N.,core/src/slice/mod.rs:1404-1405; proof_harnesses/014_core_slice_as_chunks_unchecked/harness.rs,,,/home/chentianyu/nanvix-rust-std-spec-survey/nanvix-rust-std-slice-vec-implproof-2026-08-12/proof_harnesses/012_core_slice_as_chunks/harness.rs,,,,,,,,panic-or-domain-transition,admissible-source-backed-support,partial-or-lower-level,"This exact frozen manifest record was audited as a named source dependency, callback, primitive, or local proof bridge. Its final disposition also incorporates every explicitly linked external site.",core/src/slice/mod.rs:1404-1405; proof_harnesses/014_core_slice_as_chunks_unchecked/harness.rs,"{""kind"":""reviewed_generated_dependency_boundary"",""name"":""core::slice::as_chunks_unchecked"",""rationale"":""The Rust 1.96 body converts the multiple-of-N prefix with unsafe as_chunks_unchecked. The harness reuses the verified immutable array-chunk view after proving the prefix length is divisible by N."",""source_lines"":""core/src/slice/mod.rs:1404-1405; proof_harnesses/014_core_slice_as_chunks_unchecked/harness.rs"",""status"":""reviewed_dependency_reused_for_immutable_array_chunk_view_fact""}",source-backed-support,slice-unknown-authority-v3
TS-012-D004,dependency-manifest-record,core::slice::as_chunks,12,4,panic_or_bounds,assert!(N != 0),discharged_by_target_precondition_and_arithmetic_proof,The generated precondition N != 0 makes the Rust assertion pass; the Verus harness keeps the assertion and uses div/mod lemmas to prove the source rounded-down length and remainder bounds.,core/src/slice/mod.rs:1397-1400,9c4af13742dd8487899f401b86e30b861c36502191a1600057eb26d1ef9e7234,proof_harnesses/012_core_slice_as_chunks/source_excerpt.rs,/home/chentianyu/nanvix-rust-std-spec-survey/nanvix-rust-std-slice-vec-implproof-2026-08-12/proof_harnesses/012_core_slice_as_chunks/harness.rs,,,,,,,,panic-or-domain-transition,admissible-source-backed-support,partial-or-lower-level,"This exact frozen manifest record was audited as a named source dependency, callback, primitive, or local proof bridge. Its final disposition also incorporates every explicitly linked external site.",core/src/slice/mod.rs:1397-1400,"{""kind"":""panic_or_bounds"",""name"":""assert!(N != 0)"",""rationale"":""The generated precondition N != 0 makes the Rust assertion pass; the Verus harness keeps the assertion and uses div/mod lemmas to prove the source rounded-down length and remainder bounds."",""source_excerpt_relpath"":""proof_harnesses/012_core_slice_as_chunks/source_excerpt.rs"",""source_lines"":""core/src/slice/mod.rs:1397-1400"",""source_sha256"":""9c4af13742dd8487899f401b86e30b861c36502191a1600057eb26d1ef9e7234"",""status"":""discharged_by_target_precondition_and_arithmetic_proof""}",source-backed-support,slice-unknown-authority-v3
TS-012-C001,private-helper-callee,core::slice::as_chunks,12,1,private_helper_callee_closure,len,source-indexed,Source-indexed private/public callee closure retained by the implementation-proof dependency manifest.,core/src/slice/iter/macros.rs:142-144,48328fef24b9a414c7599eb67374e2d10f3c26ce8316557ce897b9c9e5203fc1,frozen_inputs/slice/rust-core-slice/iter/macros.rs,/home/chentianyu/nanvix-rust-std-spec-survey/nanvix-rust-std-slice-vec-implproof-2026-08-12/proof_harnesses/012_core_slice_as_chunks/harness.rs,,,,,,,,source-callee-provenance,context-only-source-closure,not-an-executable-boundary,This record closes the source call graph for provenance. It does not itself add an assumed transition or observation.,core/src/slice/iter/macros.rs:142-144,"{""body_end_line"":144,""frozen_relpath"":""frozen_inputs/slice/rust-core-slice/iter/macros.rs"",""item_sha256"":""48328fef24b9a414c7599eb67374e2d10f3c26ce8316557ce897b9c9e5203fc1"",""name"":""len"",""public"":false,""signature_start_line"":142,""source_reference_path"":""core/src/slice/iter/macros.rs""}",source-closure-provenance,slice-unknown-authority-v3
TS-012-C002,private-helper-callee,core::slice::as_chunks,12,2,private_helper_callee_closure,len,source-indexed,Source-indexed private/public callee closure retained by the implementation-proof dependency manifest.,core/src/slice/sort/stable/drift.rs:295-297,39713253c1089e4b037e302f5b7358f257f51d24290f54f0efc0dc25d78323fc,frozen_inputs/slice/rust-core-slice/sort/stable/drift.rs,/home/chentianyu/nanvix-rust-std-spec-survey/nanvix-rust-std-slice-vec-implproof-2026-08-12/proof_harnesses/012_core_slice_as_chunks/harness.rs,,,,,,,,source-callee-provenance,context-only-source-closure,not-an-executable-boundary,This record closes the source call graph for provenance. It does not itself add an assumed transition or observation.,core/src/slice/sort/stable/drift.rs:295-297,"{""body_end_line"":297,""frozen_relpath"":""frozen_inputs/slice/rust-core-slice/sort/stable/drift.rs"",""item_sha256"":""39713253c1089e4b037e302f5b7358f257f51d24290f54f0efc0dc25d78323fc"",""name"":""len"",""public"":false,""signature_start_line"":295,""source_reference_path"":""core/src/slice/sort/stable/drift.rs""}",source-closure-provenance,slice-unknown-authority-v3
TS-012-C003,private-helper-callee,core::slice::as_chunks,12,3,private_helper_callee_closure,len,source-indexed,Source-indexed private/public callee closure retained by the implementation-proof dependency manifest.,alloc/src/vec/in_place_drop.rs:15-17,abc18bdf2169eed2a02867127488f3df813795a68b96b8e832725dab3e82adb9,frozen_inputs/vec/rust-alloc-vec/vec/in_place_drop.rs,/home/chentianyu/nanvix-rust-std-spec-survey/nanvix-rust-std-slice-vec-implproof-2026-08-12/proof_harnesses/012_core_slice_as_chunks/harness.rs,,,,,,,,source-callee-provenance,context-only-source-closure,not-an-executable-boundary,This record closes the source call graph for provenance. It does not itself add an assumed transition or observation.,alloc/src/vec/in_place_drop.rs:15-17,"{""body_end_line"":17,""frozen_relpath"":""frozen_inputs/vec/rust-alloc-vec/vec/in_place_drop.rs"",""item_sha256"":""abc18bdf2169eed2a02867127488f3df813795a68b96b8e832725dab3e82adb9"",""name"":""len"",""public"":false,""signature_start_line"":15,""source_reference_path"":""alloc/src/vec/in_place_drop.rs""}",source-closure-provenance,slice-unknown-authority-v3
TS-012-E001,harness-external-body,core::slice::as_chunks,12,1,verifier::external_body,from_raw_parts,active-explicit-trusted-body,Exact external-body site enumerated from the selected proof harness; semantics and source backing are supplied by linked dependency records and the retained harness signature.,,,,/home/chentianyu/nanvix-rust-std-spec-survey/nanvix-rust-std-slice-vec-implproof-2026-08-12/proof_harnesses/012_core_slice_as_chunks/harness.rs,93,94,"pub unsafe fn from_raw_parts<'a, T>(data: *const T, len: usize) -> (ret: &'a [T]) ensures",98,"pub unsafe fn from_raw_parts<'a, T>(data: *const T, len: usize) -> (ret: &'a [T])
    ensures
        ret@.len() == len,
        slice_start_ptr(ret@, data),
",55a18c28c6b73b7c069c02dabe93f75de4813afa8812893fde956adfe2b31fc5,TS-012-D002,memory-layout-or-provenance-transition,admissible-source-backed-lower-boundary,partial-or-lower-level,The raw-slice constructor describes an intermediate derived view; additional source steps are required to derive the public result.,core/src/slice/mod.rs:1401-1403; proof_harnesses/087_core_slice_split_at_unchecked/harness.rs,"{""attribute_line"":93,""contract_end_line"":98,""contract_text"":""pub unsafe fn from_raw_parts<'a, T>(data: *const T, len: usize) -> (ret: &'a [T])\n    ensures\n        ret@.len() == len,\n        slice_start_ptr(ret@, data),\n"",""declaration_line"":94,""signature"":""pub unsafe fn from_raw_parts<'a, T>(data: *const T, len: usize) -> (ret: &'a [T]) ensures"",""symbol"":""from_raw_parts""}",intermediate-raw-slice-constructor,slice-unknown-authority-v3
TS-012-E002,harness-external-body,core::slice::as_chunks,12,2,verifier::external_body,rust_1_96_split_at_unchecked_raw_parts,active-explicit-trusted-body,Exact external-body site enumerated from the selected proof harness; semantics and source backing are supplied by linked dependency records and the retained harness signature.,,,,/home/chentianyu/nanvix-rust-std-spec-survey/nanvix-rust-std-slice-vec-implproof-2026-08-12/proof_harnesses/012_core_slice_as_chunks/harness.rs,102,103,"pub unsafe fn rust_1_96_split_at_unchecked_raw_parts<'a, T>( slice: &'a [T], ptr: *const T, mid: usize, len: usize, ) -> (ret: (&'a [T], &'a [T])) requires",117,"pub unsafe fn rust_1_96_split_at_unchecked_raw_parts<'a, T>(
    slice: &'a [T],
    ptr: *const T,
    mid: usize,
    len: usize,
) -> (ret: (&'a [T], &'a [T]))
    requires
        split_point_in_range(slice@, mid),
        mid <= len,
        len == slice@.len(),
        slice_start_ptr(slice@, ptr),
    ensures
        ret.0@ == slice@.subrange(0, mid as int),
        ret.1@ == slice@.subrange(mid as int, slice@.len() as int),
",2bfa023d7edcac9caa0512e700215eb6724a05fd1a064ce544bd133f2b53092c,TS-012-D002,memory-layout-or-provenance-transition,admissible-source-backed-lower-boundary,partial-or-lower-level,"The contract exposes an intermediate source split, not the enclosing target's complete return/final-state relation.",core/src/slice/mod.rs:1401-1403; proof_harnesses/087_core_slice_split_at_unchecked/harness.rs,"{""attribute_line"":102,""contract_end_line"":117,""contract_text"":""pub unsafe fn rust_1_96_split_at_unchecked_raw_parts<'a, T>(\n    slice: &'a [T],\n    ptr: *const T,\n    mid: usize,\n    len: usize,\n) -> (ret: (&'a [T], &'a [T]))\n    requires\n        split_point_in_range(slice@, mid),\n        mid <= len,\n        len == slice@.len(),\n        slice_start_ptr(slice@, ptr),\n    ensures\n        ret.0@ == slice@.subrange(0, mid as int),\n        ret.1@ == slice@.subrange(mid as int, slice@.len() as int),\n"",""declaration_line"":103,""signature"":""pub unsafe fn rust_1_96_split_at_unchecked_raw_parts<'a, T>( slice: &'a [T], ptr: *const T, mid: usize, len: usize, ) -> (ret: (&'a [T], &'a [T])) requires"",""symbol"":""rust_1_96_split_at_unchecked_raw_parts""}",intermediate-subrange-split,slice-unknown-authority-v3
TS-012-E003,harness-external-body,core::slice::as_chunks,12,3,verifier::external_body,as_chunks_unchecked,active-explicit-trusted-body,Exact external-body site enumerated from the selected proof harness; semantics and source backing are supplied by linked dependency records and the retained harness signature.,,,,/home/chentianyu/nanvix-rust-std-spec-survey/nanvix-rust-std-slice-vec-implproof-2026-08-12/proof_harnesses/012_core_slice_as_chunks/harness.rs,146,147,"pub unsafe fn as_chunks_unchecked<'a, T, const N: usize>( slice: &'a [T], ) -> (ret: &'a [[T; N]]) requires",155,"pub unsafe fn as_chunks_unchecked<'a, T, const N: usize>(
    slice: &'a [T],
) -> (ret: &'a [[T; N]])
    requires
        N != 0,
        slice@.len() % (N as nat) == 0,
    ensures
        flatten_array_chunks::<T, N>(ret@) == slice@,
",64dbee12c20e24b178992f10888da1991b2e3ebfca481d0e35c8324f9a3cd9b8,TS-012-D003,range-or-borrow-transition,admissible-source-backed-lower-boundary,partial-or-lower-level,The helper operates on a derived sub-borrow or lower source callee; the caller must still construct the target result.,core/src/slice/mod.rs:1404-1405; proof_harnesses/014_core_slice_as_chunks_unchecked/harness.rs,"{""attribute_line"":146,""contract_end_line"":155,""contract_text"":""pub unsafe fn as_chunks_unchecked<'a, T, const N: usize>(\n    slice: &'a [T],\n) -> (ret: &'a [[T; N]])\n    requires\n        N != 0,\n        slice@.len() % (N as nat) == 0,\n    ensures\n        flatten_array_chunks::<T, N>(ret@) == slice@,\n"",""declaration_line"":147,""signature"":""pub unsafe fn as_chunks_unchecked<'a, T, const N: usize>( slice: &'a [T], ) -> (ret: &'a [[T; N]]) requires"",""symbol"":""as_chunks_unchecked""}",derived-borrow-source-callee,slice-unknown-authority-v3
TS-013-D001,dependency-manifest-record,core::slice::as_chunks_mut,13,1,shared_model_helper,array_value_view;flatten_array_chunks;slice_array_chunks_partition,audited_generated_contract_vocabulary_instantiated_in_harness,The generated mutable chunks-and-remainder vocabulary is instantiated locally as open spec definitions so Verus checks the old-view partition and final mutable frame without assuming the target postcondition.,frozen_inputs/slice/specs/slice_shared_vocabulary.rs:937-952,,,/home/chentianyu/nanvix-rust-std-spec-survey/nanvix-rust-std-slice-vec-implproof-2026-08-12/proof_harnesses/013_core_slice_as_chunks_mut/harness.rs,,,,,,,,specification-vocabulary,context-only-specification-vocabulary,not-an-executable-boundary,"This record identifies target-local specification vocabulary. It is retained for binding, but is not admitted as an executable Boundary_T observation or transition.",frozen_inputs/slice/specs/slice_shared_vocabulary.rs:937-952,"{""kind"":""shared_model_helper"",""name"":""array_value_view;flatten_array_chunks;slice_array_chunks_partition"",""rationale"":""The generated mutable chunks-and-remainder vocabulary is instantiated locally as open spec definitions so Verus checks the old-view partition and final mutable frame without assuming the target postcondition."",""source_lines"":""frozen_inputs/slice/specs/slice_shared_vocabulary.rs:937-952"",""status"":""audited_generated_contract_vocabulary_instantiated_in_harness""}",specification-vocabulary,slice-unknown-authority-v3
TS-013-D002,dependency-manifest-record,core::slice::as_chunks_mut,13,2,reviewed_generated_dependency_boundary,core::slice::split_at_mut_unchecked,source_shaped_unchecked_mut_split_helper_verified_in_harness_modulo_raw_parts_final_frame_boundary,"The harness now replaces the prior target-local external split_at_mut_unchecked wrapper with the source-shaped len/as_mut_ptr/unsafe-precondition flow from the reviewed split_at_mut_unchecked proof, while retaining named mutable start-pointer, raw-parts, and final-frame boundaries.",core/src/slice/mod.rs:1557-1559; proof_harnesses/086_core_slice_split_at_mut_unchecked/harness.rs,,,/home/chentianyu/nanvix-rust-std-spec-survey/nanvix-rust-std-slice-vec-implproof-2026-08-12/proof_harnesses/013_core_slice_as_chunks_mut/harness.rs,,,,,,,,panic-or-domain-transition,admissible-source-backed-support,partial-or-lower-level,"This exact frozen manifest record was audited as a named source dependency, callback, primitive, or local proof bridge. Its final disposition also incorporates every explicitly linked external site.",core/src/slice/mod.rs:1557-1559; proof_harnesses/086_core_slice_split_at_mut_unchecked/harness.rs,"{""kind"":""reviewed_generated_dependency_boundary"",""name"":""core::slice::split_at_mut_unchecked"",""rationale"":""The harness now replaces the prior target-local external split_at_mut_unchecked wrapper with the source-shaped len/as_mut_ptr/unsafe-precondition flow from the reviewed split_at_mut_unchecked proof, while retaining named mutable start-pointer, raw-parts, and final-frame boundaries."",""source_lines"":""core/src/slice/mod.rs:1557-1559; proof_harnesses/086_core_slice_split_at_mut_unchecked/harness.rs"",""status"":""source_shaped_unchecked_mut_split_helper_verified_in_harness_modulo_raw_parts_final_frame_boundary""}",source-backed-support,slice-unknown-authority-v3
TS-013-D003,dependency-manifest-record,core::slice::as_chunks_mut,13,3,reviewed_generated_dependency_boundary,core::slice::as_chunks_unchecked_mut,reviewed_dependency_reused_for_mutable_array_chunk_view_and_final_frame_fact,The Rust 1.96 body converts the multiple-of-N prefix with unsafe as_chunks_unchecked_mut. The harness reuses the verified mutable array-chunk old-view and final-frame shape after proving the prefix length is divisible by N.,core/src/slice/mod.rs:1560-1561; proof_harnesses/015_core_slice_as_chunks_unchecked_mut/harness.rs,,,/home/chentianyu/nanvix-rust-std-spec-survey/nanvix-rust-std-slice-vec-implproof-2026-08-12/proof_harnesses/013_core_slice_as_chunks_mut/harness.rs,,,,,,,,panic-or-domain-transition,admissible-source-backed-support,partial-or-lower-level,"This exact frozen manifest record was audited as a named source dependency, callback, primitive, or local proof bridge. Its final disposition also incorporates every explicitly linked external site.",core/src/slice/mod.rs:1560-1561; proof_harnesses/015_core_slice_as_chunks_unchecked_mut/harness.rs,"{""kind"":""reviewed_generated_dependency_boundary"",""name"":""core::slice::as_chunks_unchecked_mut"",""rationale"":""The Rust 1.96 body converts the multiple-of-N prefix with unsafe as_chunks_unchecked_mut. The harness reuses the verified mutable array-chunk old-view and final-frame shape after proving the prefix length is divisible by N."",""source_lines"":""core/src/slice/mod.rs:1560-1561; proof_harnesses/015_core_slice_as_chunks_unchecked_mut/harness.rs"",""status"":""reviewed_dependency_reused_for_mutable_array_chunk_view_and_final_frame_fact""}",source-backed-support,slice-unknown-authority-v3
TS-013-D004,dependency-manifest-record,core::slice::as_chunks_mut,13,4,panic_or_bounds,assert!(N != 0),discharged_by_target_precondition_and_arithmetic_proof,The generated precondition N != 0 makes the Rust assertion pass; the Verus harness keeps the assertion and uses div/mod lemmas to prove the source rounded-down length and remainder bounds.,core/src/slice/mod.rs:1553-1556,53fb689ca4c691d2e432cbea572e07fcc1c5cd487734c27f9d0b82841f5b7ae8,proof_harnesses/013_core_slice_as_chunks_mut/source_excerpt.rs,/home/chentianyu/nanvix-rust-std-spec-survey/nanvix-rust-std-slice-vec-implproof-2026-08-12/proof_harnesses/013_core_slice_as_chunks_mut/harness.rs,,,,,,,,panic-or-domain-transition,admissible-source-backed-support,partial-or-lower-level,"This exact frozen manifest record was audited as a named source dependency, callback, primitive, or local proof bridge. Its final disposition also incorporates every explicitly linked external site.",core/src/slice/mod.rs:1553-1556,"{""kind"":""panic_or_bounds"",""name"":""assert!(N != 0)"",""rationale"":""The generated precondition N != 0 makes the Rust assertion pass; the Verus harness keeps the assertion and uses div/mod lemmas to prove the source rounded-down length and remainder bounds."",""source_excerpt_relpath"":""proof_harnesses/013_core_slice_as_chunks_mut/source_excerpt.rs"",""source_lines"":""core/src/slice/mod.rs:1553-1556"",""source_sha256"":""53fb689ca4c691d2e432cbea572e07fcc1c5cd487734c27f9d0b82841f5b7ae8"",""status"":""discharged_by_target_precondition_and_arithmetic_proof""}",source-backed-support,slice-unknown-authority-v3
TS-013-C001,private-helper-callee,core::slice::as_chunks_mut,13,1,private_helper_callee_closure,len,source-indexed,Source-indexed private/public callee closure retained by the implementation-proof dependency manifest.,core/src/slice/iter/macros.rs:142-144,48328fef24b9a414c7599eb67374e2d10f3c26ce8316557ce897b9c9e5203fc1,frozen_inputs/slice/rust-core-slice/iter/macros.rs,/home/chentianyu/nanvix-rust-std-spec-survey/nanvix-rust-std-slice-vec-implproof-2026-08-12/proof_harnesses/013_core_slice_as_chunks_mut/harness.rs,,,,,,,,source-callee-provenance,context-only-source-closure,not-an-executable-boundary,This record closes the source call graph for provenance. It does not itself add an assumed transition or observation.,core/src/slice/iter/macros.rs:142-144,"{""body_end_line"":144,""frozen_relpath"":""frozen_inputs/slice/rust-core-slice/iter/macros.rs"",""item_sha256"":""48328fef24b9a414c7599eb67374e2d10f3c26ce8316557ce897b9c9e5203fc1"",""name"":""len"",""public"":false,""signature_start_line"":142,""source_reference_path"":""core/src/slice/iter/macros.rs""}",source-closure-provenance,slice-unknown-authority-v3
TS-013-C002,private-helper-callee,core::slice::as_chunks_mut,13,2,private_helper_callee_closure,len,source-indexed,Source-indexed private/public callee closure retained by the implementation-proof dependency manifest.,core/src/slice/sort/stable/drift.rs:295-297,39713253c1089e4b037e302f5b7358f257f51d24290f54f0efc0dc25d78323fc,frozen_inputs/slice/rust-core-slice/sort/stable/drift.rs,/home/chentianyu/nanvix-rust-std-spec-survey/nanvix-rust-std-slice-vec-implproof-2026-08-12/proof_harnesses/013_core_slice_as_chunks_mut/harness.rs,,,,,,,,source-callee-provenance,context-only-source-closure,not-an-executable-boundary,This record closes the source call graph for provenance. It does not itself add an assumed transition or observation.,core/src/slice/sort/stable/drift.rs:295-297,"{""body_end_line"":297,""frozen_relpath"":""frozen_inputs/slice/rust-core-slice/sort/stable/drift.rs"",""item_sha256"":""39713253c1089e4b037e302f5b7358f257f51d24290f54f0efc0dc25d78323fc"",""name"":""len"",""public"":false,""signature_start_line"":295,""source_reference_path"":""core/src/slice/sort/stable/drift.rs""}",source-closure-provenance,slice-unknown-authority-v3
TS-013-C003,private-helper-callee,core::slice::as_chunks_mut,13,3,private_helper_callee_closure,len,source-indexed,Source-indexed private/public callee closure retained by the implementation-proof dependency manifest.,alloc/src/vec/in_place_drop.rs:15-17,abc18bdf2169eed2a02867127488f3df813795a68b96b8e832725dab3e82adb9,frozen_inputs/vec/rust-alloc-vec/vec/in_place_drop.rs,/home/chentianyu/nanvix-rust-std-spec-survey/nanvix-rust-std-slice-vec-implproof-2026-08-12/proof_harnesses/013_core_slice_as_chunks_mut/harness.rs,,,,,,,,source-callee-provenance,context-only-source-closure,not-an-executable-boundary,This record closes the source call graph for provenance. It does not itself add an assumed transition or observation.,alloc/src/vec/in_place_drop.rs:15-17,"{""body_end_line"":17,""frozen_relpath"":""frozen_inputs/vec/rust-alloc-vec/vec/in_place_drop.rs"",""item_sha256"":""abc18bdf2169eed2a02867127488f3df813795a68b96b8e832725dab3e82adb9"",""name"":""len"",""public"":false,""signature_start_line"":15,""source_reference_path"":""alloc/src/vec/in_place_drop.rs""}",source-closure-provenance,slice-unknown-authority-v3
TS-013-E001,harness-external-body,core::slice::as_chunks_mut,13,1,verifier::external_body,from_raw_parts_mut,active-explicit-trusted-body,Exact external-body site enumerated from the selected proof harness; semantics and source backing are supplied by linked dependency records and the retained harness signature.,,,,/home/chentianyu/nanvix-rust-std-spec-survey/nanvix-rust-std-slice-vec-implproof-2026-08-12/proof_harnesses/013_core_slice_as_chunks_mut/harness.rs,109,110,"pub unsafe fn from_raw_parts_mut<'a, T>(data: *mut T, len: usize) -> (ret: &'a mut [T]) ensures",114,"pub unsafe fn from_raw_parts_mut<'a, T>(data: *mut T, len: usize) -> (ret: &'a mut [T])
    ensures
        ret@.len() == len,
        slice_start_mut_ptr(ret@, data),
",a8640f8facd0cd2ea0218910b746c77dd8e1a57f1badc1aed30e990898e15f53,TS-013-D002,memory-layout-or-provenance-transition,admissible-source-backed-lower-boundary,partial-or-lower-level,The raw-slice constructor describes an intermediate derived view; additional source steps are required to derive the public result.,core/src/slice/mod.rs:1557-1559; proof_harnesses/086_core_slice_split_at_mut_unchecked/harness.rs,"{""attribute_line"":109,""contract_end_line"":114,""contract_text"":""pub unsafe fn from_raw_parts_mut<'a, T>(data: *mut T, len: usize) -> (ret: &'a mut [T])\n    ensures\n        ret@.len() == len,\n        slice_start_mut_ptr(ret@, data),\n"",""declaration_line"":110,""signature"":""pub unsafe fn from_raw_parts_mut<'a, T>(data: *mut T, len: usize) -> (ret: &'a mut [T]) ensures"",""symbol"":""from_raw_parts_mut""}",intermediate-raw-slice-constructor,slice-unknown-authority-v3
TS-013-E002,harness-external-body,core::slice::as_chunks_mut,13,2,verifier::external_body,rust_1_96_split_at_mut_unchecked_raw_parts,active-explicit-trusted-body,Exact external-body site enumerated from the selected proof harness; semantics and source backing are supplied by linked dependency records and the retained harness signature.,,,,/home/chentianyu/nanvix-rust-std-spec-survey/nanvix-rust-std-slice-vec-implproof-2026-08-12/proof_harnesses/013_core_slice_as_chunks_mut/harness.rs,118,119,"pub unsafe fn rust_1_96_split_at_mut_unchecked_raw_parts<'a, T>( slice: &'a mut [T], ptr: *mut T, mid: usize, len: usize, ) -> (ret: (&'a mut [T], &'a mut [T])) requires",140,"pub unsafe fn rust_1_96_split_at_mut_unchecked_raw_parts<'a, T>(
    slice: &'a mut [T],
    ptr: *mut T,
    mid: usize,
    len: usize,
) -> (ret: (&'a mut [T], &'a mut [T]))
    requires
        split_point_in_range(old(slice)@, mid),
        mid <= len,
        len == old(slice)@.len(),
        slice_start_mut_ptr(old(slice)@, ptr),
    ensures
        split_at_mut_unchecked_result(
            old(slice)@,
            mid,
            ret.0@,
            ret.1@,
            final(slice)@,
            final(ret.0)@,
            final(ret.1)@,
        ),
",8bac859c966be11e20b318e295780b243cc30384bfac202f248195dc113fc80e,TS-013-D002,memory-layout-or-provenance-transition,admissible-source-backed-lower-boundary,partial-or-lower-level,"The contract exposes an intermediate source split, not the enclosing target's complete return/final-state relation.",core/src/slice/mod.rs:1557-1559; proof_harnesses/086_core_slice_split_at_mut_unchecked/harness.rs,"{""attribute_line"":118,""contract_end_line"":140,""contract_text"":""pub unsafe fn rust_1_96_split_at_mut_unchecked_raw_parts<'a, T>(\n    slice: &'a mut [T],\n    ptr: *mut T,\n    mid: usize,\n    len: usize,\n) -> (ret: (&'a mut [T], &'a mut [T]))\n    requires\n        split_point_in_range(old(slice)@, mid),\n        mid <= len,\n        len == old(slice)@.len(),\n        slice_start_mut_ptr(old(slice)@, ptr),\n    ensures\n        split_at_mut_unchecked_result(\n            old(slice)@,\n            mid,\n            ret.0@,\n            ret.1@,\n            final(slice)@,\n            final(ret.0)@,\n            final(ret.1)@,\n        ),\n"",""declaration_line"":119,""signature"":""pub unsafe fn rust_1_96_split_at_mut_unchecked_raw_parts<'a, T>( slice: &'a mut [T], ptr: *mut T, mid: usize, len: usize, ) -> (ret: (&'a mut [T], &'a mut [T])) requires"",""symbol"":""rust_1_96_split_at_mut_unchecked_raw_parts""}",intermediate-subrange-split,slice-unknown-authority-v3
TS-013-E003,harness-external-body,core::slice::as_chunks_mut,13,3,verifier::external_body,as_chunks_unchecked_mut,active-explicit-trusted-body,Exact external-body site enumerated from the selected proof harness; semantics and source backing are supplied by linked dependency records and the retained harness signature.,,,,/home/chentianyu/nanvix-rust-std-spec-survey/nanvix-rust-std-slice-vec-implproof-2026-08-12/proof_harnesses/013_core_slice_as_chunks_mut/harness.rs,175,176,"pub unsafe fn as_chunks_unchecked_mut<'a, T, const N: usize>( slice: &'a mut [T], ) -> (ret: &'a mut [[T; N]]) requires",185,"pub unsafe fn as_chunks_unchecked_mut<'a, T, const N: usize>(
    slice: &'a mut [T],
) -> (ret: &'a mut [[T; N]])
    requires
        N != 0,
        old(slice)@.len() % (N as nat) == 0,
    ensures
        flatten_array_chunks::<T, N>(ret@) == old(slice)@,
        final(slice)@ == flatten_array_chunks::<T, N>(final(ret)@),
",1cff623a0213f2f4fe8f5860aa885d8eb7fb9c6a89502faa57e34d89e8fb73b1,TS-013-D003,range-or-borrow-transition,admissible-source-backed-lower-boundary,partial-or-lower-level,The helper operates on a derived sub-borrow or lower source callee; the caller must still construct the target result.,core/src/slice/mod.rs:1560-1561; proof_harnesses/015_core_slice_as_chunks_unchecked_mut/harness.rs,"{""attribute_line"":175,""contract_end_line"":185,""contract_text"":""pub unsafe fn as_chunks_unchecked_mut<'a, T, const N: usize>(\n    slice: &'a mut [T],\n) -> (ret: &'a mut [[T; N]])\n    requires\n        N != 0,\n        old(slice)@.len() % (N as nat) == 0,\n    ensures\n        flatten_array_chunks::<T, N>(ret@) == old(slice)@,\n        final(slice)@ == flatten_array_chunks::<T, N>(final(ret)@),\n"",""declaration_line"":176,""signature"":""pub unsafe fn as_chunks_unchecked_mut<'a, T, const N: usize>( slice: &'a mut [T], ) -> (ret: &'a mut [[T; N]]) requires"",""symbol"":""as_chunks_unchecked_mut""}",derived-borrow-source-callee,slice-unknown-authority-v3
TS-014-D001,dependency-manifest-record,core::slice::as_chunks_unchecked,14,1,shared_model_helper,array_value_view;flatten_array_chunks,audited_generated_contract_vocabulary_instantiated_in_harness,The generated contract's fixed-array chunk vocabulary is inlined as open spec definitions so Verus checks `flatten_array_chunks(ret@) == slice@` without assuming the target postcondition.,frozen_inputs/slice/specs/slice_shared_vocabulary.rs:921-944,,,/home/chentianyu/nanvix-rust-std-spec-survey/nanvix-rust-std-slice-vec-implproof-2026-08-12/proof_harnesses/014_core_slice_as_chunks_unchecked/harness.rs,,,,,,,,specification-vocabulary,context-only-specification-vocabulary,not-an-executable-boundary,"This record identifies target-local specification vocabulary. It is retained for binding, but is not admitted as an executable Boundary_T observation or transition.",frozen_inputs/slice/specs/slice_shared_vocabulary.rs:921-944,"{""kind"":""shared_model_helper"",""name"":""array_value_view;flatten_array_chunks"",""rationale"":""The generated contract's fixed-array chunk vocabulary is inlined as open spec definitions so Verus checks `flatten_array_chunks(ret@) == slice@` without assuming the target postcondition."",""source_lines"":""frozen_inputs/slice/specs/slice_shared_vocabulary.rs:921-944"",""status"":""audited_generated_contract_vocabulary_instantiated_in_harness""}",specification-vocabulary,slice-unknown-authority-v3
TS-014-D002,dependency-manifest-record,core::slice::as_chunks_unchecked,14,2,generated_target_dependency,core::slice::as_ptr,reviewed_dependency_reused_for_pointer_start_fact,"The Rust 1.96 body calls `self.as_ptr()` before `cast()`. The harness reuses the already reviewed as_ptr pointer-start pattern through a local executable wrapper that produces `slice_start_ptr(slice@, ptr)`.",core/src/slice/mod.rs:1348; proof_harnesses/021_core_slice_as_ptr/harness.rs,,,/home/chentianyu/nanvix-rust-std-spec-survey/nanvix-rust-std-slice-vec-implproof-2026-08-12/proof_harnesses/014_core_slice_as_chunks_unchecked/harness.rs,,,,,,,,memory-layout-or-provenance-transition,admissible-source-backed-support,partial-or-lower-level,"This exact frozen manifest record was audited as a named source dependency, callback, primitive, or local proof bridge. Its final disposition also incorporates every explicitly linked external site.",core/src/slice/mod.rs:1348; proof_harnesses/021_core_slice_as_ptr/harness.rs,"{""kind"":""generated_target_dependency"",""name"":""core::slice::as_ptr"",""rationale"":""The Rust 1.96 body calls `self.as_ptr()` before `cast()`. The harness reuses the already reviewed as_ptr pointer-start pattern through a local executable wrapper that produces `slice_start_ptr(slice@, ptr)`."",""source_lines"":""core/src/slice/mod.rs:1348; proof_harnesses/021_core_slice_as_ptr/harness.rs"",""status"":""reviewed_dependency_reused_for_pointer_start_fact""}",source-backed-support,slice-unknown-authority-v3
TS-014-D003,dependency-manifest-record,core::slice::as_chunks_unchecked,14,3,generated_target_dependency,core::slice::from_raw_parts,reviewed_dependency_pattern_reused_for_raw_parts_domain,"The Rust 1.96 body finishes with `from_raw_parts(self.as_ptr().cast(), new_len)`. The harness reuses the reviewed raw-parts domain shape and specializes the returned slice relation to array chunks.",core/src/slice/mod.rs:1348; proof_harnesses/048_core_slice_from_raw_parts/harness.rs,,,/home/chentianyu/nanvix-rust-std-spec-survey/nanvix-rust-std-slice-vec-implproof-2026-08-12/proof_harnesses/014_core_slice_as_chunks_unchecked/harness.rs,,,,,,,,memory-layout-or-provenance-transition,admissible-source-backed-support,partial-or-lower-level,"This exact frozen manifest record was audited as a named source dependency, callback, primitive, or local proof bridge. Its final disposition also incorporates every explicitly linked external site.",core/src/slice/mod.rs:1348; proof_harnesses/048_core_slice_from_raw_parts/harness.rs,"{""kind"":""generated_target_dependency"",""name"":""core::slice::from_raw_parts"",""rationale"":""The Rust 1.96 body finishes with `from_raw_parts(self.as_ptr().cast(), new_len)`. The harness reuses the reviewed raw-parts domain shape and specializes the returned slice relation to array chunks."",""source_lines"":""core/src/slice/mod.rs:1348; proof_harnesses/048_core_slice_from_raw_parts/harness.rs"",""status"":""reviewed_dependency_pattern_reused_for_raw_parts_domain""}",source-backed-support,slice-unknown-authority-v3
TS-014-D004,dependency-manifest-record,core::slice::as_chunks_unchecked,14,4,source_backed_ub_precondition_boundary,ub_checks::assert_unsafe_precondition,discharged_by_target_precondition,The generated precondition is exactly the Rust UB precondition `N != 0` and `len.is_multiple_of(N)`. The harness keeps the check as a local preconditioned executable call before the unsafe division and raw-parts construction.,core/src/slice/mod.rs:1339-1343,1af5889426d173ab1e019f11a75a4697ca2a0e9e0a280108402b7b5ca699ddc3,proof_harnesses/014_core_slice_as_chunks_unchecked/source_excerpt.rs,/home/chentianyu/nanvix-rust-std-spec-survey/nanvix-rust-std-slice-vec-implproof-2026-08-12/proof_harnesses/014_core_slice_as_chunks_unchecked/harness.rs,,,,,,,,panic-or-domain-transition,admissible-source-backed-support,partial-or-lower-level,"This exact frozen manifest record was audited as a named source dependency, callback, primitive, or local proof bridge. Its final disposition also incorporates every explicitly linked external site.",core/src/slice/mod.rs:1339-1343,"{""kind"":""source_backed_ub_precondition_boundary"",""name"":""ub_checks::assert_unsafe_precondition"",""rationale"":""The generated precondition is exactly the Rust UB precondition `N != 0` and `len.is_multiple_of(N)`. The harness keeps the check as a local preconditioned executable call before the unsafe division and raw-parts construction."",""source_excerpt_relpath"":""proof_harnesses/014_core_slice_as_chunks_unchecked/source_excerpt.rs"",""source_lines"":""core/src/slice/mod.rs:1339-1343"",""source_sha256"":""1af5889426d173ab1e019f11a75a4697ca2a0e9e0a280108402b7b5ca699ddc3"",""status"":""discharged_by_target_precondition""}",source-backed-support,slice-unknown-authority-v3
TS-014-D005,dependency-manifest-record,core::slice::as_chunks_unchecked,14,5,source_backed_raw_pointer_cast_boundary,rust_1_96_ptr_cast_array_chunks,minimal_trusted_boundary_for_source_backed_ptr_cast_to_array_chunks,Verus cannot prove Rust raw-pointer provenance for `self.as_ptr().cast()` directly. The boundary body is the source-backed `ptr.cast()` operation and only links the reviewed slice-start pointer plus `new_len * N == len` fact to the array-chunk pointer source and raw-domain facts.,core/src/slice/mod.rs:1348,1af5889426d173ab1e019f11a75a4697ca2a0e9e0a280108402b7b5ca699ddc3,proof_harnesses/014_core_slice_as_chunks_unchecked/source_excerpt.rs,/home/chentianyu/nanvix-rust-std-spec-survey/nanvix-rust-std-slice-vec-implproof-2026-08-12/proof_harnesses/014_core_slice_as_chunks_unchecked/harness.rs,,,,,,,,panic-or-domain-transition,admissible-source-backed-support,partial-or-lower-level,"This exact frozen manifest record was audited as a named source dependency, callback, primitive, or local proof bridge. Its final disposition also incorporates every explicitly linked external site.",core/src/slice/mod.rs:1348,"{""kind"":""source_backed_raw_pointer_cast_boundary"",""name"":""rust_1_96_ptr_cast_array_chunks"",""rationale"":""Verus cannot prove Rust raw-pointer provenance for `self.as_ptr().cast()` directly. The boundary body is the source-backed `ptr.cast()` operation and only links the reviewed slice-start pointer plus `new_len * N == len` fact to the array-chunk pointer source and raw-domain facts."",""source_excerpt_relpath"":""proof_harnesses/014_core_slice_as_chunks_unchecked/source_excerpt.rs"",""source_lines"":""core/src/slice/mod.rs:1348"",""source_sha256"":""1af5889426d173ab1e019f11a75a4697ca2a0e9e0a280108402b7b5ca699ddc3"",""status"":""minimal_trusted_boundary_for_source_backed_ptr_cast_to_array_chunks""}",source-backed-support,slice-unknown-authority-v3
TS-014-D006,dependency-manifest-record,core::slice::as_chunks_unchecked,14,6,source_backed_raw_parts_provenance_boundary,rust_1_96_from_raw_parts_array_chunks,minimal_trusted_boundary_for_source_backed_array_chunk_raw_parts,"The public target body calls a local `from_raw_parts` wrapper after the source-backed pointer cast. The only isolated operation is the raw slice construction over `[T; N]`, whose contract relates the returned chunk slice to the pointer source through `flatten_array_chunks`.",core/src/slice/mod.rs:1348; core/src/slice/raw.rs:124-141,1af5889426d173ab1e019f11a75a4697ca2a0e9e0a280108402b7b5ca699ddc3,proof_harnesses/014_core_slice_as_chunks_unchecked/source_excerpt.rs,/home/chentianyu/nanvix-rust-std-spec-survey/nanvix-rust-std-slice-vec-implproof-2026-08-12/proof_harnesses/014_core_slice_as_chunks_unchecked/harness.rs,,,,,,,,panic-or-domain-transition,admissible-source-backed-support,partial-or-lower-level,"This exact frozen manifest record was audited as a named source dependency, callback, primitive, or local proof bridge. Its final disposition also incorporates every explicitly linked external site.",core/src/slice/mod.rs:1348; core/src/slice/raw.rs:124-141,"{""kind"":""source_backed_raw_parts_provenance_boundary"",""name"":""rust_1_96_from_raw_parts_array_chunks"",""rationale"":""The public target body calls a local `from_raw_parts` wrapper after the source-backed pointer cast. The only isolated operation is the raw slice construction over `[T; N]`, whose contract relates the returned chunk slice to the pointer source through `flatten_array_chunks`."",""source_excerpt_relpath"":""proof_harnesses/014_core_slice_as_chunks_unchecked/source_excerpt.rs"",""source_lines"":""core/src/slice/mod.rs:1348; core/src/slice/raw.rs:124-141"",""source_sha256"":""1af5889426d173ab1e019f11a75a4697ca2a0e9e0a280108402b7b5ca699ddc3"",""status"":""minimal_trusted_boundary_for_source_backed_array_chunk_raw_parts""}",source-backed-support,slice-unknown-authority-v3
TS-014-C001,private-helper-callee,core::slice::as_chunks_unchecked,14,1,private_helper_callee_closure,len,source-indexed,Source-indexed private/public callee closure retained by the implementation-proof dependency manifest.,core/src/slice/iter/macros.rs:142-144,48328fef24b9a414c7599eb67374e2d10f3c26ce8316557ce897b9c9e5203fc1,frozen_inputs/slice/rust-core-slice/iter/macros.rs,/home/chentianyu/nanvix-rust-std-spec-survey/nanvix-rust-std-slice-vec-implproof-2026-08-12/proof_harnesses/014_core_slice_as_chunks_unchecked/harness.rs,,,,,,,,source-callee-provenance,context-only-source-closure,not-an-executable-boundary,This record closes the source call graph for provenance. It does not itself add an assumed transition or observation.,core/src/slice/iter/macros.rs:142-144,"{""body_end_line"":144,""frozen_relpath"":""frozen_inputs/slice/rust-core-slice/iter/macros.rs"",""item_sha256"":""48328fef24b9a414c7599eb67374e2d10f3c26ce8316557ce897b9c9e5203fc1"",""name"":""len"",""public"":false,""signature_start_line"":142,""source_reference_path"":""core/src/slice/iter/macros.rs""}",source-closure-provenance,slice-unknown-authority-v3
TS-014-C002,private-helper-callee,core::slice::as_chunks_unchecked,14,2,private_helper_callee_closure,len,source-indexed,Source-indexed private/public callee closure retained by the implementation-proof dependency manifest.,core/src/slice/sort/stable/drift.rs:295-297,39713253c1089e4b037e302f5b7358f257f51d24290f54f0efc0dc25d78323fc,frozen_inputs/slice/rust-core-slice/sort/stable/drift.rs,/home/chentianyu/nanvix-rust-std-spec-survey/nanvix-rust-std-slice-vec-implproof-2026-08-12/proof_harnesses/014_core_slice_as_chunks_unchecked/harness.rs,,,,,,,,source-callee-provenance,context-only-source-closure,not-an-executable-boundary,This record closes the source call graph for provenance. It does not itself add an assumed transition or observation.,core/src/slice/sort/stable/drift.rs:295-297,"{""body_end_line"":297,""frozen_relpath"":""frozen_inputs/slice/rust-core-slice/sort/stable/drift.rs"",""item_sha256"":""39713253c1089e4b037e302f5b7358f257f51d24290f54f0efc0dc25d78323fc"",""name"":""len"",""public"":false,""signature_start_line"":295,""source_reference_path"":""core/src/slice/sort/stable/drift.rs""}",source-closure-provenance,slice-unknown-authority-v3
TS-014-C003,private-helper-callee,core::slice::as_chunks_unchecked,14,3,private_helper_callee_closure,len,source-indexed,Source-indexed private/public callee closure retained by the implementation-proof dependency manifest.,alloc/src/vec/in_place_drop.rs:15-17,abc18bdf2169eed2a02867127488f3df813795a68b96b8e832725dab3e82adb9,frozen_inputs/vec/rust-alloc-vec/vec/in_place_drop.rs,/home/chentianyu/nanvix-rust-std-spec-survey/nanvix-rust-std-slice-vec-implproof-2026-08-12/proof_harnesses/014_core_slice_as_chunks_unchecked/harness.rs,,,,,,,,source-callee-provenance,context-only-source-closure,not-an-executable-boundary,This record closes the source call graph for provenance. It does not itself add an assumed transition or observation.,alloc/src/vec/in_place_drop.rs:15-17,"{""body_end_line"":17,""frozen_relpath"":""frozen_inputs/vec/rust-alloc-vec/vec/in_place_drop.rs"",""item_sha256"":""abc18bdf2169eed2a02867127488f3df813795a68b96b8e832725dab3e82adb9"",""name"":""len"",""public"":false,""signature_start_line"":15,""source_reference_path"":""alloc/src/vec/in_place_drop.rs""}",source-closure-provenance,slice-unknown-authority-v3
TS-014-E001,harness-external-body,core::slice::as_chunks_unchecked,14,1,verifier::external_body,rust_1_96_ptr_cast_array_chunks,active-explicit-trusted-body,Exact external-body site enumerated from the selected proof harness; semantics and source backing are supplied by linked dependency records and the retained harness signature.,,,,/home/chentianyu/nanvix-rust-std-spec-survey/nanvix-rust-std-slice-vec-implproof-2026-08-12/proof_harnesses/014_core_slice_as_chunks_unchecked/harness.rs,136,137,"pub fn rust_1_96_ptr_cast_array_chunks<T, const N: usize>( slice: &[T], ptr: *const T, new_len: usize, ) -> (array_ptr: *const [T; N]) requires",153,"pub fn rust_1_96_ptr_cast_array_chunks<T, const N: usize>(
    slice: &[T],
    ptr: *const T,
    new_len: usize,
) -> (array_ptr: *const [T; N])
    requires
        N != 0,
        slice_start_ptr(slice@, ptr),
        (new_len as nat) * (N as nat) == slice@.len(),
    ensures
        array_chunk_source::<T, N>(array_ptr, new_len) == slice@,
        slice_raw_domain_valid_for(
            slice_raw_domain(array_ptr, new_len, SliceRawMutability::Immutable),
            new_len,
            SliceRawMutability::Immutable,
        ),
",554659b1b7d330aa64e0a8c147d345cbb52fd73daf361358aa684223a410ce7e,TS-014-D005,memory-layout-or-provenance-transition,admissible-source-backed-lower-boundary,partial-or-lower-level,"The contract isolates a pointer cast/copy, layout, address, or provenance transition and does not state the enclosing target answer.",core/src/slice/mod.rs:1348,"{""attribute_line"":136,""contract_end_line"":153,""contract_text"":""pub fn rust_1_96_ptr_cast_array_chunks<T, const N: usize>(\n    slice: &[T],\n    ptr: *const T,\n    new_len: usize,\n) -> (array_ptr: *const [T; N])\n    requires\n        N != 0,\n        slice_start_ptr(slice@, ptr),\n        (new_len as nat) * (N as nat) == slice@.len(),\n    ensures\n        array_chunk_source::<T, N>(array_ptr, new_len) == slice@,\n        slice_raw_domain_valid_for(\n            slice_raw_domain(array_ptr, new_len, SliceRawMutability::Immutable),\n            new_len,\n            SliceRawMutability::Immutable,\n        ),\n"",""declaration_line"":137,""signature"":""pub fn rust_1_96_ptr_cast_array_chunks<T, const N: usize>( slice: &[T], ptr: *const T, new_len: usize, ) -> (array_ptr: *const [T; N]) requires"",""symbol"":""rust_1_96_ptr_cast_array_chunks""}",pointer-layout-provenance-transition,slice-unknown-authority-v3
TS-014-E002,harness-external-body,core::slice::as_chunks_unchecked,14,2,verifier::external_body,rust_1_96_from_raw_parts_array_chunks,active-explicit-trusted-body,Exact external-body site enumerated from the selected proof harness; semantics and source backing are supplied by linked dependency records and the retained harness signature.,,,,/home/chentianyu/nanvix-rust-std-spec-survey/nanvix-rust-std-slice-vec-implproof-2026-08-12/proof_harnesses/014_core_slice_as_chunks_unchecked/harness.rs,157,158,"pub unsafe fn rust_1_96_from_raw_parts_array_chunks<'a, T, const N: usize>( data: *const [T; N], len: usize, ) -> (ret: &'a [[T; N]]) requires",171,"pub unsafe fn rust_1_96_from_raw_parts_array_chunks<'a, T, const N: usize>(
    data: *const [T; N],
    len: usize,
) -> (ret: &'a [[T; N]])
    requires
        slice_raw_domain_valid_for(
            slice_raw_domain(data, len, SliceRawMutability::Immutable),
            len,
            SliceRawMutability::Immutable,
        ),
    ensures
        ret@.len() == len,
        flatten_array_chunks::<T, N>(ret@) == array_chunk_source::<T, N>(data, len),
",890a92c01ac8406b906a7ef59040277cdafbc7a231f834b23762302dce81afca,TS-014-D006,memory-layout-or-provenance-transition,admissible-source-backed-lower-boundary,partial-or-lower-level,"The contract isolates a pointer cast/copy, layout, address, or provenance transition and does not state the enclosing target answer.",core/src/slice/mod.rs:1348; core/src/slice/raw.rs:124-141,"{""attribute_line"":157,""contract_end_line"":171,""contract_text"":""pub unsafe fn rust_1_96_from_raw_parts_array_chunks<'a, T, const N: usize>(\n    data: *const [T; N],\n    len: usize,\n) -> (ret: &'a [[T; N]])\n    requires\n        slice_raw_domain_valid_for(\n            slice_raw_domain(data, len, SliceRawMutability::Immutable),\n            len,\n            SliceRawMutability::Immutable,\n        ),\n    ensures\n        ret@.len() == len,\n        flatten_array_chunks::<T, N>(ret@) == array_chunk_source::<T, N>(data, len),\n"",""declaration_line"":158,""signature"":""pub unsafe fn rust_1_96_from_raw_parts_array_chunks<'a, T, const N: usize>( data: *const [T; N], len: usize, ) -> (ret: &'a [[T; N]]) requires"",""symbol"":""rust_1_96_from_raw_parts_array_chunks""}",pointer-layout-provenance-transition,slice-unknown-authority-v3
TS-015-D001,dependency-manifest-record,core::slice::as_chunks_unchecked_mut,15,1,shared_model_helper,array_value_view;flatten_array_chunks;SliceRawDomain;SliceRawMutability;slice_raw_mut_domain;slice_raw_domain_valid;slice_raw_domain_valid_for;slice_start_mut_ptr,audited_generated_contract_vocabulary_instantiated_in_harness,The generated mutable chunk and raw-domain vocabulary is instantiated locally so Verus checks the old-view and final-frame contract without assuming the target postcondition.,frozen_inputs/slice/specs/slice_shared_vocabulary.rs:921-1040,,,/home/chentianyu/nanvix-rust-std-spec-survey/nanvix-rust-std-slice-vec-implproof-2026-08-12/proof_harnesses/015_core_slice_as_chunks_unchecked_mut/harness.rs,,,,,,,,specification-vocabulary,context-only-specification-vocabulary,not-an-executable-boundary,"This record identifies target-local specification vocabulary. It is retained for binding, but is not admitted as an executable Boundary_T observation or transition.",frozen_inputs/slice/specs/slice_shared_vocabulary.rs:921-1040,"{""kind"":""shared_model_helper"",""name"":""array_value_view;flatten_array_chunks;SliceRawDomain;SliceRawMutability;slice_raw_mut_domain;slice_raw_domain_valid;slice_raw_domain_valid_for;slice_start_mut_ptr"",""rationale"":""The generated mutable chunk and raw-domain vocabulary is instantiated locally so Verus checks the old-view and final-frame contract without assuming the target postcondition."",""source_lines"":""frozen_inputs/slice/specs/slice_shared_vocabulary.rs:921-1040"",""status"":""audited_generated_contract_vocabulary_instantiated_in_harness""}",specification-vocabulary,slice-unknown-authority-v3
TS-015-D002,dependency-manifest-record,core::slice::as_chunks_unchecked_mut,15,2,generated_target_dependency,core::slice::as_mut_ptr,reviewed_dependency_reused_for_mutable_pointer_start_fact,"The Rust 1.96 body calls `self.as_mut_ptr()` before `cast()`. The harness reuses the reviewed mutable start-pointer pattern through a local executable wrapper that preserves the mutable-slice frame and produces `slice_start_mut_ptr(old(slice)@, ptr)`.",core/src/slice/mod.rs:1508; proof_harnesses/019_core_slice_as_mut_ptr/harness.rs,,,/home/chentianyu/nanvix-rust-std-spec-survey/nanvix-rust-std-slice-vec-implproof-2026-08-12/proof_harnesses/015_core_slice_as_chunks_unchecked_mut/harness.rs,,,,,,,,memory-layout-or-provenance-transition,admissible-source-backed-support,partial-or-lower-level,"This exact frozen manifest record was audited as a named source dependency, callback, primitive, or local proof bridge. Its final disposition also incorporates every explicitly linked external site.",core/src/slice/mod.rs:1508; proof_harnesses/019_core_slice_as_mut_ptr/harness.rs,"{""kind"":""generated_target_dependency"",""name"":""core::slice::as_mut_ptr"",""rationale"":""The Rust 1.96 body calls `self.as_mut_ptr()` before `cast()`. The harness reuses the reviewed mutable start-pointer pattern through a local executable wrapper that preserves the mutable-slice frame and produces `slice_start_mut_ptr(old(slice)@, ptr)`."",""source_lines"":""core/src/slice/mod.rs:1508; proof_harnesses/019_core_slice_as_mut_ptr/harness.rs"",""status"":""reviewed_dependency_reused_for_mutable_pointer_start_fact""}",source-backed-support,slice-unknown-authority-v3
TS-015-D003,dependency-manifest-record,core::slice::as_chunks_unchecked_mut,15,3,generated_target_dependency,core::slice::from_raw_parts_mut,reviewed_dependency_pattern_reused_for_mutable_raw_parts_domain,"The Rust 1.96 body finishes with `from_raw_parts_mut(self.as_mut_ptr().cast(), new_len)`. The harness reuses the reviewed mutable raw-parts domain shape and specializes the returned slice relation to mutable array chunks plus the final-frame bridge required by the generated contract.",core/src/slice/mod.rs:1508; proof_harnesses/049_core_slice_from_raw_parts_mut/harness.rs,,,/home/chentianyu/nanvix-rust-std-spec-survey/nanvix-rust-std-slice-vec-implproof-2026-08-12/proof_harnesses/015_core_slice_as_chunks_unchecked_mut/harness.rs,,,,,,,,memory-layout-or-provenance-transition,admissible-source-backed-support,partial-or-lower-level,"This exact frozen manifest record was audited as a named source dependency, callback, primitive, or local proof bridge. Its final disposition also incorporates every explicitly linked external site.",core/src/slice/mod.rs:1508; proof_harnesses/049_core_slice_from_raw_parts_mut/harness.rs,"{""kind"":""generated_target_dependency"",""name"":""core::slice::from_raw_parts_mut"",""rationale"":""The Rust 1.96 body finishes with `from_raw_parts_mut(self.as_mut_ptr().cast(), new_len)`. The harness reuses the reviewed mutable raw-parts domain shape and specializes the returned slice relation to mutable array chunks plus the final-frame bridge required by the generated contract."",""source_lines"":""core/src/slice/mod.rs:1508; proof_harnesses/049_core_slice_from_raw_parts_mut/harness.rs"",""status"":""reviewed_dependency_pattern_reused_for_mutable_raw_parts_domain""}",source-backed-support,slice-unknown-authority-v3
TS-015-D004,dependency-manifest-record,core::slice::as_chunks_unchecked_mut,15,4,source_backed_ub_precondition_boundary,ub_checks::assert_unsafe_precondition,discharged_by_target_precondition,The generated precondition is exactly the Rust UB precondition `N != 0` and `len.is_multiple_of(N)`. The harness keeps the check as a local preconditioned executable call before the unsafe division and raw-parts construction.,core/src/slice/mod.rs:1499-1503,010fedd7bf7435cf32f970fa8b916ebc3c94e0d0770c06b6c4361ce21c5ba4e4,proof_harnesses/015_core_slice_as_chunks_unchecked_mut/source_excerpt.rs,/home/chentianyu/nanvix-rust-std-spec-survey/nanvix-rust-std-slice-vec-implproof-2026-08-12/proof_harnesses/015_core_slice_as_chunks_unchecked_mut/harness.rs,,,,,,,,panic-or-domain-transition,admissible-source-backed-support,partial-or-lower-level,"This exact frozen manifest record was audited as a named source dependency, callback, primitive, or local proof bridge. Its final disposition also incorporates every explicitly linked external site.",core/src/slice/mod.rs:1499-1503,"{""kind"":""source_backed_ub_precondition_boundary"",""name"":""ub_checks::assert_unsafe_precondition"",""rationale"":""The generated precondition is exactly the Rust UB precondition `N != 0` and `len.is_multiple_of(N)`. The harness keeps the check as a local preconditioned executable call before the unsafe division and raw-parts construction."",""source_excerpt_relpath"":""proof_harnesses/015_core_slice_as_chunks_unchecked_mut/source_excerpt.rs"",""source_lines"":""core/src/slice/mod.rs:1499-1503"",""source_sha256"":""010fedd7bf7435cf32f970fa8b916ebc3c94e0d0770c06b6c4361ce21c5ba4e4"",""status"":""discharged_by_target_precondition""}",source-backed-support,slice-unknown-authority-v3
TS-015-D005,dependency-manifest-record,core::slice::as_chunks_unchecked_mut,15,5,source_backed_mutable_raw_pointer_cast_boundary,rust_1_96_mut_ptr_cast_array_chunks,minimal_trusted_boundary_for_source_backed_mut_ptr_cast_to_array_chunks,Verus cannot prove Rust mutable raw-pointer provenance for `self.as_mut_ptr().cast()` directly. The boundary body is the source-backed `ptr.cast()` operation and only links the reviewed mutable slice-start pointer plus `new_len * N == len` fact to the mutable array-chunk pointer source and raw-domain facts.,core/src/slice/mod.rs:1508,010fedd7bf7435cf32f970fa8b916ebc3c94e0d0770c06b6c4361ce21c5ba4e4,proof_harnesses/015_core_slice_as_chunks_unchecked_mut/source_excerpt.rs,/home/chentianyu/nanvix-rust-std-spec-survey/nanvix-rust-std-slice-vec-implproof-2026-08-12/proof_harnesses/015_core_slice_as_chunks_unchecked_mut/harness.rs,,,,,,,,panic-or-domain-transition,admissible-source-backed-support,partial-or-lower-level,"This exact frozen manifest record was audited as a named source dependency, callback, primitive, or local proof bridge. Its final disposition also incorporates every explicitly linked external site.",core/src/slice/mod.rs:1508,"{""kind"":""source_backed_mutable_raw_pointer_cast_boundary"",""name"":""rust_1_96_mut_ptr_cast_array_chunks"",""rationale"":""Verus cannot prove Rust mutable raw-pointer provenance for `self.as_mut_ptr().cast()` directly. The boundary body is the source-backed `ptr.cast()` operation and only links the reviewed mutable slice-start pointer plus `new_len * N == len` fact to the mutable array-chunk pointer source and raw-domain facts."",""source_excerpt_relpath"":""proof_harnesses/015_core_slice_as_chunks_unchecked_mut/source_excerpt.rs"",""source_lines"":""core/src/slice/mod.rs:1508"",""source_sha256"":""010fedd7bf7435cf32f970fa8b916ebc3c94e0d0770c06b6c4361ce21c5ba4e4"",""status"":""minimal_trusted_boundary_for_source_backed_mut_ptr_cast_to_array_chunks""}",source-backed-support,slice-unknown-authority-v3
TS-015-D006,dependency-manifest-record,core::slice::as_chunks_unchecked_mut,15,6,source_backed_mutable_raw_parts_final_frame_boundary,rust_1_96_from_raw_parts_mut_array_chunks,minimal_trusted_boundary_for_source_backed_mutable_array_chunk_raw_parts_and_final_frame,"The public target body calls a local `from_raw_parts_mut` wrapper after the source-backed mutable pointer cast. The only isolated operation is the mutable raw slice construction over `[T; N]`, whose contract relates the returned chunk slice to the pointer source and connects `final(slice)@` to `flatten_array_chunks(final(ret)@)`.",core/src/slice/mod.rs:1508; core/src/slice/raw.rs:179-196,010fedd7bf7435cf32f970fa8b916ebc3c94e0d0770c06b6c4361ce21c5ba4e4,proof_harnesses/015_core_slice_as_chunks_unchecked_mut/source_excerpt.rs,/home/chentianyu/nanvix-rust-std-spec-survey/nanvix-rust-std-slice-vec-implproof-2026-08-12/proof_harnesses/015_core_slice_as_chunks_unchecked_mut/harness.rs,,,,,,,,panic-or-domain-transition,inadmissible-answer-bearing-support,complete-or-answer-equivalent,"Every linked executable site is explicitly audited as a complete target/branch postcondition, answer-equivalent result, or opaque whole algorithm. Source citation does not make it admissible.",core/src/slice/mod.rs:1508; core/src/slice/raw.rs:179-196,"{""kind"":""source_backed_mutable_raw_parts_final_frame_boundary"",""name"":""rust_1_96_from_raw_parts_mut_array_chunks"",""rationale"":""The public target body calls a local `from_raw_parts_mut` wrapper after the source-backed mutable pointer cast. The only isolated operation is the mutable raw slice construction over `[T; N]`, whose contract relates the returned chunk slice to the pointer source and connects `final(slice)@` to `flatten_array_chunks(final(ret)@)`."",""source_excerpt_relpath"":""proof_harnesses/015_core_slice_as_chunks_unchecked_mut/source_excerpt.rs"",""source_lines"":""core/src/slice/mod.rs:1508; core/src/slice/raw.rs:179-196"",""source_sha256"":""010fedd7bf7435cf32f970fa8b916ebc3c94e0d0770c06b6c4361ce21c5ba4e4"",""status"":""minimal_trusted_boundary_for_source_backed_mutable_array_chunk_raw_parts_and_final_frame""}",source-backed-support,slice-unknown-authority-v3
TS-015-C001,private-helper-callee,core::slice::as_chunks_unchecked_mut,15,1,private_helper_callee_closure,len,source-indexed,Source-indexed private/public callee closure retained by the implementation-proof dependency manifest.,core/src/slice/iter/macros.rs:142-144,48328fef24b9a414c7599eb67374e2d10f3c26ce8316557ce897b9c9e5203fc1,frozen_inputs/slice/rust-core-slice/iter/macros.rs,/home/chentianyu/nanvix-rust-std-spec-survey/nanvix-rust-std-slice-vec-implproof-2026-08-12/proof_harnesses/015_core_slice_as_chunks_unchecked_mut/harness.rs,,,,,,,,source-callee-provenance,context-only-source-closure,not-an-executable-boundary,This record closes the source call graph for provenance. It does not itself add an assumed transition or observation.,core/src/slice/iter/macros.rs:142-144,"{""body_end_line"":144,""frozen_relpath"":""frozen_inputs/slice/rust-core-slice/iter/macros.rs"",""item_sha256"":""48328fef24b9a414c7599eb67374e2d10f3c26ce8316557ce897b9c9e5203fc1"",""name"":""len"",""public"":false,""signature_start_line"":142,""source_reference_path"":""core/src/slice/iter/macros.rs""}",source-closure-provenance,slice-unknown-authority-v3
TS-015-C002,private-helper-callee,core::slice::as_chunks_unchecked_mut,15,2,private_helper_callee_closure,len,source-indexed,Source-indexed private/public callee closure retained by the implementation-proof dependency manifest.,core/src/slice/sort/stable/drift.rs:295-297,39713253c1089e4b037e302f5b7358f257f51d24290f54f0efc0dc25d78323fc,frozen_inputs/slice/rust-core-slice/sort/stable/drift.rs,/home/chentianyu/nanvix-rust-std-spec-survey/nanvix-rust-std-slice-vec-implproof-2026-08-12/proof_harnesses/015_core_slice_as_chunks_unchecked_mut/harness.rs,,,,,,,,source-callee-provenance,context-only-source-closure,not-an-executable-boundary,This record closes the source call graph for provenance. It does not itself add an assumed transition or observation.,core/src/slice/sort/stable/drift.rs:295-297,"{""body_end_line"":297,""frozen_relpath"":""frozen_inputs/slice/rust-core-slice/sort/stable/drift.rs"",""item_sha256"":""39713253c1089e4b037e302f5b7358f257f51d24290f54f0efc0dc25d78323fc"",""name"":""len"",""public"":false,""signature_start_line"":295,""source_reference_path"":""core/src/slice/sort/stable/drift.rs""}",source-closure-provenance,slice-unknown-authority-v3
TS-015-C003,private-helper-callee,core::slice::as_chunks_unchecked_mut,15,3,private_helper_callee_closure,len,source-indexed,Source-indexed private/public callee closure retained by the implementation-proof dependency manifest.,alloc/src/vec/in_place_drop.rs:15-17,abc18bdf2169eed2a02867127488f3df813795a68b96b8e832725dab3e82adb9,frozen_inputs/vec/rust-alloc-vec/vec/in_place_drop.rs,/home/chentianyu/nanvix-rust-std-spec-survey/nanvix-rust-std-slice-vec-implproof-2026-08-12/proof_harnesses/015_core_slice_as_chunks_unchecked_mut/harness.rs,,,,,,,,source-callee-provenance,context-only-source-closure,not-an-executable-boundary,This record closes the source call graph for provenance. It does not itself add an assumed transition or observation.,alloc/src/vec/in_place_drop.rs:15-17,"{""body_end_line"":17,""frozen_relpath"":""frozen_inputs/vec/rust-alloc-vec/vec/in_place_drop.rs"",""item_sha256"":""abc18bdf2169eed2a02867127488f3df813795a68b96b8e832725dab3e82adb9"",""name"":""len"",""public"":false,""signature_start_line"":15,""source_reference_path"":""alloc/src/vec/in_place_drop.rs""}",source-closure-provenance,slice-unknown-authority-v3
TS-015-E001,harness-external-body,core::slice::as_chunks_unchecked_mut,15,1,verifier::external_body,rust_1_96_mut_ptr_cast_array_chunks,active-explicit-trusted-body,Exact external-body site enumerated from the selected proof harness; semantics and source backing are supplied by linked dependency records and the retained harness signature.,,,,/home/chentianyu/nanvix-rust-std-spec-survey/nanvix-rust-std-slice-vec-implproof-2026-08-12/proof_harnesses/015_core_slice_as_chunks_unchecked_mut/harness.rs,138,139,"pub fn rust_1_96_mut_ptr_cast_array_chunks<T, const N: usize>( slice: &mut [T], ptr: *mut T, new_len: usize, ) -> (array_ptr: *mut [T; N]) requires",156,"pub fn rust_1_96_mut_ptr_cast_array_chunks<T, const N: usize>(
    slice: &mut [T],
    ptr: *mut T,
    new_len: usize,
) -> (array_ptr: *mut [T; N])
    requires
        N != 0,
        slice_start_mut_ptr(old(slice)@, ptr),
        (new_len as nat) * (N as nat) == old(slice)@.len(),
    ensures
        array_chunk_mut_source::<T, N>(array_ptr, new_len) == old(slice)@,
        slice_raw_domain_valid_for(
            slice_raw_mut_domain(array_ptr, new_len, SliceRawMutability::Mutable),
            new_len,
            SliceRawMutability::Mutable,
        ),
        final(slice)@ == old(slice)@,
",d40e30200e6319dfb5c186d543cd081217815f45e43891e180cbcb4beb8b81c6,TS-015-D005,memory-layout-or-provenance-transition,admissible-source-backed-lower-boundary,partial-or-lower-level,"The contract isolates a pointer cast/copy, layout, address, or provenance transition and does not state the enclosing target answer.",core/src/slice/mod.rs:1508,"{""attribute_line"":138,""contract_end_line"":156,""contract_text"":""pub fn rust_1_96_mut_ptr_cast_array_chunks<T, const N: usize>(\n    slice: &mut [T],\n    ptr: *mut T,\n    new_len: usize,\n) -> (array_ptr: *mut [T; N])\n    requires\n        N != 0,\n        slice_start_mut_ptr(old(slice)@, ptr),\n        (new_len as nat) * (N as nat) == old(slice)@.len(),\n    ensures\n        array_chunk_mut_source::<T, N>(array_ptr, new_len) == old(slice)@,\n        slice_raw_domain_valid_for(\n            slice_raw_mut_domain(array_ptr, new_len, SliceRawMutability::Mutable),\n            new_len,\n            SliceRawMutability::Mutable,\n        ),\n        final(slice)@ == old(slice)@,\n"",""declaration_line"":139,""signature"":""pub fn rust_1_96_mut_ptr_cast_array_chunks<T, const N: usize>( slice: &mut [T], ptr: *mut T, new_len: usize, ) -> (array_ptr: *mut [T; N]) requires"",""symbol"":""rust_1_96_mut_ptr_cast_array_chunks""}",pointer-layout-provenance-transition,slice-unknown-authority-v3
TS-015-E002,harness-external-body,core::slice::as_chunks_unchecked_mut,15,2,verifier::external_body,rust_1_96_from_raw_parts_mut_array_chunks,active-explicit-trusted-body,Exact external-body site enumerated from the selected proof harness; semantics and source backing are supplied by linked dependency records and the retained harness signature.,,,,/home/chentianyu/nanvix-rust-std-spec-survey/nanvix-rust-std-slice-vec-implproof-2026-08-12/proof_harnesses/015_core_slice_as_chunks_unchecked_mut/harness.rs,160,161,"pub unsafe fn rust_1_96_from_raw_parts_mut_array_chunks<'a, T, const N: usize>( slice: &'a mut [T], data: *mut [T; N], len: usize, ) -> (ret: &'a mut [[T; N]]) requires",177,"pub unsafe fn rust_1_96_from_raw_parts_mut_array_chunks<'a, T, const N: usize>(
    slice: &'a mut [T],
    data: *mut [T; N],
    len: usize,
) -> (ret: &'a mut [[T; N]])
    requires
        slice_raw_domain_valid_for(
            slice_raw_mut_domain(data, len, SliceRawMutability::Mutable),
            len,
            SliceRawMutability::Mutable,
        ),
        array_chunk_mut_source::<T, N>(data, len) == old(slice)@,
    ensures
        ret@.len() == len,
        flatten_array_chunks::<T, N>(ret@) == old(slice)@,
        final(slice)@ == flatten_array_chunks::<T, N>(final(ret)@),
",5bef5fcf247d4ff3ee05d94e17b4ed79495d69947f66abcefc0fcd76d2e19fa0,TS-015-D006,memory-layout-or-provenance-transition,inadmissible-complete-target-postcondition,complete-target,The retained contract states the target's complete principal return and/or final-state postcondition. Source backing cannot make a whole target answer an admissible Boundary_T observation.,core/src/slice/mod.rs:1508; core/src/slice/raw.rs:179-196,"{""attribute_line"":160,""contract_end_line"":177,""contract_text"":""pub unsafe fn rust_1_96_from_raw_parts_mut_array_chunks<'a, T, const N: usize>(\n    slice: &'a mut [T],\n    data: *mut [T; N],\n    len: usize,\n) -> (ret: &'a mut [[T; N]])\n    requires\n        slice_raw_domain_valid_for(\n            slice_raw_mut_domain(data, len, SliceRawMutability::Mutable),\n            len,\n            SliceRawMutability::Mutable,\n        ),\n        array_chunk_mut_source::<T, N>(data, len) == old(slice)@,\n    ensures\n        ret@.len() == len,\n        flatten_array_chunks::<T, N>(ret@) == old(slice)@,\n        final(slice)@ == flatten_array_chunks::<T, N>(final(ret)@),\n"",""declaration_line"":161,""signature"":""pub unsafe fn rust_1_96_from_raw_parts_mut_array_chunks<'a, T, const N: usize>( slice: &'a mut [T], data: *mut [T; N], len: usize, ) -> (ret: &'a mut [[T; N]]) requires"",""symbol"":""rust_1_96_from_raw_parts_mut_array_chunks""}",complete-target-postcondition,slice-unknown-authority-v3
TS-017-D001,dependency-manifest-record,core::slice::as_flattened_mut,17,1,shared_model_helper,array_value_view;flatten_array_chunks,audited_generated_contract_vocabulary_instantiated_in_harness,The generated fixed-array flattening vocabulary is inlined as open spec definitions so Verus checks the old-view and final-frame clauses without assuming the target postcondition.,frozen_inputs/slice/specs/slice_shared_vocabulary.rs:921-944,,,/home/chentianyu/nanvix-rust-std-spec-survey/nanvix-rust-std-slice-vec-implproof-2026-08-12/proof_harnesses/017_core_slice_as_flattened_mut/harness.rs,,,,,,,,specification-vocabulary,context-only-specification-vocabulary,not-an-executable-boundary,"This record identifies target-local specification vocabulary. It is retained for binding, but is not admitted as an executable Boundary_T observation or transition.",frozen_inputs/slice/specs/slice_shared_vocabulary.rs:921-944,"{""kind"":""shared_model_helper"",""name"":""array_value_view;flatten_array_chunks"",""rationale"":""The generated fixed-array flattening vocabulary is inlined as open spec definitions so Verus checks the old-view and final-frame clauses without assuming the target postcondition."",""source_lines"":""frozen_inputs/slice/specs/slice_shared_vocabulary.rs:921-944"",""status"":""audited_generated_contract_vocabulary_instantiated_in_harness""}",specification-vocabulary,slice-unknown-authority-v3
TS-017-D002,dependency-manifest-record,core::slice::as_flattened_mut,17,2,generated_target_dependency,core::slice::as_mut_ptr,reviewed_dependency_reused_for_mut_pointer_start_fact,"The Rust 1.96 body calls `self.as_mut_ptr()` before `cast()`. The harness reuses the reviewed mutable as_mut_ptr pointer-start/final-frame pattern through a local executable wrapper producing `slice_start_mut_ptr(old(slice)@, ptr)` and preserving the source slice view until the raw-parts reconstruction.",core/src/slice/mod.rs:5487-5497; proof_harnesses/019_core_slice_as_mut_ptr/harness.rs,,,/home/chentianyu/nanvix-rust-std-spec-survey/nanvix-rust-std-slice-vec-implproof-2026-08-12/proof_harnesses/017_core_slice_as_flattened_mut/harness.rs,,,,,,,,memory-layout-or-provenance-transition,admissible-source-backed-support,partial-or-lower-level,"This exact frozen manifest record was audited as a named source dependency, callback, primitive, or local proof bridge. Its final disposition also incorporates every explicitly linked external site.",core/src/slice/mod.rs:5487-5497; proof_harnesses/019_core_slice_as_mut_ptr/harness.rs,"{""kind"":""generated_target_dependency"",""name"":""core::slice::as_mut_ptr"",""rationale"":""The Rust 1.96 body calls `self.as_mut_ptr()` before `cast()`. The harness reuses the reviewed mutable as_mut_ptr pointer-start/final-frame pattern through a local executable wrapper producing `slice_start_mut_ptr(old(slice)@, ptr)` and preserving the source slice view until the raw-parts reconstruction."",""source_lines"":""core/src/slice/mod.rs:5487-5497; proof_harnesses/019_core_slice_as_mut_ptr/harness.rs"",""status"":""reviewed_dependency_reused_for_mut_pointer_start_fact""}",source-backed-support,slice-unknown-authority-v3
TS-017-D003,dependency-manifest-record,core::slice::as_flattened_mut,17,3,generated_target_dependency,core::slice::from_raw_parts_mut,reviewed_dependency_pattern_reused_for_mut_raw_parts_domain_and_final_frame,"The Rust 1.96 body finishes with `from_raw_parts_mut(self.as_mut_ptr().cast(), len)`. The harness reuses the reviewed mutable raw-parts domain shape and specializes the returned mutable slice relation to the flattened element source and final-frame reconstruction.",core/src/slice/mod.rs:5487-5497; core/src/slice/raw.rs:179-196; proof_harnesses/049_core_slice_from_raw_parts_mut/harness.rs,,,/home/chentianyu/nanvix-rust-std-spec-survey/nanvix-rust-std-slice-vec-implproof-2026-08-12/proof_harnesses/017_core_slice_as_flattened_mut/harness.rs,,,,,,,,memory-layout-or-provenance-transition,admissible-source-backed-support,partial-or-lower-level,"This exact frozen manifest record was audited as a named source dependency, callback, primitive, or local proof bridge. Its final disposition also incorporates every explicitly linked external site.",core/src/slice/mod.rs:5487-5497; core/src/slice/raw.rs:179-196; proof_harnesses/049_core_slice_from_raw_parts_mut/harness.rs,"{""kind"":""generated_target_dependency"",""name"":""core::slice::from_raw_parts_mut"",""rationale"":""The Rust 1.96 body finishes with `from_raw_parts_mut(self.as_mut_ptr().cast(), len)`. The harness reuses the reviewed mutable raw-parts domain shape and specializes the returned mutable slice relation to the flattened element source and final-frame reconstruction."",""source_lines"":""core/src/slice/mod.rs:5487-5497; core/src/slice/raw.rs:179-196; proof_harnesses/049_core_slice_from_raw_parts_mut/harness.rs"",""status"":""reviewed_dependency_pattern_reused_for_mut_raw_parts_domain_and_final_frame""}",source-backed-support,slice-unknown-authority-v3
TS-017-D004,dependency-manifest-record,core::slice::as_flattened_mut,17,4,source_backed_intrinsic_and_panic_boundary,"checked_mul normal return, slice len overflow panic helper, and unchecked_mul",minimal_trusted_boundary_for_checked_mul_overflow_panic_and_unchecked_arithmetic,The public target body keeps the Rust 1.96 ZST checked-multiply path but now verifies the checked_mul Some/normal-return arithmetic in executable code. The retained trusted portion is only the source panic edge for overflow plus the existing non-ZST unchecked multiplication address-space fact needed to establish len == self.len() * N while preserving the mutable final-frame contract.,core/src/slice/mod.rs:5488-5493,d3fdd4bf0c5162b4000f8b7d767f7802944c5834053070e69dd3469f640dc5a2,proof_harnesses/017_core_slice_as_flattened_mut/source_excerpt.rs,/home/chentianyu/nanvix-rust-std-spec-survey/nanvix-rust-std-slice-vec-implproof-2026-08-12/proof_harnesses/017_core_slice_as_flattened_mut/harness.rs,,,,,,,,panic-or-domain-transition,admissible-source-backed-support,partial-or-lower-level,"This exact frozen manifest record was audited as a named source dependency, callback, primitive, or local proof bridge. Its final disposition also incorporates every explicitly linked external site.",core/src/slice/mod.rs:5488-5493,"{""kind"":""source_backed_intrinsic_and_panic_boundary"",""name"":""checked_mul normal return, slice len overflow panic helper, and unchecked_mul"",""rationale"":""The public target body keeps the Rust 1.96 ZST checked-multiply path but now verifies the checked_mul Some/normal-return arithmetic in executable code. The retained trusted portion is only the source panic edge for overflow plus the existing non-ZST unchecked multiplication address-space fact needed to establish len == self.len() * N while preserving the mutable final-frame contract."",""source_excerpt_relpath"":""proof_harnesses/017_core_slice_as_flattened_mut/source_excerpt.rs"",""source_lines"":""core/src/slice/mod.rs:5488-5493"",""source_sha256"":""d3fdd4bf0c5162b4000f8b7d767f7802944c5834053070e69dd3469f640dc5a2"",""status"":""minimal_trusted_boundary_for_checked_mul_overflow_panic_and_unchecked_arithmetic""}",source-backed-support,slice-unknown-authority-v3
TS-017-D005,dependency-manifest-record,core::slice::as_flattened_mut,17,5,source_backed_mut_raw_pointer_cast_boundary,rust_1_96_array_mut_ptr_cast_relation,minimal_trusted_boundary_for_source_backed_mut_ptr_cast_relation_to_flat_slice,"The harness now executes the source-shaped `*mut [T; N]` to `*mut T` raw cast directly. The remaining proof-only boundary links the reviewed mutable slice-start pointer plus length multiplication fact to the flattened element source, mutable raw-domain facts, and no-change frame that Verus cannot derive from raw-pointer provenance.",core/src/slice/mod.rs:5496,d3fdd4bf0c5162b4000f8b7d767f7802944c5834053070e69dd3469f640dc5a2,proof_harnesses/017_core_slice_as_flattened_mut/source_excerpt.rs,/home/chentianyu/nanvix-rust-std-spec-survey/nanvix-rust-std-slice-vec-implproof-2026-08-12/proof_harnesses/017_core_slice_as_flattened_mut/harness.rs,,,,,,,,panic-or-domain-transition,admissible-source-backed-support,partial-or-lower-level,"This exact frozen manifest record was audited as a named source dependency, callback, primitive, or local proof bridge. Its final disposition also incorporates every explicitly linked external site.",core/src/slice/mod.rs:5496,"{""kind"":""source_backed_mut_raw_pointer_cast_boundary"",""name"":""rust_1_96_array_mut_ptr_cast_relation"",""rationale"":""The harness now executes the source-shaped `*mut [T; N]` to `*mut T` raw cast directly. The remaining proof-only boundary links the reviewed mutable slice-start pointer plus length multiplication fact to the flattened element source, mutable raw-domain facts, and no-change frame that Verus cannot derive from raw-pointer provenance."",""source_excerpt_relpath"":""proof_harnesses/017_core_slice_as_flattened_mut/source_excerpt.rs"",""source_lines"":""core/src/slice/mod.rs:5496"",""source_sha256"":""d3fdd4bf0c5162b4000f8b7d767f7802944c5834053070e69dd3469f640dc5a2"",""status"":""minimal_trusted_boundary_for_source_backed_mut_ptr_cast_relation_to_flat_slice""}",source-backed-support,slice-unknown-authority-v3
TS-017-D006,dependency-manifest-record,core::slice::as_flattened_mut,17,6,source_backed_mut_raw_parts_final_frame_boundary,rust_1_96_from_raw_parts_mut_flat,minimal_trusted_boundary_for_source_backed_flat_mut_slice_raw_parts_and_final_frame,"The public target body calls a local `from_raw_parts_mut` wrapper after the source-backed pointer cast. The only isolated operation is the mutable raw slice construction over `T`, whose contract relates the returned old view to the flattened old source and the final returned mutable slice to `flatten_array_chunks(final(slice)@)`.",core/src/slice/mod.rs:5496; core/src/slice/raw.rs:179-196,d3fdd4bf0c5162b4000f8b7d767f7802944c5834053070e69dd3469f640dc5a2,proof_harnesses/017_core_slice_as_flattened_mut/source_excerpt.rs,/home/chentianyu/nanvix-rust-std-spec-survey/nanvix-rust-std-slice-vec-implproof-2026-08-12/proof_harnesses/017_core_slice_as_flattened_mut/harness.rs,,,,,,,,panic-or-domain-transition,inadmissible-answer-bearing-support,complete-or-answer-equivalent,"Every linked executable site is explicitly audited as a complete target/branch postcondition, answer-equivalent result, or opaque whole algorithm. Source citation does not make it admissible.",core/src/slice/mod.rs:5496; core/src/slice/raw.rs:179-196,"{""kind"":""source_backed_mut_raw_parts_final_frame_boundary"",""name"":""rust_1_96_from_raw_parts_mut_flat"",""rationale"":""The public target body calls a local `from_raw_parts_mut` wrapper after the source-backed pointer cast. The only isolated operation is the mutable raw slice construction over `T`, whose contract relates the returned old view to the flattened old source and the final returned mutable slice to `flatten_array_chunks(final(slice)@)`."",""source_excerpt_relpath"":""proof_harnesses/017_core_slice_as_flattened_mut/source_excerpt.rs"",""source_lines"":""core/src/slice/mod.rs:5496; core/src/slice/raw.rs:179-196"",""source_sha256"":""d3fdd4bf0c5162b4000f8b7d767f7802944c5834053070e69dd3469f640dc5a2"",""status"":""minimal_trusted_boundary_for_source_backed_flat_mut_slice_raw_parts_and_final_frame""}",source-backed-support,slice-unknown-authority-v3
TS-017-C001,private-helper-callee,core::slice::as_flattened_mut,17,1,private_helper_callee_closure,len,source-indexed,Source-indexed private/public callee closure retained by the implementation-proof dependency manifest.,core/src/slice/iter/macros.rs:142-144,48328fef24b9a414c7599eb67374e2d10f3c26ce8316557ce897b9c9e5203fc1,frozen_inputs/slice/rust-core-slice/iter/macros.rs,/home/chentianyu/nanvix-rust-std-spec-survey/nanvix-rust-std-slice-vec-implproof-2026-08-12/proof_harnesses/017_core_slice_as_flattened_mut/harness.rs,,,,,,,,source-callee-provenance,context-only-source-closure,not-an-executable-boundary,This record closes the source call graph for provenance. It does not itself add an assumed transition or observation.,core/src/slice/iter/macros.rs:142-144,"{""body_end_line"":144,""frozen_relpath"":""frozen_inputs/slice/rust-core-slice/iter/macros.rs"",""item_sha256"":""48328fef24b9a414c7599eb67374e2d10f3c26ce8316557ce897b9c9e5203fc1"",""name"":""len"",""public"":false,""signature_start_line"":142,""source_reference_path"":""core/src/slice/iter/macros.rs""}",source-closure-provenance,slice-unknown-authority-v3
TS-017-C002,private-helper-callee,core::slice::as_flattened_mut,17,2,private_helper_callee_closure,len,source-indexed,Source-indexed private/public callee closure retained by the implementation-proof dependency manifest.,core/src/slice/sort/stable/drift.rs:295-297,39713253c1089e4b037e302f5b7358f257f51d24290f54f0efc0dc25d78323fc,frozen_inputs/slice/rust-core-slice/sort/stable/drift.rs,/home/chentianyu/nanvix-rust-std-spec-survey/nanvix-rust-std-slice-vec-implproof-2026-08-12/proof_harnesses/017_core_slice_as_flattened_mut/harness.rs,,,,,,,,source-callee-provenance,context-only-source-closure,not-an-executable-boundary,This record closes the source call graph for provenance. It does not itself add an assumed transition or observation.,core/src/slice/sort/stable/drift.rs:295-297,"{""body_end_line"":297,""frozen_relpath"":""frozen_inputs/slice/rust-core-slice/sort/stable/drift.rs"",""item_sha256"":""39713253c1089e4b037e302f5b7358f257f51d24290f54f0efc0dc25d78323fc"",""name"":""len"",""public"":false,""signature_start_line"":295,""source_reference_path"":""core/src/slice/sort/stable/drift.rs""}",source-closure-provenance,slice-unknown-authority-v3
TS-017-C003,private-helper-callee,core::slice::as_flattened_mut,17,3,private_helper_callee_closure,len,source-indexed,Source-indexed private/public callee closure retained by the implementation-proof dependency manifest.,alloc/src/vec/in_place_drop.rs:15-17,abc18bdf2169eed2a02867127488f3df813795a68b96b8e832725dab3e82adb9,frozen_inputs/vec/rust-alloc-vec/vec/in_place_drop.rs,/home/chentianyu/nanvix-rust-std-spec-survey/nanvix-rust-std-slice-vec-implproof-2026-08-12/proof_harnesses/017_core_slice_as_flattened_mut/harness.rs,,,,,,,,source-callee-provenance,context-only-source-closure,not-an-executable-boundary,This record closes the source call graph for provenance. It does not itself add an assumed transition or observation.,alloc/src/vec/in_place_drop.rs:15-17,"{""body_end_line"":17,""frozen_relpath"":""frozen_inputs/vec/rust-alloc-vec/vec/in_place_drop.rs"",""item_sha256"":""abc18bdf2169eed2a02867127488f3df813795a68b96b8e832725dab3e82adb9"",""name"":""len"",""public"":false,""signature_start_line"":15,""source_reference_path"":""alloc/src/vec/in_place_drop.rs""}",source-closure-provenance,slice-unknown-authority-v3
TS-017-E001,harness-external-body,core::slice::as_flattened_mut,17,1,verifier::external_body,rust_1_96_slice_len_overflow_panic,active-explicit-trusted-body,Exact external-body site enumerated from the selected proof harness; semantics and source backing are supplied by linked dependency records and the retained harness signature.,,,,/home/chentianyu/nanvix-rust-std-spec-survey/nanvix-rust-std-slice-vec-implproof-2026-08-12/proof_harnesses/017_core_slice_as_flattened_mut/harness.rs,94,95,pub fn rust_1_96_slice_len_overflow_panic() -> ! {,95,"pub fn rust_1_96_slice_len_overflow_panic() -> !
",bebb202dd1cc9d88bc3452aab4b89b9bdc75d6ca2816a9f2772c6d03ab6b4fd7,TS-017-D004,panic-edge,admissible-source-backed-lower-boundary,partial-or-lower-level,The contract models a source panic/divergence edge and supplies no normal target return or aggregate final state.,core/src/slice/mod.rs:5488-5493,"{""attribute_line"":94,""contract_end_line"":95,""contract_text"":""pub fn rust_1_96_slice_len_overflow_panic() -> !\n"",""declaration_line"":95,""signature"":""pub fn rust_1_96_slice_len_overflow_panic() -> ! {"",""symbol"":""rust_1_96_slice_len_overflow_panic""}",panic-edge,slice-unknown-authority-v3
TS-017-E002,harness-external-body,core::slice::as_flattened_mut,17,2,verifier::external_body,rust_1_96_unchecked_mul,active-explicit-trusted-body,Exact external-body site enumerated from the selected proof harness; semantics and source backing are supplied by linked dependency records and the retained harness signature.,,,,/home/chentianyu/nanvix-rust-std-spec-survey/nanvix-rust-std-slice-vec-implproof-2026-08-12/proof_harnesses/017_core_slice_as_flattened_mut/harness.rs,99,100,"pub unsafe fn rust_1_96_unchecked_mul(lhs: usize, rhs: usize) -> (ret: usize) ensures",103,"pub unsafe fn rust_1_96_unchecked_mul(lhs: usize, rhs: usize) -> (ret: usize)
    ensures
        ret as nat == lhs as nat * rhs as nat,
",fbe7d7faa408112cccc49421a227d792850199dd55f0173e042e3f14a4cd7422,TS-017-D004,source-helper-transition,admissible-source-backed-lower-boundary,partial-or-lower-level,"The proof exposes only an arithmetic fit, length, or offset fact consumed by later source-backed transitions.",core/src/slice/mod.rs:5488-5493,"{""attribute_line"":99,""contract_end_line"":103,""contract_text"":""pub unsafe fn rust_1_96_unchecked_mul(lhs: usize, rhs: usize) -> (ret: usize)\n    ensures\n        ret as nat == lhs as nat * rhs as nat,\n"",""declaration_line"":100,""signature"":""pub unsafe fn rust_1_96_unchecked_mul(lhs: usize, rhs: usize) -> (ret: usize) ensures"",""symbol"":""rust_1_96_unchecked_mul""}",arithmetic-or-offset-fact,slice-unknown-authority-v3
TS-017-E003,harness-external-body,core::slice::as_flattened_mut,17,3,verifier::external_body,rust_1_96_array_mut_ptr_cast_relation,active-explicit-trusted-body,Exact external-body site enumerated from the selected proof harness; semantics and source backing are supplied by linked dependency records and the retained harness signature.,,,,/home/chentianyu/nanvix-rust-std-spec-survey/nanvix-rust-std-slice-vec-implproof-2026-08-12/proof_harnesses/017_core_slice_as_flattened_mut/harness.rs,128,129,"proof fn rust_1_96_array_mut_ptr_cast_relation<T, const N: usize>( slice: &mut [[T; N]], flat: *mut T, len: usize, ) requires",144,"proof fn rust_1_96_array_mut_ptr_cast_relation<T, const N: usize>(
    slice: &mut [[T; N]],
    flat: *mut T,
    len: usize,
)
    requires
        len as nat == old(slice)@.len() * N,
    ensures
        flat_slice_mut_source::<T>(flat, len) == flatten_array_chunks::<T, N>(old(slice)@),
        slice_raw_domain_valid_for(
            slice_raw_mut_domain(flat, len, SliceRawMutability::Mutable),
            len,
            SliceRawMutability::Mutable,
        ),
        final(slice)@ == old(slice)@,
",90e2c0144e26c64356c9e21f9e9ac634544618c7e7086ac30b1d79fb12308295,TS-017-D005,memory-layout-or-provenance-transition,admissible-source-backed-lower-boundary,partial-or-lower-level,"The contract isolates a pointer cast/copy, layout, address, or provenance transition and does not state the enclosing target answer.",core/src/slice/mod.rs:5496,"{""attribute_line"":128,""contract_end_line"":144,""contract_text"":""proof fn rust_1_96_array_mut_ptr_cast_relation<T, const N: usize>(\n    slice: &mut [[T; N]],\n    flat: *mut T,\n    len: usize,\n)\n    requires\n        len as nat == old(slice)@.len() * N,\n    ensures\n        flat_slice_mut_source::<T>(flat, len) == flatten_array_chunks::<T, N>(old(slice)@),\n        slice_raw_domain_valid_for(\n            slice_raw_mut_domain(flat, len, SliceRawMutability::Mutable),\n            len,\n            SliceRawMutability::Mutable,\n        ),\n        final(slice)@ == old(slice)@,\n"",""declaration_line"":129,""signature"":""proof fn rust_1_96_array_mut_ptr_cast_relation<T, const N: usize>( slice: &mut [[T; N]], flat: *mut T, len: usize, ) requires"",""symbol"":""rust_1_96_array_mut_ptr_cast_relation""}",pointer-layout-provenance-transition,slice-unknown-authority-v3
TS-017-E004,harness-external-body,core::slice::as_flattened_mut,17,4,verifier::external_body,rust_1_96_from_raw_parts_mut_flat,active-explicit-trusted-body,Exact external-body site enumerated from the selected proof harness; semantics and source backing are supplied by linked dependency records and the retained harness signature.,,,,/home/chentianyu/nanvix-rust-std-spec-survey/nanvix-rust-std-slice-vec-implproof-2026-08-12/proof_harnesses/017_core_slice_as_flattened_mut/harness.rs,171,172,"pub unsafe fn rust_1_96_from_raw_parts_mut_flat<'a, T, const N: usize>( slice: &'a mut [[T; N]], data: *mut T, len: usize, ) -> (ret: &'a mut [T]) requires",188,"pub unsafe fn rust_1_96_from_raw_parts_mut_flat<'a, T, const N: usize>(
    slice: &'a mut [[T; N]],
    data: *mut T,
    len: usize,
) -> (ret: &'a mut [T])
    requires
        slice_raw_domain_valid_for(
            slice_raw_mut_domain(data, len, SliceRawMutability::Mutable),
            len,
            SliceRawMutability::Mutable,
        ),
        flat_slice_mut_source::<T>(data, len) == flatten_array_chunks::<T, N>(old(slice)@),
    ensures
        ret@ == flatten_array_chunks::<T, N>(old(slice)@),
        ret@.len() == len,
        flatten_array_chunks::<T, N>(final(slice)@) == final(ret)@,
",08c6ae70c80a5af3ab939860d060f7e558235bd72578409dc75d51e968c3149f,TS-017-D006,memory-layout-or-provenance-transition,inadmissible-complete-target-postcondition,complete-target,The retained contract states the target's complete principal return and/or final-state postcondition. Source backing cannot make a whole target answer an admissible Boundary_T observation.,core/src/slice/mod.rs:5496; core/src/slice/raw.rs:179-196,"{""attribute_line"":171,""contract_end_line"":188,""contract_text"":""pub unsafe fn rust_1_96_from_raw_parts_mut_flat<'a, T, const N: usize>(\n    slice: &'a mut [[T; N]],\n    data: *mut T,\n    len: usize,\n) -> (ret: &'a mut [T])\n    requires\n        slice_raw_domain_valid_for(\n            slice_raw_mut_domain(data, len, SliceRawMutability::Mutable),\n            len,\n            SliceRawMutability::Mutable,\n        ),\n        flat_slice_mut_source::<T>(data, len) == flatten_array_chunks::<T, N>(old(slice)@),\n    ensures\n        ret@ == flatten_array_chunks::<T, N>(old(slice)@),\n        ret@.len() == len,\n        flatten_array_chunks::<T, N>(final(slice)@) == final(ret)@,\n"",""declaration_line"":172,""signature"":""pub unsafe fn rust_1_96_from_raw_parts_mut_flat<'a, T, const N: usize>( slice: &'a mut [[T; N]], data: *mut T, len: usize, ) -> (ret: &'a mut [T]) requires"",""symbol"":""rust_1_96_from_raw_parts_mut_flat""}",complete-target-postcondition,slice-unknown-authority-v3
TS-018-D001,dependency-manifest-record,core::slice::as_mut_array,18,1,shared_model_helper,array_mut_ref_view;array_value_view;slice_start_mut_ptr;slice_mut_array_ptr,audited_generated_contract_vocabulary_instantiated_in_harness,"The generated mutable array-reference vocabulary is inlined as open spec definitions, and the pointer provenance vocabulary connects the reviewed as_mut_ptr dependency to the source-backed cast_array/deref boundaries. The target postcondition is not assumed.",frozen_inputs/slice/specs/slice_shared_vocabulary.rs:913-935 and raw-pointer/provenance vocabulary used by core::slice::as_mut_ptr,,,/home/chentianyu/nanvix-rust-std-spec-survey/nanvix-rust-std-slice-vec-implproof-2026-08-12/proof_harnesses/018_core_slice_as_mut_array/harness.rs,,,,,,,,specification-vocabulary,context-only-specification-vocabulary,not-an-executable-boundary,"This record identifies target-local specification vocabulary. It is retained for binding, but is not admitted as an executable Boundary_T observation or transition.",frozen_inputs/slice/specs/slice_shared_vocabulary.rs:913-935 and raw-pointer/provenance vocabulary used by core::slice::as_mut_ptr,"{""kind"":""shared_model_helper"",""name"":""array_mut_ref_view;array_value_view;slice_start_mut_ptr;slice_mut_array_ptr"",""rationale"":""The generated mutable array-reference vocabulary is inlined as open spec definitions, and the pointer provenance vocabulary connects the reviewed as_mut_ptr dependency to the source-backed cast_array/deref boundaries. The target postcondition is not assumed."",""source_lines"":""frozen_inputs/slice/specs/slice_shared_vocabulary.rs:913-935 and raw-pointer/provenance vocabulary used by core::slice::as_mut_ptr"",""status"":""audited_generated_contract_vocabulary_instantiated_in_harness""}",specification-vocabulary,slice-unknown-authority-v3
TS-018-D002,dependency-manifest-record,core::slice::as_mut_array,18,2,generated_target_dependency,core::slice::as_mut_ptr,reviewed_dependency_reused_for_mut_pointer_start_and_final_frame_fact,"The Rust 1.96 body calls `self.as_mut_ptr()` before `cast_array()`. The harness reuses the already verified as_mut_ptr dependency shape by calling a local executable wrapper with the same `slice_start_mut_ptr(old(slice)@, ptr)` and `final(slice)@ == old(slice)@` facts.",core/src/slice/mod.rs:871; proof_harnesses/019_core_slice_as_mut_ptr/harness.rs,,,/home/chentianyu/nanvix-rust-std-spec-survey/nanvix-rust-std-slice-vec-implproof-2026-08-12/proof_harnesses/018_core_slice_as_mut_array/harness.rs,,,,,,,,memory-layout-or-provenance-transition,admissible-source-backed-support,partial-or-lower-level,"This exact frozen manifest record was audited as a named source dependency, callback, primitive, or local proof bridge. Its final disposition also incorporates every explicitly linked external site.",core/src/slice/mod.rs:871; proof_harnesses/019_core_slice_as_mut_ptr/harness.rs,"{""kind"":""generated_target_dependency"",""name"":""core::slice::as_mut_ptr"",""rationale"":""The Rust 1.96 body calls `self.as_mut_ptr()` before `cast_array()`. The harness reuses the already verified as_mut_ptr dependency shape by calling a local executable wrapper with the same `slice_start_mut_ptr(old(slice)@, ptr)` and `final(slice)@ == old(slice)@` facts."",""source_lines"":""core/src/slice/mod.rs:871; proof_harnesses/019_core_slice_as_mut_ptr/harness.rs"",""status"":""reviewed_dependency_reused_for_mut_pointer_start_and_final_frame_fact""}",source-backed-support,slice-unknown-authority-v3
TS-018-D003,dependency-manifest-record,core::slice::as_mut_array,18,3,source_backed_raw_pointer_cast_boundary,rust_1_96_mut_ptr_cast_array,minimal_trusted_boundary_for_source_backed_mut_ptr_cast_array,Verus cannot prove mutable raw-pointer provenance for `ptr.cast_array()` directly in the non-external target body. The boundary body is exactly the Rust 1.96 `ptr.cast_array()` operation and only links the reviewed mutable slice-start pointer to an array-pointer provenance fact while preserving the mutable-slice frame.,core/src/slice/mod.rs:871,d2208668f0b01536cedf4b43a19beca6d879c2dca9e7fb2ba16b10a8110d0529,proof_harnesses/018_core_slice_as_mut_array/source_excerpt.rs,/home/chentianyu/nanvix-rust-std-spec-survey/nanvix-rust-std-slice-vec-implproof-2026-08-12/proof_harnesses/018_core_slice_as_mut_array/harness.rs,,,,,,,,panic-or-domain-transition,admissible-source-backed-support,partial-or-lower-level,"This exact frozen manifest record was audited as a named source dependency, callback, primitive, or local proof bridge. Its final disposition also incorporates every explicitly linked external site.",core/src/slice/mod.rs:871,"{""kind"":""source_backed_raw_pointer_cast_boundary"",""name"":""rust_1_96_mut_ptr_cast_array"",""rationale"":""Verus cannot prove mutable raw-pointer provenance for `ptr.cast_array()` directly in the non-external target body. The boundary body is exactly the Rust 1.96 `ptr.cast_array()` operation and only links the reviewed mutable slice-start pointer to an array-pointer provenance fact while preserving the mutable-slice frame."",""source_excerpt_relpath"":""proof_harnesses/018_core_slice_as_mut_array/source_excerpt.rs"",""source_lines"":""core/src/slice/mod.rs:871"",""source_sha256"":""d2208668f0b01536cedf4b43a19beca6d879c2dca9e7fb2ba16b10a8110d0529"",""status"":""minimal_trusted_boundary_for_source_backed_mut_ptr_cast_array""}",source-backed-support,slice-unknown-authority-v3
TS-018-D004,dependency-manifest-record,core::slice::as_mut_array,18,4,source_backed_mut_array_ref_final_frame_boundary,rust_1_96_as_mut_array_ref,minimal_trusted_boundary_for_source_backed_full_mut_slice_array_ref_cast_and_final_frame,"The public target is executable and keeps the Rust 1.96 length guard and Some/None flow. Only the unsafe mutable array-reference dereference `unsafe { &mut *ptr }` is isolated in a target-local boundary whose precondition is the proved old slice length N plus the pointer-array provenance fact, and whose postcondition relates the returned mutable array reference to the full old slice view and final returned array value to the final slice view.",core/src/slice/mod.rs:874-875,d2208668f0b01536cedf4b43a19beca6d879c2dca9e7fb2ba16b10a8110d0529,proof_harnesses/018_core_slice_as_mut_array/source_excerpt.rs,/home/chentianyu/nanvix-rust-std-spec-survey/nanvix-rust-std-slice-vec-implproof-2026-08-12/proof_harnesses/018_core_slice_as_mut_array/harness.rs,,,,,,,,panic-or-domain-transition,inadmissible-answer-bearing-support,complete-or-answer-equivalent,"Every linked executable site is explicitly audited as a complete target/branch postcondition, answer-equivalent result, or opaque whole algorithm. Source citation does not make it admissible.",core/src/slice/mod.rs:874-875,"{""kind"":""source_backed_mut_array_ref_final_frame_boundary"",""name"":""rust_1_96_as_mut_array_ref"",""rationale"":""The public target is executable and keeps the Rust 1.96 length guard and Some/None flow. Only the unsafe mutable array-reference dereference `unsafe { &mut *ptr }` is isolated in a target-local boundary whose precondition is the proved old slice length N plus the pointer-array provenance fact, and whose postcondition relates the returned mutable array reference to the full old slice view and final returned array value to the final slice view."",""source_excerpt_relpath"":""proof_harnesses/018_core_slice_as_mut_array/source_excerpt.rs"",""source_lines"":""core/src/slice/mod.rs:874-875"",""source_sha256"":""d2208668f0b01536cedf4b43a19beca6d879c2dca9e7fb2ba16b10a8110d0529"",""status"":""minimal_trusted_boundary_for_source_backed_full_mut_slice_array_ref_cast_and_final_frame""}",source-backed-support,slice-unknown-authority-v3
TS-018-C001,private-helper-callee,core::slice::as_mut_array,18,1,private_helper_callee_closure,len,source-indexed,Source-indexed private/public callee closure retained by the implementation-proof dependency manifest.,core/src/slice/iter/macros.rs:142-144,48328fef24b9a414c7599eb67374e2d10f3c26ce8316557ce897b9c9e5203fc1,frozen_inputs/slice/rust-core-slice/iter/macros.rs,/home/chentianyu/nanvix-rust-std-spec-survey/nanvix-rust-std-slice-vec-implproof-2026-08-12/proof_harnesses/018_core_slice_as_mut_array/harness.rs,,,,,,,,source-callee-provenance,context-only-source-closure,not-an-executable-boundary,This record closes the source call graph for provenance. It does not itself add an assumed transition or observation.,core/src/slice/iter/macros.rs:142-144,"{""body_end_line"":144,""frozen_relpath"":""frozen_inputs/slice/rust-core-slice/iter/macros.rs"",""item_sha256"":""48328fef24b9a414c7599eb67374e2d10f3c26ce8316557ce897b9c9e5203fc1"",""name"":""len"",""public"":false,""signature_start_line"":142,""source_reference_path"":""core/src/slice/iter/macros.rs""}",source-closure-provenance,slice-unknown-authority-v3
TS-018-C002,private-helper-callee,core::slice::as_mut_array,18,2,private_helper_callee_closure,len,source-indexed,Source-indexed private/public callee closure retained by the implementation-proof dependency manifest.,core/src/slice/sort/stable/drift.rs:295-297,39713253c1089e4b037e302f5b7358f257f51d24290f54f0efc0dc25d78323fc,frozen_inputs/slice/rust-core-slice/sort/stable/drift.rs,/home/chentianyu/nanvix-rust-std-spec-survey/nanvix-rust-std-slice-vec-implproof-2026-08-12/proof_harnesses/018_core_slice_as_mut_array/harness.rs,,,,,,,,source-callee-provenance,context-only-source-closure,not-an-executable-boundary,This record closes the source call graph for provenance. It does not itself add an assumed transition or observation.,core/src/slice/sort/stable/drift.rs:295-297,"{""body_end_line"":297,""frozen_relpath"":""frozen_inputs/slice/rust-core-slice/sort/stable/drift.rs"",""item_sha256"":""39713253c1089e4b037e302f5b7358f257f51d24290f54f0efc0dc25d78323fc"",""name"":""len"",""public"":false,""signature_start_line"":295,""source_reference_path"":""core/src/slice/sort/stable/drift.rs""}",source-closure-provenance,slice-unknown-authority-v3
TS-018-C003,private-helper-callee,core::slice::as_mut_array,18,3,private_helper_callee_closure,len,source-indexed,Source-indexed private/public callee closure retained by the implementation-proof dependency manifest.,alloc/src/vec/in_place_drop.rs:15-17,abc18bdf2169eed2a02867127488f3df813795a68b96b8e832725dab3e82adb9,frozen_inputs/vec/rust-alloc-vec/vec/in_place_drop.rs,/home/chentianyu/nanvix-rust-std-spec-survey/nanvix-rust-std-slice-vec-implproof-2026-08-12/proof_harnesses/018_core_slice_as_mut_array/harness.rs,,,,,,,,source-callee-provenance,context-only-source-closure,not-an-executable-boundary,This record closes the source call graph for provenance. It does not itself add an assumed transition or observation.,alloc/src/vec/in_place_drop.rs:15-17,"{""body_end_line"":17,""frozen_relpath"":""frozen_inputs/vec/rust-alloc-vec/vec/in_place_drop.rs"",""item_sha256"":""abc18bdf2169eed2a02867127488f3df813795a68b96b8e832725dab3e82adb9"",""name"":""len"",""public"":false,""signature_start_line"":15,""source_reference_path"":""alloc/src/vec/in_place_drop.rs""}",source-closure-provenance,slice-unknown-authority-v3
TS-018-E001,harness-external-body,core::slice::as_mut_array,18,1,verifier::external_body,rust_1_96_mut_ptr_cast_array,active-explicit-trusted-body,Exact external-body site enumerated from the selected proof harness; semantics and source backing are supplied by linked dependency records and the retained harness signature.,,,,/home/chentianyu/nanvix-rust-std-spec-survey/nanvix-rust-std-slice-vec-implproof-2026-08-12/proof_harnesses/018_core_slice_as_mut_array/harness.rs,53,54,"pub fn rust_1_96_mut_ptr_cast_array<T, const N: usize>( slice: &mut [T], ptr: *mut T, ) -> (array_ptr: *mut [T; N]) requires",63,"pub fn rust_1_96_mut_ptr_cast_array<T, const N: usize>(
    slice: &mut [T],
    ptr: *mut T,
) -> (array_ptr: *mut [T; N])
    requires
        slice_start_mut_ptr(old(slice)@, ptr),
    ensures
        slice_mut_array_ptr::<T, N>(old(slice)@, array_ptr),
        final(slice)@ == old(slice)@,
",29670120716e3e604267eab15806e9be55718db5672f0a0d1919d907dc469e32,TS-018-D003,memory-layout-or-provenance-transition,admissible-source-backed-lower-boundary,partial-or-lower-level,"The contract isolates a pointer cast/copy, layout, address, or provenance transition and does not state the enclosing target answer.",core/src/slice/mod.rs:871,"{""attribute_line"":53,""contract_end_line"":63,""contract_text"":""pub fn rust_1_96_mut_ptr_cast_array<T, const N: usize>(\n    slice: &mut [T],\n    ptr: *mut T,\n) -> (array_ptr: *mut [T; N])\n    requires\n        slice_start_mut_ptr(old(slice)@, ptr),\n    ensures\n        slice_mut_array_ptr::<T, N>(old(slice)@, array_ptr),\n        final(slice)@ == old(slice)@,\n"",""declaration_line"":54,""signature"":""pub fn rust_1_96_mut_ptr_cast_array<T, const N: usize>( slice: &mut [T], ptr: *mut T, ) -> (array_ptr: *mut [T; N]) requires"",""symbol"":""rust_1_96_mut_ptr_cast_array""}",pointer-layout-provenance-transition,slice-unknown-authority-v3
TS-018-E002,harness-external-body,core::slice::as_mut_array,18,2,verifier::external_body,rust_1_96_as_mut_array_ref,active-explicit-trusted-body,Exact external-body site enumerated from the selected proof harness; semantics and source backing are supplied by linked dependency records and the retained harness signature.,,,,/home/chentianyu/nanvix-rust-std-spec-survey/nanvix-rust-std-slice-vec-implproof-2026-08-12/proof_harnesses/018_core_slice_as_mut_array/harness.rs,67,68,"pub unsafe fn rust_1_96_as_mut_array_ref<'a, T, const N: usize>( slice: &'a mut [T], ptr: *mut [T; N], ) -> (ret: &'a mut [T; N]) requires",78,"pub unsafe fn rust_1_96_as_mut_array_ref<'a, T, const N: usize>(
    slice: &'a mut [T],
    ptr: *mut [T; N],
) -> (ret: &'a mut [T; N])
    requires
        old(slice)@.len() == N,
        slice_mut_array_ptr::<T, N>(old(slice)@, ptr),
    ensures
        array_mut_ref_view::<T, N>(ret) == old(slice)@,
        final(slice)@ == array_value_view::<T, N>(*final(ret)),
",25c90f1309a84bb683d228c9d2b2328839209faee304be5529a7260c29828603,TS-018-D004,range-or-borrow-transition,inadmissible-complete-branch-postcondition,complete-on-target-branch,"Under the helper's branch preconditions, its contract supplies every remaining public postcondition for that target branch.",core/src/slice/mod.rs:874-875,"{""attribute_line"":67,""contract_end_line"":78,""contract_text"":""pub unsafe fn rust_1_96_as_mut_array_ref<'a, T, const N: usize>(\n    slice: &'a mut [T],\n    ptr: *mut [T; N],\n) -> (ret: &'a mut [T; N])\n    requires\n        old(slice)@.len() == N,\n        slice_mut_array_ptr::<T, N>(old(slice)@, ptr),\n    ensures\n        array_mut_ref_view::<T, N>(ret) == old(slice)@,\n        final(slice)@ == array_value_view::<T, N>(*final(ret)),\n"",""declaration_line"":68,""signature"":""pub unsafe fn rust_1_96_as_mut_array_ref<'a, T, const N: usize>( slice: &'a mut [T], ptr: *mut [T; N], ) -> (ret: &'a mut [T; N]) requires"",""symbol"":""rust_1_96_as_mut_array_ref""}",complete-branch-postcondition,slice-unknown-authority-v3
TS-019-D001,dependency-manifest-record,core::slice::as_mut_ptr,19,1,executable_slice_start_pointer_model_boundary,rust_1_96_slice_as_mut_ptr_cast,verified_without_target_local_external_body,"The literal Rust 1.96 slice-to-thin-pointer cast remains unsupported by this Verus build, so this production seed uses an executable raw-pointer model witness rather than an external-body cast. The generated public postcondition is unchanged.",proof_harnesses/019_core_slice_as_mut_ptr/source_excerpt.rs,,proof_harnesses/019_core_slice_as_mut_ptr/source_excerpt.rs,/home/chentianyu/nanvix-rust-std-spec-survey/nanvix-rust-std-slice-vec-implproof-2026-08-12/proof_harnesses/019_core_slice_as_mut_ptr/harness.rs,,,,,,,,panic-or-domain-transition,inadmissible-answer-equivalent-dependency,complete-target,The synthetic as_mut_ptr helper constructs a null-provenance pointer whose address is the slice length and ensures the complete public slice-start/final-frame postcondition. Canonical Rust 1.96 instead uses `self as *mut [T] as *mut T`; this helper repeats the target answer rather than modeling that cast.,proof_harnesses/019_core_slice_as_mut_ptr/source_excerpt.rs,"{""kind"":""executable_slice_start_pointer_model_boundary"",""name"":""rust_1_96_slice_as_mut_ptr_cast"",""rationale"":""The literal Rust 1.96 slice-to-thin-pointer cast remains unsupported by this Verus build, so this production seed uses an executable raw-pointer model witness rather than an external-body cast. The generated public postcondition is unchanged."",""source_excerpt_relpath"":""proof_harnesses/019_core_slice_as_mut_ptr/source_excerpt.rs"",""status"":""verified_without_target_local_external_body""}",answer-equivalent-target-dependency,slice-unknown-authority-v3
TS-019-D002,dependency-manifest-record,core::slice::as_mut_ptr,19,2,shared_model_helper,slice_start_mut_ptr,executable_model_vocabulary,The helper is now an open model predicate over pointer address/provenance and the slice view length; the target contains no assume_specification and no target-local external_body.,,,,/home/chentianyu/nanvix-rust-std-spec-survey/nanvix-rust-std-slice-vec-implproof-2026-08-12/proof_harnesses/019_core_slice_as_mut_ptr/harness.rs,,,,,,,,specification-vocabulary,context-only-specification-vocabulary,not-an-executable-boundary,"This record identifies target-local specification vocabulary. It is retained for binding, but is not admitted as an executable Boundary_T observation or transition.",manifest-local,"{""kind"":""shared_model_helper"",""name"":""slice_start_mut_ptr"",""rationale"":""The helper is now an open model predicate over pointer address/provenance and the slice view length; the target contains no assume_specification and no target-local external_body."",""status"":""executable_model_vocabulary""}",specification-vocabulary,slice-unknown-authority-v3
TS-020-D001,dependency-manifest-record,core::slice::as_mut_ptr_range,20,1,shared_model_helper,slice_mut_ptr_range_result;slice_mut_ptr_range_starts_at_slice;slice_start_mut_ptr,existing_generated_contract_vocabulary_boundary,"The generated mutable pointer-range vocabulary is instantiated locally: the reviewed mutable slice-start pointer fact comes from the as_mut_ptr dependency, and the range-result fact is linked only through the source-backed `start.add(self.len())` boundary. The target postcondition is not assumed directly.",,,,/home/chentianyu/nanvix-rust-std-spec-survey/nanvix-rust-std-slice-vec-implproof-2026-08-12/proof_harnesses/020_core_slice_as_mut_ptr_range/harness.rs,,,,,,,,specification-vocabulary,context-only-specification-vocabulary,not-an-executable-boundary,"This record identifies target-local specification vocabulary. It is retained for binding, but is not admitted as an executable Boundary_T observation or transition.",manifest-local,"{""kind"":""shared_model_helper"",""name"":""slice_mut_ptr_range_result;slice_mut_ptr_range_starts_at_slice;slice_start_mut_ptr"",""rationale"":""The generated mutable pointer-range vocabulary is instantiated locally: the reviewed mutable slice-start pointer fact comes from the as_mut_ptr dependency, and the range-result fact is linked only through the source-backed `start.add(self.len())` boundary. The target postcondition is not assumed directly."",""status"":""existing_generated_contract_vocabulary_boundary""}",specification-vocabulary,slice-unknown-authority-v3
TS-020-D002,dependency-manifest-record,core::slice::as_mut_ptr_range,20,2,generated_target_dependency,core::slice::as_mut_ptr,reviewed_dependency_reused_for_mut_pointer_start_and_final_frame_fact,"The Rust 1.96 body first calls `self.as_mut_ptr()`. The harness reuses the already reviewed as_mut_ptr shape by calling a local executable wrapper with `slice_start_mut_ptr(old(slice)@, ptr)` and `final(slice)@ == old(slice)@` facts.",core/src/slice/mod.rs:757-759 and 839; proof_harnesses/019_core_slice_as_mut_ptr/harness.rs,,,/home/chentianyu/nanvix-rust-std-spec-survey/nanvix-rust-std-slice-vec-implproof-2026-08-12/proof_harnesses/020_core_slice_as_mut_ptr_range/harness.rs,,,,,,,,memory-layout-or-provenance-transition,admissible-source-backed-support,partial-or-lower-level,"This exact frozen manifest record was audited as a named source dependency, callback, primitive, or local proof bridge. Its final disposition also incorporates every explicitly linked external site.",core/src/slice/mod.rs:757-759 and 839; proof_harnesses/019_core_slice_as_mut_ptr/harness.rs,"{""kind"":""generated_target_dependency"",""name"":""core::slice::as_mut_ptr"",""rationale"":""The Rust 1.96 body first calls `self.as_mut_ptr()`. The harness reuses the already reviewed as_mut_ptr shape by calling a local executable wrapper with `slice_start_mut_ptr(old(slice)@, ptr)` and `final(slice)@ == old(slice)@` facts."",""source_lines"":""core/src/slice/mod.rs:757-759 and 839; proof_harnesses/019_core_slice_as_mut_ptr/harness.rs"",""status"":""reviewed_dependency_reused_for_mut_pointer_start_and_final_frame_fact""}",source-backed-support,slice-unknown-authority-v3
TS-020-D003,dependency-manifest-record,core::slice::as_mut_ptr_range,20,3,executable_slice_start_pointer_model,rust_1_96_slice_as_mut_ptr_cast,verified_executable_model_no_external_body,"The local core::slice::as_mut_ptr dependency wrapper now reuses the accepted null-provenance, length-address Slice start-pointer model instead of a target-local external_body cast boundary. Evidence: proof_inventory/raw_slice_start_pointer_range_consumers_20260818T0711Z/summary.json.",,,,/home/chentianyu/nanvix-rust-std-spec-survey/nanvix-rust-std-slice-vec-implproof-2026-08-12/proof_harnesses/020_core_slice_as_mut_ptr_range/harness.rs,,,,,,,,panic-or-domain-transition,admissible-source-backed-support,partial-or-lower-level,"This exact frozen manifest record was audited as a named source dependency, callback, primitive, or local proof bridge. Its final disposition also incorporates every explicitly linked external site.",manifest-local,"{""kind"":""executable_slice_start_pointer_model"",""name"":""rust_1_96_slice_as_mut_ptr_cast"",""rationale"":""The local core::slice::as_mut_ptr dependency wrapper now reuses the accepted null-provenance, length-address Slice start-pointer model instead of a target-local external_body cast boundary. Evidence: proof_inventory/raw_slice_start_pointer_range_consumers_20260818T0711Z/summary.json."",""status"":""verified_executable_model_no_external_body"",""verification"":""proof_inventory/raw_slice_start_pointer_range_consumers_20260818T0711Z/summary.json""}",source-backed-support,slice-unknown-authority-v3
TS-020-D004,dependency-manifest-record,core::slice::as_mut_ptr_range,20,4,source_backed_raw_pointer_add_range_boundary,rust_1_96_mut_ptr_add_range_end,minimal_trusted_boundary_until_raw_pointer_add_provenance_is_modeled_by_verus,"The public target computes `let end = unsafe { start.add(self.len()) }`. Verus does not model the raw-pointer provenance and one-past-end arithmetic for `add`, so the harness isolates exactly that operation in a source-backed unsafe boundary whose contract connects the reviewed start pointer and current length to `slice_mut_ptr_range_result` while preserving the mutable-slice frame.",core/src/slice/mod.rs:839-840,55220e2d82364704a997a82d83801dc9c3b9cd696b3bfa33155b979609448b31,proof_harnesses/020_core_slice_as_mut_ptr_range/source_excerpt.rs,/home/chentianyu/nanvix-rust-std-spec-survey/nanvix-rust-std-slice-vec-implproof-2026-08-12/proof_harnesses/020_core_slice_as_mut_ptr_range/harness.rs,,,,,,,,panic-or-domain-transition,inadmissible-answer-bearing-support,complete-or-answer-equivalent,"Every linked executable site is explicitly audited as a complete target/branch postcondition, answer-equivalent result, or opaque whole algorithm. Source citation does not make it admissible.",core/src/slice/mod.rs:839-840,"{""adjudication"":{""attempt"":""Removed only this helper's external_body annotation while preserving the Rust `unsafe { start.add(len) }` body and the existing postconditions."",""diagnostics"":""proof_inventory/ptr_range_end_boundary_adjudication_20260814T1951Z/no_external_attempts/020_core_slice_as_mut_ptr_range_no_external_add.stderr"",""outcome"":""retained; Verus rejects raw `*mut T::add` at typecheck and requests an assume_specification for the std pointer-add method""},""kind"":""source_backed_raw_pointer_add_range_boundary"",""name"":""rust_1_96_mut_ptr_add_range_end"",""rationale"":""The public target computes `let end = unsafe { start.add(self.len()) }`. Verus does not model the raw-pointer provenance and one-past-end arithmetic for `add`, so the harness isolates exactly that operation in a source-backed unsafe boundary whose contract connects the reviewed start pointer and current length to `slice_mut_ptr_range_result` while preserving the mutable-slice frame."",""source_excerpt_relpath"":""proof_harnesses/020_core_slice_as_mut_ptr_range/source_excerpt.rs"",""source_lines"":""core/src/slice/mod.rs:839-840"",""source_sha256"":""55220e2d82364704a997a82d83801dc9c3b9cd696b3bfa33155b979609448b31"",""status"":""minimal_trusted_boundary_until_raw_pointer_add_provenance_is_modeled_by_verus""}",source-backed-support,slice-unknown-authority-v3
TS-020-C001,private-helper-callee,core::slice::as_mut_ptr_range,20,1,private_helper_callee_closure,len,source-indexed,Source-indexed private/public callee closure retained by the implementation-proof dependency manifest.,core/src/slice/iter/macros.rs:142-144,48328fef24b9a414c7599eb67374e2d10f3c26ce8316557ce897b9c9e5203fc1,frozen_inputs/slice/rust-core-slice/iter/macros.rs,/home/chentianyu/nanvix-rust-std-spec-survey/nanvix-rust-std-slice-vec-implproof-2026-08-12/proof_harnesses/020_core_slice_as_mut_ptr_range/harness.rs,,,,,,,,source-callee-provenance,context-only-source-closure,not-an-executable-boundary,This record closes the source call graph for provenance. It does not itself add an assumed transition or observation.,core/src/slice/iter/macros.rs:142-144,"{""body_end_line"":144,""frozen_relpath"":""frozen_inputs/slice/rust-core-slice/iter/macros.rs"",""item_sha256"":""48328fef24b9a414c7599eb67374e2d10f3c26ce8316557ce897b9c9e5203fc1"",""name"":""len"",""public"":false,""signature_start_line"":142,""source_reference_path"":""core/src/slice/iter/macros.rs""}",source-closure-provenance,slice-unknown-authority-v3
TS-020-C002,private-helper-callee,core::slice::as_mut_ptr_range,20,2,private_helper_callee_closure,len,source-indexed,Source-indexed private/public callee closure retained by the implementation-proof dependency manifest.,core/src/slice/sort/stable/drift.rs:295-297,39713253c1089e4b037e302f5b7358f257f51d24290f54f0efc0dc25d78323fc,frozen_inputs/slice/rust-core-slice/sort/stable/drift.rs,/home/chentianyu/nanvix-rust-std-spec-survey/nanvix-rust-std-slice-vec-implproof-2026-08-12/proof_harnesses/020_core_slice_as_mut_ptr_range/harness.rs,,,,,,,,source-callee-provenance,context-only-source-closure,not-an-executable-boundary,This record closes the source call graph for provenance. It does not itself add an assumed transition or observation.,core/src/slice/sort/stable/drift.rs:295-297,"{""body_end_line"":297,""frozen_relpath"":""frozen_inputs/slice/rust-core-slice/sort/stable/drift.rs"",""item_sha256"":""39713253c1089e4b037e302f5b7358f257f51d24290f54f0efc0dc25d78323fc"",""name"":""len"",""public"":false,""signature_start_line"":295,""source_reference_path"":""core/src/slice/sort/stable/drift.rs""}",source-closure-provenance,slice-unknown-authority-v3
TS-020-C003,private-helper-callee,core::slice::as_mut_ptr_range,20,3,private_helper_callee_closure,len,source-indexed,Source-indexed private/public callee closure retained by the implementation-proof dependency manifest.,alloc/src/vec/in_place_drop.rs:15-17,abc18bdf2169eed2a02867127488f3df813795a68b96b8e832725dab3e82adb9,frozen_inputs/vec/rust-alloc-vec/vec/in_place_drop.rs,/home/chentianyu/nanvix-rust-std-spec-survey/nanvix-rust-std-slice-vec-implproof-2026-08-12/proof_harnesses/020_core_slice_as_mut_ptr_range/harness.rs,,,,,,,,source-callee-provenance,context-only-source-closure,not-an-executable-boundary,This record closes the source call graph for provenance. It does not itself add an assumed transition or observation.,alloc/src/vec/in_place_drop.rs:15-17,"{""body_end_line"":17,""frozen_relpath"":""frozen_inputs/vec/rust-alloc-vec/vec/in_place_drop.rs"",""item_sha256"":""abc18bdf2169eed2a02867127488f3df813795a68b96b8e832725dab3e82adb9"",""name"":""len"",""public"":false,""signature_start_line"":15,""source_reference_path"":""alloc/src/vec/in_place_drop.rs""}",source-closure-provenance,slice-unknown-authority-v3
TS-020-E001,harness-external-body,core::slice::as_mut_ptr_range,20,1,verifier::external_body,rust_1_96_mut_ptr_add_range_end,active-explicit-trusted-body,Exact external-body site enumerated from the selected proof harness; semantics and source backing are supplied by linked dependency records and the retained harness signature.,,,,/home/chentianyu/nanvix-rust-std-spec-survey/nanvix-rust-std-slice-vec-implproof-2026-08-12/proof_harnesses/020_core_slice_as_mut_ptr_range/harness.rs,49,50,"pub unsafe fn rust_1_96_mut_ptr_add_range_end<T>( slice: &mut [T], start: *mut T, len: usize, ) -> (end: *mut T) requires",61,"pub unsafe fn rust_1_96_mut_ptr_add_range_end<T>(
    slice: &mut [T],
    start: *mut T,
    len: usize,
) -> (end: *mut T)
    requires
        slice_start_mut_ptr(old(slice)@, start),
        len == old(slice)@.len(),
    ensures
        slice_mut_ptr_range_result(old(slice)@, start..end),
        final(slice)@ == old(slice)@,
",ced2ce88cd07eb60e18e50f150510d1336198dfc5326a683e0e419646b4aac40,TS-020-D004,memory-layout-or-provenance-transition,inadmissible-answer-equivalent-result,answer-equivalent,"The retained transition fixes the target discriminant, aggregate result, or aggregate final storage strongly enough to encode the public answer even though it uses different predicate spelling.",core/src/slice/mod.rs:839-840,"{""attribute_line"":49,""contract_end_line"":61,""contract_text"":""pub unsafe fn rust_1_96_mut_ptr_add_range_end<T>(\n    slice: &mut [T],\n    start: *mut T,\n    len: usize,\n) -> (end: *mut T)\n    requires\n        slice_start_mut_ptr(old(slice)@, start),\n        len == old(slice)@.len(),\n    ensures\n        slice_mut_ptr_range_result(old(slice)@, start..end),\n        final(slice)@ == old(slice)@,\n"",""declaration_line"":50,""signature"":""pub unsafe fn rust_1_96_mut_ptr_add_range_end<T>( slice: &mut [T], start: *mut T, len: usize, ) -> (end: *mut T) requires"",""symbol"":""rust_1_96_mut_ptr_add_range_end""}",answer-equivalent-result,slice-unknown-authority-v3
TS-021-D001,dependency-manifest-record,core::slice::as_ptr,21,1,executable_slice_start_pointer_model_boundary,rust_1_96_slice_as_ptr_cast,verified_without_target_local_external_body,"The literal Rust 1.96 slice-to-thin-pointer cast remains unsupported by this Verus build, so this production seed uses an executable raw-pointer model witness rather than an external-body cast. The generated public postcondition is unchanged.",proof_harnesses/021_core_slice_as_ptr/source_excerpt.rs,,proof_harnesses/021_core_slice_as_ptr/source_excerpt.rs,/home/chentianyu/nanvix-rust-std-spec-survey/nanvix-rust-std-slice-vec-implproof-2026-08-12/proof_harnesses/021_core_slice_as_ptr/harness.rs,,,,,,,,panic-or-domain-transition,inadmissible-answer-equivalent-dependency,complete-target,The synthetic as_ptr helper constructs a null-provenance pointer whose address is the slice length and ensures the complete public slice-start postcondition. Canonical Rust 1.96 instead uses `self as *const [T] as *const T`; this helper repeats the target answer rather than modeling that cast.,proof_harnesses/021_core_slice_as_ptr/source_excerpt.rs,"{""kind"":""executable_slice_start_pointer_model_boundary"",""name"":""rust_1_96_slice_as_ptr_cast"",""rationale"":""The literal Rust 1.96 slice-to-thin-pointer cast remains unsupported by this Verus build, so this production seed uses an executable raw-pointer model witness rather than an external-body cast. The generated public postcondition is unchanged."",""source_excerpt_relpath"":""proof_harnesses/021_core_slice_as_ptr/source_excerpt.rs"",""status"":""verified_without_target_local_external_body""}",answer-equivalent-target-dependency,slice-unknown-authority-v3
TS-021-D002,dependency-manifest-record,core::slice::as_ptr,21,2,shared_model_helper,slice_start_ptr,executable_model_vocabulary,The helper is now an open model predicate over pointer address/provenance and the slice view length; the target contains no assume_specification and no target-local external_body.,,,,/home/chentianyu/nanvix-rust-std-spec-survey/nanvix-rust-std-slice-vec-implproof-2026-08-12/proof_harnesses/021_core_slice_as_ptr/harness.rs,,,,,,,,specification-vocabulary,context-only-specification-vocabulary,not-an-executable-boundary,"This record identifies target-local specification vocabulary. It is retained for binding, but is not admitted as an executable Boundary_T observation or transition.",manifest-local,"{""kind"":""shared_model_helper"",""name"":""slice_start_ptr"",""rationale"":""The helper is now an open model predicate over pointer address/provenance and the slice view length; the target contains no assume_specification and no target-local external_body."",""status"":""executable_model_vocabulary""}",specification-vocabulary,slice-unknown-authority-v3
TS-022-D001,dependency-manifest-record,core::slice::as_ptr_range,22,1,shared_model_helper,slice_ptr_range_result;slice_ptr_range_starts_at_slice;slice_start_ptr,existing_generated_contract_vocabulary_boundary,"The generated immutable pointer-range vocabulary is instantiated locally: the reviewed immutable slice-start pointer fact comes from the as_ptr dependency, and the range-result fact is linked only through the source-backed `start.add(self.len())` boundary. The target postcondition is not assumed directly.",,,,/home/chentianyu/nanvix-rust-std-spec-survey/nanvix-rust-std-slice-vec-implproof-2026-08-12/proof_harnesses/022_core_slice_as_ptr_range/harness.rs,,,,,,,,specification-vocabulary,context-only-specification-vocabulary,not-an-executable-boundary,"This record identifies target-local specification vocabulary. It is retained for binding, but is not admitted as an executable Boundary_T observation or transition.",manifest-local,"{""kind"":""shared_model_helper"",""name"":""slice_ptr_range_result;slice_ptr_range_starts_at_slice;slice_start_ptr"",""rationale"":""The generated immutable pointer-range vocabulary is instantiated locally: the reviewed immutable slice-start pointer fact comes from the as_ptr dependency, and the range-result fact is linked only through the source-backed `start.add(self.len())` boundary. The target postcondition is not assumed directly."",""status"":""existing_generated_contract_vocabulary_boundary""}",specification-vocabulary,slice-unknown-authority-v3
TS-022-D002,dependency-manifest-record,core::slice::as_ptr_range,22,2,generated_target_dependency,core::slice::as_ptr,reviewed_dependency_reused_for_immutable_pointer_start_fact,"The Rust 1.96 body first calls `self.as_ptr()`. The harness reuses the already reviewed as_ptr shape by calling a local executable wrapper with `slice_start_ptr(slice@, ptr)`.",core/src/slice/mod.rs:726-728 and 794; proof_harnesses/021_core_slice_as_ptr/harness.rs,,,/home/chentianyu/nanvix-rust-std-spec-survey/nanvix-rust-std-slice-vec-implproof-2026-08-12/proof_harnesses/022_core_slice_as_ptr_range/harness.rs,,,,,,,,memory-layout-or-provenance-transition,admissible-source-backed-support,partial-or-lower-level,"This exact frozen manifest record was audited as a named source dependency, callback, primitive, or local proof bridge. Its final disposition also incorporates every explicitly linked external site.",core/src/slice/mod.rs:726-728 and 794; proof_harnesses/021_core_slice_as_ptr/harness.rs,"{""kind"":""generated_target_dependency"",""name"":""core::slice::as_ptr"",""rationale"":""The Rust 1.96 body first calls `self.as_ptr()`. The harness reuses the already reviewed as_ptr shape by calling a local executable wrapper with `slice_start_ptr(slice@, ptr)`."",""source_lines"":""core/src/slice/mod.rs:726-728 and 794; proof_harnesses/021_core_slice_as_ptr/harness.rs"",""status"":""reviewed_dependency_reused_for_immutable_pointer_start_fact""}",source-backed-support,slice-unknown-authority-v3
TS-022-D003,dependency-manifest-record,core::slice::as_ptr_range,22,3,executable_slice_start_pointer_model,rust_1_96_slice_as_ptr_cast,verified_executable_model_no_external_body,"The local core::slice::as_ptr dependency wrapper now reuses the accepted null-provenance, length-address Slice start-pointer model instead of a target-local external_body cast boundary. Evidence: proof_inventory/raw_slice_start_pointer_range_consumers_20260818T0711Z/summary.json.",,,,/home/chentianyu/nanvix-rust-std-spec-survey/nanvix-rust-std-slice-vec-implproof-2026-08-12/proof_harnesses/022_core_slice_as_ptr_range/harness.rs,,,,,,,,panic-or-domain-transition,admissible-source-backed-support,partial-or-lower-level,"This exact frozen manifest record was audited as a named source dependency, callback, primitive, or local proof bridge. Its final disposition also incorporates every explicitly linked external site.",manifest-local,"{""kind"":""executable_slice_start_pointer_model"",""name"":""rust_1_96_slice_as_ptr_cast"",""rationale"":""The local core::slice::as_ptr dependency wrapper now reuses the accepted null-provenance, length-address Slice start-pointer model instead of a target-local external_body cast boundary. Evidence: proof_inventory/raw_slice_start_pointer_range_consumers_20260818T0711Z/summary.json."",""status"":""verified_executable_model_no_external_body"",""verification"":""proof_inventory/raw_slice_start_pointer_range_consumers_20260818T0711Z/summary.json""}",source-backed-support,slice-unknown-authority-v3
TS-022-D004,dependency-manifest-record,core::slice::as_ptr_range,22,4,source_backed_raw_pointer_add_range_boundary,rust_1_96_ptr_add_range_end,minimal_trusted_boundary_until_raw_pointer_add_provenance_is_modeled_by_verus,"The public target computes `let end = unsafe { start.add(self.len()) }`. Verus does not model the raw-pointer provenance and one-past-end arithmetic for `add`, so the harness isolates exactly that operation in a source-backed unsafe boundary whose contract connects the reviewed start pointer and current length to `slice_ptr_range_result`.",core/src/slice/mod.rs:794-813,b42ea830188debee4c9145f4e52e8a270861f5c3845a4f1c4a50e006987ed5d7,proof_harnesses/022_core_slice_as_ptr_range/source_excerpt.rs,/home/chentianyu/nanvix-rust-std-spec-survey/nanvix-rust-std-slice-vec-implproof-2026-08-12/proof_harnesses/022_core_slice_as_ptr_range/harness.rs,,,,,,,,panic-or-domain-transition,inadmissible-answer-bearing-support,complete-or-answer-equivalent,"Every linked executable site is explicitly audited as a complete target/branch postcondition, answer-equivalent result, or opaque whole algorithm. Source citation does not make it admissible.",core/src/slice/mod.rs:794-813,"{""adjudication"":{""attempt"":""Removed only this helper's external_body annotation while preserving the Rust `unsafe { start.add(len) }` body and the existing postconditions."",""diagnostics"":""proof_inventory/ptr_range_end_boundary_adjudication_20260814T1951Z/no_external_attempts/022_core_slice_as_ptr_range_no_external_add.stderr"",""outcome"":""retained; Verus rejects raw `*const T::add` at typecheck and requests an assume_specification for the std pointer-add method""},""kind"":""source_backed_raw_pointer_add_range_boundary"",""name"":""rust_1_96_ptr_add_range_end"",""rationale"":""The public target computes `let end = unsafe { start.add(self.len()) }`. Verus does not model the raw-pointer provenance and one-past-end arithmetic for `add`, so the harness isolates exactly that operation in a source-backed unsafe boundary whose contract connects the reviewed start pointer and current length to `slice_ptr_range_result`."",""source_excerpt_relpath"":""proof_harnesses/022_core_slice_as_ptr_range/source_excerpt.rs"",""source_lines"":""core/src/slice/mod.rs:794-813"",""source_sha256"":""b42ea830188debee4c9145f4e52e8a270861f5c3845a4f1c4a50e006987ed5d7"",""status"":""minimal_trusted_boundary_until_raw_pointer_add_provenance_is_modeled_by_verus""}",source-backed-support,slice-unknown-authority-v3
TS-022-C001,private-helper-callee,core::slice::as_ptr_range,22,1,private_helper_callee_closure,len,source-indexed,Source-indexed private/public callee closure retained by the implementation-proof dependency manifest.,core/src/slice/iter/macros.rs:142-144,48328fef24b9a414c7599eb67374e2d10f3c26ce8316557ce897b9c9e5203fc1,frozen_inputs/slice/rust-core-slice/iter/macros.rs,/home/chentianyu/nanvix-rust-std-spec-survey/nanvix-rust-std-slice-vec-implproof-2026-08-12/proof_harnesses/022_core_slice_as_ptr_range/harness.rs,,,,,,,,source-callee-provenance,context-only-source-closure,not-an-executable-boundary,This record closes the source call graph for provenance. It does not itself add an assumed transition or observation.,core/src/slice/iter/macros.rs:142-144,"{""body_end_line"":144,""frozen_relpath"":""frozen_inputs/slice/rust-core-slice/iter/macros.rs"",""item_sha256"":""48328fef24b9a414c7599eb67374e2d10f3c26ce8316557ce897b9c9e5203fc1"",""name"":""len"",""public"":false,""signature_start_line"":142,""source_reference_path"":""core/src/slice/iter/macros.rs""}",source-closure-provenance,slice-unknown-authority-v3
TS-022-C002,private-helper-callee,core::slice::as_ptr_range,22,2,private_helper_callee_closure,len,source-indexed,Source-indexed private/public callee closure retained by the implementation-proof dependency manifest.,core/src/slice/sort/stable/drift.rs:295-297,39713253c1089e4b037e302f5b7358f257f51d24290f54f0efc0dc25d78323fc,frozen_inputs/slice/rust-core-slice/sort/stable/drift.rs,/home/chentianyu/nanvix-rust-std-spec-survey/nanvix-rust-std-slice-vec-implproof-2026-08-12/proof_harnesses/022_core_slice_as_ptr_range/harness.rs,,,,,,,,source-callee-provenance,context-only-source-closure,not-an-executable-boundary,This record closes the source call graph for provenance. It does not itself add an assumed transition or observation.,core/src/slice/sort/stable/drift.rs:295-297,"{""body_end_line"":297,""frozen_relpath"":""frozen_inputs/slice/rust-core-slice/sort/stable/drift.rs"",""item_sha256"":""39713253c1089e4b037e302f5b7358f257f51d24290f54f0efc0dc25d78323fc"",""name"":""len"",""public"":false,""signature_start_line"":295,""source_reference_path"":""core/src/slice/sort/stable/drift.rs""}",source-closure-provenance,slice-unknown-authority-v3
TS-022-C003,private-helper-callee,core::slice::as_ptr_range,22,3,private_helper_callee_closure,len,source-indexed,Source-indexed private/public callee closure retained by the implementation-proof dependency manifest.,alloc/src/vec/in_place_drop.rs:15-17,abc18bdf2169eed2a02867127488f3df813795a68b96b8e832725dab3e82adb9,frozen_inputs/vec/rust-alloc-vec/vec/in_place_drop.rs,/home/chentianyu/nanvix-rust-std-spec-survey/nanvix-rust-std-slice-vec-implproof-2026-08-12/proof_harnesses/022_core_slice_as_ptr_range/harness.rs,,,,,,,,source-callee-provenance,context-only-source-closure,not-an-executable-boundary,This record closes the source call graph for provenance. It does not itself add an assumed transition or observation.,alloc/src/vec/in_place_drop.rs:15-17,"{""body_end_line"":17,""frozen_relpath"":""frozen_inputs/vec/rust-alloc-vec/vec/in_place_drop.rs"",""item_sha256"":""abc18bdf2169eed2a02867127488f3df813795a68b96b8e832725dab3e82adb9"",""name"":""len"",""public"":false,""signature_start_line"":15,""source_reference_path"":""alloc/src/vec/in_place_drop.rs""}",source-closure-provenance,slice-unknown-authority-v3
TS-022-E001,harness-external-body,core::slice::as_ptr_range,22,1,verifier::external_body,rust_1_96_ptr_add_range_end,active-explicit-trusted-body,Exact external-body site enumerated from the selected proof harness; semantics and source backing are supplied by linked dependency records and the retained harness signature.,,,,/home/chentianyu/nanvix-rust-std-spec-survey/nanvix-rust-std-slice-vec-implproof-2026-08-12/proof_harnesses/022_core_slice_as_ptr_range/harness.rs,47,48,"pub unsafe fn rust_1_96_ptr_add_range_end<T>( slice: &[T], start: *const T, len: usize, ) -> (end: *const T) requires",58,"pub unsafe fn rust_1_96_ptr_add_range_end<T>(
    slice: &[T],
    start: *const T,
    len: usize,
) -> (end: *const T)
    requires
        slice_start_ptr(slice@, start),
        len == slice@.len(),
    ensures
        slice_ptr_range_result(slice@, start..end),
",abb0e6c75b2cb1ffbfbb1c317997b29c6c2d7a99853c3280197ddfa1b8a8b1ef,TS-022-D004,memory-layout-or-provenance-transition,inadmissible-answer-equivalent-result,answer-equivalent,"The retained transition fixes the target discriminant, aggregate result, or aggregate final storage strongly enough to encode the public answer even though it uses different predicate spelling.",core/src/slice/mod.rs:794-813,"{""attribute_line"":47,""contract_end_line"":58,""contract_text"":""pub unsafe fn rust_1_96_ptr_add_range_end<T>(\n    slice: &[T],\n    start: *const T,\n    len: usize,\n) -> (end: *const T)\n    requires\n        slice_start_ptr(slice@, start),\n        len == slice@.len(),\n    ensures\n        slice_ptr_range_result(slice@, start..end),\n"",""declaration_line"":48,""signature"":""pub unsafe fn rust_1_96_ptr_add_range_end<T>( slice: &[T], start: *const T, len: usize, ) -> (end: *const T) requires"",""symbol"":""rust_1_96_ptr_add_range_end""}",answer-equivalent-result,slice-unknown-authority-v3
TS-023-D001,dependency-manifest-record,core::slice::as_rchunks,23,1,shared_model_helper,array_value_view;flatten_array_chunks;slice_array_rchunks_partition,audited_generated_contract_vocabulary_instantiated_in_harness,The generated contract's shared array-chunk vocabulary is inlined as open spec definitions so Verus can check the returned prefix remainder plus flattened chunk suffix relation without assuming the target postcondition.,frozen_inputs/slice/specs/slice_shared_vocabulary.rs:921-959,,,/home/chentianyu/nanvix-rust-std-spec-survey/nanvix-rust-std-slice-vec-implproof-2026-08-12/proof_harnesses/023_core_slice_as_rchunks/harness.rs,,,,,,,,specification-vocabulary,context-only-specification-vocabulary,not-an-executable-boundary,"This record identifies target-local specification vocabulary. It is retained for binding, but is not admitted as an executable Boundary_T observation or transition.",frozen_inputs/slice/specs/slice_shared_vocabulary.rs:921-959,"{""kind"":""shared_model_helper"",""name"":""array_value_view;flatten_array_chunks;slice_array_rchunks_partition"",""rationale"":""The generated contract's shared array-chunk vocabulary is inlined as open spec definitions so Verus can check the returned prefix remainder plus flattened chunk suffix relation without assuming the target postcondition."",""source_lines"":""frozen_inputs/slice/specs/slice_shared_vocabulary.rs:921-959"",""status"":""audited_generated_contract_vocabulary_instantiated_in_harness""}",specification-vocabulary,slice-unknown-authority-v3
TS-023-D002,dependency-manifest-record,core::slice::as_rchunks,23,2,existing_vstd_source_contract_boundary,<[T]>::split_at,minimal_trusted_boundary_for_safe_slice_split_view_facts,The Rust 1.96 target body calls safe `split_at(self.len() - len * N)`. The harness uses the reviewed vstd split_at sequence facts at that exact proved-in-bounds index while the exact-vstd implementation proof for split_at remains a later obligation.,core/src/slice/mod.rs:1446; core/src/slice/mod.rs:1955,,,/home/chentianyu/nanvix-rust-std-spec-survey/nanvix-rust-std-slice-vec-implproof-2026-08-12/proof_harnesses/023_core_slice_as_rchunks/harness.rs,,,,,,,,panic-or-domain-transition,admissible-source-backed-support,partial-or-lower-level,"This exact frozen manifest record was audited as a named source dependency, callback, primitive, or local proof bridge. Its final disposition also incorporates every explicitly linked external site.",core/src/slice/mod.rs:1446; core/src/slice/mod.rs:1955,"{""kind"":""existing_vstd_source_contract_boundary"",""name"":""<[T]>::split_at"",""rationale"":""The Rust 1.96 target body calls safe `split_at(self.len() - len * N)`. The harness uses the reviewed vstd split_at sequence facts at that exact proved-in-bounds index while the exact-vstd implementation proof for split_at remains a later obligation."",""source_lines"":""core/src/slice/mod.rs:1446; core/src/slice/mod.rs:1955"",""status"":""minimal_trusted_boundary_for_safe_slice_split_view_facts""}",source-backed-support,slice-unknown-authority-v3
TS-023-D003,dependency-manifest-record,core::slice::as_rchunks,23,3,source_backed_unsafe_array_chunk_view_boundary,rust_1_96_as_chunks_unchecked_view,minimal_trusted_boundary_for_source_backed_unsafe_slice_to_array_chunks_view,The public target body keeps the unsafe chunk conversion point after proving the suffix length is a multiple of N. The target-local external-body boundary models only Rust 1.96 `as_chunks_unchecked`'s array-slice view relation `flatten_array_chunks(ret@) == multiple_of_n@`; it does not assume the full as_rchunks postcondition.,core/src/slice/mod.rs:1448-1450; core/src/slice/mod.rs:1338-1349,,,/home/chentianyu/nanvix-rust-std-spec-survey/nanvix-rust-std-slice-vec-implproof-2026-08-12/proof_harnesses/023_core_slice_as_rchunks/harness.rs,,,,,,,,panic-or-domain-transition,admissible-source-backed-support,partial-or-lower-level,"This exact frozen manifest record was audited as a named source dependency, callback, primitive, or local proof bridge. Its final disposition also incorporates every explicitly linked external site.",core/src/slice/mod.rs:1448-1450; core/src/slice/mod.rs:1338-1349,"{""kind"":""source_backed_unsafe_array_chunk_view_boundary"",""name"":""rust_1_96_as_chunks_unchecked_view"",""rationale"":""The public target body keeps the unsafe chunk conversion point after proving the suffix length is a multiple of N. The target-local external-body boundary models only Rust 1.96 `as_chunks_unchecked`'s array-slice view relation `flatten_array_chunks(ret@) == multiple_of_n@`; it does not assume the full as_rchunks postcondition."",""source_lines"":""core/src/slice/mod.rs:1448-1450; core/src/slice/mod.rs:1338-1349"",""status"":""minimal_trusted_boundary_for_source_backed_unsafe_slice_to_array_chunks_view""}",source-backed-support,slice-unknown-authority-v3
TS-023-D004,dependency-manifest-record,core::slice::as_rchunks,23,4,panic_or_bounds,assert!(N != 0),discharged_by_target_precondition,The generated precondition `N != 0` makes the Rust assertion pass; the Verus harness keeps the assertion as a proof assertion.,core/src/slice/mod.rs:1444,,,/home/chentianyu/nanvix-rust-std-spec-survey/nanvix-rust-std-slice-vec-implproof-2026-08-12/proof_harnesses/023_core_slice_as_rchunks/harness.rs,,,,,,,,panic-or-domain-transition,admissible-source-backed-support,partial-or-lower-level,"This exact frozen manifest record was audited as a named source dependency, callback, primitive, or local proof bridge. Its final disposition also incorporates every explicitly linked external site.",core/src/slice/mod.rs:1444,"{""kind"":""panic_or_bounds"",""name"":""assert!(N != 0)"",""rationale"":""The generated precondition `N != 0` makes the Rust assertion pass; the Verus harness keeps the assertion as a proof assertion."",""source_lines"":""core/src/slice/mod.rs:1444"",""status"":""discharged_by_target_precondition""}",source-backed-support,slice-unknown-authority-v3
TS-023-E001,harness-external-body,core::slice::as_rchunks,23,1,verifier::external_body,rust_1_96_as_chunks_unchecked_view,active-explicit-trusted-body,Exact external-body site enumerated from the selected proof harness; semantics and source backing are supplied by linked dependency records and the retained harness signature.,,,,/home/chentianyu/nanvix-rust-std-spec-survey/nanvix-rust-std-slice-vec-implproof-2026-08-12/proof_harnesses/023_core_slice_as_rchunks/harness.rs,37,38,"pub unsafe fn rust_1_96_as_chunks_unchecked_view<'a, T, const N: usize>( slice: &'a [T], ) -> (ret: &'a [[T; N]]) requires",46,"pub unsafe fn rust_1_96_as_chunks_unchecked_view<'a, T, const N: usize>(
    slice: &'a [T],
) -> (ret: &'a [[T; N]])
    requires
        N != 0,
        (slice@.len() as int) % (N as int) == 0,
    ensures
        flatten_array_chunks::<T, N>(ret@) == slice@,
",03e3470e758b82811191dea96545af182fb10ad64a64ea279f327a0857078556,TS-023-D003,range-or-borrow-transition,admissible-source-backed-lower-boundary,partial-or-lower-level,The helper operates on a derived sub-borrow or lower source callee; the caller must still construct the target result.,core/src/slice/mod.rs:1448-1450; core/src/slice/mod.rs:1338-1349,"{""attribute_line"":37,""contract_end_line"":46,""contract_text"":""pub unsafe fn rust_1_96_as_chunks_unchecked_view<'a, T, const N: usize>(\n    slice: &'a [T],\n) -> (ret: &'a [[T; N]])\n    requires\n        N != 0,\n        (slice@.len() as int) % (N as int) == 0,\n    ensures\n        flatten_array_chunks::<T, N>(ret@) == slice@,\n"",""declaration_line"":38,""signature"":""pub unsafe fn rust_1_96_as_chunks_unchecked_view<'a, T, const N: usize>( slice: &'a [T], ) -> (ret: &'a [[T; N]]) requires"",""symbol"":""rust_1_96_as_chunks_unchecked_view""}",derived-borrow-source-callee,slice-unknown-authority-v3
TS-024-D001,dependency-manifest-record,core::slice::as_rchunks_mut,24,1,shared_model_helper,array_value_view;flatten_array_chunks;slice_array_rchunks_partition,audited_generated_contract_vocabulary_instantiated_in_harness,The generated contract's shared array-chunk vocabulary is inlined as open spec definitions so Verus can check the returned prefix remainder plus flattened mutable chunk suffix relation without assuming the target postcondition.,frozen_inputs/slice/specs/slice_shared_vocabulary.rs:921-959,,,/home/chentianyu/nanvix-rust-std-spec-survey/nanvix-rust-std-slice-vec-implproof-2026-08-12/proof_harnesses/024_core_slice_as_rchunks_mut/harness.rs,,,,,,,,specification-vocabulary,context-only-specification-vocabulary,not-an-executable-boundary,"This record identifies target-local specification vocabulary. It is retained for binding, but is not admitted as an executable Boundary_T observation or transition.",frozen_inputs/slice/specs/slice_shared_vocabulary.rs:921-959,"{""kind"":""shared_model_helper"",""name"":""array_value_view;flatten_array_chunks;slice_array_rchunks_partition"",""rationale"":""The generated contract's shared array-chunk vocabulary is inlined as open spec definitions so Verus can check the returned prefix remainder plus flattened mutable chunk suffix relation without assuming the target postcondition."",""source_lines"":""frozen_inputs/slice/specs/slice_shared_vocabulary.rs:921-959"",""status"":""audited_generated_contract_vocabulary_instantiated_in_harness""}",specification-vocabulary,slice-unknown-authority-v3
TS-024-D002,dependency-manifest-record,core::slice::as_rchunks_mut,24,2,existing_vstd_source_contract_boundary,<[T]>::split_at_mut,minimal_trusted_boundary_for_safe_mutable_slice_split_view_and_final_frame_facts,The Rust 1.96 target body calls safe `split_at_mut(self.len() - len * N)`. The harness uses reviewed vstd mutable split view and final-frame facts at that exact proved-in-bounds index while the exact-vstd implementation proof for split_at_mut remains a later obligation.,core/src/slice/mod.rs:1608; core/src/slice/mod.rs:1947,,,/home/chentianyu/nanvix-rust-std-spec-survey/nanvix-rust-std-slice-vec-implproof-2026-08-12/proof_harnesses/024_core_slice_as_rchunks_mut/harness.rs,,,,,,,,panic-or-domain-transition,admissible-source-backed-support,partial-or-lower-level,"This exact frozen manifest record was audited as a named source dependency, callback, primitive, or local proof bridge. Its final disposition also incorporates every explicitly linked external site.",core/src/slice/mod.rs:1608; core/src/slice/mod.rs:1947,"{""kind"":""existing_vstd_source_contract_boundary"",""name"":""<[T]>::split_at_mut"",""rationale"":""The Rust 1.96 target body calls safe `split_at_mut(self.len() - len * N)`. The harness uses reviewed vstd mutable split view and final-frame facts at that exact proved-in-bounds index while the exact-vstd implementation proof for split_at_mut remains a later obligation."",""source_lines"":""core/src/slice/mod.rs:1608; core/src/slice/mod.rs:1947"",""status"":""minimal_trusted_boundary_for_safe_mutable_slice_split_view_and_final_frame_facts""}",source-backed-support,slice-unknown-authority-v3
TS-024-D003,dependency-manifest-record,core::slice::as_rchunks_mut,24,3,source_backed_unsafe_array_chunk_view_boundary,rust_1_96_as_chunks_unchecked_mut_view,minimal_trusted_boundary_for_source_backed_unsafe_mut_slice_to_array_chunks_view,The public target body keeps the unsafe mutable chunk conversion point after proving the suffix length is a multiple of N. The target-local external-body boundary models only Rust 1.96 `as_chunks_unchecked_mut`'s old-view and final-view array-slice relation; it does not assume the full as_rchunks_mut postcondition.,core/src/slice/mod.rs:1610-1612; core/src/slice/mod.rs:1498-1509,,,/home/chentianyu/nanvix-rust-std-spec-survey/nanvix-rust-std-slice-vec-implproof-2026-08-12/proof_harnesses/024_core_slice_as_rchunks_mut/harness.rs,,,,,,,,panic-or-domain-transition,admissible-source-backed-support,partial-or-lower-level,"This exact frozen manifest record was audited as a named source dependency, callback, primitive, or local proof bridge. Its final disposition also incorporates every explicitly linked external site.",core/src/slice/mod.rs:1610-1612; core/src/slice/mod.rs:1498-1509,"{""kind"":""source_backed_unsafe_array_chunk_view_boundary"",""name"":""rust_1_96_as_chunks_unchecked_mut_view"",""rationale"":""The public target body keeps the unsafe mutable chunk conversion point after proving the suffix length is a multiple of N. The target-local external-body boundary models only Rust 1.96 `as_chunks_unchecked_mut`'s old-view and final-view array-slice relation; it does not assume the full as_rchunks_mut postcondition."",""source_lines"":""core/src/slice/mod.rs:1610-1612; core/src/slice/mod.rs:1498-1509"",""status"":""minimal_trusted_boundary_for_source_backed_unsafe_mut_slice_to_array_chunks_view""}",source-backed-support,slice-unknown-authority-v3
TS-024-D004,dependency-manifest-record,core::slice::as_rchunks_mut,24,4,panic_or_bounds,assert!(N != 0),discharged_by_target_precondition,The generated precondition `N != 0` makes the Rust assertion pass; the Verus harness keeps the assertion as a proof assertion.,core/src/slice/mod.rs:1606,,,/home/chentianyu/nanvix-rust-std-spec-survey/nanvix-rust-std-slice-vec-implproof-2026-08-12/proof_harnesses/024_core_slice_as_rchunks_mut/harness.rs,,,,,,,,panic-or-domain-transition,admissible-source-backed-support,partial-or-lower-level,"This exact frozen manifest record was audited as a named source dependency, callback, primitive, or local proof bridge. Its final disposition also incorporates every explicitly linked external site.",core/src/slice/mod.rs:1606,"{""kind"":""panic_or_bounds"",""name"":""assert!(N != 0)"",""rationale"":""The generated precondition `N != 0` makes the Rust assertion pass; the Verus harness keeps the assertion as a proof assertion."",""source_lines"":""core/src/slice/mod.rs:1606"",""status"":""discharged_by_target_precondition""}",source-backed-support,slice-unknown-authority-v3
TS-024-E001,harness-external-body,core::slice::as_rchunks_mut,24,1,verifier::external_body,rust_1_96_as_chunks_unchecked_mut_view,active-explicit-trusted-body,Exact external-body site enumerated from the selected proof harness; semantics and source backing are supplied by linked dependency records and the retained harness signature.,,,,/home/chentianyu/nanvix-rust-std-spec-survey/nanvix-rust-std-slice-vec-implproof-2026-08-12/proof_harnesses/024_core_slice_as_rchunks_mut/harness.rs,37,38,"pub unsafe fn rust_1_96_as_chunks_unchecked_mut_view<'a, T, const N: usize>( slice: &'a mut [T], ) -> (ret: &'a mut [[T; N]]) requires",47,"pub unsafe fn rust_1_96_as_chunks_unchecked_mut_view<'a, T, const N: usize>(
    slice: &'a mut [T],
) -> (ret: &'a mut [[T; N]])
    requires
        N != 0,
        (old(slice)@.len() as int) % (N as int) == 0,
    ensures
        flatten_array_chunks::<T, N>(ret@) == old(slice)@,
        final(slice)@ == flatten_array_chunks::<T, N>(final(ret)@),
",eed1ca72d369dceb5e366b264c8a287749197d51855611a40bd82844f6486443,TS-024-D003,range-or-borrow-transition,admissible-source-backed-lower-boundary,partial-or-lower-level,The helper operates on a derived sub-borrow or lower source callee; the caller must still construct the target result.,core/src/slice/mod.rs:1610-1612; core/src/slice/mod.rs:1498-1509,"{""attribute_line"":37,""contract_end_line"":47,""contract_text"":""pub unsafe fn rust_1_96_as_chunks_unchecked_mut_view<'a, T, const N: usize>(\n    slice: &'a mut [T],\n) -> (ret: &'a mut [[T; N]])\n    requires\n        N != 0,\n        (old(slice)@.len() as int) % (N as int) == 0,\n    ensures\n        flatten_array_chunks::<T, N>(ret@) == old(slice)@,\n        final(slice)@ == flatten_array_chunks::<T, N>(final(ret)@),\n"",""declaration_line"":38,""signature"":""pub unsafe fn rust_1_96_as_chunks_unchecked_mut_view<'a, T, const N: usize>( slice: &'a mut [T], ) -> (ret: &'a mut [[T; N]]) requires"",""symbol"":""rust_1_96_as_chunks_unchecked_mut_view""}",derived-borrow-source-callee,slice-unknown-authority-v3
TS-025-D001,dependency-manifest-record,core::slice::assume_init_drop,25,1,shared_model_helper,MaybeUninitSliceRelation;maybe_uninit_seq_relation;maybe_uninit_all_initialized;maybe_uninit_drop_all;maybe_uninit_relation_well_formed,audited_generated_contract_vocabulary_instantiated_in_harness,"The generated MaybeUninit raw-storage vocabulary is instantiated in the harness as target-local spec definitions, with only uninterpreted per-slot initialization/value projections and no assumption of the target postcondition.",frozen_inputs/slice/specs/slice_shared_vocabulary.rs:1143-1185,,,/home/chentianyu/nanvix-rust-std-spec-survey/nanvix-rust-std-slice-vec-implproof-2026-08-12/proof_harnesses/025_core_slice_assume_init_drop/harness.rs,,,,,,,,specification-vocabulary,context-only-specification-vocabulary,not-an-executable-boundary,"This record identifies target-local specification vocabulary. It is retained for binding, but is not admitted as an executable Boundary_T observation or transition.",frozen_inputs/slice/specs/slice_shared_vocabulary.rs:1143-1185,"{""kind"":""shared_model_helper"",""name"":""MaybeUninitSliceRelation;maybe_uninit_seq_relation;maybe_uninit_all_initialized;maybe_uninit_drop_all;maybe_uninit_relation_well_formed"",""rationale"":""The generated MaybeUninit raw-storage vocabulary is instantiated in the harness as target-local spec definitions, with only uninterpreted per-slot initialization/value projections and no assumption of the target postcondition."",""source_lines"":""frozen_inputs/slice/specs/slice_shared_vocabulary.rs:1143-1185"",""status"":""audited_generated_contract_vocabulary_instantiated_in_harness""}",specification-vocabulary,slice-unknown-authority-v3
TS-025-D002,dependency-manifest-record,core::slice::assume_init_drop,25,2,source_backed_maybe_uninit_drop_boundary,rust_1_96_assume_init_drop_in_place,minimal_trusted_boundary_for_source_backed_maybeuninit_raw_pointer_destruct_drop_semantics,"The public target keeps the Rust nonempty branch and calls a target-local boundary whose body is exactly Rust 1.96 `ptr::drop_in_place(self as *mut [MaybeUninit<T>] as *mut [T])`. The boundary models only the MaybeUninit initialized-to-dropped storage transition plus length preservation, covering the raw-pointer/provenance, Destruct, and destructor semantics that Verus does not model directly.",core/src/mem/maybe_uninit.rs:1486-1496,a07f771f6f96b6dd1b45e87e2496862f0ec8fc9578ee326cd1da6efb80c47b9f,proof_harnesses/025_core_slice_assume_init_drop/source_excerpt.rs,/home/chentianyu/nanvix-rust-std-spec-survey/nanvix-rust-std-slice-vec-implproof-2026-08-12/proof_harnesses/025_core_slice_assume_init_drop/harness.rs,,,,,,,,panic-or-domain-transition,inadmissible-answer-bearing-support,complete-or-answer-equivalent,"Every linked executable site is explicitly audited as a complete target/branch postcondition, answer-equivalent result, or opaque whole algorithm. Source citation does not make it admissible.",core/src/mem/maybe_uninit.rs:1486-1496,"{""kind"":""source_backed_maybe_uninit_drop_boundary"",""name"":""rust_1_96_assume_init_drop_in_place"",""rationale"":""The public target keeps the Rust nonempty branch and calls a target-local boundary whose body is exactly Rust 1.96 `ptr::drop_in_place(self as *mut [MaybeUninit<T>] as *mut [T])`. The boundary models only the MaybeUninit initialized-to-dropped storage transition plus length preservation, covering the raw-pointer/provenance, Destruct, and destructor semantics that Verus does not model directly."",""source_excerpt_relpath"":""proof_harnesses/025_core_slice_assume_init_drop/source_excerpt.rs"",""source_lines"":""core/src/mem/maybe_uninit.rs:1486-1496"",""source_sha256"":""a07f771f6f96b6dd1b45e87e2496862f0ec8fc9578ee326cd1da6efb80c47b9f"",""status"":""minimal_trusted_boundary_for_source_backed_maybeuninit_raw_pointer_destruct_drop_semantics""}",source-backed-support,slice-unknown-authority-v3
TS-025-D003,dependency-manifest-record,core::slice::assume_init_drop,25,3,safe_slice_observation,<[MaybeUninit<T>]>::is_empty,discharged_by_vstd_slice_len_is_empty_view,The target preserves Rust 1.96 `if !self.is_empty()` as the executable nonempty guard before the unsafe drop boundary; no target postcondition is assumed on the empty path.,core/src/mem/maybe_uninit.rs:1490,,,/home/chentianyu/nanvix-rust-std-spec-survey/nanvix-rust-std-slice-vec-implproof-2026-08-12/proof_harnesses/025_core_slice_assume_init_drop/harness.rs,,,,,,,,panic-or-domain-transition,admissible-source-backed-support,partial-or-lower-level,"This exact frozen manifest record was audited as a named source dependency, callback, primitive, or local proof bridge. Its final disposition also incorporates every explicitly linked external site.",core/src/mem/maybe_uninit.rs:1490,"{""kind"":""safe_slice_observation"",""name"":""<[MaybeUninit<T>]>::is_empty"",""rationale"":""The target preserves Rust 1.96 `if !self.is_empty()` as the executable nonempty guard before the unsafe drop boundary; no target postcondition is assumed on the empty path."",""source_lines"":""core/src/mem/maybe_uninit.rs:1490"",""status"":""discharged_by_vstd_slice_len_is_empty_view""}",source-backed-support,slice-unknown-authority-v3
TS-025-E001,harness-external-body,core::slice::assume_init_drop,25,1,verifier::external_body,rust_1_96_assume_init_drop_in_place,active-explicit-trusted-body,Exact external-body site enumerated from the selected proof harness; semantics and source backing are supplied by linked dependency records and the retained harness signature.,,,,/home/chentianyu/nanvix-rust-std-spec-survey/nanvix-rust-std-slice-vec-implproof-2026-08-12/proof_harnesses/025_core_slice_assume_init_drop/harness.rs,62,63,pub unsafe fn rust_1_96_assume_init_drop_in_place<T>(slice: &mut [MaybeUninit<T>]) requires,80,"pub unsafe fn rust_1_96_assume_init_drop_in_place<T>(slice: &mut [MaybeUninit<T>])
    requires
        maybe_uninit_all_initialized(maybe_uninit_seq_relation(old(slice)@)),
    ensures
        maybe_uninit_relation_well_formed(
            maybe_uninit_seq_relation(old(slice)@),
            old(slice)@.len() as int,
        ),
        maybe_uninit_relation_well_formed(
            maybe_uninit_seq_relation(final(slice)@),
            final(slice)@.len() as int,
        ),
        final(slice)@.len() == old(slice)@.len(),
        maybe_uninit_drop_all(
            maybe_uninit_seq_relation(old(slice)@),
            maybe_uninit_seq_relation(final(slice)@),
        ),
",3b63378f210c47faa08eefdf7ceced46f7857c356ce64930602563381bcf951c,TS-025-D002,memory-layout-or-provenance-transition,inadmissible-complete-target-postcondition,complete-target,The retained contract states the target's complete principal return and/or final-state postcondition. Source backing cannot make a whole target answer an admissible Boundary_T observation.,core/src/mem/maybe_uninit.rs:1486-1496,"{""attribute_line"":62,""contract_end_line"":80,""contract_text"":""pub unsafe fn rust_1_96_assume_init_drop_in_place<T>(slice: &mut [MaybeUninit<T>])\n    requires\n        maybe_uninit_all_initialized(maybe_uninit_seq_relation(old(slice)@)),\n    ensures\n        maybe_uninit_relation_well_formed(\n            maybe_uninit_seq_relation(old(slice)@),\n            old(slice)@.len() as int,\n        ),\n        maybe_uninit_relation_well_formed(\n            maybe_uninit_seq_relation(final(slice)@),\n            final(slice)@.len() as int,\n        ),\n        final(slice)@.len() == old(slice)@.len(),\n        maybe_uninit_drop_all(\n            maybe_uninit_seq_relation(old(slice)@),\n            maybe_uninit_seq_relation(final(slice)@),\n        ),\n"",""declaration_line"":63,""signature"":""pub unsafe fn rust_1_96_assume_init_drop_in_place<T>(slice: &mut [MaybeUninit<T>]) requires"",""symbol"":""rust_1_96_assume_init_drop_in_place""}",complete-target-postcondition,slice-unknown-authority-v3
TS-026-D001,dependency-manifest-record,core::slice::assume_init_mut,26,1,shared_model_helper,MaybeUninitSliceRelation;maybe_uninit_seq_relation;maybe_uninit_all_initialized;maybe_uninit_relation_well_formed,audited_generated_contract_vocabulary_instantiated_in_harness,"The generated MaybeUninit raw-storage vocabulary is instantiated in the harness as target-local spec definitions, with only uninterpreted per-slot initialization/value projections and no assumption of the target postcondition.",frozen_inputs/slice/specs/slice_shared_vocabulary.rs:1143-1185,,,/home/chentianyu/nanvix-rust-std-spec-survey/nanvix-rust-std-slice-vec-implproof-2026-08-12/proof_harnesses/026_core_slice_assume_init_mut/harness.rs,,,,,,,,specification-vocabulary,context-only-specification-vocabulary,not-an-executable-boundary,"This record identifies target-local specification vocabulary. It is retained for binding, but is not admitted as an executable Boundary_T observation or transition.",frozen_inputs/slice/specs/slice_shared_vocabulary.rs:1143-1185,"{""kind"":""shared_model_helper"",""name"":""MaybeUninitSliceRelation;maybe_uninit_seq_relation;maybe_uninit_all_initialized;maybe_uninit_relation_well_formed"",""rationale"":""The generated MaybeUninit raw-storage vocabulary is instantiated in the harness as target-local spec definitions, with only uninterpreted per-slot initialization/value projections and no assumption of the target postcondition."",""source_lines"":""frozen_inputs/slice/specs/slice_shared_vocabulary.rs:1143-1185"",""status"":""audited_generated_contract_vocabulary_instantiated_in_harness""}",specification-vocabulary,slice-unknown-authority-v3
TS-026-D002,dependency-manifest-record,core::slice::assume_init_mut,26,2,source_backed_raw_pointer_cast_boundary,rust_1_96_assume_init_mut_raw_cast,minimal_trusted_boundary_for_source_backed_maybeuninit_mut_raw_pointer_cast_semantics,"The public target keeps an executable body that calls a target-local boundary whose body is exactly Rust 1.96 `unsafe { &mut *(self as *mut Self as *mut [T]) }`, adapted only from the inherent receiver to `slice as *mut [MaybeUninit<T>] as *mut [T]`. The boundary models the MaybeUninit initialized-storage-to-mutable-slice view relation, length preservation, and final mutable-slice/raw-storage relation that Verus does not model directly.",core/src/mem/maybe_uninit.rs:1527-1531,beb997b66dd7cca2818667bddfe1e1ade51676cdf0ea4f32cf6253af1c0234f4,proof_harnesses/026_core_slice_assume_init_mut/source_excerpt.rs,/home/chentianyu/nanvix-rust-std-spec-survey/nanvix-rust-std-slice-vec-implproof-2026-08-12/proof_harnesses/026_core_slice_assume_init_mut/harness.rs,,,,,,,,panic-or-domain-transition,inadmissible-answer-bearing-support,complete-or-answer-equivalent,"Every linked executable site is explicitly audited as a complete target/branch postcondition, answer-equivalent result, or opaque whole algorithm. Source citation does not make it admissible.",core/src/mem/maybe_uninit.rs:1527-1531,"{""kind"":""source_backed_raw_pointer_cast_boundary"",""name"":""rust_1_96_assume_init_mut_raw_cast"",""rationale"":""The public target keeps an executable body that calls a target-local boundary whose body is exactly Rust 1.96 `unsafe { &mut *(self as *mut Self as *mut [T]) }`, adapted only from the inherent receiver to `slice as *mut [MaybeUninit<T>] as *mut [T]`. The boundary models the MaybeUninit initialized-storage-to-mutable-slice view relation, length preservation, and final mutable-slice/raw-storage relation that Verus does not model directly."",""source_excerpt_relpath"":""proof_harnesses/026_core_slice_assume_init_mut/source_excerpt.rs"",""source_lines"":""core/src/mem/maybe_uninit.rs:1527-1531"",""source_sha256"":""beb997b66dd7cca2818667bddfe1e1ade51676cdf0ea4f32cf6253af1c0234f4"",""status"":""minimal_trusted_boundary_for_source_backed_maybeuninit_mut_raw_pointer_cast_semantics""}",source-backed-support,slice-unknown-authority-v3
TS-026-E001,harness-external-body,core::slice::assume_init_mut,26,1,verifier::external_body,rust_1_96_assume_init_mut_raw_cast,active-explicit-trusted-body,Exact external-body site enumerated from the selected proof harness; semantics and source backing are supplied by linked dependency records and the retained harness signature.,,,,/home/chentianyu/nanvix-rust-std-spec-survey/nanvix-rust-std-slice-vec-implproof-2026-08-12/proof_harnesses/026_core_slice_assume_init_mut/harness.rs,52,53,"pub unsafe fn rust_1_96_assume_init_mut_raw_cast<'a, T>( slice: &'a mut [MaybeUninit<T>], ) -> (ret: &'a mut [T]) requires",73,"pub unsafe fn rust_1_96_assume_init_mut_raw_cast<'a, T>(
    slice: &'a mut [MaybeUninit<T>],
) -> (ret: &'a mut [T])
    requires
        maybe_uninit_all_initialized(maybe_uninit_seq_relation(old(slice)@)),
    ensures
        maybe_uninit_relation_well_formed(
            maybe_uninit_seq_relation(old(slice)@),
            old(slice)@.len() as int,
        ),
        maybe_uninit_relation_well_formed(
            maybe_uninit_seq_relation(final(slice)@),
            final(slice)@.len() as int,
        ),
        final(slice)@.len() == old(slice)@.len(),
        ret@ == maybe_uninit_seq_relation(old(slice)@).values,
        ret@.len() == old(slice)@.len(),
        final(ret)@.len() == final(slice)@.len(),
        maybe_uninit_all_initialized(maybe_uninit_seq_relation(final(slice)@)),
        maybe_uninit_seq_relation(final(slice)@).values == final(ret)@,
",1f28f30aafb9e89f30cc52af573e0ce8ac9f44fddea8624153cdb3d1738f051b,TS-026-D002,memory-layout-or-provenance-transition,inadmissible-complete-target-postcondition,complete-target,The retained contract states the target's complete principal return and/or final-state postcondition. Source backing cannot make a whole target answer an admissible Boundary_T observation.,core/src/mem/maybe_uninit.rs:1527-1531,"{""attribute_line"":52,""contract_end_line"":73,""contract_text"":""pub unsafe fn rust_1_96_assume_init_mut_raw_cast<'a, T>(\n    slice: &'a mut [MaybeUninit<T>],\n) -> (ret: &'a mut [T])\n    requires\n        maybe_uninit_all_initialized(maybe_uninit_seq_relation(old(slice)@)),\n    ensures\n        maybe_uninit_relation_well_formed(\n            maybe_uninit_seq_relation(old(slice)@),\n            old(slice)@.len() as int,\n        ),\n        maybe_uninit_relation_well_formed(\n            maybe_uninit_seq_relation(final(slice)@),\n            final(slice)@.len() as int,\n        ),\n        final(slice)@.len() == old(slice)@.len(),\n        ret@ == maybe_uninit_seq_relation(old(slice)@).values,\n        ret@.len() == old(slice)@.len(),\n        final(ret)@.len() == final(slice)@.len(),\n        maybe_uninit_all_initialized(maybe_uninit_seq_relation(final(slice)@)),\n        maybe_uninit_seq_relation(final(slice)@).values == final(ret)@,\n"",""declaration_line"":53,""signature"":""pub unsafe fn rust_1_96_assume_init_mut_raw_cast<'a, T>( slice: &'a mut [MaybeUninit<T>], ) -> (ret: &'a mut [T]) requires"",""symbol"":""rust_1_96_assume_init_mut_raw_cast""}",complete-target-postcondition,slice-unknown-authority-v3
TS-028-D001,dependency-manifest-record,core::slice::binary_search,28,1,shared_contract_vocabulary,ord_cmp_observed;ord_leq_observed;ordering_rank;slice_binary_search_result;slice_ord_equal_at;slice_ord_insertion_point;slice_sorted_by_ord,existing_generated_contract_vocabulary_boundary,The harness instantiates the generated Ord binary-search vocabulary and attaches it to the executable public target without an assume-specification declaration.,,,,/home/chentianyu/nanvix-rust-std-spec-survey/nanvix-rust-std-slice-vec-implproof-2026-08-12/proof_harnesses/028_core_slice_binary_search/harness.rs,,,,,,,,specification-vocabulary,context-only-specification-vocabulary,not-an-executable-boundary,"This record identifies target-local specification vocabulary. It is retained for binding, but is not admitted as an executable Boundary_T observation or transition.",manifest-local,"{""kind"":""shared_contract_vocabulary"",""name"":""ord_cmp_observed;ord_leq_observed;ordering_rank;slice_binary_search_result;slice_ord_equal_at;slice_ord_insertion_point;slice_sorted_by_ord"",""rationale"":""The harness instantiates the generated Ord binary-search vocabulary and attaches it to the executable public target without an assume-specification declaration."",""status"":""existing_generated_contract_vocabulary_boundary""}",specification-vocabulary,slice-unknown-authority-v3
TS-028-D002,dependency-manifest-record,core::slice::binary_search,28,2,reviewed_core_slice_binary_search_by_boundary,binary_search_by,reviewed_generated_dependency_boundary_reused_locally,Rust 1.96 implements binary_search solely as `self.binary_search_by(|p| p.cmp(x))`; the harness reuses the already reviewed core::slice::binary_search_by result boundary for that dependency instead of re-proving its loop in this wrapper target.,"core/src/slice/mod.rs:2922-2924,2970-3022",8a7ce9ee452f424a23a87b3d92b45c675e3d2b4a27c219bfe45f14f1832a42b3,,/home/chentianyu/nanvix-rust-std-spec-survey/nanvix-rust-std-slice-vec-implproof-2026-08-12/proof_harnesses/028_core_slice_binary_search/harness.rs,,,,,,,,callback-or-trait-observation,inadmissible-answer-bearing-support,complete-or-answer-equivalent,"Every linked executable site is explicitly audited as a complete target/branch postcondition, answer-equivalent result, or opaque whole algorithm. Source citation does not make it admissible.","core/src/slice/mod.rs:2922-2924,2970-3022","{""kind"":""reviewed_core_slice_binary_search_by_boundary"",""name"":""binary_search_by"",""rationale"":""Rust 1.96 implements binary_search solely as `self.binary_search_by(|p| p.cmp(x))`; the harness reuses the already reviewed core::slice::binary_search_by result boundary for that dependency instead of re-proving its loop in this wrapper target."",""source_lines"":""core/src/slice/mod.rs:2922-2924,2970-3022"",""source_sha256"":""8a7ce9ee452f424a23a87b3d92b45c675e3d2b4a27c219bfe45f14f1832a42b3"",""status"":""reviewed_generated_dependency_boundary_reused_locally""}",source-backed-support,slice-unknown-authority-v3
TS-028-D003,dependency-manifest-record,core::slice::binary_search,28,3,source_backed_ord_cmp_observation_boundary,rust_1_96_ord_cmp_observe,minimal_observation_boundary_for_ord_cmp_callback,The closure passed to binary_search_by preserves the source `p.cmp(x)` call and records the borrow-level comparison observation needed for the relational search vocabulary.,core/src/slice/mod.rs:2924,,,/home/chentianyu/nanvix-rust-std-spec-survey/nanvix-rust-std-slice-vec-implproof-2026-08-12/proof_harnesses/028_core_slice_binary_search/harness.rs,,,,,,,,callback-or-trait-observation,mixed-support-includes-answer-bearing-site,mixed-partial-and-complete,This manifest record supports both a lower source transition and an explicitly audited answer-bearing helper; it cannot be admitted as one undifferentiated boundary unit.,core/src/slice/mod.rs:2924,"{""kind"":""source_backed_ord_cmp_observation_boundary"",""name"":""rust_1_96_ord_cmp_observe"",""rationale"":""The closure passed to binary_search_by preserves the source `p.cmp(x)` call and records the borrow-level comparison observation needed for the relational search vocabulary."",""source_lines"":""core/src/slice/mod.rs:2924"",""status"":""minimal_observation_boundary_for_ord_cmp_callback""}",source-backed-support,slice-unknown-authority-v3
TS-028-D004,dependency-manifest-record,core::slice::binary_search,28,4,source_backed_binary_search_ord_result_bridge_boundary,rust_1_96_binary_search_ord_result_bridge,minimal_result_bridge_for_generated_ord_binary_search_contract,The public target body is the executable wrapper call. This proof-only bridge connects the reviewed binary_search_by Ok/Err index bounds to the generated Ord-specific `slice_binary_search_result` predicate until the full closure-observation equivalence is recursively discharged.,core/src/slice/mod.rs:2922-2924,6d30810ce7216e2c5c6594d33edc85a053e08b3f1bedff9567a5f6525bfd61a7,,/home/chentianyu/nanvix-rust-std-spec-survey/nanvix-rust-std-slice-vec-implproof-2026-08-12/proof_harnesses/028_core_slice_binary_search/harness.rs,,,,,,,,panic-or-domain-transition,inadmissible-answer-bearing-support,complete-or-answer-equivalent,"Every linked executable site is explicitly audited as a complete target/branch postcondition, answer-equivalent result, or opaque whole algorithm. Source citation does not make it admissible.",core/src/slice/mod.rs:2922-2924,"{""kind"":""source_backed_binary_search_ord_result_bridge_boundary"",""name"":""rust_1_96_binary_search_ord_result_bridge"",""rationale"":""The public target body is the executable wrapper call. This proof-only bridge connects the reviewed binary_search_by Ok/Err index bounds to the generated Ord-specific `slice_binary_search_result` predicate until the full closure-observation equivalence is recursively discharged."",""source_lines"":""core/src/slice/mod.rs:2922-2924"",""source_sha256"":""6d30810ce7216e2c5c6594d33edc85a053e08b3f1bedff9567a5f6525bfd61a7"",""status"":""minimal_result_bridge_for_generated_ord_binary_search_contract""}",source-backed-support,slice-unknown-authority-v3
TS-028-E001,harness-external-body,core::slice::binary_search,28,1,verifier::external_body,binary_search_by,active-explicit-trusted-body,Exact external-body site enumerated from the selected proof harness; semantics and source backing are supplied by linked dependency records and the retained harness signature.,,,,/home/chentianyu/nanvix-rust-std-spec-survey/nanvix-rust-std-slice-vec-implproof-2026-08-12/proof_harnesses/028_core_slice_binary_search/harness.rs,122,123,"pub fn binary_search_by<'a, T, F>( slice: &'a [T], f: F, ) -> (result: core::result::Result<usize, usize>) where F: FnMut(&'a T) -> core::cmp::Ordering, ensures",131,"pub fn binary_search_by<'a, T, F>(
    slice: &'a [T],
    f: F,
) -> (result: core::result::Result<usize, usize>)
    where
        F: FnMut(&'a T) -> core::cmp::Ordering,
    ensures
        slice_binary_search_by_result(slice@, f, result),
",1f8cc5a580f65a86c96d9335f9f55cbbaedd4089c71758d8b9c3d8d333058d25,TS-028-D002;TS-028-D003;TS-028-D004,source-helper-transition,inadmissible-answer-equivalent-result,answer-equivalent,"The retained transition fixes the target discriminant, aggregate result, or aggregate final storage strongly enough to encode the public answer even though it uses different predicate spelling.","core/src/slice/mod.rs:2922-2924;core/src/slice/mod.rs:2922-2924,2970-3022;core/src/slice/mod.rs:2924","{""attribute_line"":122,""contract_end_line"":131,""contract_text"":""pub fn binary_search_by<'a, T, F>(\n    slice: &'a [T],\n    f: F,\n) -> (result: core::result::Result<usize, usize>)\n    where\n        F: FnMut(&'a T) -> core::cmp::Ordering,\n    ensures\n        slice_binary_search_by_result(slice@, f, result),\n"",""declaration_line"":123,""signature"":""pub fn binary_search_by<'a, T, F>( slice: &'a [T], f: F, ) -> (result: core::result::Result<usize, usize>) where F: FnMut(&'a T) -> core::cmp::Ordering, ensures"",""symbol"":""binary_search_by""}",answer-equivalent-result,slice-unknown-authority-v3
TS-028-E002,harness-external-body,core::slice::binary_search,28,2,verifier::external_body,rust_1_96_ord_cmp_observe,active-explicit-trusted-body,Exact external-body site enumerated from the selected proof harness; semantics and source backing are supplied by linked dependency records and the retained harness signature.,,,,/home/chentianyu/nanvix-rust-std-spec-survey/nanvix-rust-std-slice-vec-implproof-2026-08-12/proof_harnesses/028_core_slice_binary_search/harness.rs,136,137,"pub fn rust_1_96_ord_cmp_observe<T: core::cmp::Ord>( left: &T, right: &T, Ghost(observed): Ghost<core::cmp::Ordering>, ) -> (ret: core::cmp::Ordering) ensures",144,"pub fn rust_1_96_ord_cmp_observe<T: core::cmp::Ord>(
    left: &T,
    right: &T,
    Ghost(observed): Ghost<core::cmp::Ordering>,
) -> (ret: core::cmp::Ordering)
    ensures
        ret == observed,
",a8ada1ff4f10b0d5c8555b19c4cc3efda248acc2e6544a5a0b33dddd8ea5bcf1,TS-028-D003,callback-or-trait-transition,admissible-source-backed-lower-boundary,partial-or-lower-level,"The contract records one callback, element read, clone, or write effect rather than the target's aggregate result.",core/src/slice/mod.rs:2924,"{""attribute_line"":136,""contract_end_line"":144,""contract_text"":""pub fn rust_1_96_ord_cmp_observe<T: core::cmp::Ord>(\n    left: &T,\n    right: &T,\n    Ghost(observed): Ghost<core::cmp::Ordering>,\n) -> (ret: core::cmp::Ordering)\n    ensures\n        ret == observed,\n"",""declaration_line"":137,""signature"":""pub fn rust_1_96_ord_cmp_observe<T: core::cmp::Ord>( left: &T, right: &T, Ghost(observed): Ghost<core::cmp::Ordering>, ) -> (ret: core::cmp::Ordering) ensures"",""symbol"":""rust_1_96_ord_cmp_observe""}",callback-or-element-effect,slice-unknown-authority-v3
TS-028-E003,harness-external-body,core::slice::binary_search,28,3,verifier::external_body,rust_1_96_binary_search_ord_result_bridge,active-explicit-trusted-body,Exact external-body site enumerated from the selected proof harness; semantics and source backing are supplied by linked dependency records and the retained harness signature.,,,,/home/chentianyu/nanvix-rust-std-spec-survey/nanvix-rust-std-slice-vec-implproof-2026-08-12/proof_harnesses/028_core_slice_binary_search/harness.rs,148,149,"pub proof fn rust_1_96_binary_search_ord_result_bridge<T: core::cmp::Ord>( seq: Seq<T>, value: T, result: core::result::Result<usize, usize>, ) requires",161,"pub proof fn rust_1_96_binary_search_ord_result_bridge<T: core::cmp::Ord>(
    seq: Seq<T>,
    value: T,
    result: core::result::Result<usize, usize>,
)
    requires
        match result {
            core::result::Result::Ok(index) => index < seq.len(),
            core::result::Result::Err(index) => index <= seq.len(),
        },
    ensures
        slice_binary_search_result(seq, value, result),
",75bf90345d18de0c3bbaed5262527420e0a659795cdb1d317a0d029f3608c4dc,TS-028-D004,source-helper-transition,inadmissible-answer-equivalent-result,answer-equivalent,"The retained transition fixes the target discriminant, aggregate result, or aggregate final storage strongly enough to encode the public answer even though it uses different predicate spelling.",core/src/slice/mod.rs:2922-2924,"{""attribute_line"":148,""contract_end_line"":161,""contract_text"":""pub proof fn rust_1_96_binary_search_ord_result_bridge<T: core::cmp::Ord>(\n    seq: Seq<T>,\n    value: T,\n    result: core::result::Result<usize, usize>,\n)\n    requires\n        match result {\n            core::result::Result::Ok(index) => index < seq.len(),\n            core::result::Result::Err(index) => index <= seq.len(),\n        },\n    ensures\n        slice_binary_search_result(seq, value, result),\n"",""declaration_line"":149,""signature"":""pub proof fn rust_1_96_binary_search_ord_result_bridge<T: core::cmp::Ord>( seq: Seq<T>, value: T, result: core::result::Result<usize, usize>, ) requires"",""symbol"":""rust_1_96_binary_search_ord_result_bridge""}",answer-equivalent-result,slice-unknown-authority-v3
TS-029-D001,dependency-manifest-record,core::slice::binary_search_by,29,1,shared_contract_vocabulary,fnmut_ordering_observed;ordering_rank;slice_binary_search_by_equal_at;slice_binary_search_by_insertion_point;slice_binary_search_by_ordered;slice_binary_search_by_result,existing_generated_contract_vocabulary_boundary,The harness instantiates the generated relational binary-search vocabulary and attaches it to the executable public target without an assume_specification declaration.,,,,/home/chentianyu/nanvix-rust-std-spec-survey/nanvix-rust-std-slice-vec-implproof-2026-08-12/proof_harnesses/029_core_slice_binary_search_by/harness.rs,,,,,,,,specification-vocabulary,context-only-specification-vocabulary,not-an-executable-boundary,"This record identifies target-local specification vocabulary. It is retained for binding, but is not admitted as an executable Boundary_T observation or transition.",manifest-local,"{""kind"":""shared_contract_vocabulary"",""name"":""fnmut_ordering_observed;ordering_rank;slice_binary_search_by_equal_at;slice_binary_search_by_insertion_point;slice_binary_search_by_ordered;slice_binary_search_by_result"",""rationale"":""The harness instantiates the generated relational binary-search vocabulary and attaches it to the executable public target without an assume_specification declaration."",""status"":""existing_generated_contract_vocabulary_boundary""}",specification-vocabulary,slice-unknown-authority-v3
TS-029-D002,dependency-manifest-record,core::slice::binary_search_by,29,2,source_backed_sliceindex_get_unchecked_boundary,rust_1_96_sliceindex_get_unchecked_ref / get_unchecked,minimal_trusted_boundary_until_SliceIndex_get_unchecked_is_recursively_proved,"The two Rust unsafe slice reads are preserved as `unsafe { get_unchecked(slice, mid/base) }`; the local wrapper mirrors the reviewed core::slice::get_unchecked boundary and exposes only the in-range view element.","core/src/slice/mod.rs:2995,3014; reviewed dependency core::slice::get_unchecked at core/src/slice/mod.rs:639-647",52a8f107029603a78f11de9d849732deb57d722ee78dbe2ce36072a67108c3d5,,/home/chentianyu/nanvix-rust-std-spec-survey/nanvix-rust-std-slice-vec-implproof-2026-08-12/proof_harnesses/029_core_slice_binary_search_by/harness.rs,,,,,,,,panic-or-domain-transition,admissible-source-backed-support,partial-or-lower-level,"This exact frozen manifest record was audited as a named source dependency, callback, primitive, or local proof bridge. Its final disposition also incorporates every explicitly linked external site.","core/src/slice/mod.rs:2995,3014; reviewed dependency core::slice::get_unchecked at core/src/slice/mod.rs:639-647","{""kind"":""source_backed_sliceindex_get_unchecked_boundary"",""name"":""rust_1_96_sliceindex_get_unchecked_ref / get_unchecked"",""rationale"":""The two Rust unsafe slice reads are preserved as `unsafe { get_unchecked(slice, mid/base) }`; the local wrapper mirrors the reviewed core::slice::get_unchecked boundary and exposes only the in-range view element."",""source_lines"":""core/src/slice/mod.rs:2995,3014; reviewed dependency core::slice::get_unchecked at core/src/slice/mod.rs:639-647"",""source_sha256"":""52a8f107029603a78f11de9d849732deb57d722ee78dbe2ce36072a67108c3d5"",""status"":""minimal_trusted_boundary_until_SliceIndex_get_unchecked_is_recursively_proved""}",source-backed-support,slice-unknown-authority-v3
TS-029-D003,dependency-manifest-record,core::slice::binary_search_by,29,3,source_backed_fnmut_ordering_observation_boundary,rust_1_96_fnmut_ordering_observe,minimal_observation_boundary_for_fnmut_ordering_callback,"Rust 1.96 invokes an arbitrary `FnMut(&T) -> Ordering` at each probed element. The harness records each call through the audited `fnmut_ordering_observed` vocabulary keyed to the original callback identity, preserving duplicate and callback-relational semantics.","core/src/slice/mod.rs:2995,3014",,,/home/chentianyu/nanvix-rust-std-spec-survey/nanvix-rust-std-slice-vec-implproof-2026-08-12/proof_harnesses/029_core_slice_binary_search_by/harness.rs,,,,,,,,callback-or-trait-observation,admissible-source-backed-support,partial-or-lower-level,"This exact frozen manifest record was audited as a named source dependency, callback, primitive, or local proof bridge. Its final disposition also incorporates every explicitly linked external site.","core/src/slice/mod.rs:2995,3014","{""kind"":""source_backed_fnmut_ordering_observation_boundary"",""name"":""rust_1_96_fnmut_ordering_observe"",""rationale"":""Rust 1.96 invokes an arbitrary `FnMut(&T) -> Ordering` at each probed element. The harness records each call through the audited `fnmut_ordering_observed` vocabulary keyed to the original callback identity, preserving duplicate and callback-relational semantics."",""source_lines"":""core/src/slice/mod.rs:2995,3014"",""status"":""minimal_observation_boundary_for_fnmut_ordering_callback""}",source-backed-support,slice-unknown-authority-v3
TS-029-D004,dependency-manifest-record,core::slice::binary_search_by,29,4,source_backed_hint_boundary,hint::select_unpredictable and hint::assert_unchecked,minimal_hint_semantics_boundary,"`select_unpredictable` is modeled as the same conditional value choice, and `assert_unchecked` is exposed as the unsafe source precondition that the surrounding loop arithmetic proves before the call.","core/src/slice/mod.rs:3000,3017,3022",,,/home/chentianyu/nanvix-rust-std-spec-survey/nanvix-rust-std-slice-vec-implproof-2026-08-12/proof_harnesses/029_core_slice_binary_search_by/harness.rs,,,,,,,,panic-or-domain-transition,admissible-source-backed-support,partial-or-lower-level,"This exact frozen manifest record was audited as a named source dependency, callback, primitive, or local proof bridge. Its final disposition also incorporates every explicitly linked external site.","core/src/slice/mod.rs:3000,3017,3022","{""kind"":""source_backed_hint_boundary"",""name"":""hint::select_unpredictable and hint::assert_unchecked"",""rationale"":""`select_unpredictable` is modeled as the same conditional value choice, and `assert_unchecked` is exposed as the unsafe source precondition that the surrounding loop arithmetic proves before the call."",""source_lines"":""core/src/slice/mod.rs:3000,3017,3022"",""status"":""minimal_hint_semantics_boundary""}",source-backed-support,slice-unknown-authority-v3
TS-029-D005,dependency-manifest-record,core::slice::binary_search_by,29,5,source_shaped_binary_search_loop_result_reduction,rust_1_96_binary_search_by_loop_result,external_body_removed_verified_loop_invariant_reduction,"The previous proof-only bridge is now a verified proof lemma plus source-shaped loop invariants. The proof tracks prefix elements known Less, a candidate window that may contain an Equal duplicate, and the suffix known Greater, then discharges the generated Ok/Err relational postcondition without choosing a unique duplicate or constraining the arbitrary FnMut callback.",core/src/slice/mod.rs:2980-3022,8a7ce9ee452f424a23a87b3d92b45c675e3d2b4a27c219bfe45f14f1832a42b3,,/home/chentianyu/nanvix-rust-std-spec-survey/nanvix-rust-std-slice-vec-implproof-2026-08-12/proof_harnesses/029_core_slice_binary_search_by/harness.rs,,,,,,,,callback-or-trait-observation,admissible-source-backed-support,partial-or-lower-level,"This exact frozen manifest record was audited as a named source dependency, callback, primitive, or local proof bridge. Its final disposition also incorporates every explicitly linked external site.",core/src/slice/mod.rs:2980-3022,"{""kind"":""source_shaped_binary_search_loop_result_reduction"",""name"":""rust_1_96_binary_search_by_loop_result"",""rationale"":""The previous proof-only bridge is now a verified proof lemma plus source-shaped loop invariants. The proof tracks prefix elements known Less, a candidate window that may contain an Equal duplicate, and the suffix known Greater, then discharges the generated Ok/Err relational postcondition without choosing a unique duplicate or constraining the arbitrary FnMut callback."",""source_lines"":""core/src/slice/mod.rs:2980-3022"",""source_sha256"":""8a7ce9ee452f424a23a87b3d92b45c675e3d2b4a27c219bfe45f14f1832a42b3"",""status"":""external_body_removed_verified_loop_invariant_reduction""}",source-backed-support,slice-unknown-authority-v3
TS-029-C001,private-helper-callee,core::slice::binary_search_by,29,1,private_helper_callee_closure,core::slice::get_unchecked,reviewed_generated_dependency_boundary_reused_locally,Source-indexed private/public callee closure retained by the implementation-proof dependency manifest.,core/src/slice/mod.rs:639-647,52a8f107029603a78f11de9d849732deb57d722ee78dbe2ce36072a67108c3d5,frozen_inputs/slice/rust-core-slice/mod.rs,/home/chentianyu/nanvix-rust-std-spec-survey/nanvix-rust-std-slice-vec-implproof-2026-08-12/proof_harnesses/029_core_slice_binary_search_by/harness.rs,,,,,,,,source-callee-provenance,context-only-source-closure,not-an-executable-boundary,This record closes the source call graph for provenance. It does not itself add an assumed transition or observation.,core/src/slice/mod.rs:639-647,"{""body_end_line"":647,""disposition"":""reviewed_generated_dependency_boundary_reused_locally"",""frozen_relpath"":""frozen_inputs/slice/rust-core-slice/mod.rs"",""item_sha256"":""52a8f107029603a78f11de9d849732deb57d722ee78dbe2ce36072a67108c3d5"",""name"":""core::slice::get_unchecked"",""public"":true,""signature_start_line"":639,""source_reference_path"":""core/src/slice/mod.rs""}",source-closure-provenance,slice-unknown-authority-v3
TS-029-E001,harness-external-body,core::slice::binary_search_by,29,1,verifier::external_body,rust_1_96_sliceindex_get_unchecked_ref,active-explicit-trusted-body,Exact external-body site enumerated from the selected proof harness; semantics and source backing are supplied by linked dependency records and the retained harness signature.,,,,/home/chentianyu/nanvix-rust-std-spec-survey/nanvix-rust-std-slice-vec-implproof-2026-08-12/proof_harnesses/029_core_slice_binary_search_by/harness.rs,98,99,"pub unsafe fn rust_1_96_sliceindex_get_unchecked_ref<'a, T>( slice: &'a [T], index: usize, ) -> (ret: &'a T) requires",107,"pub unsafe fn rust_1_96_sliceindex_get_unchecked_ref<'a, T>(
    slice: &'a [T],
    index: usize,
) -> (ret: &'a T)
    requires
        index < slice@.len(),
    ensures
        *ret == slice@[index as int],
",e951207c9e1e9fc0abb9b804e569b640cbaf796aff88fb99cc95618bd71eed49,TS-029-D002,source-helper-transition,admissible-source-backed-lower-boundary,partial-or-lower-level,"The contract records one callback, element read, clone, or write effect rather than the target's aggregate result.","core/src/slice/mod.rs:2995,3014; reviewed dependency core::slice::get_unchecked at core/src/slice/mod.rs:639-647","{""attribute_line"":98,""contract_end_line"":107,""contract_text"":""pub unsafe fn rust_1_96_sliceindex_get_unchecked_ref<'a, T>(\n    slice: &'a [T],\n    index: usize,\n) -> (ret: &'a T)\n    requires\n        index < slice@.len(),\n    ensures\n        *ret == slice@[index as int],\n"",""declaration_line"":99,""signature"":""pub unsafe fn rust_1_96_sliceindex_get_unchecked_ref<'a, T>( slice: &'a [T], index: usize, ) -> (ret: &'a T) requires"",""symbol"":""rust_1_96_sliceindex_get_unchecked_ref""}",callback-or-element-effect,slice-unknown-authority-v3
TS-029-E002,harness-external-body,core::slice::binary_search_by,29,2,verifier::external_body,rust_1_96_fnmut_ordering_observe,active-explicit-trusted-body,Exact external-body site enumerated from the selected proof harness; semantics and source backing are supplied by linked dependency records and the retained harness signature.,,,,/home/chentianyu/nanvix-rust-std-spec-survey/nanvix-rust-std-slice-vec-implproof-2026-08-12/proof_harnesses/029_core_slice_binary_search_by/harness.rs,121,122,"pub fn rust_1_96_fnmut_ordering_observe<'a, T, F>( f: &mut F, value: &'a T, Ghost(observed): Ghost<core::cmp::Ordering>, ) -> (ret: core::cmp::Ordering) where F: FnMut(&'a T) -> core::cmp::Ordering, ensures",131,"pub fn rust_1_96_fnmut_ordering_observe<'a, T, F>(
    f: &mut F,
    value: &'a T,
    Ghost(observed): Ghost<core::cmp::Ordering>,
) -> (ret: core::cmp::Ordering)
    where
        F: FnMut(&'a T) -> core::cmp::Ordering,
    ensures
        ret == observed,
",ac730b7eb956fdbee171a2044872fc756901429635477a7a85a3656460dd0155,TS-029-D003,callback-or-trait-transition,admissible-source-backed-lower-boundary,partial-or-lower-level,"The contract records one callback, element read, clone, or write effect rather than the target's aggregate result.","core/src/slice/mod.rs:2995,3014","{""attribute_line"":121,""contract_end_line"":131,""contract_text"":""pub fn rust_1_96_fnmut_ordering_observe<'a, T, F>(\n    f: &mut F,\n    value: &'a T,\n    Ghost(observed): Ghost<core::cmp::Ordering>,\n) -> (ret: core::cmp::Ordering)\n    where\n        F: FnMut(&'a T) -> core::cmp::Ordering,\n    ensures\n        ret == observed,\n"",""declaration_line"":122,""signature"":""pub fn rust_1_96_fnmut_ordering_observe<'a, T, F>( f: &mut F, value: &'a T, Ghost(observed): Ghost<core::cmp::Ordering>, ) -> (ret: core::cmp::Ordering) where F: FnMut(&'a T) -> core::cmp::Ordering, ensures"",""symbol"":""rust_1_96_fnmut_ordering_observe""}",callback-or-element-effect,slice-unknown-authority-v3
TS-030-D001,dependency-manifest-record,core::slice::binary_search_by_key,30,1,shared_contract_vocabulary,fnmut_key_observed;ord_cmp_observed;ord_cmp_ref_observed;ord_leq_observed;ordering_rank;slice_binary_search_by_key_equal_at;slice_binary_search_by_key_insertion_point;slice_binary_search_by_key_ordered;slice_binary_search_by_key_result,existing_generated_contract_vocabulary_boundary,The harness instantiates the generated key-search vocabulary and attaches it to the executable public target without an assume-specification declaration.,,,,/home/chentianyu/nanvix-rust-std-spec-survey/nanvix-rust-std-slice-vec-implproof-2026-08-12/proof_harnesses/030_core_slice_binary_search_by_key/harness.rs,,,,,,,,specification-vocabulary,context-only-specification-vocabulary,not-an-executable-boundary,"This record identifies target-local specification vocabulary. It is retained for binding, but is not admitted as an executable Boundary_T observation or transition.",manifest-local,"{""kind"":""shared_contract_vocabulary"",""name"":""fnmut_key_observed;ord_cmp_observed;ord_cmp_ref_observed;ord_leq_observed;ordering_rank;slice_binary_search_by_key_equal_at;slice_binary_search_by_key_insertion_point;slice_binary_search_by_key_ordered;slice_binary_search_by_key_result"",""rationale"":""The harness instantiates the generated key-search vocabulary and attaches it to the executable public target without an assume-specification declaration."",""status"":""existing_generated_contract_vocabulary_boundary""}",specification-vocabulary,slice-unknown-authority-v3
TS-030-D002,dependency-manifest-record,core::slice::binary_search_by_key,30,2,reviewed_core_slice_binary_search_by_boundary,binary_search_by,reviewed_generated_dependency_boundary_reused_locally,Rust 1.96 implements binary_search_by_key as self.binary_search_by(|k| f(k).cmp(b)); the harness reuses the already reviewed core::slice::binary_search_by result bounds through a target-local source-backed delegation boundary rather than re-proving the binary-search loop here.,"core/src/slice/mod.rs:3075-3077,2970-3022",8a7ce9ee452f424a23a87b3d92b45c675e3d2b4a27c219bfe45f14f1832a42b3,,/home/chentianyu/nanvix-rust-std-spec-survey/nanvix-rust-std-slice-vec-implproof-2026-08-12/proof_harnesses/030_core_slice_binary_search_by_key/harness.rs,,,,,,,,callback-or-trait-observation,admissible-source-backed-support,partial-or-lower-level,"This exact frozen manifest record was audited as a named source dependency, callback, primitive, or local proof bridge. Its final disposition also incorporates every explicitly linked external site.","core/src/slice/mod.rs:3075-3077,2970-3022","{""kind"":""reviewed_core_slice_binary_search_by_boundary"",""name"":""binary_search_by"",""rationale"":""Rust 1.96 implements binary_search_by_key as self.binary_search_by(|k| f(k).cmp(b)); the harness reuses the already reviewed core::slice::binary_search_by result bounds through a target-local source-backed delegation boundary rather than re-proving the binary-search loop here."",""source_lines"":""core/src/slice/mod.rs:3075-3077,2970-3022"",""source_sha256"":""8a7ce9ee452f424a23a87b3d92b45c675e3d2b4a27c219bfe45f14f1832a42b3"",""status"":""reviewed_generated_dependency_boundary_reused_locally""}",source-backed-support,slice-unknown-authority-v3
TS-030-D003,dependency-manifest-record,core::slice::binary_search_by_key,30,3,source_backed_fnmut_key_observation_boundary,fnmut_key_observed vocabulary via retained delegate/result bridge,minimal_observation_boundary_for_fnmut_key_callback,The source closure invokes the arbitrary stateful key callback f(k). The harness records that effect with the audited fnmut_key_observed vocabulary and retained delegate/result bridge instead of choosing concrete keys or strengthening callback behavior; the unused standalone observe declaration was pruned.,core/src/slice/mod.rs:3077,,,/home/chentianyu/nanvix-rust-std-spec-survey/nanvix-rust-std-slice-vec-implproof-2026-08-12/proof_harnesses/030_core_slice_binary_search_by_key/harness.rs,,,,,,,,callback-or-trait-observation,admissible-source-backed-support,partial-or-lower-level,"This exact frozen manifest record was audited as a named source dependency, callback, primitive, or local proof bridge. Its final disposition also incorporates every explicitly linked external site.",core/src/slice/mod.rs:3077,"{""kind"":""source_backed_fnmut_key_observation_boundary"",""name"":""fnmut_key_observed vocabulary via retained delegate/result bridge"",""rationale"":""The source closure invokes the arbitrary stateful key callback f(k). The harness records that effect with the audited fnmut_key_observed vocabulary and retained delegate/result bridge instead of choosing concrete keys or strengthening callback behavior; the unused standalone observe declaration was pruned."",""source_lines"":""core/src/slice/mod.rs:3077"",""status"":""minimal_observation_boundary_for_fnmut_key_callback""}",source-backed-support,slice-unknown-authority-v3
TS-030-D004,dependency-manifest-record,core::slice::binary_search_by_key,30,4,source_backed_ord_cmp_observation_boundary,ord_cmp_observed vocabulary via retained delegate/result bridge,minimal_observation_boundary_for_ord_cmp_on_observed_key,The source closure compares each observed key with b via Ord::cmp; the harness records the comparison through the audited Ord observation vocabulary used by the generated key-search relation and retained bridge; the unused standalone observe declaration was pruned.,core/src/slice/mod.rs:3077,,,/home/chentianyu/nanvix-rust-std-spec-survey/nanvix-rust-std-slice-vec-implproof-2026-08-12/proof_harnesses/030_core_slice_binary_search_by_key/harness.rs,,,,,,,,callback-or-trait-observation,admissible-source-backed-support,partial-or-lower-level,"This exact frozen manifest record was audited as a named source dependency, callback, primitive, or local proof bridge. Its final disposition also incorporates every explicitly linked external site.",core/src/slice/mod.rs:3077,"{""kind"":""source_backed_ord_cmp_observation_boundary"",""name"":""ord_cmp_observed vocabulary via retained delegate/result bridge"",""rationale"":""The source closure compares each observed key with b via Ord::cmp; the harness records the comparison through the audited Ord observation vocabulary used by the generated key-search relation and retained bridge; the unused standalone observe declaration was pruned."",""source_lines"":""core/src/slice/mod.rs:3077"",""status"":""minimal_observation_boundary_for_ord_cmp_on_observed_key""}",source-backed-support,slice-unknown-authority-v3
TS-030-D005,dependency-manifest-record,core::slice::binary_search_by_key,30,5,verus_fnmut_key_cmp_closure_lowering_boundary,|k| f(k).cmp(b),minimal_verus_closure_lowering_boundary_for_fnmut_key_ord_cmp_delegation,This Verus build rejects closures that capture a mutable FnMut key function. The public target remains non-external and executable; only the unsupported closure adapter plus delegation to the reviewed binary_search_by boundary is isolated as rust_1_96_binary_search_by_key_delegate.,core/src/slice/mod.rs:3075-3077,93926d7471959bd2dca6f11321a73a445294b73af7c3748212f85ed08d5c31ae,proof_harnesses/030_core_slice_binary_search_by_key/source_excerpt.rs,/home/chentianyu/nanvix-rust-std-spec-survey/nanvix-rust-std-slice-vec-implproof-2026-08-12/proof_harnesses/030_core_slice_binary_search_by_key/harness.rs,,,,,,,,callback-or-trait-observation,inadmissible-answer-bearing-support,complete-or-answer-equivalent,"Every linked executable site is explicitly audited as a complete target/branch postcondition, answer-equivalent result, or opaque whole algorithm. Source citation does not make it admissible.",core/src/slice/mod.rs:3075-3077,"{""kind"":""verus_fnmut_key_cmp_closure_lowering_boundary"",""name"":""|k| f(k).cmp(b)"",""rationale"":""This Verus build rejects closures that capture a mutable FnMut key function. The public target remains non-external and executable; only the unsupported closure adapter plus delegation to the reviewed binary_search_by boundary is isolated as rust_1_96_binary_search_by_key_delegate."",""source_excerpt_relpath"":""proof_harnesses/030_core_slice_binary_search_by_key/source_excerpt.rs"",""source_lines"":""core/src/slice/mod.rs:3075-3077"",""source_sha256"":""93926d7471959bd2dca6f11321a73a445294b73af7c3748212f85ed08d5c31ae"",""status"":""minimal_verus_closure_lowering_boundary_for_fnmut_key_ord_cmp_delegation""}",source-backed-support,slice-unknown-authority-v3
TS-030-D006,dependency-manifest-record,core::slice::binary_search_by_key,30,6,source_backed_binary_search_by_key_result_bridge_boundary,rust_1_96_binary_search_by_key_result_bridge,minimal_result_bridge_for_generated_key_binary_search_contract,The executable wrapper computes only an Ok/Err index from the reviewed binary_search_by call. This proof-only bridge connects those bounds to the generated key-search result predicate while preserving relational duplicate/callback semantics.,core/src/slice/mod.rs:3075-3077,93926d7471959bd2dca6f11321a73a445294b73af7c3748212f85ed08d5c31ae,,/home/chentianyu/nanvix-rust-std-spec-survey/nanvix-rust-std-slice-vec-implproof-2026-08-12/proof_harnesses/030_core_slice_binary_search_by_key/harness.rs,,,,,,,,callback-or-trait-observation,inadmissible-answer-bearing-support,complete-or-answer-equivalent,"Every linked executable site is explicitly audited as a complete target/branch postcondition, answer-equivalent result, or opaque whole algorithm. Source citation does not make it admissible.",core/src/slice/mod.rs:3075-3077,"{""kind"":""source_backed_binary_search_by_key_result_bridge_boundary"",""name"":""rust_1_96_binary_search_by_key_result_bridge"",""rationale"":""The executable wrapper computes only an Ok/Err index from the reviewed binary_search_by call. This proof-only bridge connects those bounds to the generated key-search result predicate while preserving relational duplicate/callback semantics."",""source_lines"":""core/src/slice/mod.rs:3075-3077"",""source_sha256"":""93926d7471959bd2dca6f11321a73a445294b73af7c3748212f85ed08d5c31ae"",""status"":""minimal_result_bridge_for_generated_key_binary_search_contract""}",source-backed-support,slice-unknown-authority-v3
TS-030-E001,harness-external-body,core::slice::binary_search_by_key,30,1,verifier::external_body,rust_1_96_binary_search_by_key_delegate,active-explicit-trusted-body,Exact external-body site enumerated from the selected proof harness; semantics and source backing are supplied by linked dependency records and the retained harness signature.,,,,/home/chentianyu/nanvix-rust-std-spec-survey/nanvix-rust-std-slice-vec-implproof-2026-08-12/proof_harnesses/030_core_slice_binary_search_by_key/harness.rs,141,142,"pub fn rust_1_96_binary_search_by_key_delegate<'a, T, B: core::cmp::Ord, F>( slice: &'a [T], b: &B, f: F, ) -> (result: core::result::Result<usize, usize>) where F: FnMut(&'a T) -> B, ensures",154,"pub fn rust_1_96_binary_search_by_key_delegate<'a, T, B: core::cmp::Ord, F>(
    slice: &'a [T],
    b: &B,
    f: F,
) -> (result: core::result::Result<usize, usize>)
    where
        F: FnMut(&'a T) -> B,
    ensures
        match result {
            core::result::Result::Ok(index) => index < slice@.len(),
            core::result::Result::Err(index) => index <= slice@.len(),
        },
",2a5a166fc42369e522ab560af88a7d864e0fa0af68a310387d3f56c7a3e22563,TS-030-D005,source-helper-transition,inadmissible-answer-equivalent-result,answer-equivalent,"The retained transition fixes the target discriminant, aggregate result, or aggregate final storage strongly enough to encode the public answer even though it uses different predicate spelling.",core/src/slice/mod.rs:3075-3077,"{""attribute_line"":141,""contract_end_line"":154,""contract_text"":""pub fn rust_1_96_binary_search_by_key_delegate<'a, T, B: core::cmp::Ord, F>(\n    slice: &'a [T],\n    b: &B,\n    f: F,\n) -> (result: core::result::Result<usize, usize>)\n    where\n        F: FnMut(&'a T) -> B,\n    ensures\n        match result {\n            core::result::Result::Ok(index) => index < slice@.len(),\n            core::result::Result::Err(index) => index <= slice@.len(),\n        },\n"",""declaration_line"":142,""signature"":""pub fn rust_1_96_binary_search_by_key_delegate<'a, T, B: core::cmp::Ord, F>( slice: &'a [T], b: &B, f: F, ) -> (result: core::result::Result<usize, usize>) where F: FnMut(&'a T) -> B, ensures"",""symbol"":""rust_1_96_binary_search_by_key_delegate""}",answer-equivalent-result,slice-unknown-authority-v3
TS-030-E002,harness-external-body,core::slice::binary_search_by_key,30,2,verifier::external_body,rust_1_96_binary_search_by_key_result_bridge,active-explicit-trusted-body,Exact external-body site enumerated from the selected proof harness; semantics and source backing are supplied by linked dependency records and the retained harness signature.,,,,/home/chentianyu/nanvix-rust-std-spec-survey/nanvix-rust-std-slice-vec-implproof-2026-08-12/proof_harnesses/030_core_slice_binary_search_by_key/harness.rs,159,160,"pub proof fn rust_1_96_binary_search_by_key_result_bridge<F, T, B: core::cmp::Ord>( seq: Seq<T>, key: B, f: F, result: core::result::Result<usize, usize>, ) requires",173,"pub proof fn rust_1_96_binary_search_by_key_result_bridge<F, T, B: core::cmp::Ord>(
    seq: Seq<T>,
    key: B,
    f: F,
    result: core::result::Result<usize, usize>,
)
    requires
        match result {
            core::result::Result::Ok(index) => index < seq.len(),
            core::result::Result::Err(index) => index <= seq.len(),
        },
    ensures
        slice_binary_search_by_key_result::<F, T, B>(seq, key, f, result),
",588e67675e7e8b263fca1154bc09392effbb86fd44d6fa71a2470dab9a8576e9,TS-030-D006,source-helper-transition,inadmissible-answer-equivalent-result,answer-equivalent,"The retained transition fixes the target discriminant, aggregate result, or aggregate final storage strongly enough to encode the public answer even though it uses different predicate spelling.",core/src/slice/mod.rs:3075-3077,"{""attribute_line"":159,""contract_end_line"":173,""contract_text"":""pub proof fn rust_1_96_binary_search_by_key_result_bridge<F, T, B: core::cmp::Ord>(\n    seq: Seq<T>,\n    key: B,\n    f: F,\n    result: core::result::Result<usize, usize>,\n)\n    requires\n        match result {\n            core::result::Result::Ok(index) => index < seq.len(),\n            core::result::Result::Err(index) => index <= seq.len(),\n        },\n    ensures\n        slice_binary_search_by_key_result::<F, T, B>(seq, key, f, result),\n"",""declaration_line"":160,""signature"":""pub proof fn rust_1_96_binary_search_by_key_result_bridge<F, T, B: core::cmp::Ord>( seq: Seq<T>, key: B, f: F, result: core::result::Result<usize, usize>, ) requires"",""symbol"":""rust_1_96_binary_search_by_key_result_bridge""}",answer-equivalent-result,slice-unknown-authority-v3
TS-032-D001,dependency-manifest-record,core::slice::chunk_by_mut,32,1,source_backed_model_instantiation,"slice_iterator_view::<ChunkByMut<'a, T, F>, T>;slice_adjacent_chunk_view",minimal_trusted_boundary_for_shared_helper_representation,The generated adjacent-chunk contract vocabulary is instantiated as closed/open specs over the extracted ChunkByMut private `slice` field and initial lazy mutable iterator state; this does not assume the target postcondition.,"core/src/slice/iter.rs:3109-3118 and frozen_inputs/slice/specs/all_slice_specs.rs:1284-1297,1344-1367",,,/home/chentianyu/nanvix-rust-std-spec-survey/nanvix-rust-std-slice-vec-implproof-2026-08-12/proof_harnesses/032_core_slice_chunk_by_mut/harness.rs,,,,,,,,panic-or-domain-transition,admissible-source-backed-support,partial-or-lower-level,"This exact frozen manifest record was audited as a named source dependency, callback, primitive, or local proof bridge. Its final disposition also incorporates every explicitly linked external site.","core/src/slice/iter.rs:3109-3118 and frozen_inputs/slice/specs/all_slice_specs.rs:1284-1297,1344-1367","{""kind"":""source_backed_model_instantiation"",""name"":""slice_iterator_view::<ChunkByMut<'a, T, F>, T>;slice_adjacent_chunk_view"",""rationale"":""The generated adjacent-chunk contract vocabulary is instantiated as closed/open specs over the extracted ChunkByMut private `slice` field and initial lazy mutable iterator state; this does not assume the target postcondition."",""source_lines"":""core/src/slice/iter.rs:3109-3118 and frozen_inputs/slice/specs/all_slice_specs.rs:1284-1297,1344-1367"",""status"":""minimal_trusted_boundary_for_shared_helper_representation""}",source-backed-support,slice-unknown-authority-v3
TS-032-D002,dependency-manifest-record,core::slice::chunk_by_mut,32,2,source_backed_iterator_view_boundary,repaired generated mutable-iterator contract without final-slice frame,actual_verus_verified_after_contract_repair,The remaining source-backed obligation is the iterator/chunk/predicate view abstraction over returned lazy mutable iterator state; the removed final(slice) frame is no longer part of the contract under proof.,core/src/slice/iter.rs:3115-3118,,,/home/chentianyu/nanvix-rust-std-spec-survey/nanvix-rust-std-slice-vec-implproof-2026-08-12/proof_harnesses/032_core_slice_chunk_by_mut/harness.rs,,,,,,,,panic-or-domain-transition,admissible-source-backed-support,partial-or-lower-level,"This exact frozen manifest record was audited as a named source dependency, callback, primitive, or local proof bridge. Its final disposition also incorporates every explicitly linked external site.",core/src/slice/iter.rs:3115-3118,"{""kind"":""source_backed_iterator_view_boundary"",""name"":""repaired generated mutable-iterator contract without final-slice frame"",""rationale"":""The remaining source-backed obligation is the iterator/chunk/predicate view abstraction over returned lazy mutable iterator state; the removed final(slice) frame is no longer part of the contract under proof."",""source_lines"":""core/src/slice/iter.rs:3115-3118"",""status"":""actual_verus_verified_after_contract_repair""}",source-backed-support,slice-unknown-authority-v3
TS-032-D003,dependency-manifest-record,core::slice::chunk_by_mut,32,3,trait_or_callback,"F: FnMut(&T, &T) -> bool",preserved_callback_signature_without_target_body_assumption,"The public target preserves the Rust 1.96 callback bound and stores the predicate in the returned lazy mutable iterator; the constructor does not invoke the callback, so only the audited `fnmut_adjacent_predicate_observed` vocabulary remains as a law-constrained helper boundary.",core/src/slice/mod.rs:1906-1911 and core/src/slice/iter.rs:3109-3118,,,/home/chentianyu/nanvix-rust-std-spec-survey/nanvix-rust-std-slice-vec-implproof-2026-08-12/proof_harnesses/032_core_slice_chunk_by_mut/harness.rs,,,,,,,,callback-or-trait-observation,admissible-source-backed-support,partial-or-lower-level,"This exact frozen manifest record was audited as a named source dependency, callback, primitive, or local proof bridge. Its final disposition also incorporates every explicitly linked external site.",core/src/slice/mod.rs:1906-1911 and core/src/slice/iter.rs:3109-3118,"{""kind"":""trait_or_callback"",""name"":""F: FnMut(&T, &T) -> bool"",""rationale"":""The public target preserves the Rust 1.96 callback bound and stores the predicate in the returned lazy mutable iterator; the constructor does not invoke the callback, so only the audited `fnmut_adjacent_predicate_observed` vocabulary remains as a law-constrained helper boundary."",""source_lines"":""core/src/slice/mod.rs:1906-1911 and core/src/slice/iter.rs:3109-3118"",""status"":""preserved_callback_signature_without_target_body_assumption""}",source-backed-support,slice-unknown-authority-v3
TS-032-D004,dependency-manifest-record,core::slice::chunk_by_mut,32,4,source_backed_iterator_view_boundary,repaired generated mutable-iterator contract without final-slice frame,actual_verus_verified_after_contract_repair,The remaining source-backed obligation is the iterator/chunk/predicate view abstraction over returned lazy mutable iterator state; the removed final(slice) frame is no longer part of the contract under proof.,core/src/slice/iter.rs:3109-3118; generated contract for <[T]>::chunk_by_mut,,,/home/chentianyu/nanvix-rust-std-spec-survey/nanvix-rust-std-slice-vec-implproof-2026-08-12/proof_harnesses/032_core_slice_chunk_by_mut/harness.rs,,,,,,,,panic-or-domain-transition,admissible-source-backed-support,partial-or-lower-level,"This exact frozen manifest record was audited as a named source dependency, callback, primitive, or local proof bridge. Its final disposition also incorporates every explicitly linked external site.",core/src/slice/iter.rs:3109-3118; generated contract for <[T]>::chunk_by_mut,"{""kind"":""source_backed_iterator_view_boundary"",""name"":""repaired generated mutable-iterator contract without final-slice frame"",""rationale"":""The remaining source-backed obligation is the iterator/chunk/predicate view abstraction over returned lazy mutable iterator state; the removed final(slice) frame is no longer part of the contract under proof."",""source_lines"":""core/src/slice/iter.rs:3109-3118; generated contract for <[T]>::chunk_by_mut"",""status"":""actual_verus_verified_after_contract_repair""}",source-backed-support,slice-unknown-authority-v3
TS-032-C001,private-helper-callee,core::slice::chunk_by_mut,32,1,private_helper_callee_closure,ChunkByMut::new,body_preserved_in_harness_actual_verus_verified_after_contract_repair,Source-indexed private/public callee closure retained by the implementation-proof dependency manifest.,core/src/slice/iter.rs:3116-3118,df62c8ff9d65d9275fc1bb96342641708d61c6a19d3d6e9a00c3ea12a12c7456,frozen_inputs/slice/rust-core-slice/iter.rs,/home/chentianyu/nanvix-rust-std-spec-survey/nanvix-rust-std-slice-vec-implproof-2026-08-12/proof_harnesses/032_core_slice_chunk_by_mut/harness.rs,,,,,,,,source-callee-provenance,context-only-source-closure,not-an-executable-boundary,This record closes the source call graph for provenance. It does not itself add an assumed transition or observation.,core/src/slice/iter.rs:3116-3118,"{""body_end_line"":3118,""disposition"":""body_preserved_in_harness_actual_verus_verified_after_contract_repair"",""frozen_relpath"":""frozen_inputs/slice/rust-core-slice/iter.rs"",""item_sha256"":""df62c8ff9d65d9275fc1bb96342641708d61c6a19d3d6e9a00c3ea12a12c7456"",""name"":""ChunkByMut::new"",""public"":false,""signature_start_line"":3116,""source_reference_path"":""core/src/slice/iter.rs""}",source-closure-provenance,slice-unknown-authority-v3
TS-035-D001,dependency-manifest-record,core::slice::chunks_exact_mut,35,1,source_backed_model_instantiation,"slice_iterator_view::<ChunksExactMut<'a, T>, T>",minimal_trusted_boundary_for_shared_helper_representation_and_raw_pointer_view,"The generated contract's shared iterator-view helper is instantiated over the extracted ChunksExactMut private representation, with the raw pointer region represented by its source-backed split prefix sequence; this does not assume the target postcondition.",core/src/slice/iter.rs:2013-2033,,,/home/chentianyu/nanvix-rust-std-spec-survey/nanvix-rust-std-slice-vec-implproof-2026-08-12/proof_harnesses/035_core_slice_chunks_exact_mut/harness.rs,,,,,,,,panic-or-domain-transition,admissible-source-backed-support,partial-or-lower-level,"This exact frozen manifest record was audited as a named source dependency, callback, primitive, or local proof bridge. Its final disposition also incorporates every explicitly linked external site.",core/src/slice/iter.rs:2013-2033,"{""kind"":""source_backed_model_instantiation"",""name"":""slice_iterator_view::<ChunksExactMut<'a, T>, T>"",""rationale"":""The generated contract's shared iterator-view helper is instantiated over the extracted ChunksExactMut private representation, with the raw pointer region represented by its source-backed split prefix sequence; this does not assume the target postcondition."",""source_lines"":""core/src/slice/iter.rs:2013-2033"",""status"":""minimal_trusted_boundary_for_shared_helper_representation_and_raw_pointer_view""}",source-backed-support,slice-unknown-authority-v3
TS-035-D002,dependency-manifest-record,core::slice::chunks_exact_mut,35,2,source_backed_iterator_view_boundary,repaired generated mutable-iterator contract without final-slice frame,actual_verus_verified_after_contract_repair,The remaining source-backed obligation is the iterator/chunk/predicate view abstraction over returned lazy mutable iterator state; the removed final(slice) frame is no longer part of the contract under proof.,core/src/slice/iter.rs:2028-2033,,,/home/chentianyu/nanvix-rust-std-spec-survey/nanvix-rust-std-slice-vec-implproof-2026-08-12/proof_harnesses/035_core_slice_chunks_exact_mut/harness.rs,,,,,,,,panic-or-domain-transition,admissible-source-backed-support,partial-or-lower-level,"This exact frozen manifest record was audited as a named source dependency, callback, primitive, or local proof bridge. Its final disposition also incorporates every explicitly linked external site.",core/src/slice/iter.rs:2028-2033,"{""kind"":""source_backed_iterator_view_boundary"",""name"":""repaired generated mutable-iterator contract without final-slice frame"",""rationale"":""The remaining source-backed obligation is the iterator/chunk/predicate view abstraction over returned lazy mutable iterator state; the removed final(slice) frame is no longer part of the contract under proof."",""source_lines"":""core/src/slice/iter.rs:2028-2033"",""status"":""actual_verus_verified_after_contract_repair""}",source-backed-support,slice-unknown-authority-v3
TS-035-D003,dependency-manifest-record,core::slice::chunks_exact_mut,35,3,existing_vstd_source_contract_boundary,<[T]>::split_at_mut,minimal_trusted_boundary_for_unsafe_split_at_mut_unchecked_semantics_at_proved_valid_index,Rust 1.96 uses `unsafe { slice.split_at_mut_unchecked(fst_len) }` after `fst_len` is valid by construction. The harness uses the reviewed vstd `split_at_mut` contract at the same index to expose prefix/suffix sequence facts and mutable-frame semantics for the valid unchecked split.,core/src/slice/iter.rs:2031-2032; vstd/std_specs/slice.rs:203-210,,,/home/chentianyu/nanvix-rust-std-spec-survey/nanvix-rust-std-slice-vec-implproof-2026-08-12/proof_harnesses/035_core_slice_chunks_exact_mut/harness.rs,,,,,,,,panic-or-domain-transition,admissible-source-backed-support,partial-or-lower-level,"This exact frozen manifest record was audited as a named source dependency, callback, primitive, or local proof bridge. Its final disposition also incorporates every explicitly linked external site.",core/src/slice/iter.rs:2031-2032; vstd/std_specs/slice.rs:203-210,"{""kind"":""existing_vstd_source_contract_boundary"",""name"":""<[T]>::split_at_mut"",""rationale"":""Rust 1.96 uses `unsafe { slice.split_at_mut_unchecked(fst_len) }` after `fst_len` is valid by construction. The harness uses the reviewed vstd `split_at_mut` contract at the same index to expose prefix/suffix sequence facts and mutable-frame semantics for the valid unchecked split."",""source_lines"":""core/src/slice/iter.rs:2031-2032; vstd/std_specs/slice.rs:203-210"",""status"":""minimal_trusted_boundary_for_unsafe_split_at_mut_unchecked_semantics_at_proved_valid_index""}",source-backed-support,slice-unknown-authority-v3
TS-035-D004,dependency-manifest-record,core::slice::chunks_exact_mut,35,4,panic_or_bounds,assert!(chunk_size != 0),discharged_by_target_precondition,The generated precondition `chunk_size != 0` makes the Rust assert pass; the Verus harness keeps the assertion as a proof assertion.,core/src/slice/mod.rs:1290-1292,,,/home/chentianyu/nanvix-rust-std-spec-survey/nanvix-rust-std-slice-vec-implproof-2026-08-12/proof_harnesses/035_core_slice_chunks_exact_mut/harness.rs,,,,,,,,panic-or-domain-transition,admissible-source-backed-support,partial-or-lower-level,"This exact frozen manifest record was audited as a named source dependency, callback, primitive, or local proof bridge. Its final disposition also incorporates every explicitly linked external site.",core/src/slice/mod.rs:1290-1292,"{""kind"":""panic_or_bounds"",""name"":""assert!(chunk_size != 0)"",""rationale"":""The generated precondition `chunk_size != 0` makes the Rust assert pass; the Verus harness keeps the assertion as a proof assertion."",""source_lines"":""core/src/slice/mod.rs:1290-1292"",""status"":""discharged_by_target_precondition""}",source-backed-support,slice-unknown-authority-v3
TS-035-D005,dependency-manifest-record,core::slice::chunks_exact_mut,35,5,source_backed_iterator_view_boundary,repaired generated mutable-iterator contract without final-slice frame,actual_verus_verified_after_contract_repair,The remaining source-backed obligation is the iterator/chunk/predicate view abstraction over returned lazy mutable iterator state; the removed final(slice) frame is no longer part of the contract under proof.,core/src/slice/iter.rs:2031-2033; generated contract for <[T]>::chunks_exact_mut,,,/home/chentianyu/nanvix-rust-std-spec-survey/nanvix-rust-std-slice-vec-implproof-2026-08-12/proof_harnesses/035_core_slice_chunks_exact_mut/harness.rs,,,,,,,,panic-or-domain-transition,admissible-source-backed-support,partial-or-lower-level,"This exact frozen manifest record was audited as a named source dependency, callback, primitive, or local proof bridge. Its final disposition also incorporates every explicitly linked external site.",core/src/slice/iter.rs:2031-2033; generated contract for <[T]>::chunks_exact_mut,"{""kind"":""source_backed_iterator_view_boundary"",""name"":""repaired generated mutable-iterator contract without final-slice frame"",""rationale"":""The remaining source-backed obligation is the iterator/chunk/predicate view abstraction over returned lazy mutable iterator state; the removed final(slice) frame is no longer part of the contract under proof."",""source_lines"":""core/src/slice/iter.rs:2031-2033; generated contract for <[T]>::chunks_exact_mut"",""status"":""actual_verus_verified_after_contract_repair""}",source-backed-support,slice-unknown-authority-v3
TS-035-C001,private-helper-callee,core::slice::chunks_exact_mut,35,1,private_helper_callee_closure,ChunksExactMut::new,body_preserved_in_harness_actual_verus_verified_after_contract_repair,Source-indexed private/public callee closure retained by the implementation-proof dependency manifest.,core/src/slice/iter.rs:2028-2033,c309e04ca3da2fc4220ee3f93b4466c578ea7f3f2ef52cca6a3fdf8ac28e53d3,frozen_inputs/slice/rust-core-slice/iter.rs,/home/chentianyu/nanvix-rust-std-spec-survey/nanvix-rust-std-slice-vec-implproof-2026-08-12/proof_harnesses/035_core_slice_chunks_exact_mut/harness.rs,,,,,,,,source-callee-provenance,context-only-source-closure,not-an-executable-boundary,This record closes the source call graph for provenance. It does not itself add an assumed transition or observation.,core/src/slice/iter.rs:2028-2033,"{""body_end_line"":2033,""disposition"":""body_preserved_in_harness_actual_verus_verified_after_contract_repair"",""frozen_relpath"":""frozen_inputs/slice/rust-core-slice/iter.rs"",""item_sha256"":""c309e04ca3da2fc4220ee3f93b4466c578ea7f3f2ef52cca6a3fdf8ac28e53d3"",""name"":""ChunksExactMut::new"",""public"":false,""signature_start_line"":2028,""source_reference_path"":""core/src/slice/iter.rs""}",source-closure-provenance,slice-unknown-authority-v3
TS-036-D001,dependency-manifest-record,core::slice::chunks_mut,36,1,source_backed_model_instantiation,"slice_iterator_view::<ChunksMut<'a, T>, T>",minimal_trusted_boundary_for_shared_helper_representation_and_raw_pointer_view,"The generated contract's shared iterator-view helper is instantiated over the extracted ChunksMut private representation, with the raw pointer region represented by its source-backed mutable slice sequence; this does not assume the target postcondition.",core/src/slice/iter.rs:1656-1672,,,/home/chentianyu/nanvix-rust-std-spec-survey/nanvix-rust-std-slice-vec-implproof-2026-08-12/proof_harnesses/036_core_slice_chunks_mut/harness.rs,,,,,,,,panic-or-domain-transition,admissible-source-backed-support,partial-or-lower-level,"This exact frozen manifest record was audited as a named source dependency, callback, primitive, or local proof bridge. Its final disposition also incorporates every explicitly linked external site.",core/src/slice/iter.rs:1656-1672,"{""kind"":""source_backed_model_instantiation"",""name"":""slice_iterator_view::<ChunksMut<'a, T>, T>"",""rationale"":""The generated contract's shared iterator-view helper is instantiated over the extracted ChunksMut private representation, with the raw pointer region represented by its source-backed mutable slice sequence; this does not assume the target postcondition."",""source_lines"":""core/src/slice/iter.rs:1656-1672"",""status"":""minimal_trusted_boundary_for_shared_helper_representation_and_raw_pointer_view""}",source-backed-support,slice-unknown-authority-v3
TS-036-D002,dependency-manifest-record,core::slice::chunks_mut,36,2,source_backed_iterator_view_boundary,repaired generated mutable-iterator contract without final-slice frame,actual_verus_verified_after_contract_repair,The remaining source-backed obligation is the iterator/chunk/predicate view abstraction over returned lazy mutable iterator state; the removed final(slice) frame is no longer part of the contract under proof.,core/src/slice/iter.rs:1670-1672,,,/home/chentianyu/nanvix-rust-std-spec-survey/nanvix-rust-std-slice-vec-implproof-2026-08-12/proof_harnesses/036_core_slice_chunks_mut/harness.rs,,,,,,,,panic-or-domain-transition,admissible-source-backed-support,partial-or-lower-level,"This exact frozen manifest record was audited as a named source dependency, callback, primitive, or local proof bridge. Its final disposition also incorporates every explicitly linked external site.",core/src/slice/iter.rs:1670-1672,"{""kind"":""source_backed_iterator_view_boundary"",""name"":""repaired generated mutable-iterator contract without final-slice frame"",""rationale"":""The remaining source-backed obligation is the iterator/chunk/predicate view abstraction over returned lazy mutable iterator state; the removed final(slice) frame is no longer part of the contract under proof."",""source_lines"":""core/src/slice/iter.rs:1670-1672"",""status"":""actual_verus_verified_after_contract_repair""}",source-backed-support,slice-unknown-authority-v3
TS-036-D003,dependency-manifest-record,core::slice::chunks_mut,36,3,panic_or_bounds,assert!(chunk_size != 0),discharged_by_target_precondition,The generated precondition `chunk_size != 0` makes the Rust assert pass; the Verus harness keeps the assertion as a proof assertion.,core/src/slice/mod.rs:1199-1201,,,/home/chentianyu/nanvix-rust-std-spec-survey/nanvix-rust-std-slice-vec-implproof-2026-08-12/proof_harnesses/036_core_slice_chunks_mut/harness.rs,,,,,,,,panic-or-domain-transition,admissible-source-backed-support,partial-or-lower-level,"This exact frozen manifest record was audited as a named source dependency, callback, primitive, or local proof bridge. Its final disposition also incorporates every explicitly linked external site.",core/src/slice/mod.rs:1199-1201,"{""kind"":""panic_or_bounds"",""name"":""assert!(chunk_size != 0)"",""rationale"":""The generated precondition `chunk_size != 0` makes the Rust assert pass; the Verus harness keeps the assertion as a proof assertion."",""source_lines"":""core/src/slice/mod.rs:1199-1201"",""status"":""discharged_by_target_precondition""}",source-backed-support,slice-unknown-authority-v3
TS-036-D004,dependency-manifest-record,core::slice::chunks_mut,36,4,source_backed_iterator_view_boundary,repaired generated mutable-iterator contract without final-slice frame,actual_verus_verified_after_contract_repair,The remaining source-backed obligation is the iterator/chunk/predicate view abstraction over returned lazy mutable iterator state; the removed final(slice) frame is no longer part of the contract under proof.,core/src/slice/iter.rs:1656-1672; generated contract for <[T]>::chunks_mut,,,/home/chentianyu/nanvix-rust-std-spec-survey/nanvix-rust-std-slice-vec-implproof-2026-08-12/proof_harnesses/036_core_slice_chunks_mut/harness.rs,,,,,,,,panic-or-domain-transition,admissible-source-backed-support,partial-or-lower-level,"This exact frozen manifest record was audited as a named source dependency, callback, primitive, or local proof bridge. Its final disposition also incorporates every explicitly linked external site.",core/src/slice/iter.rs:1656-1672; generated contract for <[T]>::chunks_mut,"{""kind"":""source_backed_iterator_view_boundary"",""name"":""repaired generated mutable-iterator contract without final-slice frame"",""rationale"":""The remaining source-backed obligation is the iterator/chunk/predicate view abstraction over returned lazy mutable iterator state; the removed final(slice) frame is no longer part of the contract under proof."",""source_lines"":""core/src/slice/iter.rs:1656-1672; generated contract for <[T]>::chunks_mut"",""status"":""actual_verus_verified_after_contract_repair""}",source-backed-support,slice-unknown-authority-v3
TS-036-C001,private-helper-callee,core::slice::chunks_mut,36,1,private_helper_callee_closure,ChunksMut::new,body_preserved_in_harness_actual_verus_verified_after_contract_repair,Source-indexed private/public callee closure retained by the implementation-proof dependency manifest.,core/src/slice/iter.rs:1670-1672,c309e04ca3da2fc4220ee3f93b4466c578ea7f3f2ef52cca6a3fdf8ac28e53d3,frozen_inputs/slice/rust-core-slice/iter.rs,/home/chentianyu/nanvix-rust-std-spec-survey/nanvix-rust-std-slice-vec-implproof-2026-08-12/proof_harnesses/036_core_slice_chunks_mut/harness.rs,,,,,,,,source-callee-provenance,context-only-source-closure,not-an-executable-boundary,This record closes the source call graph for provenance. It does not itself add an assumed transition or observation.,core/src/slice/iter.rs:1670-1672,"{""body_end_line"":1672,""disposition"":""body_preserved_in_harness_actual_verus_verified_after_contract_repair"",""frozen_relpath"":""frozen_inputs/slice/rust-core-slice/iter.rs"",""item_sha256"":""c309e04ca3da2fc4220ee3f93b4466c578ea7f3f2ef52cca6a3fdf8ac28e53d3"",""name"":""ChunksMut::new"",""public"":false,""signature_start_line"":1670,""source_reference_path"":""core/src/slice/iter.rs""}",source-closure-provenance,slice-unknown-authority-v3
TS-037-D001,dependency-manifest-record,core::slice::clone_from_slice,37,1,shared_model_helper,slice_cloned_from,audited_generated_contract_vocabulary_assumption_until_element_clone_semantics_are_recursively_proved,Generated contract vocabulary states the post-state sequence produced by cloning from src; the harness proves the public target by executing the Rust 1.96 default clone loop and carrying a prefix invariant.,,,,/home/chentianyu/nanvix-rust-std-spec-survey/nanvix-rust-std-slice-vec-implproof-2026-08-12/proof_harnesses/037_core_slice_clone_from_slice/harness.rs,,,,,,,,specification-vocabulary,context-only-specification-vocabulary,not-an-executable-boundary,"This record identifies target-local specification vocabulary. It is retained for binding, but is not admitted as an executable Boundary_T observation or transition.",manifest-local,"{""kind"":""shared_model_helper"",""name"":""slice_cloned_from"",""rationale"":""Generated contract vocabulary states the post-state sequence produced by cloning from src; the harness proves the public target by executing the Rust 1.96 default clone loop and carrying a prefix invariant."",""status"":""audited_generated_contract_vocabulary_assumption_until_element_clone_semantics_are_recursively_proved""}",specification-vocabulary,slice-unknown-authority-v3
TS-037-D002,dependency-manifest-record,core::slice::clone_from_slice,37,2,source_shaped_private_helper_reduction,CloneFromSpec::spec_clone_from default loop,default_loop_executable_with_lower_clone_and_copy_path_boundaries,The public Rust 1.96 target body is the single call self.spec_clone_from(src). The harness now implements the default private-helper shape as an equal-length source prefix plus idx loop; only the per-element Clone::clone_from effect and TrivialClone copy specialization remain as lower retained boundaries.,core/src/slice/mod.rs:5588-5628,,,/home/chentianyu/nanvix-rust-std-spec-survey/nanvix-rust-std-slice-vec-implproof-2026-08-12/proof_harnesses/037_core_slice_clone_from_slice/harness.rs,,,,,,,,callback-or-trait-observation,admissible-source-backed-support,partial-or-lower-level,"This exact frozen manifest record was audited as a named source dependency, callback, primitive, or local proof bridge. Its final disposition also incorporates every explicitly linked external site.",core/src/slice/mod.rs:5588-5628,"{""kind"":""source_shaped_private_helper_reduction"",""name"":""CloneFromSpec::spec_clone_from default loop"",""rationale"":""The public Rust 1.96 target body is the single call self.spec_clone_from(src). The harness now implements the default private-helper shape as an equal-length source prefix plus idx loop; only the per-element Clone::clone_from effect and TrivialClone copy specialization remain as lower retained boundaries."",""source_lines"":""core/src/slice/mod.rs:5588-5628"",""status"":""default_loop_executable_with_lower_clone_and_copy_path_boundaries""}",source-backed-support,slice-unknown-authority-v3
TS-037-D003,dependency-manifest-record,core::slice::clone_from_slice,37,3,trait_or_callback,T: Clone + Destruct,preserved_source_trait_effects_without_whole_helper_assumption,The source signature requires const Clone and const Destruct. The Verus harness preserves the Clone bound for the executable per-element loop and records destructor/drop effects as part of the lower Clone/copy-path boundary.,"core/src/slice/mod.rs:4254-4259,5588-5628",,,/home/chentianyu/nanvix-rust-std-spec-survey/nanvix-rust-std-slice-vec-implproof-2026-08-12/proof_harnesses/037_core_slice_clone_from_slice/harness.rs,,,,,,,,callback-or-trait-observation,admissible-source-backed-support,partial-or-lower-level,"This exact frozen manifest record was audited as a named source dependency, callback, primitive, or local proof bridge. Its final disposition also incorporates every explicitly linked external site.","core/src/slice/mod.rs:4254-4259,5588-5628","{""kind"":""trait_or_callback"",""name"":""T: Clone + Destruct"",""rationale"":""The source signature requires const Clone and const Destruct. The Verus harness preserves the Clone bound for the executable per-element loop and records destructor/drop effects as part of the lower Clone/copy-path boundary."",""source_lines"":""core/src/slice/mod.rs:4254-4259,5588-5628"",""status"":""preserved_source_trait_effects_without_whole_helper_assumption""}",source-backed-support,slice-unknown-authority-v3
TS-037-D004,dependency-manifest-record,core::slice::clone_from_slice,37,4,source_backed_copy_path_boundary,copy_from_slice_impl,trivialclone_copy_path_retained_as_lower_equivalent_specialization_boundary,"The TrivialClone specialization delegates to unsafe copy_from_slice_impl after the length check; the generated precondition supplies equal lengths, and the copy path remains a named source-backed boundary until recursively proved.","core/src/slice/mod.rs:5556-5586,5623-5628",,,/home/chentianyu/nanvix-rust-std-spec-survey/nanvix-rust-std-slice-vec-implproof-2026-08-12/proof_harnesses/037_core_slice_clone_from_slice/harness.rs,,,,,,,,callback-or-trait-observation,admissible-source-backed-support,partial-or-lower-level,"This exact frozen manifest record was audited as a named source dependency, callback, primitive, or local proof bridge. Its final disposition also incorporates every explicitly linked external site.","core/src/slice/mod.rs:5556-5586,5623-5628","{""kind"":""source_backed_copy_path_boundary"",""name"":""copy_from_slice_impl"",""rationale"":""The TrivialClone specialization delegates to unsafe copy_from_slice_impl after the length check; the generated precondition supplies equal lengths, and the copy path remains a named source-backed boundary until recursively proved."",""source_lines"":""core/src/slice/mod.rs:5556-5586,5623-5628"",""status"":""trivialclone_copy_path_retained_as_lower_equivalent_specialization_boundary""}",source-backed-support,slice-unknown-authority-v3
TS-037-C001,private-helper-callee,core::slice::clone_from_slice,37,1,private_helper_callee_closure,spec_clone_from,source_shaped_default_loop_with_lower_effect_boundary,Source-indexed private/public callee closure retained by the implementation-proof dependency manifest.,core/src/slice/mod.rs:5590-5615,e01e5bc013b67ba86d792f958b64c1fd27627b822084edb3a1264b8470765b03,frozen_inputs/slice/rust-core-slice/mod.rs,/home/chentianyu/nanvix-rust-std-spec-survey/nanvix-rust-std-slice-vec-implproof-2026-08-12/proof_harnesses/037_core_slice_clone_from_slice/harness.rs,,,,,,,,source-callee-provenance,context-only-source-closure,not-an-executable-boundary,This record closes the source call graph for provenance. It does not itself add an assumed transition or observation.,core/src/slice/mod.rs:5590-5615,"{""body_end_line"":5615,""disposition"":""source_shaped_default_loop_with_lower_effect_boundary"",""frozen_relpath"":""frozen_inputs/slice/rust-core-slice/mod.rs"",""item_sha256"":""e01e5bc013b67ba86d792f958b64c1fd27627b822084edb3a1264b8470765b03"",""name"":""spec_clone_from"",""public"":false,""signature_start_line"":5590,""source_reference_path"":""core/src/slice/mod.rs""}",source-closure-provenance,slice-unknown-authority-v3
TS-037-C002,private-helper-callee,core::slice::clone_from_slice,37,2,private_helper_callee_closure,spec_clone_from,source_shaped_default_loop_with_lower_effect_boundary,Source-indexed private/public callee closure retained by the implementation-proof dependency manifest.,core/src/slice/mod.rs:5601-5614,d1e6bb2b30645a09f5cfa53c361a19e29cdc3e5720b8846a2b70924a927a07c3,frozen_inputs/slice/rust-core-slice/mod.rs,/home/chentianyu/nanvix-rust-std-spec-survey/nanvix-rust-std-slice-vec-implproof-2026-08-12/proof_harnesses/037_core_slice_clone_from_slice/harness.rs,,,,,,,,source-callee-provenance,context-only-source-closure,not-an-executable-boundary,This record closes the source call graph for provenance. It does not itself add an assumed transition or observation.,core/src/slice/mod.rs:5601-5614,"{""body_end_line"":5614,""disposition"":""source_shaped_default_loop_with_lower_effect_boundary"",""frozen_relpath"":""frozen_inputs/slice/rust-core-slice/mod.rs"",""item_sha256"":""d1e6bb2b30645a09f5cfa53c361a19e29cdc3e5720b8846a2b70924a927a07c3"",""name"":""spec_clone_from"",""public"":false,""signature_start_line"":5601,""source_reference_path"":""core/src/slice/mod.rs""}",source-closure-provenance,slice-unknown-authority-v3
TS-037-C003,private-helper-callee,core::slice::clone_from_slice,37,3,private_helper_callee_closure,spec_clone_from,source_backed_trivialclone_copy_path_boundary,Source-indexed private/public callee closure retained by the implementation-proof dependency manifest.,core/src/slice/mod.rs:5623-5628,178d57138da6517882b0c30be139af2e518a6e8ea0945149c1f7628b5c722cc3,frozen_inputs/slice/rust-core-slice/mod.rs,/home/chentianyu/nanvix-rust-std-spec-survey/nanvix-rust-std-slice-vec-implproof-2026-08-12/proof_harnesses/037_core_slice_clone_from_slice/harness.rs,,,,,,,,source-callee-provenance,context-only-source-closure,not-an-executable-boundary,This record closes the source call graph for provenance. It does not itself add an assumed transition or observation.,core/src/slice/mod.rs:5623-5628,"{""body_end_line"":5628,""disposition"":""source_backed_trivialclone_copy_path_boundary"",""frozen_relpath"":""frozen_inputs/slice/rust-core-slice/mod.rs"",""item_sha256"":""178d57138da6517882b0c30be139af2e518a6e8ea0945149c1f7628b5c722cc3"",""name"":""spec_clone_from"",""public"":false,""signature_start_line"":5623,""source_reference_path"":""core/src/slice/mod.rs""}",source-closure-provenance,slice-unknown-authority-v3
TS-037-C004,private-helper-callee,core::slice::clone_from_slice,37,4,private_helper_callee_closure,len,conservative_source-index_name_collision_not_used_by_target_harness,Source-indexed private/public callee closure retained by the implementation-proof dependency manifest.,core/src/slice/iter/macros.rs:142-144,48328fef24b9a414c7599eb67374e2d10f3c26ce8316557ce897b9c9e5203fc1,frozen_inputs/slice/rust-core-slice/iter/macros.rs,/home/chentianyu/nanvix-rust-std-spec-survey/nanvix-rust-std-slice-vec-implproof-2026-08-12/proof_harnesses/037_core_slice_clone_from_slice/harness.rs,,,,,,,,source-callee-provenance,context-only-source-closure,not-an-executable-boundary,This record closes the source call graph for provenance. It does not itself add an assumed transition or observation.,core/src/slice/iter/macros.rs:142-144,"{""body_end_line"":144,""disposition"":""conservative_source-index_name_collision_not_used_by_target_harness"",""frozen_relpath"":""frozen_inputs/slice/rust-core-slice/iter/macros.rs"",""item_sha256"":""48328fef24b9a414c7599eb67374e2d10f3c26ce8316557ce897b9c9e5203fc1"",""name"":""len"",""public"":false,""signature_start_line"":142,""source_reference_path"":""core/src/slice/iter/macros.rs""}",source-closure-provenance,slice-unknown-authority-v3
TS-037-C005,private-helper-callee,core::slice::clone_from_slice,37,5,private_helper_callee_closure,len,conservative_source-index_name_collision_not_used_by_target_harness,Source-indexed private/public callee closure retained by the implementation-proof dependency manifest.,core/src/slice/sort/stable/drift.rs:295-297,39713253c1089e4b037e302f5b7358f257f51d24290f54f0efc0dc25d78323fc,frozen_inputs/slice/rust-core-slice/sort/stable/drift.rs,/home/chentianyu/nanvix-rust-std-spec-survey/nanvix-rust-std-slice-vec-implproof-2026-08-12/proof_harnesses/037_core_slice_clone_from_slice/harness.rs,,,,,,,,source-callee-provenance,context-only-source-closure,not-an-executable-boundary,This record closes the source call graph for provenance. It does not itself add an assumed transition or observation.,core/src/slice/sort/stable/drift.rs:295-297,"{""body_end_line"":297,""disposition"":""conservative_source-index_name_collision_not_used_by_target_harness"",""frozen_relpath"":""frozen_inputs/slice/rust-core-slice/sort/stable/drift.rs"",""item_sha256"":""39713253c1089e4b037e302f5b7358f257f51d24290f54f0efc0dc25d78323fc"",""name"":""len"",""public"":false,""signature_start_line"":295,""source_reference_path"":""core/src/slice/sort/stable/drift.rs""}",source-closure-provenance,slice-unknown-authority-v3
TS-037-C006,private-helper-callee,core::slice::clone_from_slice,37,6,private_helper_callee_closure,len,conservative_source-index_name_collision_not_used_by_target_harness,Source-indexed private/public callee closure retained by the implementation-proof dependency manifest.,alloc/src/vec/in_place_drop.rs:15-17,abc18bdf2169eed2a02867127488f3df813795a68b96b8e832725dab3e82adb9,frozen_inputs/vec/rust-alloc-vec/vec/in_place_drop.rs,/home/chentianyu/nanvix-rust-std-spec-survey/nanvix-rust-std-slice-vec-implproof-2026-08-12/proof_harnesses/037_core_slice_clone_from_slice/harness.rs,,,,,,,,source-callee-provenance,context-only-source-closure,not-an-executable-boundary,This record closes the source call graph for provenance. It does not itself add an assumed transition or observation.,alloc/src/vec/in_place_drop.rs:15-17,"{""body_end_line"":17,""disposition"":""conservative_source-index_name_collision_not_used_by_target_harness"",""frozen_relpath"":""frozen_inputs/vec/rust-alloc-vec/vec/in_place_drop.rs"",""item_sha256"":""abc18bdf2169eed2a02867127488f3df813795a68b96b8e832725dab3e82adb9"",""name"":""len"",""public"":false,""signature_start_line"":15,""source_reference_path"":""alloc/src/vec/in_place_drop.rs""}",source-closure-provenance,slice-unknown-authority-v3
TS-037-C007,private-helper-callee,core::slice::clone_from_slice,37,7,private_helper_callee_closure,copy_from_slice_impl,source_backed_trivialclone_copy_path_boundary,Source-indexed private/public callee closure retained by the implementation-proof dependency manifest.,core/src/slice/mod.rs:5561-5586,f6421a6d2b9b519752cb29c6e2e5bdc74ca2d1c8d6099c4ca6a2aaf5ad178016,frozen_inputs/slice/rust-core-slice/mod.rs,/home/chentianyu/nanvix-rust-std-spec-survey/nanvix-rust-std-slice-vec-implproof-2026-08-12/proof_harnesses/037_core_slice_clone_from_slice/harness.rs,,,,,,,,source-callee-provenance,context-only-source-closure,not-an-executable-boundary,This record closes the source call graph for provenance. It does not itself add an assumed transition or observation.,core/src/slice/mod.rs:5561-5586,"{""body_end_line"":5586,""disposition"":""source_backed_trivialclone_copy_path_boundary"",""frozen_relpath"":""frozen_inputs/slice/rust-core-slice/mod.rs"",""item_sha256"":""f6421a6d2b9b519752cb29c6e2e5bdc74ca2d1c8d6099c4ca6a2aaf5ad178016"",""name"":""copy_from_slice_impl"",""public"":false,""signature_start_line"":5561,""source_reference_path"":""core/src/slice/mod.rs""}",source-closure-provenance,slice-unknown-authority-v3
TS-037-C008,private-helper-callee,core::slice::clone_from_slice,37,8,private_helper_callee_closure,len_mismatch_fail,source_backed_panic_path_excluded_by_equal_length_precondition,Source-indexed private/public callee closure retained by the implementation-proof dependency manifest.,core/src/slice/mod.rs:5567-5574,23a458ad2b27f957aa3930a3c5513bbfc7c6d96aa72461ac3af5868f2715d03a,frozen_inputs/slice/rust-core-slice/mod.rs,/home/chentianyu/nanvix-rust-std-spec-survey/nanvix-rust-std-slice-vec-implproof-2026-08-12/proof_harnesses/037_core_slice_clone_from_slice/harness.rs,,,,,,,,source-callee-provenance,context-only-source-closure,not-an-executable-boundary,This record closes the source call graph for provenance. It does not itself add an assumed transition or observation.,core/src/slice/mod.rs:5567-5574,"{""body_end_line"":5574,""disposition"":""source_backed_panic_path_excluded_by_equal_length_precondition"",""frozen_relpath"":""frozen_inputs/slice/rust-core-slice/mod.rs"",""item_sha256"":""23a458ad2b27f957aa3930a3c5513bbfc7c6d96aa72461ac3af5868f2715d03a"",""name"":""len_mismatch_fail"",""public"":false,""signature_start_line"":5567,""source_reference_path"":""core/src/slice/mod.rs""}",source-closure-provenance,slice-unknown-authority-v3
TS-037-E001,harness-external-body,core::slice::clone_from_slice,37,1,verifier::external_body,rust_1_96_clone_from_at,active-explicit-trusted-body,Exact external-body site enumerated from the selected proof harness; semantics and source backing are supplied by linked dependency records and the retained harness signature.,,,,/home/chentianyu/nanvix-rust-std-spec-survey/nanvix-rust-std-slice-vec-implproof-2026-08-12/proof_harnesses/037_core_slice_clone_from_slice/harness.rs,62,63,"pub fn rust_1_96_clone_from_at<T: Clone>(dst: &mut [T], src: &[T], idx: usize) requires",70,"pub fn rust_1_96_clone_from_at<T: Clone>(dst: &mut [T], src: &[T], idx: usize)
    requires
        old(dst)@.len() == src@.len(),
        idx < src@.len(),
    ensures
        final(dst)@.len() == old(dst)@.len(),
        final(dst)@ == old(dst)@.update(idx as int, src@[idx as int]),
",82f8a0d8a93b9fd788f330f3ac2e86100fdac350afbe2b6380046555e11e6bc2,TS-037-D002;TS-037-D003,callback-or-trait-transition,admissible-source-backed-lower-boundary,partial-or-lower-level,"The contract records one callback, element read, clone, or write effect rather than the target's aggregate result.","core/src/slice/mod.rs:4254-4259,5588-5628;core/src/slice/mod.rs:5588-5628","{""attribute_line"":62,""contract_end_line"":70,""contract_text"":""pub fn rust_1_96_clone_from_at<T: Clone>(dst: &mut [T], src: &[T], idx: usize)\n    requires\n        old(dst)@.len() == src@.len(),\n        idx < src@.len(),\n    ensures\n        final(dst)@.len() == old(dst)@.len(),\n        final(dst)@ == old(dst)@.update(idx as int, src@[idx as int]),\n"",""declaration_line"":63,""signature"":""pub fn rust_1_96_clone_from_at<T: Clone>(dst: &mut [T], src: &[T], idx: usize) requires"",""symbol"":""rust_1_96_clone_from_at""}",callback-or-element-effect,slice-unknown-authority-v3
TS-039-D001,dependency-manifest-record,core::slice::element_offset,39,1,shared_contract_vocabulary,slice_element_in_domain;slice_element_offset_result;slice_element_offset_option_result;slice_start_ptr,existing_generated_contract_vocabulary_boundary,The harness instantiates the generated element-offset vocabulary and the reviewed immutable slice-start pointer vocabulary without assuming the public target body.,,,,/home/chentianyu/nanvix-rust-std-spec-survey/nanvix-rust-std-slice-vec-implproof-2026-08-12/proof_harnesses/039_core_slice_element_offset/harness.rs,,,,,,,,specification-vocabulary,context-only-specification-vocabulary,not-an-executable-boundary,"This record identifies target-local specification vocabulary. It is retained for binding, but is not admitted as an executable Boundary_T observation or transition.",manifest-local,"{""kind"":""shared_contract_vocabulary"",""name"":""slice_element_in_domain;slice_element_offset_result;slice_element_offset_option_result;slice_start_ptr"",""rationale"":""The harness instantiates the generated element-offset vocabulary and the reviewed immutable slice-start pointer vocabulary without assuming the public target body."",""status"":""existing_generated_contract_vocabulary_boundary""}",specification-vocabulary,slice-unknown-authority-v3
TS-039-D002,dependency-manifest-record,core::slice::element_offset,39,2,generated_target_dependency,core::slice::as_ptr,reviewed_dependency_reused_for_immutable_pointer_start_fact,"Rust 1.96 computes `self.as_ptr().addr()`. The harness reuses the reviewed as_ptr raw-cast boundary locally to obtain `slice_start_ptr(slice@, ptr)` before observing the pointer address.",core/src/slice/mod.rs:726-728 and 5265,df0d49a1417773cb8932d48e9e7bb06a553039beaca7f20000b9fc6319236c1d,,/home/chentianyu/nanvix-rust-std-spec-survey/nanvix-rust-std-slice-vec-implproof-2026-08-12/proof_harnesses/039_core_slice_element_offset/harness.rs,,,,,,,,panic-or-domain-transition,admissible-source-backed-support,partial-or-lower-level,"This exact frozen manifest record was audited as a named source dependency, callback, primitive, or local proof bridge. Its final disposition also incorporates every explicitly linked external site.",core/src/slice/mod.rs:726-728 and 5265,"{""kind"":""generated_target_dependency"",""name"":""core::slice::as_ptr"",""rationale"":""Rust 1.96 computes `self.as_ptr().addr()`. The harness reuses the reviewed as_ptr raw-cast boundary locally to obtain `slice_start_ptr(slice@, ptr)` before observing the pointer address."",""source_lines"":""core/src/slice/mod.rs:726-728 and 5265"",""source_sha256"":""df0d49a1417773cb8932d48e9e7bb06a553039beaca7f20000b9fc6319236c1d"",""status"":""reviewed_dependency_reused_for_immutable_pointer_start_fact""}",source-backed-support,slice-unknown-authority-v3
TS-039-D003,dependency-manifest-record,core::slice::element_offset,39,3,source_backed_zst_panic_boundary,rust_1_96_element_offset_zst_panic,retained_minimal_source_backed_boundary_for_zst_panic_only,The source body panics on `T::IS_ZST` before dividing by `size_of::<T>()`; the harness preserves the panic branch as the retained ZST-domain boundary while `rust_1_96_type_is_zst` and `rust_1_96_size_of` now verify from concrete `core::mem::size_of::<T>()`.,"core/src/slice/mod.rs:5261-5263,5270",2e1c40be6fe7b5b51032b7132000aa531f27957039e0545dee3811b6d36ad61a,proof_harnesses/039_core_slice_element_offset/source_excerpt.rs,/home/chentianyu/nanvix-rust-std-spec-survey/nanvix-rust-std-slice-vec-implproof-2026-08-12/proof_harnesses/039_core_slice_element_offset/harness.rs,,,,,,,,panic-or-domain-transition,admissible-source-backed-support,partial-or-lower-level,"This exact frozen manifest record was audited as a named source dependency, callback, primitive, or local proof bridge. Its final disposition also incorporates every explicitly linked external site.","core/src/slice/mod.rs:5261-5263,5270","{""kind"":""source_backed_zst_panic_boundary"",""name"":""rust_1_96_element_offset_zst_panic"",""rationale"":""The source body panics on `T::IS_ZST` before dividing by `size_of::<T>()`; the harness preserves the panic branch as the retained ZST-domain boundary while `rust_1_96_type_is_zst` and `rust_1_96_size_of` now verify from concrete `core::mem::size_of::<T>()`."",""source_excerpt_relpath"":""proof_harnesses/039_core_slice_element_offset/source_excerpt.rs"",""source_lines"":""core/src/slice/mod.rs:5261-5263,5270"",""source_sha256"":""2e1c40be6fe7b5b51032b7132000aa531f27957039e0545dee3811b6d36ad61a"",""status"":""retained_minimal_source_backed_boundary_for_zst_panic_only""}",source-backed-support,slice-unknown-authority-v3
TS-039-D004,dependency-manifest-record,core::slice::element_offset,39,4,source_backed_ptr_from_ref_boundary,rust_1_96_ptr_from_ref,retained_minimal_source_backed_boundary_for_ptr_from_ref_until_verus_models_std_ptr_from_ref,"Verus supports the Rust 1.96 `ptr.addr()` wrapper here, so pointer-address observation is now an executable helper. `core::ptr::from_ref(element)` is still rejected by this Verus build during typecheck without an assume_specification, so the harness retains only that narrow source-backed pointer-construction boundary.",core/src/slice/mod.rs:5265-5266,2e1c40be6fe7b5b51032b7132000aa531f27957039e0545dee3811b6d36ad61a,proof_harnesses/039_core_slice_element_offset/source_excerpt.rs,/home/chentianyu/nanvix-rust-std-spec-survey/nanvix-rust-std-slice-vec-implproof-2026-08-12/proof_harnesses/039_core_slice_element_offset/harness.rs,,,,,,,,panic-or-domain-transition,admissible-source-backed-support,partial-or-lower-level,"This exact frozen manifest record was audited as a named source dependency, callback, primitive, or local proof bridge. Its final disposition also incorporates every explicitly linked external site.",core/src/slice/mod.rs:5265-5266,"{""kind"":""source_backed_ptr_from_ref_boundary"",""name"":""rust_1_96_ptr_from_ref"",""rationale"":""Verus supports the Rust 1.96 `ptr.addr()` wrapper here, so pointer-address observation is now an executable helper. `core::ptr::from_ref(element)` is still rejected by this Verus build during typecheck without an assume_specification, so the harness retains only that narrow source-backed pointer-construction boundary."",""source_excerpt_relpath"":""proof_harnesses/039_core_slice_element_offset/source_excerpt.rs"",""source_lines"":""core/src/slice/mod.rs:5265-5266"",""source_sha256"":""2e1c40be6fe7b5b51032b7132000aa531f27957039e0545dee3811b6d36ad61a"",""status"":""retained_minimal_source_backed_boundary_for_ptr_from_ref_until_verus_models_std_ptr_from_ref""}",source-backed-support,slice-unknown-authority-v3
TS-039-D005,dependency-manifest-record,core::slice::element_offset,39,5,source_verified_layout_alignment_pointer_arithmetic_helpers,rust_1_96_type_is_zst;rust_1_96_size_of;rust_1_96_ptr_addr;rust_1_96_wrapping_sub;rust_1_96_is_multiple_of;rust_1_96_divide_byte_offset,verified_executable_not_trusted_boundary,"The public target preserves the concrete `core::mem::size_of::<T>() == 0` ZST test, the concrete nonzero `size_of::<T>()` fact after the panic branch, pointer-address observation, wrapping address subtraction, alignment check via `is_multiple_of(size_of::<T>())`, and byte-offset division. These source-pure operations now have executable verified helper bodies rather than trusted `external_body` boundaries; `ptr::from_ref` and the pointer-domain bridges still carry the pointer-construction/provenance/address facts that pure arithmetic cannot provide.",core/src/slice/mod.rs:5268-5272,2e1c40be6fe7b5b51032b7132000aa531f27957039e0545dee3811b6d36ad61a,proof_harnesses/039_core_slice_element_offset/source_excerpt.rs,/home/chentianyu/nanvix-rust-std-spec-survey/nanvix-rust-std-slice-vec-implproof-2026-08-12/proof_harnesses/039_core_slice_element_offset/harness.rs,,,,,,,,panic-or-domain-transition,admissible-source-backed-support,partial-or-lower-level,"This exact frozen manifest record was audited as a named source dependency, callback, primitive, or local proof bridge. Its final disposition also incorporates every explicitly linked external site.",core/src/slice/mod.rs:5268-5272,"{""kind"":""source_verified_layout_alignment_pointer_arithmetic_helpers"",""name"":""rust_1_96_type_is_zst;rust_1_96_size_of;rust_1_96_ptr_addr;rust_1_96_wrapping_sub;rust_1_96_is_multiple_of;rust_1_96_divide_byte_offset"",""rationale"":""The public target preserves the concrete `core::mem::size_of::<T>() == 0` ZST test, the concrete nonzero `size_of::<T>()` fact after the panic branch, pointer-address observation, wrapping address subtraction, alignment check via `is_multiple_of(size_of::<T>())`, and byte-offset division. These source-pure operations now have executable verified helper bodies rather than trusted `external_body` boundaries; `ptr::from_ref` and the pointer-domain bridges still carry the pointer-construction/provenance/address facts that pure arithmetic cannot provide."",""source_excerpt_relpath"":""proof_harnesses/039_core_slice_element_offset/source_excerpt.rs"",""source_lines"":""core/src/slice/mod.rs:5268-5272"",""source_sha256"":""2e1c40be6fe7b5b51032b7132000aa531f27957039e0545dee3811b6d36ad61a"",""status"":""verified_executable_not_trusted_boundary""}",source-backed-support,slice-unknown-authority-v3
TS-039-D006,dependency-manifest-record,core::slice::element_offset,39,6,source_backed_pointer_domain_result_bridge_boundary,rust_1_96_element_offset_unaligned_bridge;rust_1_96_element_offset_oob_bridge;rust_1_96_element_offset_some_bridge,minimal_result_bridge_for_pointer_provenance_alignment_domain_contract,"The source distinguishes unaligned/out-of-bounds None from in-bounds Some(offset), but the pure contract vocabulary is relational over pointer-domain membership. The bridge connects the preserved source branches to that vocabulary without forcing uniqueness or changing the contract.",core/src/slice/mod.rs:5268-5276,2e1c40be6fe7b5b51032b7132000aa531f27957039e0545dee3811b6d36ad61a,proof_harnesses/039_core_slice_element_offset/source_excerpt.rs,/home/chentianyu/nanvix-rust-std-spec-survey/nanvix-rust-std-slice-vec-implproof-2026-08-12/proof_harnesses/039_core_slice_element_offset/harness.rs,,,,,,,,panic-or-domain-transition,inadmissible-answer-bearing-support,complete-or-answer-equivalent,"Every linked executable site is explicitly audited as a complete target/branch postcondition, answer-equivalent result, or opaque whole algorithm. Source citation does not make it admissible.",core/src/slice/mod.rs:5268-5276,"{""kind"":""source_backed_pointer_domain_result_bridge_boundary"",""name"":""rust_1_96_element_offset_unaligned_bridge;rust_1_96_element_offset_oob_bridge;rust_1_96_element_offset_some_bridge"",""rationale"":""The source distinguishes unaligned/out-of-bounds None from in-bounds Some(offset), but the pure contract vocabulary is relational over pointer-domain membership. The bridge connects the preserved source branches to that vocabulary without forcing uniqueness or changing the contract."",""source_excerpt_relpath"":""proof_harnesses/039_core_slice_element_offset/source_excerpt.rs"",""source_lines"":""core/src/slice/mod.rs:5268-5276"",""source_sha256"":""2e1c40be6fe7b5b51032b7132000aa531f27957039e0545dee3811b6d36ad61a"",""status"":""minimal_result_bridge_for_pointer_provenance_alignment_domain_contract""}",source-backed-support,slice-unknown-authority-v3
TS-039-C001,private-helper-callee,core::slice::element_offset,39,1,private_helper_callee_closure,len,source-indexed,Source-indexed private/public callee closure retained by the implementation-proof dependency manifest.,core/src/slice/iter/macros.rs:142-144,48328fef24b9a414c7599eb67374e2d10f3c26ce8316557ce897b9c9e5203fc1,frozen_inputs/slice/rust-core-slice/iter/macros.rs,/home/chentianyu/nanvix-rust-std-spec-survey/nanvix-rust-std-slice-vec-implproof-2026-08-12/proof_harnesses/039_core_slice_element_offset/harness.rs,,,,,,,,source-callee-provenance,context-only-source-closure,not-an-executable-boundary,This record closes the source call graph for provenance. It does not itself add an assumed transition or observation.,core/src/slice/iter/macros.rs:142-144,"{""body_end_line"":144,""frozen_relpath"":""frozen_inputs/slice/rust-core-slice/iter/macros.rs"",""item_sha256"":""48328fef24b9a414c7599eb67374e2d10f3c26ce8316557ce897b9c9e5203fc1"",""name"":""len"",""public"":false,""signature_start_line"":142,""source_reference_path"":""core/src/slice/iter/macros.rs""}",source-closure-provenance,slice-unknown-authority-v3
TS-039-C002,private-helper-callee,core::slice::element_offset,39,2,private_helper_callee_closure,len,source-indexed,Source-indexed private/public callee closure retained by the implementation-proof dependency manifest.,core/src/slice/sort/stable/drift.rs:295-297,39713253c1089e4b037e302f5b7358f257f51d24290f54f0efc0dc25d78323fc,frozen_inputs/slice/rust-core-slice/sort/stable/drift.rs,/home/chentianyu/nanvix-rust-std-spec-survey/nanvix-rust-std-slice-vec-implproof-2026-08-12/proof_harnesses/039_core_slice_element_offset/harness.rs,,,,,,,,source-callee-provenance,context-only-source-closure,not-an-executable-boundary,This record closes the source call graph for provenance. It does not itself add an assumed transition or observation.,core/src/slice/sort/stable/drift.rs:295-297,"{""body_end_line"":297,""frozen_relpath"":""frozen_inputs/slice/rust-core-slice/sort/stable/drift.rs"",""item_sha256"":""39713253c1089e4b037e302f5b7358f257f51d24290f54f0efc0dc25d78323fc"",""name"":""len"",""public"":false,""signature_start_line"":295,""source_reference_path"":""core/src/slice/sort/stable/drift.rs""}",source-closure-provenance,slice-unknown-authority-v3
TS-039-C003,private-helper-callee,core::slice::element_offset,39,3,private_helper_callee_closure,len,source-indexed,Source-indexed private/public callee closure retained by the implementation-proof dependency manifest.,alloc/src/vec/in_place_drop.rs:15-17,abc18bdf2169eed2a02867127488f3df813795a68b96b8e832725dab3e82adb9,frozen_inputs/vec/rust-alloc-vec/vec/in_place_drop.rs,/home/chentianyu/nanvix-rust-std-spec-survey/nanvix-rust-std-slice-vec-implproof-2026-08-12/proof_harnesses/039_core_slice_element_offset/harness.rs,,,,,,,,source-callee-provenance,context-only-source-closure,not-an-executable-boundary,This record closes the source call graph for provenance. It does not itself add an assumed transition or observation.,alloc/src/vec/in_place_drop.rs:15-17,"{""body_end_line"":17,""frozen_relpath"":""frozen_inputs/vec/rust-alloc-vec/vec/in_place_drop.rs"",""item_sha256"":""abc18bdf2169eed2a02867127488f3df813795a68b96b8e832725dab3e82adb9"",""name"":""len"",""public"":false,""signature_start_line"":15,""source_reference_path"":""alloc/src/vec/in_place_drop.rs""}",source-closure-provenance,slice-unknown-authority-v3
TS-039-E001,harness-external-body,core::slice::element_offset,39,1,verifier::external_body,rust_1_96_element_offset_zst_panic,active-explicit-trusted-body,Exact external-body site enumerated from the selected proof harness; semantics and source backing are supplied by linked dependency records and the retained harness signature.,,,,/home/chentianyu/nanvix-rust-std-spec-survey/nanvix-rust-std-slice-vec-implproof-2026-08-12/proof_harnesses/039_core_slice_element_offset/harness.rs,48,49,pub fn rust_1_96_element_offset_zst_panic<T>() ensures,52,"pub fn rust_1_96_element_offset_zst_panic<T>()
    ensures
        false,
",417edcbb9fe38c25a7b4760683add8f0cfa7df1551c6f03f01a76dde65144e22,TS-039-D003,panic-edge,admissible-source-backed-lower-boundary,partial-or-lower-level,The contract models a source panic/divergence edge and supplies no normal target return or aggregate final state.,"core/src/slice/mod.rs:5261-5263,5270","{""attribute_line"":48,""contract_end_line"":52,""contract_text"":""pub fn rust_1_96_element_offset_zst_panic<T>()\n    ensures\n        false,\n"",""declaration_line"":49,""signature"":""pub fn rust_1_96_element_offset_zst_panic<T>() ensures"",""symbol"":""rust_1_96_element_offset_zst_panic""}",panic-edge,slice-unknown-authority-v3
TS-039-E002,harness-external-body,core::slice::element_offset,39,2,verifier::external_body,rust_1_96_ptr_from_ref,active-explicit-trusted-body,Exact external-body site enumerated from the selected proof harness; semantics and source backing are supplied by linked dependency records and the retained harness signature.,,,,/home/chentianyu/nanvix-rust-std-spec-survey/nanvix-rust-std-slice-vec-implproof-2026-08-12/proof_harnesses/039_core_slice_element_offset/harness.rs,86,87,pub fn rust_1_96_ptr_from_ref<T>(element: &T) -> (ptr: *const T) {,87,"pub fn rust_1_96_ptr_from_ref<T>(element: &T) -> (ptr: *const T)
",38559d25e2bc51da45463c5750fbb1048f4c31aea37ba6ec227f744786f1b347,TS-039-D004,memory-layout-or-provenance-transition,admissible-source-backed-lower-boundary,partial-or-lower-level,"The contract isolates a pointer cast/copy, layout, address, or provenance transition and does not state the enclosing target answer.",core/src/slice/mod.rs:5265-5266,"{""attribute_line"":86,""contract_end_line"":87,""contract_text"":""pub fn rust_1_96_ptr_from_ref<T>(element: &T) -> (ptr: *const T)\n"",""declaration_line"":87,""signature"":""pub fn rust_1_96_ptr_from_ref<T>(element: &T) -> (ptr: *const T) {"",""symbol"":""rust_1_96_ptr_from_ref""}",pointer-layout-provenance-transition,slice-unknown-authority-v3
TS-039-E003,harness-external-body,core::slice::element_offset,39,3,verifier::external_body,rust_1_96_element_offset_unaligned_bridge,active-explicit-trusted-body,Exact external-body site enumerated from the selected proof harness; semantics and source backing are supplied by linked dependency records and the retained harness signature.,,,,/home/chentianyu/nanvix-rust-std-spec-survey/nanvix-rust-std-slice-vec-implproof-2026-08-12/proof_harnesses/039_core_slice_element_offset/harness.rs,109,110,"pub proof fn rust_1_96_element_offset_unaligned_bridge<T>( seq: Seq<T>, element: &T, self_ptr: *const T, elem_ptr: *const T, self_start: usize, elem_start: usize, byte_offset: usize, size: usize, ) requires",125,"pub proof fn rust_1_96_element_offset_unaligned_bridge<T>(
    seq: Seq<T>,
    element: &T,
    self_ptr: *const T,
    elem_ptr: *const T,
    self_start: usize,
    elem_start: usize,
    byte_offset: usize,
    size: usize,
)
    requires
        slice_start_ptr(seq, self_ptr),
        size > 0,
    ensures
        slice_element_offset_option_result(seq, element, None),
",aa5d37a8c85d471d143a15c44897946e99e9d6007945d5a4d158691ae4991b2c,TS-039-D006,source-helper-transition,inadmissible-complete-branch-postcondition,complete-on-target-branch,"Under the helper's branch preconditions, its contract supplies every remaining public postcondition for that target branch.",core/src/slice/mod.rs:5268-5276,"{""attribute_line"":109,""contract_end_line"":125,""contract_text"":""pub proof fn rust_1_96_element_offset_unaligned_bridge<T>(\n    seq: Seq<T>,\n    element: &T,\n    self_ptr: *const T,\n    elem_ptr: *const T,\n    self_start: usize,\n    elem_start: usize,\n    byte_offset: usize,\n    size: usize,\n)\n    requires\n        slice_start_ptr(seq, self_ptr),\n        size > 0,\n    ensures\n        slice_element_offset_option_result(seq, element, None),\n"",""declaration_line"":110,""signature"":""pub proof fn rust_1_96_element_offset_unaligned_bridge<T>( seq: Seq<T>, element: &T, self_ptr: *const T, elem_ptr: *const T, self_start: usize, elem_start: usize, byte_offset: usize, size: usize, ) requires"",""symbol"":""rust_1_96_element_offset_unaligned_bridge""}",complete-branch-postcondition,slice-unknown-authority-v3
TS-039-E004,harness-external-body,core::slice::element_offset,39,4,verifier::external_body,rust_1_96_element_offset_oob_bridge,active-explicit-trusted-body,Exact external-body site enumerated from the selected proof harness; semantics and source backing are supplied by linked dependency records and the retained harness signature.,,,,/home/chentianyu/nanvix-rust-std-spec-survey/nanvix-rust-std-slice-vec-implproof-2026-08-12/proof_harnesses/039_core_slice_element_offset/harness.rs,128,129,"pub proof fn rust_1_96_element_offset_oob_bridge<T>( seq: Seq<T>, element: &T, self_ptr: *const T, elem_ptr: *const T, self_start: usize, elem_start: usize, byte_offset: usize, size: usize, offset: usize, ) requires",146,"pub proof fn rust_1_96_element_offset_oob_bridge<T>(
    seq: Seq<T>,
    element: &T,
    self_ptr: *const T,
    elem_ptr: *const T,
    self_start: usize,
    elem_start: usize,
    byte_offset: usize,
    size: usize,
    offset: usize,
)
    requires
        slice_start_ptr(seq, self_ptr),
        size > 0,
        offset >= seq.len(),
    ensures
        slice_element_offset_option_result(seq, element, None),
",705b2335e4ec2ade04510bf3e51d91665699011764dcc75c32a6e4b7a5b0672c,TS-039-D006,source-helper-transition,inadmissible-complete-branch-postcondition,complete-on-target-branch,"Under the helper's branch preconditions, its contract supplies every remaining public postcondition for that target branch.",core/src/slice/mod.rs:5268-5276,"{""attribute_line"":128,""contract_end_line"":146,""contract_text"":""pub proof fn rust_1_96_element_offset_oob_bridge<T>(\n    seq: Seq<T>,\n    element: &T,\n    self_ptr: *const T,\n    elem_ptr: *const T,\n    self_start: usize,\n    elem_start: usize,\n    byte_offset: usize,\n    size: usize,\n    offset: usize,\n)\n    requires\n        slice_start_ptr(seq, self_ptr),\n        size > 0,\n        offset >= seq.len(),\n    ensures\n        slice_element_offset_option_result(seq, element, None),\n"",""declaration_line"":129,""signature"":""pub proof fn rust_1_96_element_offset_oob_bridge<T>( seq: Seq<T>, element: &T, self_ptr: *const T, elem_ptr: *const T, self_start: usize, elem_start: usize, byte_offset: usize, size: usize, offset: usize, ) requires"",""symbol"":""rust_1_96_element_offset_oob_bridge""}",complete-branch-postcondition,slice-unknown-authority-v3
TS-039-E005,harness-external-body,core::slice::element_offset,39,5,verifier::external_body,rust_1_96_element_offset_some_bridge,active-explicit-trusted-body,Exact external-body site enumerated from the selected proof harness; semantics and source backing are supplied by linked dependency records and the retained harness signature.,,,,/home/chentianyu/nanvix-rust-std-spec-survey/nanvix-rust-std-slice-vec-implproof-2026-08-12/proof_harnesses/039_core_slice_element_offset/harness.rs,149,150,"pub proof fn rust_1_96_element_offset_some_bridge<T>( seq: Seq<T>, element: &T, self_ptr: *const T, elem_ptr: *const T, self_start: usize, elem_start: usize, byte_offset: usize, size: usize, offset: usize, ) requires",167,"pub proof fn rust_1_96_element_offset_some_bridge<T>(
    seq: Seq<T>,
    element: &T,
    self_ptr: *const T,
    elem_ptr: *const T,
    self_start: usize,
    elem_start: usize,
    byte_offset: usize,
    size: usize,
    offset: usize,
)
    requires
        slice_start_ptr(seq, self_ptr),
        size > 0,
        offset < seq.len(),
    ensures
        slice_element_offset_option_result(seq, element, Some(offset)),
",5f99020babe763ded17f438f03031a5e4116331d628226caf60b52e3eda02544,TS-039-D006,source-helper-transition,inadmissible-complete-branch-postcondition,complete-on-target-branch,"Under the helper's branch preconditions, its contract supplies every remaining public postcondition for that target branch.",core/src/slice/mod.rs:5268-5276,"{""attribute_line"":149,""contract_end_line"":167,""contract_text"":""pub proof fn rust_1_96_element_offset_some_bridge<T>(\n    seq: Seq<T>,\n    element: &T,\n    self_ptr: *const T,\n    elem_ptr: *const T,\n    self_start: usize,\n    elem_start: usize,\n    byte_offset: usize,\n    size: usize,\n    offset: usize,\n)\n    requires\n        slice_start_ptr(seq, self_ptr),\n        size > 0,\n        offset < seq.len(),\n    ensures\n        slice_element_offset_option_result(seq, element, Some(offset)),\n"",""declaration_line"":150,""signature"":""pub proof fn rust_1_96_element_offset_some_bridge<T>( seq: Seq<T>, element: &T, self_ptr: *const T, elem_ptr: *const T, self_start: usize, elem_start: usize, byte_offset: usize, size: usize, offset: usize, ) requires"",""symbol"":""rust_1_96_element_offset_some_bridge""}",complete-branch-postcondition,slice-unknown-authority-v3
TS-043-D001,dependency-manifest-record,core::slice::fill,43,1,shared_contract_vocabulary,slice_filled_with_clone; cloned<T>,existing_generated_contract_vocabulary_boundary,The generated contract states that every final element is a clone-observation of the input value and preserves the slice length; the harness proves the length and prefix-fill facts over the executable default loop without using assume_specification.,frozen_inputs/slice/specs/slice_shared_vocabulary.rs:274-290,,,/home/chentianyu/nanvix-rust-std-spec-survey/nanvix-rust-std-slice-vec-implproof-2026-08-12/proof_harnesses/043_core_slice_fill/harness.rs,,,,,,,,specification-vocabulary,context-only-specification-vocabulary,not-an-executable-boundary,"This record identifies target-local specification vocabulary. It is retained for binding, but is not admitted as an executable Boundary_T observation or transition.",frozen_inputs/slice/specs/slice_shared_vocabulary.rs:274-290,"{""kind"":""shared_contract_vocabulary"",""name"":""slice_filled_with_clone; cloned<T>"",""rationale"":""The generated contract states that every final element is a clone-observation of the input value and preserves the slice length; the harness proves the length and prefix-fill facts over the executable default loop without using assume_specification."",""source_lines"":""frozen_inputs/slice/specs/slice_shared_vocabulary.rs:274-290"",""status"":""existing_generated_contract_vocabulary_boundary""}",specification-vocabulary,slice-unknown-authority-v3
TS-043-D002,dependency-manifest-record,core::slice::fill,43,2,source_shaped_private_helper_reduction,SpecFill::spec_fill default Clone loop,default_loop_executable_with_lower_clone_effect_boundary,"The public Rust 1.96 target body remains the delegation specialize::SpecFill::spec_fill(self, value), adapted only to the explicit Verus receiver slice. The concrete [T] helper is no longer a whole external-body boundary: the harness executes the default non-empty split-last shape as an index loop that clone_froms the shared value into every element before the final slot, then moves the original value into the final slot.",core/src/slice/specialize.rs:8-17,261d34c381bd3e2c8f0f8602fd2afe11fc2531d70b4a2a514dd176a69933b0ac,,/home/chentianyu/nanvix-rust-std-spec-survey/nanvix-rust-std-slice-vec-implproof-2026-08-12/proof_harnesses/043_core_slice_fill/harness.rs,,,,,,,,callback-or-trait-observation,admissible-source-backed-support,partial-or-lower-level,"This exact frozen manifest record was audited as a named source dependency, callback, primitive, or local proof bridge. Its final disposition also incorporates every explicitly linked external site.",core/src/slice/specialize.rs:8-17,"{""kind"":""source_shaped_private_helper_reduction"",""name"":""SpecFill::spec_fill default Clone loop"",""rationale"":""The public Rust 1.96 target body remains the delegation specialize::SpecFill::spec_fill(self, value), adapted only to the explicit Verus receiver slice. The concrete [T] helper is no longer a whole external-body boundary: the harness executes the default non-empty split-last shape as an index loop that clone_froms the shared value into every element before the final slot, then moves the original value into the final slot."",""source_lines"":""core/src/slice/specialize.rs:8-17"",""source_sha256"":""261d34c381bd3e2c8f0f8602fd2afe11fc2531d70b4a2a514dd176a69933b0ac"",""status"":""default_loop_executable_with_lower_clone_effect_boundary""}",source-backed-support,slice-unknown-authority-v3
TS-043-D003,dependency-manifest-record,core::slice::fill,43,3,source_backed_clone_effect_boundary,rust_1_96_clone_from_value_at,minimal_trusted_boundary_for_per_element_clone_from_effect,Each default-loop iteration calls el.clone_from(&value). This helper body is exactly the per-element Clone::clone_from call and is the only external_body retained by the production fill harness.,core/src/slice/specialize.rs:11-12,,,/home/chentianyu/nanvix-rust-std-spec-survey/nanvix-rust-std-slice-vec-implproof-2026-08-12/proof_harnesses/043_core_slice_fill/harness.rs,,,,,,,,callback-or-trait-observation,admissible-source-backed-support,partial-or-lower-level,"This exact frozen manifest record was audited as a named source dependency, callback, primitive, or local proof bridge. Its final disposition also incorporates every explicitly linked external site.",core/src/slice/specialize.rs:11-12,"{""kind"":""source_backed_clone_effect_boundary"",""name"":""rust_1_96_clone_from_value_at"",""rationale"":""Each default-loop iteration calls el.clone_from(&value). This helper body is exactly the per-element Clone::clone_from call and is the only external_body retained by the production fill harness."",""source_lines"":""core/src/slice/specialize.rs:11-12"",""status"":""minimal_trusted_boundary_for_per_element_clone_from_effect""}",source-backed-support,slice-unknown-authority-v3
TS-043-D004,dependency-manifest-record,core::slice::fill,43,4,source_backed_trait_specialization_boundary,SpecFill TrivialClone and primitive write_bytes specializations,lower_equivalent_specialization_paths_retained,Rust specialization may select the TrivialClone path or primitive write_bytes/int fast paths. The harness proves the source default Clone loop and records these specialization alternatives as lower source-backed boundaries until recursively proved.,core/src/slice/specialize.rs:20-73,261d34c381bd3e2c8f0f8602fd2afe11fc2531d70b4a2a514dd176a69933b0ac,,/home/chentianyu/nanvix-rust-std-spec-survey/nanvix-rust-std-slice-vec-implproof-2026-08-12/proof_harnesses/043_core_slice_fill/harness.rs,,,,,,,,callback-or-trait-observation,admissible-source-backed-support,partial-or-lower-level,"This exact frozen manifest record was audited as a named source dependency, callback, primitive, or local proof bridge. Its final disposition also incorporates every explicitly linked external site.",core/src/slice/specialize.rs:20-73,"{""kind"":""source_backed_trait_specialization_boundary"",""name"":""SpecFill TrivialClone and primitive write_bytes specializations"",""rationale"":""Rust specialization may select the TrivialClone path or primitive write_bytes/int fast paths. The harness proves the source default Clone loop and records these specialization alternatives as lower source-backed boundaries until recursively proved."",""source_lines"":""core/src/slice/specialize.rs:20-73"",""source_sha256"":""261d34c381bd3e2c8f0f8602fd2afe11fc2531d70b4a2a514dd176a69933b0ac"",""status"":""lower_equivalent_specialization_paths_retained""}",source-backed-support,slice-unknown-authority-v3
TS-043-D005,dependency-manifest-record,core::slice::fill,43,5,trait_or_callback,T: Clone,preserved_source_trait_effects_without_target_body_assumption,"The source signature requires Clone, and the generated relation deliberately preserves clone-observation semantics rather than choosing a concrete unique output for arbitrary T.",core/src/slice/mod.rs:4166-4171; core/src/slice/specialize.rs:8-17,,,/home/chentianyu/nanvix-rust-std-spec-survey/nanvix-rust-std-slice-vec-implproof-2026-08-12/proof_harnesses/043_core_slice_fill/harness.rs,,,,,,,,callback-or-trait-observation,admissible-source-backed-support,partial-or-lower-level,"This exact frozen manifest record was audited as a named source dependency, callback, primitive, or local proof bridge. Its final disposition also incorporates every explicitly linked external site.",core/src/slice/mod.rs:4166-4171; core/src/slice/specialize.rs:8-17,"{""kind"":""trait_or_callback"",""name"":""T: Clone"",""rationale"":""The source signature requires Clone, and the generated relation deliberately preserves clone-observation semantics rather than choosing a concrete unique output for arbitrary T."",""source_lines"":""core/src/slice/mod.rs:4166-4171; core/src/slice/specialize.rs:8-17"",""status"":""preserved_source_trait_effects_without_target_body_assumption""}",source-backed-support,slice-unknown-authority-v3
TS-043-C001,private-helper-callee,core::slice::fill,43,1,private_helper_callee_closure,SpecFill::spec_fill default Clone implementation,source_shaped_default_loop_with_lower_clone_from_effect_boundary,Source-indexed private/public callee closure retained by the implementation-proof dependency manifest.,core/src/slice/specialize.rs:8-17,,frozen_inputs/slice/rust-core-slice/specialize.rs,/home/chentianyu/nanvix-rust-std-spec-survey/nanvix-rust-std-slice-vec-implproof-2026-08-12/proof_harnesses/043_core_slice_fill/harness.rs,,,,,,,,source-callee-provenance,context-only-source-closure,not-an-executable-boundary,This record closes the source call graph for provenance. It does not itself add an assumed transition or observation.,core/src/slice/specialize.rs:8-17,"{""body_end_line"":17,""disposition"":""source_shaped_default_loop_with_lower_clone_from_effect_boundary"",""frozen_relpath"":""frozen_inputs/slice/rust-core-slice/specialize.rs"",""name"":""SpecFill::spec_fill default Clone implementation"",""public"":false,""signature_start_line"":8,""source_reference_path"":""core/src/slice/specialize.rs""}",source-closure-provenance,slice-unknown-authority-v3
TS-043-C002,private-helper-callee,core::slice::fill,43,2,private_helper_callee_closure,SpecFill::spec_fill TrivialClone implementation,source_backed_trivialclone_specfill_boundary,Source-indexed private/public callee closure retained by the implementation-proof dependency manifest.,core/src/slice/specialize.rs:20-28,,frozen_inputs/slice/rust-core-slice/specialize.rs,/home/chentianyu/nanvix-rust-std-spec-survey/nanvix-rust-std-slice-vec-implproof-2026-08-12/proof_harnesses/043_core_slice_fill/harness.rs,,,,,,,,source-callee-provenance,context-only-source-closure,not-an-executable-boundary,This record closes the source call graph for provenance. It does not itself add an assumed transition or observation.,core/src/slice/specialize.rs:20-28,"{""body_end_line"":28,""disposition"":""source_backed_trivialclone_specfill_boundary"",""frozen_relpath"":""frozen_inputs/slice/rust-core-slice/specialize.rs"",""name"":""SpecFill::spec_fill TrivialClone implementation"",""public"":false,""signature_start_line"":20,""source_reference_path"":""core/src/slice/specialize.rs""}",source-closure-provenance,slice-unknown-authority-v3
TS-043-C003,private-helper-callee,core::slice::fill,43,3,private_helper_callee_closure,SpecFill primitive write_bytes/int specializations,source_backed_primitive_specfill_write_bytes_boundary,Source-indexed private/public callee closure retained by the implementation-proof dependency manifest.,core/src/slice/specialize.rs:30-73,,frozen_inputs/slice/rust-core-slice/specialize.rs,/home/chentianyu/nanvix-rust-std-spec-survey/nanvix-rust-std-slice-vec-implproof-2026-08-12/proof_harnesses/043_core_slice_fill/harness.rs,,,,,,,,source-callee-provenance,context-only-source-closure,not-an-executable-boundary,This record closes the source call graph for provenance. It does not itself add an assumed transition or observation.,core/src/slice/specialize.rs:30-73,"{""body_end_line"":73,""disposition"":""source_backed_primitive_specfill_write_bytes_boundary"",""frozen_relpath"":""frozen_inputs/slice/rust-core-slice/specialize.rs"",""name"":""SpecFill primitive write_bytes/int specializations"",""public"":false,""signature_start_line"":30,""source_reference_path"":""core/src/slice/specialize.rs""}",source-closure-provenance,slice-unknown-authority-v3
TS-043-E001,harness-external-body,core::slice::fill,43,1,verifier::external_body,rust_1_96_clone_from_value_at,active-explicit-trusted-body,Exact external-body site enumerated from the selected proof harness; semantics and source backing are supplied by linked dependency records and the retained harness signature.,,,,/home/chentianyu/nanvix-rust-std-spec-survey/nanvix-rust-std-slice-vec-implproof-2026-08-12/proof_harnesses/043_core_slice_fill/harness.rs,79,80,"pub fn rust_1_96_clone_from_value_at<T: core::clone::Clone>( slice: &mut [T], value: &T, idx: usize, ) requires",91,"pub fn rust_1_96_clone_from_value_at<T: core::clone::Clone>(
    slice: &mut [T],
    value: &T,
    idx: usize,
)
    requires
        idx < old(slice)@.len(),
    ensures
        final(slice)@.len() == old(slice)@.len(),
        final(slice)@ == old(slice)@.update(idx as int, final(slice)@[idx as int]),
        cloned::<T>(*value, final(slice)@[idx as int]),
",662c7df99f53620da135aa39cee6d40c895255d9764fb7c34e930e431e42c3ac,TS-043-D003,callback-or-trait-transition,admissible-source-backed-lower-boundary,partial-or-lower-level,"The contract records one callback, element read, clone, or write effect rather than the target's aggregate result.",core/src/slice/specialize.rs:11-12,"{""attribute_line"":79,""contract_end_line"":91,""contract_text"":""pub fn rust_1_96_clone_from_value_at<T: core::clone::Clone>(\n    slice: &mut [T],\n    value: &T,\n    idx: usize,\n)\n    requires\n        idx < old(slice)@.len(),\n    ensures\n        final(slice)@.len() == old(slice)@.len(),\n        final(slice)@ == old(slice)@.update(idx as int, final(slice)@[idx as int]),\n        cloned::<T>(*value, final(slice)@[idx as int]),\n"",""declaration_line"":80,""signature"":""pub fn rust_1_96_clone_from_value_at<T: core::clone::Clone>( slice: &mut [T], value: &T, idx: usize, ) requires"",""symbol"":""rust_1_96_clone_from_value_at""}",callback-or-element-effect,slice-unknown-authority-v3
TS-046-D001,dependency-manifest-record,core::slice::first_chunk_mut,46,1,shared_model_helper,array_mut_ref_view;array_value_view;slice_fixed_prefix;slice_start_mut_ptr;slice_mut_prefix_array_ptr,audited_generated_contract_vocabulary_instantiated_in_harness,"The generated mutable prefix/final-frame vocabulary is inlined as open spec definitions, and the pointer provenance vocabulary connects the reviewed as_mut_ptr dependency to the source-backed cast_array/deref boundaries. The target postcondition is attached to the executable target and is not assumed.",frozen_inputs/slice/specs/slice_shared_vocabulary.rs:913-935 and raw-pointer/provenance vocabulary used by core::slice::as_mut_ptr,,,/home/chentianyu/nanvix-rust-std-spec-survey/nanvix-rust-std-slice-vec-implproof-2026-08-12/proof_harnesses/046_core_slice_first_chunk_mut/harness.rs,,,,,,,,specification-vocabulary,context-only-specification-vocabulary,not-an-executable-boundary,"This record identifies target-local specification vocabulary. It is retained for binding, but is not admitted as an executable Boundary_T observation or transition.",frozen_inputs/slice/specs/slice_shared_vocabulary.rs:913-935 and raw-pointer/provenance vocabulary used by core::slice::as_mut_ptr,"{""kind"":""shared_model_helper"",""name"":""array_mut_ref_view;array_value_view;slice_fixed_prefix;slice_start_mut_ptr;slice_mut_prefix_array_ptr"",""rationale"":""The generated mutable prefix/final-frame vocabulary is inlined as open spec definitions, and the pointer provenance vocabulary connects the reviewed as_mut_ptr dependency to the source-backed cast_array/deref boundaries. The target postcondition is attached to the executable target and is not assumed."",""source_lines"":""frozen_inputs/slice/specs/slice_shared_vocabulary.rs:913-935 and raw-pointer/provenance vocabulary used by core::slice::as_mut_ptr"",""status"":""audited_generated_contract_vocabulary_instantiated_in_harness""}",specification-vocabulary,slice-unknown-authority-v3
TS-046-D002,dependency-manifest-record,core::slice::first_chunk_mut,46,2,generated_target_dependency,core::slice::as_mut_ptr,reviewed_dependency_reused_for_mut_pointer_start_and_final_frame_fact,"The Rust 1.96 body calls `self.as_mut_ptr()` before `cast_array()`. The harness reuses the already verified as_mut_ptr dependency shape by calling a local executable wrapper with the same `slice_start_mut_ptr(old(slice)@, ptr)` and `final(slice)@ == old(slice)@` facts.",core/src/slice/mod.rs:363; proof_harnesses/019_core_slice_as_mut_ptr/harness.rs,,,/home/chentianyu/nanvix-rust-std-spec-survey/nanvix-rust-std-slice-vec-implproof-2026-08-12/proof_harnesses/046_core_slice_first_chunk_mut/harness.rs,,,,,,,,memory-layout-or-provenance-transition,admissible-source-backed-support,partial-or-lower-level,"This exact frozen manifest record was audited as a named source dependency, callback, primitive, or local proof bridge. Its final disposition also incorporates every explicitly linked external site.",core/src/slice/mod.rs:363; proof_harnesses/019_core_slice_as_mut_ptr/harness.rs,"{""kind"":""generated_target_dependency"",""name"":""core::slice::as_mut_ptr"",""rationale"":""The Rust 1.96 body calls `self.as_mut_ptr()` before `cast_array()`. The harness reuses the already verified as_mut_ptr dependency shape by calling a local executable wrapper with the same `slice_start_mut_ptr(old(slice)@, ptr)` and `final(slice)@ == old(slice)@` facts."",""source_lines"":""core/src/slice/mod.rs:363; proof_harnesses/019_core_slice_as_mut_ptr/harness.rs"",""status"":""reviewed_dependency_reused_for_mut_pointer_start_and_final_frame_fact""}",source-backed-support,slice-unknown-authority-v3
TS-046-D003,dependency-manifest-record,core::slice::first_chunk_mut,46,3,source_backed_raw_pointer_cast_boundary,rust_1_96_mut_ptr_cast_array,minimal_trusted_boundary_for_source_backed_mut_ptr_cast_array,Verus cannot prove mutable raw-pointer provenance for `ptr.cast_array()` directly in the non-external target body. The boundary body is exactly the Rust 1.96 `ptr.cast_array()` operation and only links the reviewed mutable slice-start pointer to an array-pointer provenance fact while preserving the mutable-slice frame.,core/src/slice/mod.rs:363-364,2170d94c79e1f26619cef13c46a6700a5a217819967b3a26a6ec3dc9fc9e703d,proof_harnesses/046_core_slice_first_chunk_mut/source_excerpt.rs,/home/chentianyu/nanvix-rust-std-spec-survey/nanvix-rust-std-slice-vec-implproof-2026-08-12/proof_harnesses/046_core_slice_first_chunk_mut/harness.rs,,,,,,,,panic-or-domain-transition,admissible-source-backed-support,partial-or-lower-level,"This exact frozen manifest record was audited as a named source dependency, callback, primitive, or local proof bridge. Its final disposition also incorporates every explicitly linked external site.",core/src/slice/mod.rs:363-364,"{""kind"":""source_backed_raw_pointer_cast_boundary"",""name"":""rust_1_96_mut_ptr_cast_array"",""rationale"":""Verus cannot prove mutable raw-pointer provenance for `ptr.cast_array()` directly in the non-external target body. The boundary body is exactly the Rust 1.96 `ptr.cast_array()` operation and only links the reviewed mutable slice-start pointer to an array-pointer provenance fact while preserving the mutable-slice frame."",""source_excerpt_relpath"":""proof_harnesses/046_core_slice_first_chunk_mut/source_excerpt.rs"",""source_lines"":""core/src/slice/mod.rs:363-364"",""source_sha256"":""2170d94c79e1f26619cef13c46a6700a5a217819967b3a26a6ec3dc9fc9e703d"",""status"":""minimal_trusted_boundary_for_source_backed_mut_ptr_cast_array""}",source-backed-support,slice-unknown-authority-v3
TS-046-D004,dependency-manifest-record,core::slice::first_chunk_mut,46,4,source_backed_mut_array_ref_final_frame_boundary,rust_1_96_first_chunk_mut_array_ref,minimal_trusted_boundary_for_source_backed_prefix_mut_array_ref_cast_and_final_frame,"The public target is executable and keeps the Rust 1.96 `len() < N` guard and Some/None flow. Only the unsafe mutable array-reference dereference `unsafe { &mut *ptr }` is isolated in a target-local boundary whose precondition is the proved `N <= old(slice)@.len()` branch plus the pointer-array provenance fact, and whose postcondition relates the returned array reference to the old fixed prefix while preserving the suffix frame in the final slice.",core/src/slice/mod.rs:363-364,2170d94c79e1f26619cef13c46a6700a5a217819967b3a26a6ec3dc9fc9e703d,proof_harnesses/046_core_slice_first_chunk_mut/source_excerpt.rs,/home/chentianyu/nanvix-rust-std-spec-survey/nanvix-rust-std-slice-vec-implproof-2026-08-12/proof_harnesses/046_core_slice_first_chunk_mut/harness.rs,,,,,,,,panic-or-domain-transition,inadmissible-answer-bearing-support,complete-or-answer-equivalent,"Every linked executable site is explicitly audited as a complete target/branch postcondition, answer-equivalent result, or opaque whole algorithm. Source citation does not make it admissible.",core/src/slice/mod.rs:363-364,"{""kind"":""source_backed_mut_array_ref_final_frame_boundary"",""name"":""rust_1_96_first_chunk_mut_array_ref"",""rationale"":""The public target is executable and keeps the Rust 1.96 `len() < N` guard and Some/None flow. Only the unsafe mutable array-reference dereference `unsafe { &mut *ptr }` is isolated in a target-local boundary whose precondition is the proved `N <= old(slice)@.len()` branch plus the pointer-array provenance fact, and whose postcondition relates the returned array reference to the old fixed prefix while preserving the suffix frame in the final slice."",""source_excerpt_relpath"":""proof_harnesses/046_core_slice_first_chunk_mut/source_excerpt.rs"",""source_lines"":""core/src/slice/mod.rs:363-364"",""source_sha256"":""2170d94c79e1f26619cef13c46a6700a5a217819967b3a26a6ec3dc9fc9e703d"",""status"":""minimal_trusted_boundary_for_source_backed_prefix_mut_array_ref_cast_and_final_frame""}",source-backed-support,slice-unknown-authority-v3
TS-046-C001,private-helper-callee,core::slice::first_chunk_mut,46,1,private_helper_callee_closure,len,source-indexed,Source-indexed private/public callee closure retained by the implementation-proof dependency manifest.,core/src/slice/iter/macros.rs:142-144,48328fef24b9a414c7599eb67374e2d10f3c26ce8316557ce897b9c9e5203fc1,frozen_inputs/slice/rust-core-slice/iter/macros.rs,/home/chentianyu/nanvix-rust-std-spec-survey/nanvix-rust-std-slice-vec-implproof-2026-08-12/proof_harnesses/046_core_slice_first_chunk_mut/harness.rs,,,,,,,,source-callee-provenance,context-only-source-closure,not-an-executable-boundary,This record closes the source call graph for provenance. It does not itself add an assumed transition or observation.,core/src/slice/iter/macros.rs:142-144,"{""body_end_line"":144,""frozen_relpath"":""frozen_inputs/slice/rust-core-slice/iter/macros.rs"",""item_sha256"":""48328fef24b9a414c7599eb67374e2d10f3c26ce8316557ce897b9c9e5203fc1"",""name"":""len"",""public"":false,""signature_start_line"":142,""source_reference_path"":""core/src/slice/iter/macros.rs""}",source-closure-provenance,slice-unknown-authority-v3
TS-046-C002,private-helper-callee,core::slice::first_chunk_mut,46,2,private_helper_callee_closure,len,source-indexed,Source-indexed private/public callee closure retained by the implementation-proof dependency manifest.,core/src/slice/sort/stable/drift.rs:295-297,39713253c1089e4b037e302f5b7358f257f51d24290f54f0efc0dc25d78323fc,frozen_inputs/slice/rust-core-slice/sort/stable/drift.rs,/home/chentianyu/nanvix-rust-std-spec-survey/nanvix-rust-std-slice-vec-implproof-2026-08-12/proof_harnesses/046_core_slice_first_chunk_mut/harness.rs,,,,,,,,source-callee-provenance,context-only-source-closure,not-an-executable-boundary,This record closes the source call graph for provenance. It does not itself add an assumed transition or observation.,core/src/slice/sort/stable/drift.rs:295-297,"{""body_end_line"":297,""frozen_relpath"":""frozen_inputs/slice/rust-core-slice/sort/stable/drift.rs"",""item_sha256"":""39713253c1089e4b037e302f5b7358f257f51d24290f54f0efc0dc25d78323fc"",""name"":""len"",""public"":false,""signature_start_line"":295,""source_reference_path"":""core/src/slice/sort/stable/drift.rs""}",source-closure-provenance,slice-unknown-authority-v3
TS-046-C003,private-helper-callee,core::slice::first_chunk_mut,46,3,private_helper_callee_closure,len,source-indexed,Source-indexed private/public callee closure retained by the implementation-proof dependency manifest.,alloc/src/vec/in_place_drop.rs:15-17,abc18bdf2169eed2a02867127488f3df813795a68b96b8e832725dab3e82adb9,frozen_inputs/vec/rust-alloc-vec/vec/in_place_drop.rs,/home/chentianyu/nanvix-rust-std-spec-survey/nanvix-rust-std-slice-vec-implproof-2026-08-12/proof_harnesses/046_core_slice_first_chunk_mut/harness.rs,,,,,,,,source-callee-provenance,context-only-source-closure,not-an-executable-boundary,This record closes the source call graph for provenance. It does not itself add an assumed transition or observation.,alloc/src/vec/in_place_drop.rs:15-17,"{""body_end_line"":17,""frozen_relpath"":""frozen_inputs/vec/rust-alloc-vec/vec/in_place_drop.rs"",""item_sha256"":""abc18bdf2169eed2a02867127488f3df813795a68b96b8e832725dab3e82adb9"",""name"":""len"",""public"":false,""signature_start_line"":15,""source_reference_path"":""alloc/src/vec/in_place_drop.rs""}",source-closure-provenance,slice-unknown-authority-v3
TS-046-E001,harness-external-body,core::slice::first_chunk_mut,46,1,verifier::external_body,rust_1_96_mut_ptr_cast_array,active-explicit-trusted-body,Exact external-body site enumerated from the selected proof harness; semantics and source backing are supplied by linked dependency records and the retained harness signature.,,,,/home/chentianyu/nanvix-rust-std-spec-survey/nanvix-rust-std-slice-vec-implproof-2026-08-12/proof_harnesses/046_core_slice_first_chunk_mut/harness.rs,57,58,"pub fn rust_1_96_mut_ptr_cast_array<T, const N: usize>( slice: &mut [T], ptr: *mut T, ) -> (array_ptr: *mut [T; N]) requires",67,"pub fn rust_1_96_mut_ptr_cast_array<T, const N: usize>(
    slice: &mut [T],
    ptr: *mut T,
) -> (array_ptr: *mut [T; N])
    requires
        slice_start_mut_ptr(old(slice)@, ptr),
    ensures
        slice_mut_prefix_array_ptr::<T, N>(old(slice)@, array_ptr),
        final(slice)@ == old(slice)@,
",c1e764c26384f8ac049cc19350364e5c770221f49249e2ae8f0f8bf36bc6ea96,TS-046-D003,memory-layout-or-provenance-transition,admissible-source-backed-lower-boundary,partial-or-lower-level,"The contract isolates a pointer cast/copy, layout, address, or provenance transition and does not state the enclosing target answer.",core/src/slice/mod.rs:363-364,"{""attribute_line"":57,""contract_end_line"":67,""contract_text"":""pub fn rust_1_96_mut_ptr_cast_array<T, const N: usize>(\n    slice: &mut [T],\n    ptr: *mut T,\n) -> (array_ptr: *mut [T; N])\n    requires\n        slice_start_mut_ptr(old(slice)@, ptr),\n    ensures\n        slice_mut_prefix_array_ptr::<T, N>(old(slice)@, array_ptr),\n        final(slice)@ == old(slice)@,\n"",""declaration_line"":58,""signature"":""pub fn rust_1_96_mut_ptr_cast_array<T, const N: usize>( slice: &mut [T], ptr: *mut T, ) -> (array_ptr: *mut [T; N]) requires"",""symbol"":""rust_1_96_mut_ptr_cast_array""}",pointer-layout-provenance-transition,slice-unknown-authority-v3
TS-046-E002,harness-external-body,core::slice::first_chunk_mut,46,2,verifier::external_body,rust_1_96_first_chunk_mut_array_ref,active-explicit-trusted-body,Exact external-body site enumerated from the selected proof harness; semantics and source backing are supplied by linked dependency records and the retained harness signature.,,,,/home/chentianyu/nanvix-rust-std-spec-survey/nanvix-rust-std-slice-vec-implproof-2026-08-12/proof_harnesses/046_core_slice_first_chunk_mut/harness.rs,71,72,"pub unsafe fn rust_1_96_first_chunk_mut_array_ref<'a, T, const N: usize>( slice: &'a mut [T], ptr: *mut [T; N], ) -> (ret: &'a mut [T; N]) requires",83,"pub unsafe fn rust_1_96_first_chunk_mut_array_ref<'a, T, const N: usize>(
    slice: &'a mut [T],
    ptr: *mut [T; N],
) -> (ret: &'a mut [T; N])
    requires
        (N as int) <= old(slice)@.len(),
        slice_mut_prefix_array_ptr::<T, N>(old(slice)@, ptr),
    ensures
        array_mut_ref_view::<T, N>(ret) == slice_fixed_prefix::<T, N>(old(slice)@),
        final(slice)@ == array_value_view::<T, N>(*final(ret))
            + old(slice)@.subrange(N as int, old(slice)@.len() as int),
",52c716880a7670f327fee97cfa35eadeeb2b476402750aea0d8cb6a0380c1a28,TS-046-D004,range-or-borrow-transition,inadmissible-complete-branch-postcondition,complete-on-target-branch,"Under the helper's branch preconditions, its contract supplies every remaining public postcondition for that target branch.",core/src/slice/mod.rs:363-364,"{""attribute_line"":71,""contract_end_line"":83,""contract_text"":""pub unsafe fn rust_1_96_first_chunk_mut_array_ref<'a, T, const N: usize>(\n    slice: &'a mut [T],\n    ptr: *mut [T; N],\n) -> (ret: &'a mut [T; N])\n    requires\n        (N as int) <= old(slice)@.len(),\n        slice_mut_prefix_array_ptr::<T, N>(old(slice)@, ptr),\n    ensures\n        array_mut_ref_view::<T, N>(ret) == slice_fixed_prefix::<T, N>(old(slice)@),\n        final(slice)@ == array_value_view::<T, N>(*final(ret))\n            + old(slice)@.subrange(N as int, old(slice)@.len() as int),\n"",""declaration_line"":72,""signature"":""pub unsafe fn rust_1_96_first_chunk_mut_array_ref<'a, T, const N: usize>( slice: &'a mut [T], ptr: *mut [T; N], ) -> (ret: &'a mut [T; N]) requires"",""symbol"":""rust_1_96_first_chunk_mut_array_ref""}",complete-branch-postcondition,slice-unknown-authority-v3
TS-047-D001,dependency-manifest-record,core::slice::from_mut,47,1,source_backed_public_helper_and_unsize_boundary,core::array::from_mut plus array-to-slice unsizing,minimal_trusted_boundary_until_array_from_mut_pointer_cast_is_recursively_proved,"The Rust 1.96 target body is exactly `array::from_mut(s)`, whose source body constructs `&mut [T; 1]` by a raw-pointer cast before the slice function's return type coerces it to `&mut [T]`. The harness verifies the target call against a narrow boundary that exposes only the singleton mutable-slice view and final-frame relation required by the generated contract; it does not externalize or assume the target body.",core/src/array/mod.rs:174-177 and core/src/slice/raw.rs:212,557605d2b9fe70d8f06e0ef29f7cd7dc71a38328bbf23ff93315c2769ede6cd7,proof_harnesses/047_core_slice_from_mut/array_from_mut_source_excerpt.rs,/home/chentianyu/nanvix-rust-std-spec-survey/nanvix-rust-std-slice-vec-implproof-2026-08-12/proof_harnesses/047_core_slice_from_mut/harness.rs,,,,,,,,panic-or-domain-transition,inadmissible-answer-bearing-support,complete-or-answer-equivalent,"Every linked executable site is explicitly audited as a complete target/branch postcondition, answer-equivalent result, or opaque whole algorithm. Source citation does not make it admissible.",core/src/array/mod.rs:174-177 and core/src/slice/raw.rs:212,"{""kind"":""source_backed_public_helper_and_unsize_boundary"",""name"":""core::array::from_mut plus array-to-slice unsizing"",""rationale"":""The Rust 1.96 target body is exactly `array::from_mut(s)`, whose source body constructs `&mut [T; 1]` by a raw-pointer cast before the slice function's return type coerces it to `&mut [T]`. The harness verifies the target call against a narrow boundary that exposes only the singleton mutable-slice view and final-frame relation required by the generated contract; it does not externalize or assume the target body."",""source_excerpt_relpath"":""proof_harnesses/047_core_slice_from_mut/array_from_mut_source_excerpt.rs"",""source_lines"":""core/src/array/mod.rs:174-177 and core/src/slice/raw.rs:212"",""source_sha256"":""557605d2b9fe70d8f06e0ef29f7cd7dc71a38328bbf23ff93315c2769ede6cd7"",""status"":""minimal_trusted_boundary_until_array_from_mut_pointer_cast_is_recursively_proved""}",source-backed-support,slice-unknown-authority-v3
TS-047-D002,dependency-manifest-record,core::slice::from_mut,47,2,shared_contract_vocabulary,singleton mutable slice old/final view,existing_generated_contract_vocabulary_boundary,The generated contract relates the returned mutable slice to the old and final value of the input reference using Verus sequence and final-state vocabulary. The harness attaches that contract to the target and the callee boundary without using assume_specification.,,,,/home/chentianyu/nanvix-rust-std-spec-survey/nanvix-rust-std-slice-vec-implproof-2026-08-12/proof_harnesses/047_core_slice_from_mut/harness.rs,,,,,,,,specification-vocabulary,context-only-specification-vocabulary,not-an-executable-boundary,"This record identifies target-local specification vocabulary. It is retained for binding, but is not admitted as an executable Boundary_T observation or transition.",manifest-local,"{""kind"":""shared_contract_vocabulary"",""name"":""singleton mutable slice old/final view"",""rationale"":""The generated contract relates the returned mutable slice to the old and final value of the input reference using Verus sequence and final-state vocabulary. The harness attaches that contract to the target and the callee boundary without using assume_specification."",""status"":""existing_generated_contract_vocabulary_boundary""}",specification-vocabulary,slice-unknown-authority-v3
TS-047-E001,harness-external-body,core::slice::from_mut,47,1,verifier::external_body,from_mut,active-explicit-trusted-body,Exact external-body site enumerated from the selected proof harness; semantics and source backing are supplied by linked dependency records and the retained harness signature.,,,,/home/chentianyu/nanvix-rust-std-spec-survey/nanvix-rust-std-slice-vec-implproof-2026-08-12/proof_harnesses/047_core_slice_from_mut/harness.rs,17,18,"pub fn from_mut<'a, T>(s: &'a mut T) -> (ret: &'a mut [T]) ensures",22,"pub fn from_mut<'a, T>(s: &'a mut T) -> (ret: &'a mut [T])
        ensures
            ret@ == seq![*old(s)],
            final(ret)@ == seq![*final(s)],
",f50eec286736290f7432f4ff6f9800943acba11bd003343899835077946af009,TS-047-D001,source-helper-transition,inadmissible-complete-target-postcondition,complete-target,The retained contract states the target's complete principal return and/or final-state postcondition. Source backing cannot make a whole target answer an admissible Boundary_T observation.,core/src/array/mod.rs:174-177 and core/src/slice/raw.rs:212,"{""attribute_line"":17,""contract_end_line"":22,""contract_text"":""pub fn from_mut<'a, T>(s: &'a mut T) -> (ret: &'a mut [T])\n        ensures\n            ret@ == seq![*old(s)],\n            final(ret)@ == seq![*final(s)],\n"",""declaration_line"":18,""signature"":""pub fn from_mut<'a, T>(s: &'a mut T) -> (ret: &'a mut [T]) ensures"",""symbol"":""from_mut""}",complete-target-postcondition,slice-unknown-authority-v3
TS-048-D001,dependency-manifest-record,core::slice::from_raw_parts,48,1,shared_model_helper,SliceRawDomain;SliceRawMutability;slice_raw_domain;slice_raw_domain_valid;slice_raw_domain_valid_for;slice_start_ptr;slice_from_raw_parts_result,audited_generated_contract_vocabulary_instantiated_in_harness,"The generated raw-domain vocabulary is instantiated in the harness as target-local spec definitions. It captures the documented non-null, alignment, one-allocation, initialized-memory, aliasing, and isize-size preconditions without assuming the target postcondition directly.",frozen_inputs/slice/specs/slice_shared_vocabulary.rs:962-1032,,,/home/chentianyu/nanvix-rust-std-spec-survey/nanvix-rust-std-slice-vec-implproof-2026-08-12/proof_harnesses/048_core_slice_from_raw_parts/harness.rs,,,,,,,,specification-vocabulary,context-only-specification-vocabulary,not-an-executable-boundary,"This record identifies target-local specification vocabulary. It is retained for binding, but is not admitted as an executable Boundary_T observation or transition.",frozen_inputs/slice/specs/slice_shared_vocabulary.rs:962-1032,"{""kind"":""shared_model_helper"",""name"":""SliceRawDomain;SliceRawMutability;slice_raw_domain;slice_raw_domain_valid;slice_raw_domain_valid_for;slice_start_ptr;slice_from_raw_parts_result"",""rationale"":""The generated raw-domain vocabulary is instantiated in the harness as target-local spec definitions. It captures the documented non-null, alignment, one-allocation, initialized-memory, aliasing, and isize-size preconditions without assuming the target postcondition directly."",""source_lines"":""frozen_inputs/slice/specs/slice_shared_vocabulary.rs:962-1032"",""status"":""audited_generated_contract_vocabulary_instantiated_in_harness""}",specification-vocabulary,slice-unknown-authority-v3
TS-048-D002,dependency-manifest-record,core::slice::from_raw_parts,48,2,source_backed_raw_pointer_cast_boundary,rust_1_96_from_raw_parts_ub_checked_raw_slice,minimal_trusted_boundary_for_source_backed_from_raw_parts_ub_precondition_and_raw_pointer_provenance_semantics,"The public target is executable and calls a target-local boundary for the Rust 1.96 unsafe block. The boundary is guarded by the generated raw-domain precondition corresponding to the source `ub_checks::assert_unsafe_precondition!` and contains the source-backed raw slice construction `unsafe { &*core::ptr::slice_from_raw_parts(data, len) }`, which Verus does not model directly.",core/src/slice/raw.rs:124-141,9544e272f2c1f29c72893c67e1739041f27647e99198cc311eac1870c87bcfcb,proof_harnesses/048_core_slice_from_raw_parts/source_excerpt.rs,/home/chentianyu/nanvix-rust-std-spec-survey/nanvix-rust-std-slice-vec-implproof-2026-08-12/proof_harnesses/048_core_slice_from_raw_parts/harness.rs,,,,,,,,panic-or-domain-transition,inadmissible-answer-bearing-support,complete-or-answer-equivalent,"Every linked executable site is explicitly audited as a complete target/branch postcondition, answer-equivalent result, or opaque whole algorithm. Source citation does not make it admissible.",core/src/slice/raw.rs:124-141,"{""kind"":""source_backed_raw_pointer_cast_boundary"",""name"":""rust_1_96_from_raw_parts_ub_checked_raw_slice"",""rationale"":""The public target is executable and calls a target-local boundary for the Rust 1.96 unsafe block. The boundary is guarded by the generated raw-domain precondition corresponding to the source `ub_checks::assert_unsafe_precondition!` and contains the source-backed raw slice construction `unsafe { &*core::ptr::slice_from_raw_parts(data, len) }`, which Verus does not model directly."",""source_excerpt_relpath"":""proof_harnesses/048_core_slice_from_raw_parts/source_excerpt.rs"",""source_lines"":""core/src/slice/raw.rs:124-141"",""source_sha256"":""9544e272f2c1f29c72893c67e1739041f27647e99198cc311eac1870c87bcfcb"",""status"":""minimal_trusted_boundary_for_source_backed_from_raw_parts_ub_precondition_and_raw_pointer_provenance_semantics""}",source-backed-support,slice-unknown-authority-v3
TS-048-E001,harness-external-body,core::slice::from_raw_parts,48,1,verifier::external_body,rust_1_96_from_raw_parts_ub_checked_raw_slice,active-explicit-trusted-body,Exact external-body site enumerated from the selected proof harness; semantics and source backing are supplied by linked dependency records and the retained harness signature.,,,,/home/chentianyu/nanvix-rust-std-spec-survey/nanvix-rust-std-slice-vec-implproof-2026-08-12/proof_harnesses/048_core_slice_from_raw_parts/harness.rs,59,60,"pub unsafe fn rust_1_96_from_raw_parts_ub_checked_raw_slice<'a, T>( data: *const T, len: usize, ) -> (ret: &'a [T]) requires",72,"pub unsafe fn rust_1_96_from_raw_parts_ub_checked_raw_slice<'a, T>(
    data: *const T,
    len: usize,
) -> (ret: &'a [T])
    requires
        slice_raw_domain_valid_for(
            slice_raw_domain(data, len, SliceRawMutability::Immutable),
            len,
            SliceRawMutability::Immutable,
        ),
    ensures
        slice_from_raw_parts_result(data, len, ret),
",f29c718050377a9ad2c47716ddff18c9e5852af59b3c487f1c80a05ce36f5c02,TS-048-D002,memory-layout-or-provenance-transition,inadmissible-complete-target-postcondition,complete-target,The retained contract states the target's complete principal return and/or final-state postcondition. Source backing cannot make a whole target answer an admissible Boundary_T observation.,core/src/slice/raw.rs:124-141,"{""attribute_line"":59,""contract_end_line"":72,""contract_text"":""pub unsafe fn rust_1_96_from_raw_parts_ub_checked_raw_slice<'a, T>(\n    data: *const T,\n    len: usize,\n) -> (ret: &'a [T])\n    requires\n        slice_raw_domain_valid_for(\n            slice_raw_domain(data, len, SliceRawMutability::Immutable),\n            len,\n            SliceRawMutability::Immutable,\n        ),\n    ensures\n        slice_from_raw_parts_result(data, len, ret),\n"",""declaration_line"":60,""signature"":""pub unsafe fn rust_1_96_from_raw_parts_ub_checked_raw_slice<'a, T>( data: *const T, len: usize, ) -> (ret: &'a [T]) requires"",""symbol"":""rust_1_96_from_raw_parts_ub_checked_raw_slice""}",complete-target-postcondition,slice-unknown-authority-v3
TS-049-D001,dependency-manifest-record,core::slice::from_raw_parts_mut,49,1,shared_model_helper,SliceRawDomain;SliceRawMutability;slice_raw_mut_domain;slice_raw_domain_valid;slice_raw_domain_valid_for;slice_start_mut_ptr;slice_from_raw_parts_mut_result,audited_generated_contract_vocabulary_instantiated_in_harness,"The generated mutable raw-domain vocabulary is instantiated in the harness as target-local spec definitions. It captures the documented non-null, alignment, one-allocation, initialized-memory, exclusive-aliasing, and isize-size preconditions without assuming the target postcondition directly.",frozen_inputs/slice/specs/slice_shared_vocabulary.rs:962-1040,,,/home/chentianyu/nanvix-rust-std-spec-survey/nanvix-rust-std-slice-vec-implproof-2026-08-12/proof_harnesses/049_core_slice_from_raw_parts_mut/harness.rs,,,,,,,,specification-vocabulary,context-only-specification-vocabulary,not-an-executable-boundary,"This record identifies target-local specification vocabulary. It is retained for binding, but is not admitted as an executable Boundary_T observation or transition.",frozen_inputs/slice/specs/slice_shared_vocabulary.rs:962-1040,"{""kind"":""shared_model_helper"",""name"":""SliceRawDomain;SliceRawMutability;slice_raw_mut_domain;slice_raw_domain_valid;slice_raw_domain_valid_for;slice_start_mut_ptr;slice_from_raw_parts_mut_result"",""rationale"":""The generated mutable raw-domain vocabulary is instantiated in the harness as target-local spec definitions. It captures the documented non-null, alignment, one-allocation, initialized-memory, exclusive-aliasing, and isize-size preconditions without assuming the target postcondition directly."",""source_lines"":""frozen_inputs/slice/specs/slice_shared_vocabulary.rs:962-1040"",""status"":""audited_generated_contract_vocabulary_instantiated_in_harness""}",specification-vocabulary,slice-unknown-authority-v3
TS-049-D002,dependency-manifest-record,core::slice::from_raw_parts_mut,49,2,source_backed_raw_pointer_cast_boundary,rust_1_96_from_raw_parts_mut_ub_checked_raw_slice,minimal_trusted_boundary_for_source_backed_from_raw_parts_mut_ub_precondition_and_raw_pointer_provenance_semantics,"The public target is executable and calls a target-local boundary for the Rust 1.96 unsafe block. The boundary is guarded by the generated mutable raw-domain precondition corresponding to the source `ub_checks::assert_unsafe_precondition!` and contains the source-backed raw mutable slice construction `unsafe { &mut *core::ptr::slice_from_raw_parts_mut(data, len) }`, which Verus does not model directly.",core/src/slice/raw.rs:179-196,b19fba4b6bde2fc2195bda8acded38ced9f42f1eb67c475260a1e84a9c667093,proof_harnesses/049_core_slice_from_raw_parts_mut/source_excerpt.rs,/home/chentianyu/nanvix-rust-std-spec-survey/nanvix-rust-std-slice-vec-implproof-2026-08-12/proof_harnesses/049_core_slice_from_raw_parts_mut/harness.rs,,,,,,,,panic-or-domain-transition,inadmissible-answer-bearing-support,complete-or-answer-equivalent,"Every linked executable site is explicitly audited as a complete target/branch postcondition, answer-equivalent result, or opaque whole algorithm. Source citation does not make it admissible.",core/src/slice/raw.rs:179-196,"{""kind"":""source_backed_raw_pointer_cast_boundary"",""name"":""rust_1_96_from_raw_parts_mut_ub_checked_raw_slice"",""rationale"":""The public target is executable and calls a target-local boundary for the Rust 1.96 unsafe block. The boundary is guarded by the generated mutable raw-domain precondition corresponding to the source `ub_checks::assert_unsafe_precondition!` and contains the source-backed raw mutable slice construction `unsafe { &mut *core::ptr::slice_from_raw_parts_mut(data, len) }`, which Verus does not model directly."",""source_excerpt_relpath"":""proof_harnesses/049_core_slice_from_raw_parts_mut/source_excerpt.rs"",""source_lines"":""core/src/slice/raw.rs:179-196"",""source_sha256"":""b19fba4b6bde2fc2195bda8acded38ced9f42f1eb67c475260a1e84a9c667093"",""status"":""minimal_trusted_boundary_for_source_backed_from_raw_parts_mut_ub_precondition_and_raw_pointer_provenance_semantics""}",source-backed-support,slice-unknown-authority-v3
TS-049-E001,harness-external-body,core::slice::from_raw_parts_mut,49,1,verifier::external_body,rust_1_96_from_raw_parts_mut_ub_checked_raw_slice,active-explicit-trusted-body,Exact external-body site enumerated from the selected proof harness; semantics and source backing are supplied by linked dependency records and the retained harness signature.,,,,/home/chentianyu/nanvix-rust-std-spec-survey/nanvix-rust-std-slice-vec-implproof-2026-08-12/proof_harnesses/049_core_slice_from_raw_parts_mut/harness.rs,63,64,"pub unsafe fn rust_1_96_from_raw_parts_mut_ub_checked_raw_slice<'a, T>( data: *mut T, len: usize, ) -> (ret: &'a mut [T]) requires",76,"pub unsafe fn rust_1_96_from_raw_parts_mut_ub_checked_raw_slice<'a, T>(
    data: *mut T,
    len: usize,
) -> (ret: &'a mut [T])
    requires
        slice_raw_domain_valid_for(
            slice_raw_mut_domain(data, len, SliceRawMutability::Mutable),
            len,
            SliceRawMutability::Mutable,
        ),
    ensures
        slice_from_raw_parts_mut_result(data, len, ret),
",3e94d1813c398d715c67af9a59dc117dd6f83c69c474c64e8ba2b144b6532613,TS-049-D002,memory-layout-or-provenance-transition,inadmissible-complete-target-postcondition,complete-target,The retained contract states the target's complete principal return and/or final-state postcondition. Source backing cannot make a whole target answer an admissible Boundary_T observation.,core/src/slice/raw.rs:179-196,"{""attribute_line"":63,""contract_end_line"":76,""contract_text"":""pub unsafe fn rust_1_96_from_raw_parts_mut_ub_checked_raw_slice<'a, T>(\n    data: *mut T,\n    len: usize,\n) -> (ret: &'a mut [T])\n    requires\n        slice_raw_domain_valid_for(\n            slice_raw_mut_domain(data, len, SliceRawMutability::Mutable),\n            len,\n            SliceRawMutability::Mutable,\n        ),\n    ensures\n        slice_from_raw_parts_mut_result(data, len, ret),\n"",""declaration_line"":64,""signature"":""pub unsafe fn rust_1_96_from_raw_parts_mut_ub_checked_raw_slice<'a, T>( data: *mut T, len: usize, ) -> (ret: &'a mut [T]) requires"",""symbol"":""rust_1_96_from_raw_parts_mut_ub_checked_raw_slice""}",complete-target-postcondition,slice-unknown-authority-v3
TS-051-D001,dependency-manifest-record,core::slice::get_disjoint_mut,51,1,shared_model_helper,slice_disjoint_indices_valid,audited_generated_contract_vocabulary_instantiated_in_harness,The generated disjoint/in-bounds vocabulary remains target-local contract vocabulary. The executable public target obtains the Ok/Err branch facts from the Rust 1.96 get_disjoint_check_valid boundary before calling the unsafe unchecked dependency.,,,,/home/chentianyu/nanvix-rust-std-spec-survey/nanvix-rust-std-slice-vec-implproof-2026-08-12/proof_harnesses/051_core_slice_get_disjoint_mut/harness.rs,,,,,,,,specification-vocabulary,context-only-specification-vocabulary,not-an-executable-boundary,"This record identifies target-local specification vocabulary. It is retained for binding, but is not admitted as an executable Boundary_T observation or transition.",manifest-local,"{""kind"":""shared_model_helper"",""name"":""slice_disjoint_indices_valid"",""rationale"":""The generated disjoint/in-bounds vocabulary remains target-local contract vocabulary. The executable public target obtains the Ok/Err branch facts from the Rust 1.96 get_disjoint_check_valid boundary before calling the unsafe unchecked dependency."",""status"":""audited_generated_contract_vocabulary_instantiated_in_harness""}",specification-vocabulary,slice-unknown-authority-v3
TS-051-D002,dependency-manifest-record,core::slice::get_disjoint_mut,51,2,source_backed_private_helper_boundary,get_disjoint_check_valid,minimal_trusted_boundary_for_source_backed_disjoint_validity_checker,"The Rust 1.96 public target first calls `get_disjoint_check_valid(&indices, self.len())?`. The harness preserves that control-flow step and isolates only the private helper loop over in-bounds and overlap checks, with postconditions distinguishing Ok as slice_disjoint_indices_valid and Err as its negation.",core/src/slice/mod.rs:5686-5703,dfe645823002998fd85f45a791fa6deaa9180bd59d7814458417698e7b657772,proof_harnesses/051_core_slice_get_disjoint_mut/source_excerpt.rs,/home/chentianyu/nanvix-rust-std-spec-survey/nanvix-rust-std-slice-vec-implproof-2026-08-12/proof_harnesses/051_core_slice_get_disjoint_mut/harness.rs,,,,,,,,panic-or-domain-transition,inadmissible-answer-bearing-support,complete-or-answer-equivalent,"Every linked executable site is explicitly audited as a complete target/branch postcondition, answer-equivalent result, or opaque whole algorithm. Source citation does not make it admissible.",core/src/slice/mod.rs:5686-5703,"{""kind"":""source_backed_private_helper_boundary"",""name"":""get_disjoint_check_valid"",""rationale"":""The Rust 1.96 public target first calls `get_disjoint_check_valid(&indices, self.len())?`. The harness preserves that control-flow step and isolates only the private helper loop over in-bounds and overlap checks, with postconditions distinguishing Ok as slice_disjoint_indices_valid and Err as its negation."",""source_excerpt_relpath"":""proof_harnesses/051_core_slice_get_disjoint_mut/source_excerpt.rs"",""source_lines"":""core/src/slice/mod.rs:5686-5703"",""source_sha256"":""dfe645823002998fd85f45a791fa6deaa9180bd59d7814458417698e7b657772"",""status"":""minimal_trusted_boundary_for_source_backed_disjoint_validity_checker""}",source-backed-support,slice-unknown-authority-v3
TS-051-D003,dependency-manifest-record,core::slice::get_disjoint_mut,51,3,generated_target_dependency,core::slice::get_disjoint_unchecked_mut,reviewed_dependency_reused_for_success_path_unchecked_mutable_reference_array,"The Rust 1.96 success path is exactly `unsafe { Ok(self.get_disjoint_unchecked_mut(indices)) }`. The target harness reuses the already verified unchecked-disjoint body shape and its generated precondition, so the unsafe call is guarded by the checker-established slice_disjoint_indices_valid fact.",core/src/slice/mod.rs:5149-5164 and 5216-5219; proof_harnesses/052_core_slice_get_disjoint_unchecked_mut/harness.rs,,,/home/chentianyu/nanvix-rust-std-spec-survey/nanvix-rust-std-slice-vec-implproof-2026-08-12/proof_harnesses/051_core_slice_get_disjoint_mut/harness.rs,,,,,,,,panic-or-domain-transition,admissible-source-backed-support,partial-or-lower-level,"This exact frozen manifest record was audited as a named source dependency, callback, primitive, or local proof bridge. Its final disposition also incorporates every explicitly linked external site.",core/src/slice/mod.rs:5149-5164 and 5216-5219; proof_harnesses/052_core_slice_get_disjoint_unchecked_mut/harness.rs,"{""kind"":""generated_target_dependency"",""name"":""core::slice::get_disjoint_unchecked_mut"",""rationale"":""The Rust 1.96 success path is exactly `unsafe { Ok(self.get_disjoint_unchecked_mut(indices)) }`. The target harness reuses the already verified unchecked-disjoint body shape and its generated precondition, so the unsafe call is guarded by the checker-established slice_disjoint_indices_valid fact."",""source_lines"":""core/src/slice/mod.rs:5149-5164 and 5216-5219; proof_harnesses/052_core_slice_get_disjoint_unchecked_mut/harness.rs"",""status"":""reviewed_dependency_reused_for_success_path_unchecked_mutable_reference_array""}",source-backed-support,slice-unknown-authority-v3
TS-051-D004,dependency-manifest-record,core::slice::get_disjoint_mut,51,4,source_backed_raw_pointer_maybe_uninit_trait_boundary,rust_1_96_fill_disjoint_mut_array_and_assume_init,reviewed_source_backed_unchecked_fill_write_assume_init_boundary_reused_locally_after_executable_scaffold_reduction,"The local unchecked dependency wrapper now verifies the Rust 1.96 raw slice pointer token and MaybeUninit setup token helpers as executable scaffold. The retained trusted boundary is limited to the source loop over `0..N`, unchecked index clone, SliceIndex::get_unchecked_mut, raw pointer `cast/add/write`, and final `arr.assume_init()`, reused only after the checker boundary establishes the unsafe disjoint-validity domain.",core/src/slice/mod.rs:5149-5164,fadb1cf499d963bdf8603a8901d68a9dc03c5ce7ebf3f084ce0fe58348b65be2,proof_harnesses/052_core_slice_get_disjoint_unchecked_mut/source_excerpt.rs,/home/chentianyu/nanvix-rust-std-spec-survey/nanvix-rust-std-slice-vec-implproof-2026-08-12/proof_harnesses/051_core_slice_get_disjoint_mut/harness.rs,,,,,,,,callback-or-trait-observation,inadmissible-answer-bearing-support,complete-or-answer-equivalent,"Every linked executable site is explicitly audited as a complete target/branch postcondition, answer-equivalent result, or opaque whole algorithm. Source citation does not make it admissible.",core/src/slice/mod.rs:5149-5164,"{""kind"":""source_backed_raw_pointer_maybe_uninit_trait_boundary"",""name"":""rust_1_96_fill_disjoint_mut_array_and_assume_init"",""rationale"":""The local unchecked dependency wrapper now verifies the Rust 1.96 raw slice pointer token and MaybeUninit setup token helpers as executable scaffold. The retained trusted boundary is limited to the source loop over `0..N`, unchecked index clone, SliceIndex::get_unchecked_mut, raw pointer `cast/add/write`, and final `arr.assume_init()`, reused only after the checker boundary establishes the unsafe disjoint-validity domain."",""source_excerpt_relpath"":""proof_harnesses/052_core_slice_get_disjoint_unchecked_mut/source_excerpt.rs"",""source_lines"":""core/src/slice/mod.rs:5149-5164"",""source_sha256"":""fadb1cf499d963bdf8603a8901d68a9dc03c5ce7ebf3f084ce0fe58348b65be2"",""status"":""reviewed_source_backed_unchecked_fill_write_assume_init_boundary_reused_locally_after_executable_scaffold_reduction""}",source-backed-support,slice-unknown-authority-v3
TS-051-C001,private-helper-callee,core::slice::get_disjoint_mut,51,1,private_helper_callee_closure,get_disjoint_check_valid,source-indexed,Source-indexed private/public callee closure retained by the implementation-proof dependency manifest.,core/src/slice/mod.rs:5686-5703,dfe645823002998fd85f45a791fa6deaa9180bd59d7814458417698e7b657772,frozen_inputs/slice/rust-core-slice/mod.rs,/home/chentianyu/nanvix-rust-std-spec-survey/nanvix-rust-std-slice-vec-implproof-2026-08-12/proof_harnesses/051_core_slice_get_disjoint_mut/harness.rs,,,,,,,,source-callee-provenance,context-only-source-closure,not-an-executable-boundary,This record closes the source call graph for provenance. It does not itself add an assumed transition or observation.,core/src/slice/mod.rs:5686-5703,"{""body_end_line"":5703,""frozen_relpath"":""frozen_inputs/slice/rust-core-slice/mod.rs"",""item_sha256"":""dfe645823002998fd85f45a791fa6deaa9180bd59d7814458417698e7b657772"",""name"":""get_disjoint_check_valid"",""public"":false,""signature_start_line"":5686,""source_reference_path"":""core/src/slice/mod.rs""}",source-closure-provenance,slice-unknown-authority-v3
TS-051-C002,private-helper-callee,core::slice::get_disjoint_mut,51,2,private_helper_callee_closure,len,source-indexed,Source-indexed private/public callee closure retained by the implementation-proof dependency manifest.,core/src/slice/iter/macros.rs:142-144,48328fef24b9a414c7599eb67374e2d10f3c26ce8316557ce897b9c9e5203fc1,frozen_inputs/slice/rust-core-slice/iter/macros.rs,/home/chentianyu/nanvix-rust-std-spec-survey/nanvix-rust-std-slice-vec-implproof-2026-08-12/proof_harnesses/051_core_slice_get_disjoint_mut/harness.rs,,,,,,,,source-callee-provenance,context-only-source-closure,not-an-executable-boundary,This record closes the source call graph for provenance. It does not itself add an assumed transition or observation.,core/src/slice/iter/macros.rs:142-144,"{""body_end_line"":144,""frozen_relpath"":""frozen_inputs/slice/rust-core-slice/iter/macros.rs"",""item_sha256"":""48328fef24b9a414c7599eb67374e2d10f3c26ce8316557ce897b9c9e5203fc1"",""name"":""len"",""public"":false,""signature_start_line"":142,""source_reference_path"":""core/src/slice/iter/macros.rs""}",source-closure-provenance,slice-unknown-authority-v3
TS-051-C003,private-helper-callee,core::slice::get_disjoint_mut,51,3,private_helper_callee_closure,len,source-indexed,Source-indexed private/public callee closure retained by the implementation-proof dependency manifest.,core/src/slice/sort/stable/drift.rs:295-297,39713253c1089e4b037e302f5b7358f257f51d24290f54f0efc0dc25d78323fc,frozen_inputs/slice/rust-core-slice/sort/stable/drift.rs,/home/chentianyu/nanvix-rust-std-spec-survey/nanvix-rust-std-slice-vec-implproof-2026-08-12/proof_harnesses/051_core_slice_get_disjoint_mut/harness.rs,,,,,,,,source-callee-provenance,context-only-source-closure,not-an-executable-boundary,This record closes the source call graph for provenance. It does not itself add an assumed transition or observation.,core/src/slice/sort/stable/drift.rs:295-297,"{""body_end_line"":297,""frozen_relpath"":""frozen_inputs/slice/rust-core-slice/sort/stable/drift.rs"",""item_sha256"":""39713253c1089e4b037e302f5b7358f257f51d24290f54f0efc0dc25d78323fc"",""name"":""len"",""public"":false,""signature_start_line"":295,""source_reference_path"":""core/src/slice/sort/stable/drift.rs""}",source-closure-provenance,slice-unknown-authority-v3
TS-051-C004,private-helper-callee,core::slice::get_disjoint_mut,51,4,private_helper_callee_closure,len,source-indexed,Source-indexed private/public callee closure retained by the implementation-proof dependency manifest.,alloc/src/vec/in_place_drop.rs:15-17,abc18bdf2169eed2a02867127488f3df813795a68b96b8e832725dab3e82adb9,frozen_inputs/vec/rust-alloc-vec/vec/in_place_drop.rs,/home/chentianyu/nanvix-rust-std-spec-survey/nanvix-rust-std-slice-vec-implproof-2026-08-12/proof_harnesses/051_core_slice_get_disjoint_mut/harness.rs,,,,,,,,source-callee-provenance,context-only-source-closure,not-an-executable-boundary,This record closes the source call graph for provenance. It does not itself add an assumed transition or observation.,alloc/src/vec/in_place_drop.rs:15-17,"{""body_end_line"":17,""frozen_relpath"":""frozen_inputs/vec/rust-alloc-vec/vec/in_place_drop.rs"",""item_sha256"":""abc18bdf2169eed2a02867127488f3df813795a68b96b8e832725dab3e82adb9"",""name"":""len"",""public"":false,""signature_start_line"":15,""source_reference_path"":""alloc/src/vec/in_place_drop.rs""}",source-closure-provenance,slice-unknown-authority-v3
TS-051-E001,harness-external-body,core::slice::get_disjoint_mut,51,1,verifier::external_body,get_disjoint_check_valid,active-explicit-trusted-body,Exact external-body site enumerated from the selected proof harness; semantics and source backing are supplied by linked dependency records and the retained harness signature.,,,,/home/chentianyu/nanvix-rust-std-spec-survey/nanvix-rust-std-slice-vec-implproof-2026-08-12/proof_harnesses/051_core_slice_get_disjoint_mut/harness.rs,46,47,"pub fn get_disjoint_check_valid<I, const N: usize>( indices: &[I; N], len: usize, Ghost(valid): Ghost<bool>, ) -> (ret: core::result::Result<(), GetDisjointMutError>) ensures",57,"pub fn get_disjoint_check_valid<I, const N: usize>(
    indices: &[I; N],
    len: usize,
    Ghost(valid): Ghost<bool>,
) -> (ret: core::result::Result<(), GetDisjointMutError>)
    ensures
        match ret {
            core::result::Result::Ok(()) => valid,
            core::result::Result::Err(_) => !valid,
        },
",cc41553e6a3e73e01999f0bf3d075b28bd44bdce6492973431fda418280d24e9,TS-051-D002,source-helper-transition,inadmissible-answer-equivalent-result,answer-equivalent,"The retained transition fixes the target discriminant, aggregate result, or aggregate final storage strongly enough to encode the public answer even though it uses different predicate spelling.",core/src/slice/mod.rs:5686-5703,"{""attribute_line"":46,""contract_end_line"":57,""contract_text"":""pub fn get_disjoint_check_valid<I, const N: usize>(\n    indices: &[I; N],\n    len: usize,\n    Ghost(valid): Ghost<bool>,\n) -> (ret: core::result::Result<(), GetDisjointMutError>)\n    ensures\n        match ret {\n            core::result::Result::Ok(()) => valid,\n            core::result::Result::Err(_) => !valid,\n        },\n"",""declaration_line"":47,""signature"":""pub fn get_disjoint_check_valid<I, const N: usize>( indices: &[I; N], len: usize, Ghost(valid): Ghost<bool>, ) -> (ret: core::result::Result<(), GetDisjointMutError>) ensures"",""symbol"":""get_disjoint_check_valid""}",answer-equivalent-result,slice-unknown-authority-v3
TS-051-E002,harness-external-body,core::slice::get_disjoint_mut,51,2,verifier::external_body,rust_1_96_fill_disjoint_mut_array_and_assume_init,active-explicit-trusted-body,Exact external-body site enumerated from the selected proof harness; semantics and source backing are supplied by linked dependency records and the retained harness signature.,,,,/home/chentianyu/nanvix-rust-std-spec-survey/nanvix-rust-std-slice-vec-implproof-2026-08-12/proof_harnesses/051_core_slice_get_disjoint_mut/harness.rs,80,81,"pub unsafe fn rust_1_96_fill_disjoint_mut_array_and_assume_init<'a, T, I, const N: usize>( slice: &'a mut [T], slice_raw: RustSliceRawPtr<T>, indices: [I; N], arr_ptr: RustMutRefArrayPtr<'a, T, I>, arr: &mut RustMaybeUninitMutRefArray<'a, T, I>, ) -> (ret: [&'a mut <I as SliceIndex<T>>::Output; N]) where I: GetDisjointMutIndex + SliceIndex<T>, requires",94,"pub unsafe fn rust_1_96_fill_disjoint_mut_array_and_assume_init<'a, T, I, const N: usize>(
    slice: &'a mut [T],
    slice_raw: RustSliceRawPtr<T>,
    indices: [I; N],
    arr_ptr: RustMutRefArrayPtr<'a, T, I>,
    arr: &mut RustMaybeUninitMutRefArray<'a, T, I>,
) -> (ret: [&'a mut <I as SliceIndex<T>>::Output; N])
    where
        I: GetDisjointMutIndex + SliceIndex<T>,
    requires
        slice_disjoint_indices_valid::<T, I, N>(old(slice)@, indices),
    ensures
        final(slice)@.len() == old(slice)@.len(),
",1ffedda6d01576795154f2eeada69e3bec623fee4ad3754610de2a6615c91fcf,TS-051-D004,memory-layout-or-provenance-transition,inadmissible-complete-branch-postcondition,complete-on-target-branch,"Under the helper's branch preconditions, its contract supplies every remaining public postcondition for that target branch.",core/src/slice/mod.rs:5149-5164,"{""attribute_line"":80,""contract_end_line"":94,""contract_text"":""pub unsafe fn rust_1_96_fill_disjoint_mut_array_and_assume_init<'a, T, I, const N: usize>(\n    slice: &'a mut [T],\n    slice_raw: RustSliceRawPtr<T>,\n    indices: [I; N],\n    arr_ptr: RustMutRefArrayPtr<'a, T, I>,\n    arr: &mut RustMaybeUninitMutRefArray<'a, T, I>,\n) -> (ret: [&'a mut <I as SliceIndex<T>>::Output; N])\n    where\n        I: GetDisjointMutIndex + SliceIndex<T>,\n    requires\n        slice_disjoint_indices_valid::<T, I, N>(old(slice)@, indices),\n    ensures\n        final(slice)@.len() == old(slice)@.len(),\n"",""declaration_line"":81,""signature"":""pub unsafe fn rust_1_96_fill_disjoint_mut_array_and_assume_init<'a, T, I, const N: usize>( slice: &'a mut [T], slice_raw: RustSliceRawPtr<T>, indices: [I; N], arr_ptr: RustMutRefArrayPtr<'a, T, I>, arr: &mut RustMaybeUninitMutRefArray<'a, T, I>, ) -> (ret: [&'a mut <I as SliceIndex<T>>::Output; N]) where I: GetDisjointMutIndex + SliceIndex<T>, requires"",""symbol"":""rust_1_96_fill_disjoint_mut_array_and_assume_init""}",complete-branch-postcondition,slice-unknown-authority-v3
TS-052-D001,dependency-manifest-record,core::slice::get_disjoint_unchecked_mut,52,1,shared_model_helper,slice_disjoint_indices_valid,audited_generated_contract_vocabulary_instantiated_in_harness,The generated unchecked-disjoint-index vocabulary is attached to the executable public target as the documented unsafe precondition. It is instantiated as target-local uninterpreted contract vocabulary and is not used to assume the target postcondition.,,,,/home/chentianyu/nanvix-rust-std-spec-survey/nanvix-rust-std-slice-vec-implproof-2026-08-12/proof_harnesses/052_core_slice_get_disjoint_unchecked_mut/harness.rs,,,,,,,,specification-vocabulary,context-only-specification-vocabulary,not-an-executable-boundary,"This record identifies target-local specification vocabulary. It is retained for binding, but is not admitted as an executable Boundary_T observation or transition.",manifest-local,"{""kind"":""shared_model_helper"",""name"":""slice_disjoint_indices_valid"",""rationale"":""The generated unchecked-disjoint-index vocabulary is attached to the executable public target as the documented unsafe precondition. It is instantiated as target-local uninterpreted contract vocabulary and is not used to assume the target postcondition."",""status"":""audited_generated_contract_vocabulary_instantiated_in_harness""}",specification-vocabulary,slice-unknown-authority-v3
TS-052-D002,dependency-manifest-record,core::slice::get_disjoint_unchecked_mut,52,2,source_pure_executable_helper,rust_1_96_slice_receiver_to_raw,verified_executable_source_pure_raw_slice_token_helper_no_external_body,The Rust 1.96 `let slice: *mut [T] = self` scaffold is represented by a local `RustSliceRawPtr` token constructor. Its body now verifies directly and carries only the non-mutating slice-frame fact; no raw pointer/provenance postcondition is assumed here.,core/src/slice/mod.rs:5149-5155,fadb1cf499d963bdf8603a8901d68a9dc03c5ce7ebf3f084ce0fe58348b65be2,proof_harnesses/052_core_slice_get_disjoint_unchecked_mut/source_excerpt.rs,/home/chentianyu/nanvix-rust-std-spec-survey/nanvix-rust-std-slice-vec-implproof-2026-08-12/proof_harnesses/052_core_slice_get_disjoint_unchecked_mut/harness.rs,,,,,,,,memory-layout-or-provenance-transition,admissible-source-backed-support,partial-or-lower-level,"This exact frozen manifest record was audited as a named source dependency, callback, primitive, or local proof bridge. Its final disposition also incorporates every explicitly linked external site.",core/src/slice/mod.rs:5149-5155,"{""kind"":""source_pure_executable_helper"",""name"":""rust_1_96_slice_receiver_to_raw"",""rationale"":""The Rust 1.96 `let slice: *mut [T] = self` scaffold is represented by a local `RustSliceRawPtr` token constructor. Its body now verifies directly and carries only the non-mutating slice-frame fact; no raw pointer/provenance postcondition is assumed here."",""source_excerpt_relpath"":""proof_harnesses/052_core_slice_get_disjoint_unchecked_mut/source_excerpt.rs"",""source_lines"":""core/src/slice/mod.rs:5149-5155"",""source_sha256"":""fadb1cf499d963bdf8603a8901d68a9dc03c5ce7ebf3f084ce0fe58348b65be2"",""status"":""verified_executable_source_pure_raw_slice_token_helper_no_external_body""}",source-backed-support,slice-unknown-authority-v3
TS-052-D003,dependency-manifest-record,core::slice::get_disjoint_unchecked_mut,52,3,source_pure_executable_helper,rust_1_96_maybe_uninit_array_uninit;rust_1_96_maybe_uninit_array_as_mut_ptr,verified_executable_source_pure_maybeuninit_token_helpers_no_external_body,The harness preserves the Rust 1.96 `MaybeUninit<[&mut I::Output; N]>::uninit()` and `arr.as_mut_ptr()` setup as local tokens. Both setup helpers now verify directly as token constructors; raw storage writes and final `assume_init` remain isolated in the retained unsafe fill boundary.,core/src/slice/mod.rs:5154-5155,fadb1cf499d963bdf8603a8901d68a9dc03c5ce7ebf3f084ce0fe58348b65be2,proof_harnesses/052_core_slice_get_disjoint_unchecked_mut/source_excerpt.rs,/home/chentianyu/nanvix-rust-std-spec-survey/nanvix-rust-std-slice-vec-implproof-2026-08-12/proof_harnesses/052_core_slice_get_disjoint_unchecked_mut/harness.rs,,,,,,,,panic-or-domain-transition,admissible-source-backed-support,partial-or-lower-level,"This exact frozen manifest record was audited as a named source dependency, callback, primitive, or local proof bridge. Its final disposition also incorporates every explicitly linked external site.",core/src/slice/mod.rs:5154-5155,"{""kind"":""source_pure_executable_helper"",""name"":""rust_1_96_maybe_uninit_array_uninit;rust_1_96_maybe_uninit_array_as_mut_ptr"",""rationale"":""The harness preserves the Rust 1.96 `MaybeUninit<[&mut I::Output; N]>::uninit()` and `arr.as_mut_ptr()` setup as local tokens. Both setup helpers now verify directly as token constructors; raw storage writes and final `assume_init` remain isolated in the retained unsafe fill boundary."",""source_excerpt_relpath"":""proof_harnesses/052_core_slice_get_disjoint_unchecked_mut/source_excerpt.rs"",""source_lines"":""core/src/slice/mod.rs:5154-5155"",""source_sha256"":""fadb1cf499d963bdf8603a8901d68a9dc03c5ce7ebf3f084ce0fe58348b65be2"",""status"":""verified_executable_source_pure_maybeuninit_token_helpers_no_external_body""}",source-backed-support,slice-unknown-authority-v3
TS-052-D004,dependency-manifest-record,core::slice::get_disjoint_unchecked_mut,52,4,source_backed_trait_index_clone_and_unchecked_write_boundary,rust_1_96_fill_disjoint_mut_array_and_assume_init,minimal_trusted_boundary_for_source_backed_trait_clone_sliceindex_get_unchecked_mut_raw_write_and_assume_init_semantics,"The public target enters the Rust 1.96 unsafe block through one target-local boundary covering the source loop `for i in 0..N`, `indices.get_unchecked(i).clone()`, `slice.get_unchecked_mut(idx)`, raw pointer `cast/add/write`, and final `arr.assume_init()`. Its precondition is exactly the generated disjoint/in-bounds unsafe-domain helper and its postcondition records only the generated final slice-length frame; it does not assume stronger element-frame or uniqueness facts.",core/src/slice/mod.rs:5157-5164,fadb1cf499d963bdf8603a8901d68a9dc03c5ce7ebf3f084ce0fe58348b65be2,proof_harnesses/052_core_slice_get_disjoint_unchecked_mut/source_excerpt.rs,/home/chentianyu/nanvix-rust-std-spec-survey/nanvix-rust-std-slice-vec-implproof-2026-08-12/proof_harnesses/052_core_slice_get_disjoint_unchecked_mut/harness.rs,,,,,,,,callback-or-trait-observation,inadmissible-answer-bearing-support,complete-or-answer-equivalent,"Every linked executable site is explicitly audited as a complete target/branch postcondition, answer-equivalent result, or opaque whole algorithm. Source citation does not make it admissible.",core/src/slice/mod.rs:5157-5164,"{""kind"":""source_backed_trait_index_clone_and_unchecked_write_boundary"",""name"":""rust_1_96_fill_disjoint_mut_array_and_assume_init"",""rationale"":""The public target enters the Rust 1.96 unsafe block through one target-local boundary covering the source loop `for i in 0..N`, `indices.get_unchecked(i).clone()`, `slice.get_unchecked_mut(idx)`, raw pointer `cast/add/write`, and final `arr.assume_init()`. Its precondition is exactly the generated disjoint/in-bounds unsafe-domain helper and its postcondition records only the generated final slice-length frame; it does not assume stronger element-frame or uniqueness facts."",""source_excerpt_relpath"":""proof_harnesses/052_core_slice_get_disjoint_unchecked_mut/source_excerpt.rs"",""source_lines"":""core/src/slice/mod.rs:5157-5164"",""source_sha256"":""fadb1cf499d963bdf8603a8901d68a9dc03c5ce7ebf3f084ce0fe58348b65be2"",""status"":""minimal_trusted_boundary_for_source_backed_trait_clone_sliceindex_get_unchecked_mut_raw_write_and_assume_init_semantics""}",source-backed-support,slice-unknown-authority-v3
TS-052-E001,harness-external-body,core::slice::get_disjoint_unchecked_mut,52,1,verifier::external_body,rust_1_96_fill_disjoint_mut_array_and_assume_init,active-explicit-trusted-body,Exact external-body site enumerated from the selected proof harness; semantics and source backing are supplied by linked dependency records and the retained harness signature.,,,,/home/chentianyu/nanvix-rust-std-spec-survey/nanvix-rust-std-slice-vec-implproof-2026-08-12/proof_harnesses/052_core_slice_get_disjoint_unchecked_mut/harness.rs,60,61,"pub unsafe fn rust_1_96_fill_disjoint_mut_array_and_assume_init<'a, T, I, const N: usize>( slice: &'a mut [T], slice_raw: RustSliceRawPtr<T>, indices: [I; N], arr_ptr: RustMutRefArrayPtr<'a, T, I>, arr: &mut RustMaybeUninitMutRefArray<'a, T, I>, ) -> (ret: [&'a mut <I as SliceIndex<T>>::Output; N]) where I: GetDisjointMutIndex + SliceIndex<T>, requires",74,"pub unsafe fn rust_1_96_fill_disjoint_mut_array_and_assume_init<'a, T, I, const N: usize>(
    slice: &'a mut [T],
    slice_raw: RustSliceRawPtr<T>,
    indices: [I; N],
    arr_ptr: RustMutRefArrayPtr<'a, T, I>,
    arr: &mut RustMaybeUninitMutRefArray<'a, T, I>,
) -> (ret: [&'a mut <I as SliceIndex<T>>::Output; N])
    where
        I: GetDisjointMutIndex + SliceIndex<T>,
    requires
        slice_disjoint_indices_valid::<T, I, N>(old(slice)@, indices),
    ensures
        final(slice)@.len() == old(slice)@.len(),
",1ffedda6d01576795154f2eeada69e3bec623fee4ad3754610de2a6615c91fcf,TS-052-D004,memory-layout-or-provenance-transition,inadmissible-complete-target-postcondition,complete-target,The retained contract states the target's complete principal return and/or final-state postcondition. Source backing cannot make a whole target answer an admissible Boundary_T observation.,core/src/slice/mod.rs:5157-5164,"{""attribute_line"":60,""contract_end_line"":74,""contract_text"":""pub unsafe fn rust_1_96_fill_disjoint_mut_array_and_assume_init<'a, T, I, const N: usize>(\n    slice: &'a mut [T],\n    slice_raw: RustSliceRawPtr<T>,\n    indices: [I; N],\n    arr_ptr: RustMutRefArrayPtr<'a, T, I>,\n    arr: &mut RustMaybeUninitMutRefArray<'a, T, I>,\n) -> (ret: [&'a mut <I as SliceIndex<T>>::Output; N])\n    where\n        I: GetDisjointMutIndex + SliceIndex<T>,\n    requires\n        slice_disjoint_indices_valid::<T, I, N>(old(slice)@, indices),\n    ensures\n        final(slice)@.len() == old(slice)@.len(),\n"",""declaration_line"":61,""signature"":""pub unsafe fn rust_1_96_fill_disjoint_mut_array_and_assume_init<'a, T, I, const N: usize>( slice: &'a mut [T], slice_raw: RustSliceRawPtr<T>, indices: [I; N], arr_ptr: RustMutRefArrayPtr<'a, T, I>, arr: &mut RustMaybeUninitMutRefArray<'a, T, I>, ) -> (ret: [&'a mut <I as SliceIndex<T>>::Output; N]) where I: GetDisjointMutIndex + SliceIndex<T>, requires"",""symbol"":""rust_1_96_fill_disjoint_mut_array_and_assume_init""}",complete-target-postcondition,slice-unknown-authority-v3
TS-053-D001,dependency-manifest-record,core::slice::get_mut,53,1,source_backed_trait_method_boundary,core::slice::SliceIndex<[T]>::get_mut,minimal_trusted_boundary_until_sliceindex_impls_are_recursively_proved,The Rust 1.96 target body is exactly the delegation `index.get_mut(self)`. The harness verifies that delegation against a narrow trait-method contract exposing only the generated in-range and mutable-frame facts; it does not externalize or assume the target body.,core/src/slice/index.rs:163-176,4ea4df7c0b008fffcf05bc82c48eb85eab850517aa078cce3dc292c25e0476d4,,/home/chentianyu/nanvix-rust-std-spec-survey/nanvix-rust-std-slice-vec-implproof-2026-08-12/proof_harnesses/053_core_slice_get_mut/harness.rs,,,,,,,,callback-or-trait-observation,inadmissible-answer-equivalent-dependency,complete-target,"The SliceIndex::get_mut trait-method contract is definitionally identical to the public get_mut target contract, and the target body is only that delegation.",core/src/slice/index.rs:163-176,"{""kind"":""source_backed_trait_method_boundary"",""name"":""core::slice::SliceIndex<[T]>::get_mut"",""rationale"":""The Rust 1.96 target body is exactly the delegation `index.get_mut(self)`. The harness verifies that delegation against a narrow trait-method contract exposing only the generated in-range and mutable-frame facts; it does not externalize or assume the target body."",""source_lines"":""core/src/slice/index.rs:163-176"",""source_sha256"":""4ea4df7c0b008fffcf05bc82c48eb85eab850517aa078cce3dc292c25e0476d4"",""status"":""minimal_trusted_boundary_until_sliceindex_impls_are_recursively_proved""}",answer-equivalent-target-dependency,slice-unknown-authority-v3
TS-053-D002,dependency-manifest-record,core::slice::get_mut,53,2,shared_contract_vocabulary,slice_index_in_range; slice_index_mut_frame,existing_generated_contract_vocabulary_boundary,"The generated contract relates the old slice view, index value, and final mutable-slice frame using audited shared SliceIndex vocabulary. The harness attaches that vocabulary to the target and trait-method boundary without using assume_specification.",,,,/home/chentianyu/nanvix-rust-std-spec-survey/nanvix-rust-std-slice-vec-implproof-2026-08-12/proof_harnesses/053_core_slice_get_mut/harness.rs,,,,,,,,specification-vocabulary,context-only-specification-vocabulary,not-an-executable-boundary,"This record identifies target-local specification vocabulary. It is retained for binding, but is not admitted as an executable Boundary_T observation or transition.",manifest-local,"{""kind"":""shared_contract_vocabulary"",""name"":""slice_index_in_range; slice_index_mut_frame"",""rationale"":""The generated contract relates the old slice view, index value, and final mutable-slice frame using audited shared SliceIndex vocabulary. The harness attaches that vocabulary to the target and trait-method boundary without using assume_specification."",""status"":""existing_generated_contract_vocabulary_boundary""}",specification-vocabulary,slice-unknown-authority-v3
TS-054-D001,dependency-manifest-record,core::slice::get_unchecked,54,1,shared_model_helper,slice_index_in_range;slice_index_result,audited_generated_contract_vocabulary_instantiated_in_harness,Generated unchecked-index vocabulary is attached to the executable public target as the documented unsafe precondition and result relation. It is instantiated as target-local uninterpreted contract vocabulary and is not used through an assume_specification.,,,,/home/chentianyu/nanvix-rust-std-spec-survey/nanvix-rust-std-slice-vec-implproof-2026-08-12/proof_harnesses/054_core_slice_get_unchecked/harness.rs,,,,,,,,specification-vocabulary,context-only-specification-vocabulary,not-an-executable-boundary,"This record identifies target-local specification vocabulary. It is retained for binding, but is not admitted as an executable Boundary_T observation or transition.",manifest-local,"{""kind"":""shared_model_helper"",""name"":""slice_index_in_range;slice_index_result"",""rationale"":""Generated unchecked-index vocabulary is attached to the executable public target as the documented unsafe precondition and result relation. It is instantiated as target-local uninterpreted contract vocabulary and is not used through an assume_specification."",""status"":""audited_generated_contract_vocabulary_instantiated_in_harness""}",specification-vocabulary,slice-unknown-authority-v3
TS-054-D002,dependency-manifest-record,core::slice::get_unchecked,54,2,source_backed_sliceindex_get_unchecked_boundary,rust_1_96_sliceindex_get_unchecked_ref,minimal_trusted_boundary_for_source_backed_sliceindex_raw_pointer_result_and_deref,The public target preserves the Rust 1.96 unsafe data flow `unsafe { &*index.get_unchecked(self) }` through one target-local boundary for `SliceIndex::get_unchecked` returning a raw output pointer and the immediate dereference. The frozen trait safety contract states implementations must ensure a safe reference result when called with a safe reference domain.,core/src/slice/index.rs:145-186 and core/src/slice/mod.rs:642-647,52a8f107029603a78f11de9d849732deb57d722ee78dbe2ce36072a67108c3d5,proof_harnesses/054_core_slice_get_unchecked/source_excerpt.rs,/home/chentianyu/nanvix-rust-std-spec-survey/nanvix-rust-std-slice-vec-implproof-2026-08-12/proof_harnesses/054_core_slice_get_unchecked/harness.rs,,,,,,,,callback-or-trait-observation,inadmissible-answer-bearing-support,complete-or-answer-equivalent,"Every linked executable site is explicitly audited as a complete target/branch postcondition, answer-equivalent result, or opaque whole algorithm. Source citation does not make it admissible.",core/src/slice/index.rs:145-186 and core/src/slice/mod.rs:642-647,"{""kind"":""source_backed_sliceindex_get_unchecked_boundary"",""name"":""rust_1_96_sliceindex_get_unchecked_ref"",""rationale"":""The public target preserves the Rust 1.96 unsafe data flow `unsafe { &*index.get_unchecked(self) }` through one target-local boundary for `SliceIndex::get_unchecked` returning a raw output pointer and the immediate dereference. The frozen trait safety contract states implementations must ensure a safe reference result when called with a safe reference domain."",""source_excerpt_relpath"":""proof_harnesses/054_core_slice_get_unchecked/source_excerpt.rs"",""source_lines"":""core/src/slice/index.rs:145-186 and core/src/slice/mod.rs:642-647"",""source_sha256"":""52a8f107029603a78f11de9d849732deb57d722ee78dbe2ce36072a67108c3d5"",""status"":""minimal_trusted_boundary_for_source_backed_sliceindex_raw_pointer_result_and_deref""}",source-backed-support,slice-unknown-authority-v3
TS-054-E001,harness-external-body,core::slice::get_unchecked,54,1,verifier::external_body,rust_1_96_sliceindex_get_unchecked_ref,active-explicit-trusted-body,Exact external-body site enumerated from the selected proof harness; semantics and source backing are supplied by linked dependency records and the retained harness signature.,,,,/home/chentianyu/nanvix-rust-std-spec-survey/nanvix-rust-std-slice-vec-implproof-2026-08-12/proof_harnesses/054_core_slice_get_unchecked/harness.rs,27,28,"pub unsafe fn rust_1_96_sliceindex_get_unchecked_ref<'a, T, I>( slice: &'a [T], index: I, ) -> (ret: &'a <I as SliceIndex<T>>::Output) where I: SliceIndex<T>, requires",38,"pub unsafe fn rust_1_96_sliceindex_get_unchecked_ref<'a, T, I>(
    slice: &'a [T],
    index: I,
) -> (ret: &'a <I as SliceIndex<T>>::Output)
    where
        I: SliceIndex<T>,
    requires
        slice_index_in_range::<T, I>(slice@, index),
    ensures
        slice_index_result::<T, I>(slice@, index, ret),
",09b3a9898a3c3e0e83e1e4d372dacd346aecd2a4fc25d8d8eed9fae318e31220,TS-054-D002,source-helper-transition,inadmissible-complete-target-postcondition,complete-target,The retained contract states the target's complete principal return and/or final-state postcondition. Source backing cannot make a whole target answer an admissible Boundary_T observation.,core/src/slice/index.rs:145-186 and core/src/slice/mod.rs:642-647,"{""attribute_line"":27,""contract_end_line"":38,""contract_text"":""pub unsafe fn rust_1_96_sliceindex_get_unchecked_ref<'a, T, I>(\n    slice: &'a [T],\n    index: I,\n) -> (ret: &'a <I as SliceIndex<T>>::Output)\n    where\n        I: SliceIndex<T>,\n    requires\n        slice_index_in_range::<T, I>(slice@, index),\n    ensures\n        slice_index_result::<T, I>(slice@, index, ret),\n"",""declaration_line"":28,""signature"":""pub unsafe fn rust_1_96_sliceindex_get_unchecked_ref<'a, T, I>( slice: &'a [T], index: I, ) -> (ret: &'a <I as SliceIndex<T>>::Output) where I: SliceIndex<T>, requires"",""symbol"":""rust_1_96_sliceindex_get_unchecked_ref""}",complete-target-postcondition,slice-unknown-authority-v3
TS-055-D001,dependency-manifest-record,core::slice::get_unchecked_mut,55,1,shared_model_helper,slice_index_in_range;slice_index_mut_frame,audited_generated_contract_vocabulary_instantiated_in_harness,Generated unchecked mutable-index vocabulary is attached to the executable public target as the documented unsafe precondition and final mutable-slice frame. It is instantiated as target-local uninterpreted contract vocabulary and is not used through an assume_specification.,,,,/home/chentianyu/nanvix-rust-std-spec-survey/nanvix-rust-std-slice-vec-implproof-2026-08-12/proof_harnesses/055_core_slice_get_unchecked_mut/harness.rs,,,,,,,,specification-vocabulary,context-only-specification-vocabulary,not-an-executable-boundary,"This record identifies target-local specification vocabulary. It is retained for binding, but is not admitted as an executable Boundary_T observation or transition.",manifest-local,"{""kind"":""shared_model_helper"",""name"":""slice_index_in_range;slice_index_mut_frame"",""rationale"":""Generated unchecked mutable-index vocabulary is attached to the executable public target as the documented unsafe precondition and final mutable-slice frame. It is instantiated as target-local uninterpreted contract vocabulary and is not used through an assume_specification."",""status"":""audited_generated_contract_vocabulary_instantiated_in_harness""}",specification-vocabulary,slice-unknown-authority-v3
TS-055-D002,dependency-manifest-record,core::slice::get_unchecked_mut,55,2,source_backed_sliceindex_get_unchecked_mut_boundary,rust_1_96_sliceindex_get_unchecked_mut_ref,minimal_trusted_boundary_for_source_backed_mutable_sliceindex_raw_pointer_result_and_deref,The public target preserves the Rust 1.96 unsafe data flow `unsafe { &mut *index.get_unchecked_mut(self) }` through one target-local boundary for `SliceIndex::get_unchecked_mut` returning a raw mutable output pointer and the immediate dereference. The frozen trait safety contract states implementations must ensure a safe mutable reference result when called with a safe mutable slice domain.,core/src/slice/index.rs:145-186 and core/src/slice/mod.rs:687-692,feb16246768c2ac347ede8b95039570e3fddfb54257e2f8abadf710ff1c139e1,proof_harnesses/055_core_slice_get_unchecked_mut/source_excerpt.rs,/home/chentianyu/nanvix-rust-std-spec-survey/nanvix-rust-std-slice-vec-implproof-2026-08-12/proof_harnesses/055_core_slice_get_unchecked_mut/harness.rs,,,,,,,,callback-or-trait-observation,inadmissible-answer-bearing-support,complete-or-answer-equivalent,"Every linked executable site is explicitly audited as a complete target/branch postcondition, answer-equivalent result, or opaque whole algorithm. Source citation does not make it admissible.",core/src/slice/index.rs:145-186 and core/src/slice/mod.rs:687-692,"{""kind"":""source_backed_sliceindex_get_unchecked_mut_boundary"",""name"":""rust_1_96_sliceindex_get_unchecked_mut_ref"",""rationale"":""The public target preserves the Rust 1.96 unsafe data flow `unsafe { &mut *index.get_unchecked_mut(self) }` through one target-local boundary for `SliceIndex::get_unchecked_mut` returning a raw mutable output pointer and the immediate dereference. The frozen trait safety contract states implementations must ensure a safe mutable reference result when called with a safe mutable slice domain."",""source_excerpt_relpath"":""proof_harnesses/055_core_slice_get_unchecked_mut/source_excerpt.rs"",""source_lines"":""core/src/slice/index.rs:145-186 and core/src/slice/mod.rs:687-692"",""source_sha256"":""feb16246768c2ac347ede8b95039570e3fddfb54257e2f8abadf710ff1c139e1"",""status"":""minimal_trusted_boundary_for_source_backed_mutable_sliceindex_raw_pointer_result_and_deref""}",source-backed-support,slice-unknown-authority-v3
TS-055-E001,harness-external-body,core::slice::get_unchecked_mut,55,1,verifier::external_body,rust_1_96_sliceindex_get_unchecked_mut_ref,active-explicit-trusted-body,Exact external-body site enumerated from the selected proof harness; semantics and source backing are supplied by linked dependency records and the retained harness signature.,,,,/home/chentianyu/nanvix-rust-std-spec-survey/nanvix-rust-std-slice-vec-implproof-2026-08-12/proof_harnesses/055_core_slice_get_unchecked_mut/harness.rs,25,26,"pub unsafe fn rust_1_96_sliceindex_get_unchecked_mut_ref<'a, T, I>( slice: &'a mut [T], index: I, ) -> (ret: &'a mut <I as SliceIndex<T>>::Output) where I: SliceIndex<T>, requires",36,"pub unsafe fn rust_1_96_sliceindex_get_unchecked_mut_ref<'a, T, I>(
    slice: &'a mut [T],
    index: I,
) -> (ret: &'a mut <I as SliceIndex<T>>::Output)
    where
        I: SliceIndex<T>,
    requires
        slice_index_in_range::<T, I>(old(slice)@, index),
    ensures
        slice_index_mut_frame::<T, I>(old(slice)@, index, final(slice)@),
",f11654b497059135777f606525cd7dff02bc3c3406bffc1906f254ceeab693f4,TS-055-D002,source-helper-transition,inadmissible-complete-target-postcondition,complete-target,The retained contract states the target's complete principal return and/or final-state postcondition. Source backing cannot make a whole target answer an admissible Boundary_T observation.,core/src/slice/index.rs:145-186 and core/src/slice/mod.rs:687-692,"{""attribute_line"":25,""contract_end_line"":36,""contract_text"":""pub unsafe fn rust_1_96_sliceindex_get_unchecked_mut_ref<'a, T, I>(\n    slice: &'a mut [T],\n    index: I,\n) -> (ret: &'a mut <I as SliceIndex<T>>::Output)\n    where\n        I: SliceIndex<T>,\n    requires\n        slice_index_in_range::<T, I>(old(slice)@, index),\n    ensures\n        slice_index_mut_frame::<T, I>(old(slice)@, index, final(slice)@),\n"",""declaration_line"":26,""signature"":""pub unsafe fn rust_1_96_sliceindex_get_unchecked_mut_ref<'a, T, I>( slice: &'a mut [T], index: I, ) -> (ret: &'a mut <I as SliceIndex<T>>::Output) where I: SliceIndex<T>, requires"",""symbol"":""rust_1_96_sliceindex_get_unchecked_mut_ref""}",complete-target-postcondition,slice-unknown-authority-v3
TS-062-D001,dependency-manifest-record,core::slice::last_chunk_mut,62,1,shared_model_helper,array_mut_ref_view;array_value_view;slice_fixed_suffix,audited_generated_contract_vocabulary_instantiated_in_harness,The generated mutable fixed-suffix vocabulary is inlined as open spec definitions so Verus can check last_chunk_mut without assuming the target postcondition.,frozen_inputs/slice/specs/slice_shared_vocabulary.rs:913-935,,,/home/chentianyu/nanvix-rust-std-spec-survey/nanvix-rust-std-slice-vec-implproof-2026-08-12/proof_harnesses/062_core_slice_last_chunk_mut/harness.rs,,,,,,,,specification-vocabulary,context-only-specification-vocabulary,not-an-executable-boundary,"This record identifies target-local specification vocabulary. It is retained for binding, but is not admitted as an executable Boundary_T observation or transition.",frozen_inputs/slice/specs/slice_shared_vocabulary.rs:913-935,"{""kind"":""shared_model_helper"",""name"":""array_mut_ref_view;array_value_view;slice_fixed_suffix"",""rationale"":""The generated mutable fixed-suffix vocabulary is inlined as open spec definitions so Verus can check last_chunk_mut without assuming the target postcondition."",""source_lines"":""frozen_inputs/slice/specs/slice_shared_vocabulary.rs:913-935"",""status"":""audited_generated_contract_vocabulary_instantiated_in_harness""}",specification-vocabulary,slice-unknown-authority-v3
TS-062-D002,dependency-manifest-record,core::slice::last_chunk_mut,62,2,existing_vstd_source_contract_boundary,<[T]>::split_at_mut,minimal_trusted_boundary_for_safe_mutable_slice_split_view_and_final_frame_facts,The Rust 1.96 target body calls safe split_at_mut(index) after checked_sub proves index = len - N. The harness uses the reviewed vstd mutable split view and final-frame facts at that in-bounds index while the exact-vstd implementation proof for split_at_mut remains a later obligation.,core/src/slice/mod.rs:542; core/src/slice/mod.rs:1947,,,/home/chentianyu/nanvix-rust-std-spec-survey/nanvix-rust-std-slice-vec-implproof-2026-08-12/proof_harnesses/062_core_slice_last_chunk_mut/harness.rs,,,,,,,,panic-or-domain-transition,admissible-source-backed-support,partial-or-lower-level,"This exact frozen manifest record was audited as a named source dependency, callback, primitive, or local proof bridge. Its final disposition also incorporates every explicitly linked external site.",core/src/slice/mod.rs:542; core/src/slice/mod.rs:1947,"{""kind"":""existing_vstd_source_contract_boundary"",""name"":""<[T]>::split_at_mut"",""rationale"":""The Rust 1.96 target body calls safe split_at_mut(index) after checked_sub proves index = len - N. The harness uses the reviewed vstd mutable split view and final-frame facts at that in-bounds index while the exact-vstd implementation proof for split_at_mut remains a later obligation."",""source_lines"":""core/src/slice/mod.rs:542; core/src/slice/mod.rs:1947"",""status"":""minimal_trusted_boundary_for_safe_mutable_slice_split_view_and_final_frame_facts""}",source-backed-support,slice-unknown-authority-v3
TS-062-D003,dependency-manifest-record,core::slice::last_chunk_mut,62,3,source_backed_raw_pointer_cast_boundary,rust_1_96_last_chunk_mut_array_ref,minimal_trusted_boundary_for_source_backed_mut_slice_suffix_array_ref_cast,The public target is executable and keeps the Rust 1.96 checked_sub early None and split_at_mut(index) structure. Only the final unsafe suffix conversion `unsafe { &mut *(last.as_mut_ptr().cast_array()) }` is isolated in a target-local boundary whose precondition is the proved suffix length N and whose postcondition relates the returned mutable array reference to that suffix view and final frame.,core/src/slice/mod.rs:545,cc48aeefd7888744bec1500626ba5bc1a4dc8e47df42e3d7e458d293f366ebd4,proof_harnesses/062_core_slice_last_chunk_mut/source_excerpt.rs,/home/chentianyu/nanvix-rust-std-spec-survey/nanvix-rust-std-slice-vec-implproof-2026-08-12/proof_harnesses/062_core_slice_last_chunk_mut/harness.rs,,,,,,,,panic-or-domain-transition,admissible-source-backed-support,partial-or-lower-level,"This exact frozen manifest record was audited as a named source dependency, callback, primitive, or local proof bridge. Its final disposition also incorporates every explicitly linked external site.",core/src/slice/mod.rs:545,"{""kind"":""source_backed_raw_pointer_cast_boundary"",""name"":""rust_1_96_last_chunk_mut_array_ref"",""rationale"":""The public target is executable and keeps the Rust 1.96 checked_sub early None and split_at_mut(index) structure. Only the final unsafe suffix conversion `unsafe { &mut *(last.as_mut_ptr().cast_array()) }` is isolated in a target-local boundary whose precondition is the proved suffix length N and whose postcondition relates the returned mutable array reference to that suffix view and final frame."",""source_excerpt_relpath"":""proof_harnesses/062_core_slice_last_chunk_mut/source_excerpt.rs"",""source_lines"":""core/src/slice/mod.rs:545"",""source_sha256"":""cc48aeefd7888744bec1500626ba5bc1a4dc8e47df42e3d7e458d293f366ebd4"",""status"":""minimal_trusted_boundary_for_source_backed_mut_slice_suffix_array_ref_cast""}",source-backed-support,slice-unknown-authority-v3
TS-062-C001,private-helper-callee,core::slice::last_chunk_mut,62,1,private_helper_callee_closure,len,source-indexed,Source-indexed private/public callee closure retained by the implementation-proof dependency manifest.,core/src/slice/iter/macros.rs:142-144,48328fef24b9a414c7599eb67374e2d10f3c26ce8316557ce897b9c9e5203fc1,frozen_inputs/slice/rust-core-slice/iter/macros.rs,/home/chentianyu/nanvix-rust-std-spec-survey/nanvix-rust-std-slice-vec-implproof-2026-08-12/proof_harnesses/062_core_slice_last_chunk_mut/harness.rs,,,,,,,,source-callee-provenance,context-only-source-closure,not-an-executable-boundary,This record closes the source call graph for provenance. It does not itself add an assumed transition or observation.,core/src/slice/iter/macros.rs:142-144,"{""body_end_line"":144,""frozen_relpath"":""frozen_inputs/slice/rust-core-slice/iter/macros.rs"",""item_sha256"":""48328fef24b9a414c7599eb67374e2d10f3c26ce8316557ce897b9c9e5203fc1"",""name"":""len"",""public"":false,""signature_start_line"":142,""source_reference_path"":""core/src/slice/iter/macros.rs""}",source-closure-provenance,slice-unknown-authority-v3
TS-062-C002,private-helper-callee,core::slice::last_chunk_mut,62,2,private_helper_callee_closure,len,source-indexed,Source-indexed private/public callee closure retained by the implementation-proof dependency manifest.,core/src/slice/sort/stable/drift.rs:295-297,39713253c1089e4b037e302f5b7358f257f51d24290f54f0efc0dc25d78323fc,frozen_inputs/slice/rust-core-slice/sort/stable/drift.rs,/home/chentianyu/nanvix-rust-std-spec-survey/nanvix-rust-std-slice-vec-implproof-2026-08-12/proof_harnesses/062_core_slice_last_chunk_mut/harness.rs,,,,,,,,source-callee-provenance,context-only-source-closure,not-an-executable-boundary,This record closes the source call graph for provenance. It does not itself add an assumed transition or observation.,core/src/slice/sort/stable/drift.rs:295-297,"{""body_end_line"":297,""frozen_relpath"":""frozen_inputs/slice/rust-core-slice/sort/stable/drift.rs"",""item_sha256"":""39713253c1089e4b037e302f5b7358f257f51d24290f54f0efc0dc25d78323fc"",""name"":""len"",""public"":false,""signature_start_line"":295,""source_reference_path"":""core/src/slice/sort/stable/drift.rs""}",source-closure-provenance,slice-unknown-authority-v3
TS-062-C003,private-helper-callee,core::slice::last_chunk_mut,62,3,private_helper_callee_closure,len,source-indexed,Source-indexed private/public callee closure retained by the implementation-proof dependency manifest.,alloc/src/vec/in_place_drop.rs:15-17,abc18bdf2169eed2a02867127488f3df813795a68b96b8e832725dab3e82adb9,frozen_inputs/vec/rust-alloc-vec/vec/in_place_drop.rs,/home/chentianyu/nanvix-rust-std-spec-survey/nanvix-rust-std-slice-vec-implproof-2026-08-12/proof_harnesses/062_core_slice_last_chunk_mut/harness.rs,,,,,,,,source-callee-provenance,context-only-source-closure,not-an-executable-boundary,This record closes the source call graph for provenance. It does not itself add an assumed transition or observation.,alloc/src/vec/in_place_drop.rs:15-17,"{""body_end_line"":17,""frozen_relpath"":""frozen_inputs/vec/rust-alloc-vec/vec/in_place_drop.rs"",""item_sha256"":""abc18bdf2169eed2a02867127488f3df813795a68b96b8e832725dab3e82adb9"",""name"":""len"",""public"":false,""signature_start_line"":15,""source_reference_path"":""alloc/src/vec/in_place_drop.rs""}",source-closure-provenance,slice-unknown-authority-v3
TS-062-E001,harness-external-body,core::slice::last_chunk_mut,62,1,verifier::external_body,rust_1_96_last_chunk_mut_array_ref,active-explicit-trusted-body,Exact external-body site enumerated from the selected proof harness; semantics and source backing are supplied by linked dependency records and the retained harness signature.,,,,/home/chentianyu/nanvix-rust-std-spec-survey/nanvix-rust-std-slice-vec-implproof-2026-08-12/proof_harnesses/062_core_slice_last_chunk_mut/harness.rs,26,27,"pub unsafe fn rust_1_96_last_chunk_mut_array_ref<'a, T, const N: usize>( last: &'a mut [T], ) -> (ret: &'a mut [T; N]) requires",35,"pub unsafe fn rust_1_96_last_chunk_mut_array_ref<'a, T, const N: usize>(
    last: &'a mut [T],
) -> (ret: &'a mut [T; N])
    requires
        old(last)@.len() == N,
    ensures
        array_mut_ref_view::<T, N>(ret) == old(last)@,
        final(last)@ == array_value_view::<T, N>(*final(ret)),
",2d6bf2bc9f38d56b9ee1d4f60954d5b01e6c8f322dee036096950d8eb0e85c79,TS-062-D003,range-or-borrow-transition,admissible-source-backed-lower-boundary,partial-or-lower-level,The helper operates on a derived sub-borrow or lower source callee; the caller must still construct the target result.,core/src/slice/mod.rs:545,"{""attribute_line"":26,""contract_end_line"":35,""contract_text"":""pub unsafe fn rust_1_96_last_chunk_mut_array_ref<'a, T, const N: usize>(\n    last: &'a mut [T],\n) -> (ret: &'a mut [T; N])\n    requires\n        old(last)@.len() == N,\n    ensures\n        array_mut_ref_view::<T, N>(ret) == old(last)@,\n        final(last)@ == array_value_view::<T, N>(*final(ret)),\n"",""declaration_line"":27,""signature"":""pub unsafe fn rust_1_96_last_chunk_mut_array_ref<'a, T, const N: usize>( last: &'a mut [T], ) -> (ret: &'a mut [T; N]) requires"",""symbol"":""rust_1_96_last_chunk_mut_array_ref""}",derived-borrow-source-callee,slice-unknown-authority-v3
TS-065-D001,dependency-manifest-record,core::slice::partition_point,65,1,shared_contract_vocabulary,fnmut_predicate_observed;slice_partitioned_by_predicate;slice_partition_point_result,existing_generated_contract_vocabulary_boundary,The harness instantiates the generated partition-point predicate vocabulary and attaches it to the executable public target without an assume_specification declaration.,frozen_inputs/slice/specs/slice_shared_vocabulary.rs:646-658,,,/home/chentianyu/nanvix-rust-std-spec-survey/nanvix-rust-std-slice-vec-implproof-2026-08-12/proof_harnesses/065_core_slice_partition_point/harness.rs,,,,,,,,specification-vocabulary,context-only-specification-vocabulary,not-an-executable-boundary,"This record identifies target-local specification vocabulary. It is retained for binding, but is not admitted as an executable Boundary_T observation or transition.",frozen_inputs/slice/specs/slice_shared_vocabulary.rs:646-658,"{""kind"":""shared_contract_vocabulary"",""name"":""fnmut_predicate_observed;slice_partitioned_by_predicate;slice_partition_point_result"",""rationale"":""The harness instantiates the generated partition-point predicate vocabulary and attaches it to the executable public target without an assume_specification declaration."",""source_lines"":""frozen_inputs/slice/specs/slice_shared_vocabulary.rs:646-658"",""status"":""existing_generated_contract_vocabulary_boundary""}",specification-vocabulary,slice-unknown-authority-v3
TS-065-D002,dependency-manifest-record,core::slice::partition_point,65,2,reviewed_core_slice_binary_search_by_boundary,rust_1_96_partition_point_binary_search_by_predicate / binary_search_by,reviewed_generated_dependency_boundary_reused_locally,Rust 1.96 implements partition_point by delegating to self.binary_search_by(|x| if pred(x) { Less } else { Greater }). The harness reuses the already reviewed core::slice::binary_search_by dependency boundary and specializes its comparator result to the source predicate observation vocabulary.,core/src/slice/mod.rs:4857; core/src/slice/mod.rs:2970-3022,8a7ce9ee452f424a23a87b3d92b45c675e3d2b4a27c219bfe45f14f1832a42b3,,/home/chentianyu/nanvix-rust-std-spec-survey/nanvix-rust-std-slice-vec-implproof-2026-08-12/proof_harnesses/065_core_slice_partition_point/harness.rs,,,,,,,,panic-or-domain-transition,inadmissible-answer-bearing-support,complete-or-answer-equivalent,"Every linked executable site is explicitly audited as a complete target/branch postcondition, answer-equivalent result, or opaque whole algorithm. Source citation does not make it admissible.",core/src/slice/mod.rs:4857; core/src/slice/mod.rs:2970-3022,"{""kind"":""reviewed_core_slice_binary_search_by_boundary"",""name"":""rust_1_96_partition_point_binary_search_by_predicate / binary_search_by"",""rationale"":""Rust 1.96 implements partition_point by delegating to self.binary_search_by(|x| if pred(x) { Less } else { Greater }). The harness reuses the already reviewed core::slice::binary_search_by dependency boundary and specializes its comparator result to the source predicate observation vocabulary."",""source_lines"":""core/src/slice/mod.rs:4857; core/src/slice/mod.rs:2970-3022"",""source_sha256"":""8a7ce9ee452f424a23a87b3d92b45c675e3d2b4a27c219bfe45f14f1832a42b3"",""status"":""reviewed_generated_dependency_boundary_reused_locally""}",source-backed-support,slice-unknown-authority-v3
TS-065-D003,dependency-manifest-record,core::slice::partition_point,65,3,source_backed_fnmut_predicate_observation_boundary,fnmut_predicate_observed vocabulary via retained binary-search delegate,minimal_observation_boundary_for_fnmut_predicate_callback,The source closure invokes an arbitrary stateful FnMut predicate and maps true to Ordering::Less and false to Ordering::Greater. The harness records that effect with fnmut_predicate_observed and the retained binary-search delegate rather than choosing concrete predicate results or strengthening callback behavior; the unused standalone observe declaration was pruned.,core/src/slice/mod.rs:4857,989bce474e90ae13596dd90fece85ddea4a8f612de8833a19f06e60087c06066,,/home/chentianyu/nanvix-rust-std-spec-survey/nanvix-rust-std-slice-vec-implproof-2026-08-12/proof_harnesses/065_core_slice_partition_point/harness.rs,,,,,,,,callback-or-trait-observation,admissible-source-backed-support,partial-or-lower-level,"This exact frozen manifest record was audited as a named source dependency, callback, primitive, or local proof bridge. Its final disposition also incorporates every explicitly linked external site.",core/src/slice/mod.rs:4857,"{""kind"":""source_backed_fnmut_predicate_observation_boundary"",""name"":""fnmut_predicate_observed vocabulary via retained binary-search delegate"",""rationale"":""The source closure invokes an arbitrary stateful FnMut predicate and maps true to Ordering::Less and false to Ordering::Greater. The harness records that effect with fnmut_predicate_observed and the retained binary-search delegate rather than choosing concrete predicate results or strengthening callback behavior; the unused standalone observe declaration was pruned."",""source_lines"":""core/src/slice/mod.rs:4857"",""source_sha256"":""989bce474e90ae13596dd90fece85ddea4a8f612de8833a19f06e60087c06066"",""status"":""minimal_observation_boundary_for_fnmut_predicate_callback""}",source-backed-support,slice-unknown-authority-v3
TS-065-C001,private-helper-callee,core::slice::partition_point,65,1,private_helper_callee_closure,core::slice::binary_search_by,reviewed_generated_dependency_boundary_reused_locally,Source-indexed private/public callee closure retained by the implementation-proof dependency manifest.,core/src/slice/mod.rs:2970-3022,8a7ce9ee452f424a23a87b3d92b45c675e3d2b4a27c219bfe45f14f1832a42b3,frozen_inputs/slice/rust-core-slice/mod.rs,/home/chentianyu/nanvix-rust-std-spec-survey/nanvix-rust-std-slice-vec-implproof-2026-08-12/proof_harnesses/065_core_slice_partition_point/harness.rs,,,,,,,,source-callee-provenance,context-only-source-closure,not-an-executable-boundary,This record closes the source call graph for provenance. It does not itself add an assumed transition or observation.,core/src/slice/mod.rs:2970-3022,"{""body_end_line"":3022,""disposition"":""reviewed_generated_dependency_boundary_reused_locally"",""frozen_relpath"":""frozen_inputs/slice/rust-core-slice/mod.rs"",""item_sha256"":""8a7ce9ee452f424a23a87b3d92b45c675e3d2b4a27c219bfe45f14f1832a42b3"",""name"":""core::slice::binary_search_by"",""public"":true,""signature_start_line"":2970,""source_reference_path"":""core/src/slice/mod.rs""}",source-closure-provenance,slice-unknown-authority-v3
TS-065-E001,harness-external-body,core::slice::partition_point,65,1,verifier::external_body,rust_1_96_partition_point_binary_search_by_predicate,active-explicit-trusted-body,Exact external-body site enumerated from the selected proof harness; semantics and source backing are supplied by linked dependency records and the retained harness signature.,,,,/home/chentianyu/nanvix-rust-std-spec-survey/nanvix-rust-std-slice-vec-implproof-2026-08-12/proof_harnesses/065_core_slice_partition_point/harness.rs,46,47,"pub fn rust_1_96_partition_point_binary_search_by_predicate<'a, T, P>( slice: &'a [T], pred: P, ) -> (result: core::result::Result<usize, usize>) where P: FnMut(&'a T) -> bool, ensures",55,"pub fn rust_1_96_partition_point_binary_search_by_predicate<'a, T, P>(
    slice: &'a [T],
    pred: P,
) -> (result: core::result::Result<usize, usize>)
    where
        P: FnMut(&'a T) -> bool,
    ensures
        slice_partition_point_binary_search_result(slice@, pred, result),
",7f6b5e90475bf272abd53ddb107831a9b0ac623ba8120dd27979657824544f2b,TS-065-D002,private-algorithm-or-layout-transition,inadmissible-answer-equivalent-result,answer-equivalent,"The retained transition fixes the target discriminant, aggregate result, or aggregate final storage strongly enough to encode the public answer even though it uses different predicate spelling.",core/src/slice/mod.rs:4857; core/src/slice/mod.rs:2970-3022,"{""attribute_line"":46,""contract_end_line"":55,""contract_text"":""pub fn rust_1_96_partition_point_binary_search_by_predicate<'a, T, P>(\n    slice: &'a [T],\n    pred: P,\n) -> (result: core::result::Result<usize, usize>)\n    where\n        P: FnMut(&'a T) -> bool,\n    ensures\n        slice_partition_point_binary_search_result(slice@, pred, result),\n"",""declaration_line"":47,""signature"":""pub fn rust_1_96_partition_point_binary_search_by_predicate<'a, T, P>( slice: &'a [T], pred: P, ) -> (result: core::result::Result<usize, usize>) where P: FnMut(&'a T) -> bool, ensures"",""symbol"":""rust_1_96_partition_point_binary_search_by_predicate""}",answer-equivalent-result,slice-unknown-authority-v3
TS-068-D001,dependency-manifest-record,core::slice::rchunks_exact_mut,68,1,source_backed_model_instantiation,"slice_iterator_view::<RChunksExactMut<'a, T>, T>",minimal_trusted_boundary_for_shared_helper_representation_and_raw_pointer_view,"The generated contract's shared iterator-view helper is instantiated over the extracted RChunksExactMut private representation, with the raw pointer region represented by its source-backed split suffix sequence; this does not assume the target postcondition.",core/src/slice/iter.rs:2830-2848,,,/home/chentianyu/nanvix-rust-std-spec-survey/nanvix-rust-std-slice-vec-implproof-2026-08-12/proof_harnesses/068_core_slice_rchunks_exact_mut/harness.rs,,,,,,,,panic-or-domain-transition,admissible-source-backed-support,partial-or-lower-level,"This exact frozen manifest record was audited as a named source dependency, callback, primitive, or local proof bridge. Its final disposition also incorporates every explicitly linked external site.",core/src/slice/iter.rs:2830-2848,"{""kind"":""source_backed_model_instantiation"",""name"":""slice_iterator_view::<RChunksExactMut<'a, T>, T>"",""rationale"":""The generated contract's shared iterator-view helper is instantiated over the extracted RChunksExactMut private representation, with the raw pointer region represented by its source-backed split suffix sequence; this does not assume the target postcondition."",""source_lines"":""core/src/slice/iter.rs:2830-2848"",""status"":""minimal_trusted_boundary_for_shared_helper_representation_and_raw_pointer_view""}",source-backed-support,slice-unknown-authority-v3
TS-068-D002,dependency-manifest-record,core::slice::rchunks_exact_mut,68,2,source_backed_iterator_view_boundary,repaired generated mutable-iterator contract without final-slice frame,actual_verus_verified_after_contract_repair,The remaining source-backed obligation is the iterator/chunk/predicate view abstraction over returned lazy mutable iterator state; the removed final(slice) frame is no longer part of the contract under proof.,core/src/slice/iter.rs:2844-2848,,,/home/chentianyu/nanvix-rust-std-spec-survey/nanvix-rust-std-slice-vec-implproof-2026-08-12/proof_harnesses/068_core_slice_rchunks_exact_mut/harness.rs,,,,,,,,panic-or-domain-transition,admissible-source-backed-support,partial-or-lower-level,"This exact frozen manifest record was audited as a named source dependency, callback, primitive, or local proof bridge. Its final disposition also incorporates every explicitly linked external site.",core/src/slice/iter.rs:2844-2848,"{""kind"":""source_backed_iterator_view_boundary"",""name"":""repaired generated mutable-iterator contract without final-slice frame"",""rationale"":""The remaining source-backed obligation is the iterator/chunk/predicate view abstraction over returned lazy mutable iterator state; the removed final(slice) frame is no longer part of the contract under proof."",""source_lines"":""core/src/slice/iter.rs:2844-2848"",""status"":""actual_verus_verified_after_contract_repair""}",source-backed-support,slice-unknown-authority-v3
TS-068-D003,dependency-manifest-record,core::slice::rchunks_exact_mut,68,3,existing_vstd_source_contract_boundary,<[T]>::split_at_mut,minimal_trusted_boundary_for_unsafe_split_at_mut_unchecked_semantics_at_proved_valid_index,"Rust 1.96 uses `unsafe { slice.split_at_mut_unchecked(rem) }` after `rem = slice.len() % chunk_size`, so the index is valid by construction. The harness uses the reviewed vstd `split_at_mut` contract at the same index to expose prefix/suffix sequence facts and mutable-frame semantics for the valid unchecked split.",core/src/slice/iter.rs:2846-2848; vstd/std_specs/slice.rs:203-210,,,/home/chentianyu/nanvix-rust-std-spec-survey/nanvix-rust-std-slice-vec-implproof-2026-08-12/proof_harnesses/068_core_slice_rchunks_exact_mut/harness.rs,,,,,,,,panic-or-domain-transition,admissible-source-backed-support,partial-or-lower-level,"This exact frozen manifest record was audited as a named source dependency, callback, primitive, or local proof bridge. Its final disposition also incorporates every explicitly linked external site.",core/src/slice/iter.rs:2846-2848; vstd/std_specs/slice.rs:203-210,"{""kind"":""existing_vstd_source_contract_boundary"",""name"":""<[T]>::split_at_mut"",""rationale"":""Rust 1.96 uses `unsafe { slice.split_at_mut_unchecked(rem) }` after `rem = slice.len() % chunk_size`, so the index is valid by construction. The harness uses the reviewed vstd `split_at_mut` contract at the same index to expose prefix/suffix sequence facts and mutable-frame semantics for the valid unchecked split."",""source_lines"":""core/src/slice/iter.rs:2846-2848; vstd/std_specs/slice.rs:203-210"",""status"":""minimal_trusted_boundary_for_unsafe_split_at_mut_unchecked_semantics_at_proved_valid_index""}",source-backed-support,slice-unknown-authority-v3
TS-068-D004,dependency-manifest-record,core::slice::rchunks_exact_mut,68,4,panic_or_bounds,assert!(chunk_size != 0),discharged_by_target_precondition,The generated precondition `chunk_size != 0` makes the Rust assert pass; the Verus harness keeps the assertion as a proof assertion.,core/src/slice/mod.rs:1824-1826,,,/home/chentianyu/nanvix-rust-std-spec-survey/nanvix-rust-std-slice-vec-implproof-2026-08-12/proof_harnesses/068_core_slice_rchunks_exact_mut/harness.rs,,,,,,,,panic-or-domain-transition,admissible-source-backed-support,partial-or-lower-level,"This exact frozen manifest record was audited as a named source dependency, callback, primitive, or local proof bridge. Its final disposition also incorporates every explicitly linked external site.",core/src/slice/mod.rs:1824-1826,"{""kind"":""panic_or_bounds"",""name"":""assert!(chunk_size != 0)"",""rationale"":""The generated precondition `chunk_size != 0` makes the Rust assert pass; the Verus harness keeps the assertion as a proof assertion."",""source_lines"":""core/src/slice/mod.rs:1824-1826"",""status"":""discharged_by_target_precondition""}",source-backed-support,slice-unknown-authority-v3
TS-068-D005,dependency-manifest-record,core::slice::rchunks_exact_mut,68,5,source_backed_iterator_view_boundary,repaired generated mutable-iterator contract without final-slice frame,actual_verus_verified_after_contract_repair,The remaining source-backed obligation is the iterator/chunk/predicate view abstraction over returned lazy mutable iterator state; the removed final(slice) frame is no longer part of the contract under proof.,core/src/slice/iter.rs:2847-2848; generated contract for <[T]>::rchunks_exact_mut,,,/home/chentianyu/nanvix-rust-std-spec-survey/nanvix-rust-std-slice-vec-implproof-2026-08-12/proof_harnesses/068_core_slice_rchunks_exact_mut/harness.rs,,,,,,,,panic-or-domain-transition,admissible-source-backed-support,partial-or-lower-level,"This exact frozen manifest record was audited as a named source dependency, callback, primitive, or local proof bridge. Its final disposition also incorporates every explicitly linked external site.",core/src/slice/iter.rs:2847-2848; generated contract for <[T]>::rchunks_exact_mut,"{""kind"":""source_backed_iterator_view_boundary"",""name"":""repaired generated mutable-iterator contract without final-slice frame"",""rationale"":""The remaining source-backed obligation is the iterator/chunk/predicate view abstraction over returned lazy mutable iterator state; the removed final(slice) frame is no longer part of the contract under proof."",""source_lines"":""core/src/slice/iter.rs:2847-2848; generated contract for <[T]>::rchunks_exact_mut"",""status"":""actual_verus_verified_after_contract_repair""}",source-backed-support,slice-unknown-authority-v3
TS-068-C001,private-helper-callee,core::slice::rchunks_exact_mut,68,1,private_helper_callee_closure,RChunksExactMut::new,body_preserved_in_harness_actual_verus_verified_after_contract_repair,Source-indexed private/public callee closure retained by the implementation-proof dependency manifest.,core/src/slice/iter.rs:2844-2848,c309e04ca3da2fc4220ee3f93b4466c578ea7f3f2ef52cca6a3fdf8ac28e53d3,frozen_inputs/slice/rust-core-slice/iter.rs,/home/chentianyu/nanvix-rust-std-spec-survey/nanvix-rust-std-slice-vec-implproof-2026-08-12/proof_harnesses/068_core_slice_rchunks_exact_mut/harness.rs,,,,,,,,source-callee-provenance,context-only-source-closure,not-an-executable-boundary,This record closes the source call graph for provenance. It does not itself add an assumed transition or observation.,core/src/slice/iter.rs:2844-2848,"{""body_end_line"":2848,""disposition"":""body_preserved_in_harness_actual_verus_verified_after_contract_repair"",""frozen_relpath"":""frozen_inputs/slice/rust-core-slice/iter.rs"",""item_sha256"":""c309e04ca3da2fc4220ee3f93b4466c578ea7f3f2ef52cca6a3fdf8ac28e53d3"",""name"":""RChunksExactMut::new"",""public"":false,""signature_start_line"":2844,""source_reference_path"":""core/src/slice/iter.rs""}",source-closure-provenance,slice-unknown-authority-v3
TS-069-D001,dependency-manifest-record,core::slice::rchunks_mut,69,1,source_backed_model_instantiation,"slice_iterator_view::<RChunksMut<'a, T>, T>",minimal_trusted_boundary_for_shared_helper_representation_and_raw_pointer_view,"The generated contract's shared iterator-view helper is instantiated over the extracted RChunksMut private representation, with the raw pointer region represented by its source-backed mutable slice sequence; this does not assume the target postcondition.",core/src/slice/iter.rs:2471-2487,,,/home/chentianyu/nanvix-rust-std-spec-survey/nanvix-rust-std-slice-vec-implproof-2026-08-12/proof_harnesses/069_core_slice_rchunks_mut/harness.rs,,,,,,,,panic-or-domain-transition,admissible-source-backed-support,partial-or-lower-level,"This exact frozen manifest record was audited as a named source dependency, callback, primitive, or local proof bridge. Its final disposition also incorporates every explicitly linked external site.",core/src/slice/iter.rs:2471-2487,"{""kind"":""source_backed_model_instantiation"",""name"":""slice_iterator_view::<RChunksMut<'a, T>, T>"",""rationale"":""The generated contract's shared iterator-view helper is instantiated over the extracted RChunksMut private representation, with the raw pointer region represented by its source-backed mutable slice sequence; this does not assume the target postcondition."",""source_lines"":""core/src/slice/iter.rs:2471-2487"",""status"":""minimal_trusted_boundary_for_shared_helper_representation_and_raw_pointer_view""}",source-backed-support,slice-unknown-authority-v3
TS-069-D002,dependency-manifest-record,core::slice::rchunks_mut,69,2,source_backed_iterator_view_boundary,repaired generated mutable-iterator contract without final-slice frame,actual_verus_verified_after_contract_repair,The remaining source-backed obligation is the iterator/chunk/predicate view abstraction over returned lazy mutable iterator state; the removed final(slice) frame is no longer part of the contract under proof.,core/src/slice/iter.rs:2485-2487,,,/home/chentianyu/nanvix-rust-std-spec-survey/nanvix-rust-std-slice-vec-implproof-2026-08-12/proof_harnesses/069_core_slice_rchunks_mut/harness.rs,,,,,,,,panic-or-domain-transition,admissible-source-backed-support,partial-or-lower-level,"This exact frozen manifest record was audited as a named source dependency, callback, primitive, or local proof bridge. Its final disposition also incorporates every explicitly linked external site.",core/src/slice/iter.rs:2485-2487,"{""kind"":""source_backed_iterator_view_boundary"",""name"":""repaired generated mutable-iterator contract without final-slice frame"",""rationale"":""The remaining source-backed obligation is the iterator/chunk/predicate view abstraction over returned lazy mutable iterator state; the removed final(slice) frame is no longer part of the contract under proof."",""source_lines"":""core/src/slice/iter.rs:2485-2487"",""status"":""actual_verus_verified_after_contract_repair""}",source-backed-support,slice-unknown-authority-v3
TS-069-D003,dependency-manifest-record,core::slice::rchunks_mut,69,3,panic_or_bounds,assert!(chunk_size != 0),discharged_by_target_precondition,The generated precondition `chunk_size != 0` makes the Rust assert pass; the Verus harness keeps the assertion as a proof assertion.,core/src/slice/mod.rs:1730-1732,,,/home/chentianyu/nanvix-rust-std-spec-survey/nanvix-rust-std-slice-vec-implproof-2026-08-12/proof_harnesses/069_core_slice_rchunks_mut/harness.rs,,,,,,,,panic-or-domain-transition,admissible-source-backed-support,partial-or-lower-level,"This exact frozen manifest record was audited as a named source dependency, callback, primitive, or local proof bridge. Its final disposition also incorporates every explicitly linked external site.",core/src/slice/mod.rs:1730-1732,"{""kind"":""panic_or_bounds"",""name"":""assert!(chunk_size != 0)"",""rationale"":""The generated precondition `chunk_size != 0` makes the Rust assert pass; the Verus harness keeps the assertion as a proof assertion."",""source_lines"":""core/src/slice/mod.rs:1730-1732"",""status"":""discharged_by_target_precondition""}",source-backed-support,slice-unknown-authority-v3
TS-069-D004,dependency-manifest-record,core::slice::rchunks_mut,69,4,source_backed_iterator_view_boundary,repaired generated mutable-iterator contract without final-slice frame,actual_verus_verified_after_contract_repair,The remaining source-backed obligation is the iterator/chunk/predicate view abstraction over returned lazy mutable iterator state; the removed final(slice) frame is no longer part of the contract under proof.,core/src/slice/iter.rs:2471-2487; generated contract for <[T]>::rchunks_mut,,,/home/chentianyu/nanvix-rust-std-spec-survey/nanvix-rust-std-slice-vec-implproof-2026-08-12/proof_harnesses/069_core_slice_rchunks_mut/harness.rs,,,,,,,,panic-or-domain-transition,admissible-source-backed-support,partial-or-lower-level,"This exact frozen manifest record was audited as a named source dependency, callback, primitive, or local proof bridge. Its final disposition also incorporates every explicitly linked external site.",core/src/slice/iter.rs:2471-2487; generated contract for <[T]>::rchunks_mut,"{""kind"":""source_backed_iterator_view_boundary"",""name"":""repaired generated mutable-iterator contract without final-slice frame"",""rationale"":""The remaining source-backed obligation is the iterator/chunk/predicate view abstraction over returned lazy mutable iterator state; the removed final(slice) frame is no longer part of the contract under proof."",""source_lines"":""core/src/slice/iter.rs:2471-2487; generated contract for <[T]>::rchunks_mut"",""status"":""actual_verus_verified_after_contract_repair""}",source-backed-support,slice-unknown-authority-v3
TS-069-C001,private-helper-callee,core::slice::rchunks_mut,69,1,private_helper_callee_closure,RChunksMut::new,body_preserved_in_harness_actual_verus_verified_after_contract_repair,Source-indexed private/public callee closure retained by the implementation-proof dependency manifest.,core/src/slice/iter.rs:2485-2487,c309e04ca3da2fc4220ee3f93b4466c578ea7f3f2ef52cca6a3fdf8ac28e53d3,frozen_inputs/slice/rust-core-slice/iter.rs,/home/chentianyu/nanvix-rust-std-spec-survey/nanvix-rust-std-slice-vec-implproof-2026-08-12/proof_harnesses/069_core_slice_rchunks_mut/harness.rs,,,,,,,,source-callee-provenance,context-only-source-closure,not-an-executable-boundary,This record closes the source call graph for provenance. It does not itself add an assumed transition or observation.,core/src/slice/iter.rs:2485-2487,"{""body_end_line"":2487,""disposition"":""body_preserved_in_harness_actual_verus_verified_after_contract_repair"",""frozen_relpath"":""frozen_inputs/slice/rust-core-slice/iter.rs"",""item_sha256"":""c309e04ca3da2fc4220ee3f93b4466c578ea7f3f2ef52cca6a3fdf8ac28e53d3"",""name"":""RChunksMut::new"",""public"":false,""signature_start_line"":2485,""source_reference_path"":""core/src/slice/iter.rs""}",source-closure-provenance,slice-unknown-authority-v3
TS-074-D001,dependency-manifest-record,core::slice::rsplit_mut,74,1,source_backed_model_instantiation,slice_iterator_view::<RSplitMut>;split_mut_iterator_view;slice_predicate_split_view,minimal_trusted_boundary_for_shared_helper_representation,The generated reverse predicate-split vocabulary is instantiated as local open/closed specs over the extracted RSplitMut/SplitMut private mutable iterator state; this does not assume the target postcondition.,"core/src/slice/iter.rs:678-690,1031-1041 and frozen_inputs/slice/specs/all_slice_specs.rs predicate-split vocabulary",,,/home/chentianyu/nanvix-rust-std-spec-survey/nanvix-rust-std-slice-vec-implproof-2026-08-12/proof_harnesses/074_core_slice_rsplit_mut/harness.rs,,,,,,,,panic-or-domain-transition,admissible-source-backed-support,partial-or-lower-level,"This exact frozen manifest record was audited as a named source dependency, callback, primitive, or local proof bridge. Its final disposition also incorporates every explicitly linked external site.","core/src/slice/iter.rs:678-690,1031-1041 and frozen_inputs/slice/specs/all_slice_specs.rs predicate-split vocabulary","{""kind"":""source_backed_model_instantiation"",""name"":""slice_iterator_view::<RSplitMut>;split_mut_iterator_view;slice_predicate_split_view"",""rationale"":""The generated reverse predicate-split vocabulary is instantiated as local open/closed specs over the extracted RSplitMut/SplitMut private mutable iterator state; this does not assume the target postcondition."",""source_lines"":""core/src/slice/iter.rs:678-690,1031-1041 and frozen_inputs/slice/specs/all_slice_specs.rs predicate-split vocabulary"",""status"":""minimal_trusted_boundary_for_shared_helper_representation""}",source-backed-support,slice-unknown-authority-v3
TS-074-D002,dependency-manifest-record,core::slice::rsplit_mut,74,2,source_backed_iterator_view_boundary,repaired generated mutable-iterator contract without final-slice frame,actual_verus_verified_after_contract_repair,The remaining source-backed obligation is the iterator/chunk/predicate view abstraction over returned lazy mutable iterator state; the removed final(slice) frame is no longer part of the contract under proof.,"core/src/slice/mod.rs:2388-2393; core/src/slice/iter.rs:678-690,1031-1041",,,/home/chentianyu/nanvix-rust-std-spec-survey/nanvix-rust-std-slice-vec-implproof-2026-08-12/proof_harnesses/074_core_slice_rsplit_mut/harness.rs,,,,,,,,panic-or-domain-transition,admissible-source-backed-support,partial-or-lower-level,"This exact frozen manifest record was audited as a named source dependency, callback, primitive, or local proof bridge. Its final disposition also incorporates every explicitly linked external site.","core/src/slice/mod.rs:2388-2393; core/src/slice/iter.rs:678-690,1031-1041","{""kind"":""source_backed_iterator_view_boundary"",""name"":""repaired generated mutable-iterator contract without final-slice frame"",""rationale"":""The remaining source-backed obligation is the iterator/chunk/predicate view abstraction over returned lazy mutable iterator state; the removed final(slice) frame is no longer part of the contract under proof."",""source_lines"":""core/src/slice/mod.rs:2388-2393; core/src/slice/iter.rs:678-690,1031-1041"",""status"":""actual_verus_verified_after_contract_repair""}",source-backed-support,slice-unknown-authority-v3
TS-074-D003,dependency-manifest-record,core::slice::rsplit_mut,74,3,trait_or_callback,F: FnMut(&T) -> bool,preserved_callback_signature_without_target_body_assumption,The Rust constructor chain stores but does not invoke the predicate. The harness preserves the callback bound and uses only the audited uninterpreted predicate-observation relation.,"core/src/slice/mod.rs:2388-2393 and core/src/slice/iter.rs:678-690,1031-1041",,,/home/chentianyu/nanvix-rust-std-spec-survey/nanvix-rust-std-slice-vec-implproof-2026-08-12/proof_harnesses/074_core_slice_rsplit_mut/harness.rs,,,,,,,,callback-or-trait-observation,admissible-source-backed-support,partial-or-lower-level,"This exact frozen manifest record was audited as a named source dependency, callback, primitive, or local proof bridge. Its final disposition also incorporates every explicitly linked external site.","core/src/slice/mod.rs:2388-2393 and core/src/slice/iter.rs:678-690,1031-1041","{""kind"":""trait_or_callback"",""name"":""F: FnMut(&T) -> bool"",""rationale"":""The Rust constructor chain stores but does not invoke the predicate. The harness preserves the callback bound and uses only the audited uninterpreted predicate-observation relation."",""source_lines"":""core/src/slice/mod.rs:2388-2393 and core/src/slice/iter.rs:678-690,1031-1041"",""status"":""preserved_callback_signature_without_target_body_assumption""}",source-backed-support,slice-unknown-authority-v3
TS-074-D004,dependency-manifest-record,core::slice::rsplit_mut,74,4,source_backed_iterator_view_boundary,repaired generated mutable-iterator contract without final-slice frame,actual_verus_verified_after_contract_repair,The remaining source-backed obligation is the iterator/chunk/predicate view abstraction over returned lazy mutable iterator state; the removed final(slice) frame is no longer part of the contract under proof.,"core/src/slice/mod.rs:2388-2393; core/src/slice/iter.rs:678-690,1031-1041; generated contract for <[T]>::rsplit_mut",,,/home/chentianyu/nanvix-rust-std-spec-survey/nanvix-rust-std-slice-vec-implproof-2026-08-12/proof_harnesses/074_core_slice_rsplit_mut/harness.rs,,,,,,,,panic-or-domain-transition,admissible-source-backed-support,partial-or-lower-level,"This exact frozen manifest record was audited as a named source dependency, callback, primitive, or local proof bridge. Its final disposition also incorporates every explicitly linked external site.","core/src/slice/mod.rs:2388-2393; core/src/slice/iter.rs:678-690,1031-1041; generated contract for <[T]>::rsplit_mut","{""kind"":""source_backed_iterator_view_boundary"",""name"":""repaired generated mutable-iterator contract without final-slice frame"",""rationale"":""The remaining source-backed obligation is the iterator/chunk/predicate view abstraction over returned lazy mutable iterator state; the removed final(slice) frame is no longer part of the contract under proof."",""source_lines"":""core/src/slice/mod.rs:2388-2393; core/src/slice/iter.rs:678-690,1031-1041; generated contract for <[T]>::rsplit_mut"",""status"":""actual_verus_verified_after_contract_repair""}",source-backed-support,slice-unknown-authority-v3
TS-074-C001,private-helper-callee,core::slice::rsplit_mut,74,1,private_helper_callee_closure,RSplitMut::new,body_preserved_in_harness_actual_verus_verified_after_contract_repair,Source-indexed private/public callee closure retained by the implementation-proof dependency manifest.,core/src/slice/iter.rs:1040-1042,,frozen_inputs/slice/rust-core-slice/iter.rs,/home/chentianyu/nanvix-rust-std-spec-survey/nanvix-rust-std-slice-vec-implproof-2026-08-12/proof_harnesses/074_core_slice_rsplit_mut/harness.rs,,,,,,,,source-callee-provenance,context-only-source-closure,not-an-executable-boundary,This record closes the source call graph for provenance. It does not itself add an assumed transition or observation.,core/src/slice/iter.rs:1040-1042,"{""body_end_line"":1042,""disposition"":""body_preserved_in_harness_actual_verus_verified_after_contract_repair"",""frozen_relpath"":""frozen_inputs/slice/rust-core-slice/iter.rs"",""name"":""RSplitMut::new"",""public"":false,""signature_start_line"":1040,""source_reference_path"":""core/src/slice/iter.rs""}",source-closure-provenance,slice-unknown-authority-v3
TS-074-C002,private-helper-callee,core::slice::rsplit_mut,74,2,private_helper_callee_closure,SplitMut::new,body_preserved_in_harness_actual_verus_verified_after_contract_repair,Source-indexed private/public callee closure retained by the implementation-proof dependency manifest.,core/src/slice/iter.rs:689-691,,frozen_inputs/slice/rust-core-slice/iter.rs,/home/chentianyu/nanvix-rust-std-spec-survey/nanvix-rust-std-slice-vec-implproof-2026-08-12/proof_harnesses/074_core_slice_rsplit_mut/harness.rs,,,,,,,,source-callee-provenance,context-only-source-closure,not-an-executable-boundary,This record closes the source call graph for provenance. It does not itself add an assumed transition or observation.,core/src/slice/iter.rs:689-691,"{""body_end_line"":691,""disposition"":""body_preserved_in_harness_actual_verus_verified_after_contract_repair"",""frozen_relpath"":""frozen_inputs/slice/rust-core-slice/iter.rs"",""name"":""SplitMut::new"",""public"":false,""signature_start_line"":689,""source_reference_path"":""core/src/slice/iter.rs""}",source-closure-provenance,slice-unknown-authority-v3
TS-076-D001,dependency-manifest-record,core::slice::rsplitn_mut,76,1,source_backed_model_instantiation,slice_iterator_view::<RSplitNMut>;rsplit_mut_iterator_view;split_mut_iterator_view;slice_predicate_split_view,minimal_trusted_boundary_for_shared_helper_representation,The generated reverse predicate split-limit vocabulary is instantiated over extracted RSplitNMut/GenericSplitN/RSplitMut/SplitMut mutable iterator state; this does not assume the target postcondition.,"core/src/slice/iter.rs:678-690,1031-1041,1110-1113,1214-1225 and frozen_inputs/slice/specs/all_slice_specs.rs predicate-split vocabulary",,,/home/chentianyu/nanvix-rust-std-spec-survey/nanvix-rust-std-slice-vec-implproof-2026-08-12/proof_harnesses/076_core_slice_rsplitn_mut/harness.rs,,,,,,,,panic-or-domain-transition,admissible-source-backed-support,partial-or-lower-level,"This exact frozen manifest record was audited as a named source dependency, callback, primitive, or local proof bridge. Its final disposition also incorporates every explicitly linked external site.","core/src/slice/iter.rs:678-690,1031-1041,1110-1113,1214-1225 and frozen_inputs/slice/specs/all_slice_specs.rs predicate-split vocabulary","{""kind"":""source_backed_model_instantiation"",""name"":""slice_iterator_view::<RSplitNMut>;rsplit_mut_iterator_view;split_mut_iterator_view;slice_predicate_split_view"",""rationale"":""The generated reverse predicate split-limit vocabulary is instantiated over extracted RSplitNMut/GenericSplitN/RSplitMut/SplitMut mutable iterator state; this does not assume the target postcondition."",""source_lines"":""core/src/slice/iter.rs:678-690,1031-1041,1110-1113,1214-1225 and frozen_inputs/slice/specs/all_slice_specs.rs predicate-split vocabulary"",""status"":""minimal_trusted_boundary_for_shared_helper_representation""}",source-backed-support,slice-unknown-authority-v3
TS-076-D002,dependency-manifest-record,core::slice::rsplitn_mut,76,2,source_backed_iterator_view_boundary,repaired generated mutable-iterator contract without final-slice frame,actual_verus_verified_after_contract_repair,The remaining source-backed obligation is the iterator/chunk/predicate view abstraction over returned lazy mutable iterator state; the removed final(slice) frame is no longer part of the contract under proof.,"core/src/slice/mod.rs:2498-2503; core/src/slice/iter.rs:678-690,1031-1041,1110-1113,1214-1225",,,/home/chentianyu/nanvix-rust-std-spec-survey/nanvix-rust-std-slice-vec-implproof-2026-08-12/proof_harnesses/076_core_slice_rsplitn_mut/harness.rs,,,,,,,,panic-or-domain-transition,admissible-source-backed-support,partial-or-lower-level,"This exact frozen manifest record was audited as a named source dependency, callback, primitive, or local proof bridge. Its final disposition also incorporates every explicitly linked external site.","core/src/slice/mod.rs:2498-2503; core/src/slice/iter.rs:678-690,1031-1041,1110-1113,1214-1225","{""kind"":""source_backed_iterator_view_boundary"",""name"":""repaired generated mutable-iterator contract without final-slice frame"",""rationale"":""The remaining source-backed obligation is the iterator/chunk/predicate view abstraction over returned lazy mutable iterator state; the removed final(slice) frame is no longer part of the contract under proof."",""source_lines"":""core/src/slice/mod.rs:2498-2503; core/src/slice/iter.rs:678-690,1031-1041,1110-1113,1214-1225"",""status"":""actual_verus_verified_after_contract_repair""}",source-backed-support,slice-unknown-authority-v3
TS-076-D003,dependency-manifest-record,core::slice::rsplitn_mut,76,3,trait_or_callback,F: FnMut(&T) -> bool,preserved_callback_signature_without_target_body_assumption,The Rust constructors store but do not invoke the predicate. The harness preserves the callback bound and uses only the audited uninterpreted predicate-observation relation.,"core/src/slice/mod.rs:2498-2503 and core/src/slice/iter.rs:678-690,1031-1041,1110-1113,1214-1225",,,/home/chentianyu/nanvix-rust-std-spec-survey/nanvix-rust-std-slice-vec-implproof-2026-08-12/proof_harnesses/076_core_slice_rsplitn_mut/harness.rs,,,,,,,,callback-or-trait-observation,admissible-source-backed-support,partial-or-lower-level,"This exact frozen manifest record was audited as a named source dependency, callback, primitive, or local proof bridge. Its final disposition also incorporates every explicitly linked external site.","core/src/slice/mod.rs:2498-2503 and core/src/slice/iter.rs:678-690,1031-1041,1110-1113,1214-1225","{""kind"":""trait_or_callback"",""name"":""F: FnMut(&T) -> bool"",""rationale"":""The Rust constructors store but do not invoke the predicate. The harness preserves the callback bound and uses only the audited uninterpreted predicate-observation relation."",""source_lines"":""core/src/slice/mod.rs:2498-2503 and core/src/slice/iter.rs:678-690,1031-1041,1110-1113,1214-1225"",""status"":""preserved_callback_signature_without_target_body_assumption""}",source-backed-support,slice-unknown-authority-v3
TS-076-D004,dependency-manifest-record,core::slice::rsplitn_mut,76,4,source_backed_iterator_view_boundary,repaired generated mutable-iterator contract without final-slice frame,actual_verus_verified_after_contract_repair,The remaining source-backed obligation is the iterator/chunk/predicate view abstraction over returned lazy mutable iterator state; the removed final(slice) frame is no longer part of the contract under proof.,"core/src/slice/mod.rs:2498-2503; core/src/slice/iter.rs:678-690,1031-1041,1110-1113,1214-1225; generated contract for <[T]>::rsplitn_mut",,,/home/chentianyu/nanvix-rust-std-spec-survey/nanvix-rust-std-slice-vec-implproof-2026-08-12/proof_harnesses/076_core_slice_rsplitn_mut/harness.rs,,,,,,,,panic-or-domain-transition,admissible-source-backed-support,partial-or-lower-level,"This exact frozen manifest record was audited as a named source dependency, callback, primitive, or local proof bridge. Its final disposition also incorporates every explicitly linked external site.","core/src/slice/mod.rs:2498-2503; core/src/slice/iter.rs:678-690,1031-1041,1110-1113,1214-1225; generated contract for <[T]>::rsplitn_mut","{""kind"":""source_backed_iterator_view_boundary"",""name"":""repaired generated mutable-iterator contract without final-slice frame"",""rationale"":""The remaining source-backed obligation is the iterator/chunk/predicate view abstraction over returned lazy mutable iterator state; the removed final(slice) frame is no longer part of the contract under proof."",""source_lines"":""core/src/slice/mod.rs:2498-2503; core/src/slice/iter.rs:678-690,1031-1041,1110-1113,1214-1225; generated contract for <[T]>::rsplitn_mut"",""status"":""actual_verus_verified_after_contract_repair""}",source-backed-support,slice-unknown-authority-v3
TS-076-C001,private-helper-callee,core::slice::rsplitn_mut,76,1,private_helper_callee_closure,RSplitMut::new,body_preserved_in_harness_actual_verus_verified_after_contract_repair,Source-indexed private/public callee closure retained by the implementation-proof dependency manifest.,core/src/slice/iter.rs:1040-1042,,frozen_inputs/slice/rust-core-slice/iter.rs,/home/chentianyu/nanvix-rust-std-spec-survey/nanvix-rust-std-slice-vec-implproof-2026-08-12/proof_harnesses/076_core_slice_rsplitn_mut/harness.rs,,,,,,,,source-callee-provenance,context-only-source-closure,not-an-executable-boundary,This record closes the source call graph for provenance. It does not itself add an assumed transition or observation.,core/src/slice/iter.rs:1040-1042,"{""body_end_line"":1042,""disposition"":""body_preserved_in_harness_actual_verus_verified_after_contract_repair"",""frozen_relpath"":""frozen_inputs/slice/rust-core-slice/iter.rs"",""name"":""RSplitMut::new"",""public"":false,""signature_start_line"":1040,""source_reference_path"":""core/src/slice/iter.rs""}",source-closure-provenance,slice-unknown-authority-v3
TS-076-C002,private-helper-callee,core::slice::rsplitn_mut,76,2,private_helper_callee_closure,SplitMut::new,body_preserved_in_harness_actual_verus_verified_after_contract_repair,Source-indexed private/public callee closure retained by the implementation-proof dependency manifest.,core/src/slice/iter.rs:689-691,,frozen_inputs/slice/rust-core-slice/iter.rs,/home/chentianyu/nanvix-rust-std-spec-survey/nanvix-rust-std-slice-vec-implproof-2026-08-12/proof_harnesses/076_core_slice_rsplitn_mut/harness.rs,,,,,,,,source-callee-provenance,context-only-source-closure,not-an-executable-boundary,This record closes the source call graph for provenance. It does not itself add an assumed transition or observation.,core/src/slice/iter.rs:689-691,"{""body_end_line"":691,""disposition"":""body_preserved_in_harness_actual_verus_verified_after_contract_repair"",""frozen_relpath"":""frozen_inputs/slice/rust-core-slice/iter.rs"",""name"":""SplitMut::new"",""public"":false,""signature_start_line"":689,""source_reference_path"":""core/src/slice/iter.rs""}",source-closure-provenance,slice-unknown-authority-v3
TS-076-C003,private-helper-callee,core::slice::rsplitn_mut,76,3,private_helper_callee_closure,RSplitNMut::new,body_preserved_in_harness_actual_verus_verified_after_contract_repair,Source-indexed private/public callee closure retained by the implementation-proof dependency manifest.,core/src/slice/iter.rs:1223-1225,,frozen_inputs/slice/rust-core-slice/iter.rs,/home/chentianyu/nanvix-rust-std-spec-survey/nanvix-rust-std-slice-vec-implproof-2026-08-12/proof_harnesses/076_core_slice_rsplitn_mut/harness.rs,,,,,,,,source-callee-provenance,context-only-source-closure,not-an-executable-boundary,This record closes the source call graph for provenance. It does not itself add an assumed transition or observation.,core/src/slice/iter.rs:1223-1225,"{""body_end_line"":1225,""disposition"":""body_preserved_in_harness_actual_verus_verified_after_contract_repair"",""frozen_relpath"":""frozen_inputs/slice/rust-core-slice/iter.rs"",""name"":""RSplitNMut::new"",""public"":false,""signature_start_line"":1223,""source_reference_path"":""core/src/slice/iter.rs""}",source-closure-provenance,slice-unknown-authority-v3
TS-077-D001,dependency-manifest-record,core::slice::select_nth_unstable,77,1,shared_contract_vocabulary,ord_cmp_observed;ord_leq_observed;slice_multiplicity;slice_permutation;slice_select_partition_ord,existing_generated_contract_vocabulary_boundary,The generated selection contract vocabulary is instantiated in the harness and attached to the private helper boundary and public target without using assume_specification.,,,,/home/chentianyu/nanvix-rust-std-spec-survey/nanvix-rust-std-slice-vec-implproof-2026-08-12/proof_harnesses/077_core_slice_select_nth_unstable/harness.rs,,,,,,,,specification-vocabulary,context-only-specification-vocabulary,not-an-executable-boundary,"This record identifies target-local specification vocabulary. It is retained for binding, but is not admitted as an executable Boundary_T observation or transition.",manifest-local,"{""kind"":""shared_contract_vocabulary"",""name"":""ord_cmp_observed;ord_leq_observed;slice_multiplicity;slice_permutation;slice_select_partition_ord"",""rationale"":""The generated selection contract vocabulary is instantiated in the harness and attached to the private helper boundary and public target without using assume_specification."",""status"":""existing_generated_contract_vocabulary_boundary""}",specification-vocabulary,slice-unknown-authority-v3
TS-077-D002,dependency-manifest-record,core::slice::select_nth_unstable,77,2,source_backed_selection_partition_boundary,sort::select::partition_at_index,minimal_trusted_boundary_until_private_selection_algorithm_is_recursively_proved,"The public target is executable and preserves the Rust 1.96 body `sort::select::partition_at_index(self, index, T::lt)`, adapted only to the explicit Verus receiver parameter. The recursive private introselect implementation in `partition_at_index` is not recursively proved here; its source-backed boundary carries the generated permutation, pivot-position, length, and Ord-partition facts.",core/src/slice/mod.rs:3520; core/src/slice/sort/select.rs:17-59,a52bc07442d8a7e8db4ac9bf4e49950019041226785a79b8d43ea5fdb5b9733a,proof_harnesses/077_core_slice_select_nth_unstable/source_excerpt.rs,/home/chentianyu/nanvix-rust-std-spec-survey/nanvix-rust-std-slice-vec-implproof-2026-08-12/proof_harnesses/077_core_slice_select_nth_unstable/harness.rs,,,,,,,,panic-or-domain-transition,inadmissible-answer-bearing-support,complete-or-answer-equivalent,"Every linked executable site is explicitly audited as a complete target/branch postcondition, answer-equivalent result, or opaque whole algorithm. Source citation does not make it admissible.",core/src/slice/mod.rs:3520; core/src/slice/sort/select.rs:17-59,"{""kind"":""source_backed_selection_partition_boundary"",""name"":""sort::select::partition_at_index"",""rationale"":""The public target is executable and preserves the Rust 1.96 body `sort::select::partition_at_index(self, index, T::lt)`, adapted only to the explicit Verus receiver parameter. The recursive private introselect implementation in `partition_at_index` is not recursively proved here; its source-backed boundary carries the generated permutation, pivot-position, length, and Ord-partition facts."",""source_excerpt_relpath"":""proof_harnesses/077_core_slice_select_nth_unstable/source_excerpt.rs"",""source_lines"":""core/src/slice/mod.rs:3520; core/src/slice/sort/select.rs:17-59"",""source_sha256"":""a52bc07442d8a7e8db4ac9bf4e49950019041226785a79b8d43ea5fdb5b9733a"",""status"":""minimal_trusted_boundary_until_private_selection_algorithm_is_recursively_proved""}",source-backed-support,slice-unknown-authority-v3
TS-077-D003,dependency-manifest-record,core::slice::select_nth_unstable,77,3,trait_or_callback,T::lt / Ord comparison observation,minimal_observation_boundary_for_ord_lt_callback,The Rust target passes `T::lt` as the comparator to the private selection helper. The harness preserves that callback shape and records the Ord comparison relation through the audited uninterpreted observation vocabulary rather than assuming the public target body.,core/src/slice/mod.rs:3516-3521,,,/home/chentianyu/nanvix-rust-std-spec-survey/nanvix-rust-std-slice-vec-implproof-2026-08-12/proof_harnesses/077_core_slice_select_nth_unstable/harness.rs,,,,,,,,callback-or-trait-observation,admissible-source-backed-support,partial-or-lower-level,"This exact frozen manifest record was audited as a named source dependency, callback, primitive, or local proof bridge. Its final disposition also incorporates every explicitly linked external site.",core/src/slice/mod.rs:3516-3521,"{""kind"":""trait_or_callback"",""name"":""T::lt / Ord comparison observation"",""rationale"":""The Rust target passes `T::lt` as the comparator to the private selection helper. The harness preserves that callback shape and records the Ord comparison relation through the audited uninterpreted observation vocabulary rather than assuming the public target body."",""source_lines"":""core/src/slice/mod.rs:3516-3521"",""status"":""minimal_observation_boundary_for_ord_lt_callback""}",source-backed-support,slice-unknown-authority-v3
TS-077-C001,private-helper-callee,core::slice::select_nth_unstable,77,1,private_helper_callee_closure,sort::select::partition_at_index,source_backed_private_selection_partition_boundary,Source-indexed private/public callee closure retained by the implementation-proof dependency manifest.,core/src/slice/sort/select.rs:17-59,a52bc07442d8a7e8db4ac9bf4e49950019041226785a79b8d43ea5fdb5b9733a,frozen_inputs/slice/rust-core-slice/sort/select.rs,/home/chentianyu/nanvix-rust-std-spec-survey/nanvix-rust-std-slice-vec-implproof-2026-08-12/proof_harnesses/077_core_slice_select_nth_unstable/harness.rs,,,,,,,,source-callee-provenance,context-only-source-closure,not-an-executable-boundary,This record closes the source call graph for provenance. It does not itself add an assumed transition or observation.,core/src/slice/sort/select.rs:17-59,"{""body_end_line"":59,""disposition"":""source_backed_private_selection_partition_boundary"",""frozen_relpath"":""frozen_inputs/slice/rust-core-slice/sort/select.rs"",""item_sha256"":""a52bc07442d8a7e8db4ac9bf4e49950019041226785a79b8d43ea5fdb5b9733a"",""name"":""sort::select::partition_at_index"",""public"":false,""signature_start_line"":17,""source_reference_path"":""core/src/slice/sort/select.rs""}",source-closure-provenance,slice-unknown-authority-v3
TS-077-E001,harness-external-body,core::slice::select_nth_unstable,77,1,verifier::external_body,partition_at_index,active-explicit-trusted-body,Exact external-body site enumerated from the selected proof harness; semantics and source backing are supplied by linked dependency records and the retained harness signature.,,,,/home/chentianyu/nanvix-rust-std-spec-survey/nanvix-rust-std-slice-vec-implproof-2026-08-12/proof_harnesses/077_core_slice_select_nth_unstable/harness.rs,33,34,"pub fn partition_at_index<'a, T: core::cmp::Ord, F>( slice: &'a mut [T], index: usize, is_less: F, ) -> (ret: (&'a mut [T], &'a mut T, &'a mut [T])) where F: FnMut(&T, &T) -> bool, requires",50,"pub fn partition_at_index<'a, T: core::cmp::Ord, F>(
            slice: &'a mut [T],
            index: usize,
            is_less: F,
        ) -> (ret: (&'a mut [T], &'a mut T, &'a mut [T]))
            where
                F: FnMut(&T, &T) -> bool,
            requires
                index < old(slice)@.len(),
            ensures
                final(slice)@ == final(ret.0)@ + seq![*final(ret.1)] + final(ret.2)@,
                final(ret.0)@.len() == index,
                *final(ret.1) == final(slice)@[index as int],
                final(ret.2)@.len() == old(slice)@.len() - (index as int) - 1,
                slice_permutation(old(slice)@, final(slice)@),
                slice_select_partition_ord(final(ret.0)@, *final(ret.1), final(ret.2)@),
",b82575cbdd910d7ebbea08ef80dcf9882b1bcbfc4df47d8a6976413bc4fc2702,TS-077-D002,private-algorithm-or-layout-transition,inadmissible-opaque-whole-algorithm,complete-target-or-final-state,"The trusted private algorithm supplies the target's aggregate permutation, partition, sortedness, pivot, or returned-borrow result.",core/src/slice/mod.rs:3520; core/src/slice/sort/select.rs:17-59,"{""attribute_line"":33,""contract_end_line"":50,""contract_text"":""pub fn partition_at_index<'a, T: core::cmp::Ord, F>(\n            slice: &'a mut [T],\n            index: usize,\n            is_less: F,\n        ) -> (ret: (&'a mut [T], &'a mut T, &'a mut [T]))\n            where\n                F: FnMut(&T, &T) -> bool,\n            requires\n                index < old(slice)@.len(),\n            ensures\n                final(slice)@ == final(ret.0)@ + seq![*final(ret.1)] + final(ret.2)@,\n                final(ret.0)@.len() == index,\n                *final(ret.1) == final(slice)@[index as int],\n                final(ret.2)@.len() == old(slice)@.len() - (index as int) - 1,\n                slice_permutation(old(slice)@, final(slice)@),\n                slice_select_partition_ord(final(ret.0)@, *final(ret.1), final(ret.2)@),\n"",""declaration_line"":34,""signature"":""pub fn partition_at_index<'a, T: core::cmp::Ord, F>( slice: &'a mut [T], index: usize, is_less: F, ) -> (ret: (&'a mut [T], &'a mut T, &'a mut [T])) where F: FnMut(&T, &T) -> bool, requires"",""symbol"":""partition_at_index""}",opaque-whole-algorithm,slice-unknown-authority-v3
TS-078-D001,dependency-manifest-record,core::slice::select_nth_unstable_by,78,1,shared_contract_vocabulary,comparator_leq_observed;comparator_observation;comparator_ordering_observed;ordering_rank;slice_multiplicity;slice_permutation;slice_select_partition_cmp,existing_generated_contract_vocabulary_boundary,The generated comparator-selection contract vocabulary is instantiated in the harness and attached to the private helper boundary and public target without using assume_specification.,,,,/home/chentianyu/nanvix-rust-std-spec-survey/nanvix-rust-std-slice-vec-implproof-2026-08-12/proof_harnesses/078_core_slice_select_nth_unstable_by/harness.rs,,,,,,,,specification-vocabulary,context-only-specification-vocabulary,not-an-executable-boundary,"This record identifies target-local specification vocabulary. It is retained for binding, but is not admitted as an executable Boundary_T observation or transition.",manifest-local,"{""kind"":""shared_contract_vocabulary"",""name"":""comparator_leq_observed;comparator_observation;comparator_ordering_observed;ordering_rank;slice_multiplicity;slice_permutation;slice_select_partition_cmp"",""rationale"":""The generated comparator-selection contract vocabulary is instantiated in the harness and attached to the private helper boundary and public target without using assume_specification."",""status"":""existing_generated_contract_vocabulary_boundary""}",specification-vocabulary,slice-unknown-authority-v3
TS-078-D002,dependency-manifest-record,core::slice::select_nth_unstable_by,78,2,verus_fnmut_comparator_closure_lowering_boundary,"|a: &T, b: &T| compare(a, b) == core::cmp::Ordering::Less",minimal_verus_closure_lowering_boundary_for_fnmut_comparator,"Rust 1.96 passes this FnMut comparator-to-bool closure to `sort::select::partition_at_index`. This Verus build rejects closures that capture a mutable FnMut comparator, so the harness lowers only that closure adapter to the named source-backed `partition_at_index_by_compare` boundary while preserving the comparator borrow, Less predicate, selection call intent, and public target postcondition.",core/src/slice/mod.rs:3581-3590,e747f8a086cd882588cd5afe9b1800c1ec90130423301aef03089f05e5623fca,proof_harnesses/078_core_slice_select_nth_unstable_by/source_excerpt.rs,/home/chentianyu/nanvix-rust-std-spec-survey/nanvix-rust-std-slice-vec-implproof-2026-08-12/proof_harnesses/078_core_slice_select_nth_unstable_by/harness.rs,,,,,,,,callback-or-trait-observation,inadmissible-answer-bearing-support,complete-or-answer-equivalent,"Every linked executable site is explicitly audited as a complete target/branch postcondition, answer-equivalent result, or opaque whole algorithm. Source citation does not make it admissible.",core/src/slice/mod.rs:3581-3590,"{""kind"":""verus_fnmut_comparator_closure_lowering_boundary"",""name"":""|a: &T, b: &T| compare(a, b) == core::cmp::Ordering::Less"",""rationale"":""Rust 1.96 passes this FnMut comparator-to-bool closure to `sort::select::partition_at_index`. This Verus build rejects closures that capture a mutable FnMut comparator, so the harness lowers only that closure adapter to the named source-backed `partition_at_index_by_compare` boundary while preserving the comparator borrow, Less predicate, selection call intent, and public target postcondition."",""source_excerpt_relpath"":""proof_harnesses/078_core_slice_select_nth_unstable_by/source_excerpt.rs"",""source_lines"":""core/src/slice/mod.rs:3581-3590"",""source_sha256"":""e747f8a086cd882588cd5afe9b1800c1ec90130423301aef03089f05e5623fca"",""status"":""minimal_verus_closure_lowering_boundary_for_fnmut_comparator""}",source-backed-support,slice-unknown-authority-v3
TS-078-D003,dependency-manifest-record,core::slice::select_nth_unstable_by,78,3,source_backed_selection_partition_boundary,sort::select::partition_at_index,minimal_trusted_boundary_until_private_selection_algorithm_is_recursively_proved,"The recursive private introselect implementation in `partition_at_index` is not recursively proved here; its source-backed boundary carries the generated permutation, pivot-position, length, and comparator-partition facts.",core/src/slice/mod.rs:3589; core/src/slice/sort/select.rs:17-59,a52bc07442d8a7e8db4ac9bf4e49950019041226785a79b8d43ea5fdb5b9733a,proof_harnesses/078_core_slice_select_nth_unstable_by/source_excerpt.rs,/home/chentianyu/nanvix-rust-std-spec-survey/nanvix-rust-std-slice-vec-implproof-2026-08-12/proof_harnesses/078_core_slice_select_nth_unstable_by/harness.rs,,,,,,,,panic-or-domain-transition,inadmissible-answer-bearing-support,complete-or-answer-equivalent,"Every linked executable site is explicitly audited as a complete target/branch postcondition, answer-equivalent result, or opaque whole algorithm. Source citation does not make it admissible.",core/src/slice/mod.rs:3589; core/src/slice/sort/select.rs:17-59,"{""kind"":""source_backed_selection_partition_boundary"",""name"":""sort::select::partition_at_index"",""rationale"":""The recursive private introselect implementation in `partition_at_index` is not recursively proved here; its source-backed boundary carries the generated permutation, pivot-position, length, and comparator-partition facts."",""source_excerpt_relpath"":""proof_harnesses/078_core_slice_select_nth_unstable_by/source_excerpt.rs"",""source_lines"":""core/src/slice/mod.rs:3589; core/src/slice/sort/select.rs:17-59"",""source_sha256"":""a52bc07442d8a7e8db4ac9bf4e49950019041226785a79b8d43ea5fdb5b9733a"",""status"":""minimal_trusted_boundary_until_private_selection_algorithm_is_recursively_proved""}",source-backed-support,slice-unknown-authority-v3
TS-078-D004,dependency-manifest-record,core::slice::select_nth_unstable_by,78,4,trait_or_callback,compare FnMut Ordering observation,minimal_observation_boundary_for_fnmut_ordering_callback,"The Rust target receives an arbitrary `FnMut(&T, &T) -> Ordering` comparator. The harness records its relation through the audited comparator-observation vocabulary rather than assuming the public target body.",core/src/slice/mod.rs:3581-3590,,,/home/chentianyu/nanvix-rust-std-spec-survey/nanvix-rust-std-slice-vec-implproof-2026-08-12/proof_harnesses/078_core_slice_select_nth_unstable_by/harness.rs,,,,,,,,callback-or-trait-observation,admissible-source-backed-support,partial-or-lower-level,"This exact frozen manifest record was audited as a named source dependency, callback, primitive, or local proof bridge. Its final disposition also incorporates every explicitly linked external site.",core/src/slice/mod.rs:3581-3590,"{""kind"":""trait_or_callback"",""name"":""compare FnMut Ordering observation"",""rationale"":""The Rust target receives an arbitrary `FnMut(&T, &T) -> Ordering` comparator. The harness records its relation through the audited comparator-observation vocabulary rather than assuming the public target body."",""source_lines"":""core/src/slice/mod.rs:3581-3590"",""status"":""minimal_observation_boundary_for_fnmut_ordering_callback""}",source-backed-support,slice-unknown-authority-v3
TS-078-C001,private-helper-callee,core::slice::select_nth_unstable_by,78,1,private_helper_callee_closure,sort::select::partition_at_index,source_backed_private_selection_partition_boundary,Source-indexed private/public callee closure retained by the implementation-proof dependency manifest.,core/src/slice/sort/select.rs:17-59,a52bc07442d8a7e8db4ac9bf4e49950019041226785a79b8d43ea5fdb5b9733a,frozen_inputs/slice/rust-core-slice/sort/select.rs,/home/chentianyu/nanvix-rust-std-spec-survey/nanvix-rust-std-slice-vec-implproof-2026-08-12/proof_harnesses/078_core_slice_select_nth_unstable_by/harness.rs,,,,,,,,source-callee-provenance,context-only-source-closure,not-an-executable-boundary,This record closes the source call graph for provenance. It does not itself add an assumed transition or observation.,core/src/slice/sort/select.rs:17-59,"{""body_end_line"":59,""disposition"":""source_backed_private_selection_partition_boundary"",""frozen_relpath"":""frozen_inputs/slice/rust-core-slice/sort/select.rs"",""item_sha256"":""a52bc07442d8a7e8db4ac9bf4e49950019041226785a79b8d43ea5fdb5b9733a"",""name"":""sort::select::partition_at_index"",""public"":false,""signature_start_line"":17,""source_reference_path"":""core/src/slice/sort/select.rs""}",source-closure-provenance,slice-unknown-authority-v3
TS-078-E001,harness-external-body,core::slice::select_nth_unstable_by,78,1,verifier::external_body,partition_at_index_by_compare,active-explicit-trusted-body,Exact external-body site enumerated from the selected proof harness; semantics and source backing are supplied by linked dependency records and the retained harness signature.,,,,/home/chentianyu/nanvix-rust-std-spec-survey/nanvix-rust-std-slice-vec-implproof-2026-08-12/proof_harnesses/078_core_slice_select_nth_unstable_by/harness.rs,72,73,"pub fn partition_at_index_by_compare<'a, T, F>( slice: &'a mut [T], index: usize, Ghost(observation): Ghost<ComparatorObservation<T>>, compare: &mut F, ) -> (ret: (&'a mut [T], &'a mut T, &'a mut [T])) where F: FnMut(&T, &T) -> core::cmp::Ordering, requires",91,"pub fn partition_at_index_by_compare<'a, T, F>(
            slice: &'a mut [T],
            index: usize,
            Ghost(observation): Ghost<ComparatorObservation<T>>,
            compare: &mut F,
        ) -> (ret: (&'a mut [T], &'a mut T, &'a mut [T]))
            where
                F: FnMut(&T, &T) -> core::cmp::Ordering,
            requires
                index < old(slice)@.len(),
                observation.domain == old(slice)@,
            ensures
                final(slice)@ == final(ret.0)@ + seq![*final(ret.1)] + final(ret.2)@,
                final(ret.0)@.len() == index,
                *final(ret.1) == final(slice)@[index as int],
                final(ret.2)@.len() == old(slice)@.len() - (index as int) - 1,
                slice_permutation(old(slice)@, final(slice)@),
                slice_select_partition_cmp(final(ret.0)@, *final(ret.1), final(ret.2)@, observation),
",b802ebd30624adfc1e4d215b4b72ef2411a0d0a414b86f848684152fc63e8e8a,TS-078-D002;TS-078-D003,callback-or-trait-transition,inadmissible-opaque-whole-algorithm,complete-target-or-final-state,"The trusted private algorithm supplies the target's aggregate permutation, partition, sortedness, pivot, or returned-borrow result.",core/src/slice/mod.rs:3581-3590;core/src/slice/mod.rs:3589; core/src/slice/sort/select.rs:17-59,"{""attribute_line"":72,""contract_end_line"":91,""contract_text"":""pub fn partition_at_index_by_compare<'a, T, F>(\n            slice: &'a mut [T],\n            index: usize,\n            Ghost(observation): Ghost<ComparatorObservation<T>>,\n            compare: &mut F,\n        ) -> (ret: (&'a mut [T], &'a mut T, &'a mut [T]))\n            where\n                F: FnMut(&T, &T) -> core::cmp::Ordering,\n            requires\n                index < old(slice)@.len(),\n                observation.domain == old(slice)@,\n            ensures\n                final(slice)@ == final(ret.0)@ + seq![*final(ret.1)] + final(ret.2)@,\n                final(ret.0)@.len() == index,\n                *final(ret.1) == final(slice)@[index as int],\n                final(ret.2)@.len() == old(slice)@.len() - (index as int) - 1,\n                slice_permutation(old(slice)@, final(slice)@),\n                slice_select_partition_cmp(final(ret.0)@, *final(ret.1), final(ret.2)@, observation),\n"",""declaration_line"":73,""signature"":""pub fn partition_at_index_by_compare<'a, T, F>( slice: &'a mut [T], index: usize, Ghost(observation): Ghost<ComparatorObservation<T>>, compare: &mut F, ) -> (ret: (&'a mut [T], &'a mut T, &'a mut [T])) where F: FnMut(&T, &T) -> core::cmp::Ordering, requires"",""symbol"":""partition_at_index_by_compare""}",opaque-whole-algorithm,slice-unknown-authority-v3
TS-079-D001,dependency-manifest-record,core::slice::select_nth_unstable_by_key,79,1,shared_contract_vocabulary,fnmut_key_observed;ord_cmp_observed;ord_leq_observed;ordering_rank;slice_multiplicity;slice_permutation;slice_select_partition_key,existing_generated_contract_vocabulary_boundary,The generated key-selection contract vocabulary is instantiated in the harness and attached to the private helper boundary and public target without using assume_specification.,,,,/home/chentianyu/nanvix-rust-std-spec-survey/nanvix-rust-std-slice-vec-implproof-2026-08-12/proof_harnesses/079_core_slice_select_nth_unstable_by_key/harness.rs,,,,,,,,specification-vocabulary,context-only-specification-vocabulary,not-an-executable-boundary,"This record identifies target-local specification vocabulary. It is retained for binding, but is not admitted as an executable Boundary_T observation or transition.",manifest-local,"{""kind"":""shared_contract_vocabulary"",""name"":""fnmut_key_observed;ord_cmp_observed;ord_leq_observed;ordering_rank;slice_multiplicity;slice_permutation;slice_select_partition_key"",""rationale"":""The generated key-selection contract vocabulary is instantiated in the harness and attached to the private helper boundary and public target without using assume_specification."",""status"":""existing_generated_contract_vocabulary_boundary""}",specification-vocabulary,slice-unknown-authority-v3
TS-079-D002,dependency-manifest-record,core::slice::select_nth_unstable_by_key,79,2,verus_fnmut_key_closure_lowering_boundary,"|a: &T, b: &T| f(a).lt(&f(b))",minimal_verus_closure_lowering_boundary_for_fnmut_key_ord_lt,"Rust 1.96 passes this mutable FnMut key-extraction closure to `sort::select::partition_at_index`. This Verus build rejects the exact captured FnMut key closure shape, so the harness lowers only that adapter to the named source-backed `partition_at_index_by_key` boundary while preserving the key-function value, Ord::lt comparison intent, selection call shape, and public target postcondition.",core/src/slice/mod.rs:3648-3658,eaf3bba68e8eb20e76011297d8822b6b064bb15d044d8e495442c3c759ffb061,proof_harnesses/079_core_slice_select_nth_unstable_by_key/source_excerpt.rs,/home/chentianyu/nanvix-rust-std-spec-survey/nanvix-rust-std-slice-vec-implproof-2026-08-12/proof_harnesses/079_core_slice_select_nth_unstable_by_key/harness.rs,,,,,,,,callback-or-trait-observation,inadmissible-answer-bearing-support,complete-or-answer-equivalent,"Every linked executable site is explicitly audited as a complete target/branch postcondition, answer-equivalent result, or opaque whole algorithm. Source citation does not make it admissible.",core/src/slice/mod.rs:3648-3658,"{""kind"":""verus_fnmut_key_closure_lowering_boundary"",""name"":""|a: &T, b: &T| f(a).lt(&f(b))"",""rationale"":""Rust 1.96 passes this mutable FnMut key-extraction closure to `sort::select::partition_at_index`. This Verus build rejects the exact captured FnMut key closure shape, so the harness lowers only that adapter to the named source-backed `partition_at_index_by_key` boundary while preserving the key-function value, Ord::lt comparison intent, selection call shape, and public target postcondition."",""source_excerpt_relpath"":""proof_harnesses/079_core_slice_select_nth_unstable_by_key/source_excerpt.rs"",""source_lines"":""core/src/slice/mod.rs:3648-3658"",""source_sha256"":""eaf3bba68e8eb20e76011297d8822b6b064bb15d044d8e495442c3c759ffb061"",""status"":""minimal_verus_closure_lowering_boundary_for_fnmut_key_ord_lt""}",source-backed-support,slice-unknown-authority-v3
TS-079-D003,dependency-manifest-record,core::slice::select_nth_unstable_by_key,79,3,source_backed_selection_partition_boundary,sort::select::partition_at_index,minimal_trusted_boundary_until_private_selection_algorithm_is_recursively_proved,"The recursive private introselect implementation in `partition_at_index` is not recursively proved here; its source-backed boundary carries the generated permutation, pivot-position, length, and key-partition facts.",core/src/slice/mod.rs:3657; core/src/slice/sort/select.rs:17-59,a52bc07442d8a7e8db4ac9bf4e49950019041226785a79b8d43ea5fdb5b9733a,proof_harnesses/079_core_slice_select_nth_unstable_by_key/source_excerpt.rs,/home/chentianyu/nanvix-rust-std-spec-survey/nanvix-rust-std-slice-vec-implproof-2026-08-12/proof_harnesses/079_core_slice_select_nth_unstable_by_key/harness.rs,,,,,,,,panic-or-domain-transition,inadmissible-answer-bearing-support,complete-or-answer-equivalent,"Every linked executable site is explicitly audited as a complete target/branch postcondition, answer-equivalent result, or opaque whole algorithm. Source citation does not make it admissible.",core/src/slice/mod.rs:3657; core/src/slice/sort/select.rs:17-59,"{""kind"":""source_backed_selection_partition_boundary"",""name"":""sort::select::partition_at_index"",""rationale"":""The recursive private introselect implementation in `partition_at_index` is not recursively proved here; its source-backed boundary carries the generated permutation, pivot-position, length, and key-partition facts."",""source_excerpt_relpath"":""proof_harnesses/079_core_slice_select_nth_unstable_by_key/source_excerpt.rs"",""source_lines"":""core/src/slice/mod.rs:3657; core/src/slice/sort/select.rs:17-59"",""source_sha256"":""a52bc07442d8a7e8db4ac9bf4e49950019041226785a79b8d43ea5fdb5b9733a"",""status"":""minimal_trusted_boundary_until_private_selection_algorithm_is_recursively_proved""}",source-backed-support,slice-unknown-authority-v3
TS-079-D004,dependency-manifest-record,core::slice::select_nth_unstable_by_key,79,4,trait_or_callback,FnMut key extraction plus Ord::lt observation,minimal_observation_boundary_for_fnmut_key_and_ord_lt_callback,The Rust target receives an arbitrary `FnMut(&T) -> K` key extractor and compares extracted keys using `Ord::lt`. The harness records the relation through audited key and Ord observation vocabulary rather than assuming the public target body.,core/src/slice/mod.rs:3648-3658,,,/home/chentianyu/nanvix-rust-std-spec-survey/nanvix-rust-std-slice-vec-implproof-2026-08-12/proof_harnesses/079_core_slice_select_nth_unstable_by_key/harness.rs,,,,,,,,callback-or-trait-observation,admissible-source-backed-support,partial-or-lower-level,"This exact frozen manifest record was audited as a named source dependency, callback, primitive, or local proof bridge. Its final disposition also incorporates every explicitly linked external site.",core/src/slice/mod.rs:3648-3658,"{""kind"":""trait_or_callback"",""name"":""FnMut key extraction plus Ord::lt observation"",""rationale"":""The Rust target receives an arbitrary `FnMut(&T) -> K` key extractor and compares extracted keys using `Ord::lt`. The harness records the relation through audited key and Ord observation vocabulary rather than assuming the public target body."",""source_lines"":""core/src/slice/mod.rs:3648-3658"",""status"":""minimal_observation_boundary_for_fnmut_key_and_ord_lt_callback""}",source-backed-support,slice-unknown-authority-v3
TS-079-C001,private-helper-callee,core::slice::select_nth_unstable_by_key,79,1,private_helper_callee_closure,sort::select::partition_at_index,source_backed_private_selection_partition_boundary,Source-indexed private/public callee closure retained by the implementation-proof dependency manifest.,core/src/slice/sort/select.rs:17-59,a52bc07442d8a7e8db4ac9bf4e49950019041226785a79b8d43ea5fdb5b9733a,frozen_inputs/slice/rust-core-slice/sort/select.rs,/home/chentianyu/nanvix-rust-std-spec-survey/nanvix-rust-std-slice-vec-implproof-2026-08-12/proof_harnesses/079_core_slice_select_nth_unstable_by_key/harness.rs,,,,,,,,source-callee-provenance,context-only-source-closure,not-an-executable-boundary,This record closes the source call graph for provenance. It does not itself add an assumed transition or observation.,core/src/slice/sort/select.rs:17-59,"{""body_end_line"":59,""disposition"":""source_backed_private_selection_partition_boundary"",""frozen_relpath"":""frozen_inputs/slice/rust-core-slice/sort/select.rs"",""item_sha256"":""a52bc07442d8a7e8db4ac9bf4e49950019041226785a79b8d43ea5fdb5b9733a"",""name"":""sort::select::partition_at_index"",""public"":false,""signature_start_line"":17,""source_reference_path"":""core/src/slice/sort/select.rs""}",source-closure-provenance,slice-unknown-authority-v3
TS-079-E001,harness-external-body,core::slice::select_nth_unstable_by_key,79,1,verifier::external_body,partition_at_index_by_key,active-explicit-trusted-body,Exact external-body site enumerated from the selected proof harness; semantics and source backing are supplied by linked dependency records and the retained harness signature.,,,,/home/chentianyu/nanvix-rust-std-spec-survey/nanvix-rust-std-slice-vec-implproof-2026-08-12/proof_harnesses/079_core_slice_select_nth_unstable_by_key/harness.rs,66,67,"pub fn partition_at_index_by_key<'a, T, K, F>( slice: &'a mut [T], index: usize, key_fn: F, ) -> (ret: (&'a mut [T], &'a mut T, &'a mut [T])) where F: FnMut(&T) -> K, K: core::cmp::Ord, requires",89,"pub fn partition_at_index_by_key<'a, T, K, F>(
            slice: &'a mut [T],
            index: usize,
            key_fn: F,
        ) -> (ret: (&'a mut [T], &'a mut T, &'a mut [T]))
            where
                F: FnMut(&T) -> K,
                K: core::cmp::Ord,
            requires
                index < old(slice)@.len(),
            ensures
                final(slice)@ == final(ret.0)@ + seq![*final(ret.1)] + final(ret.2)@,
                final(ret.0)@.len() == index,
                *final(ret.1) == final(slice)@[index as int],
                final(ret.2)@.len() == old(slice)@.len() - (index as int) - 1,
                slice_permutation(old(slice)@, final(slice)@),
                slice_select_partition_key::<F, T, K>(
                    final(ret.0)@,
                    *final(ret.1),
                    final(ret.2)@,
                    key_fn,
                ),
",e9e4bd8e84af1b34c1a6a74d51aeb71e37c48e8773a2c8dac071e86d0f4c7ac9,TS-079-D002;TS-079-D003,private-algorithm-or-layout-transition,inadmissible-opaque-whole-algorithm,complete-target-or-final-state,"The trusted private algorithm supplies the target's aggregate permutation, partition, sortedness, pivot, or returned-borrow result.",core/src/slice/mod.rs:3648-3658;core/src/slice/mod.rs:3657; core/src/slice/sort/select.rs:17-59,"{""attribute_line"":66,""contract_end_line"":89,""contract_text"":""pub fn partition_at_index_by_key<'a, T, K, F>(\n            slice: &'a mut [T],\n            index: usize,\n            key_fn: F,\n        ) -> (ret: (&'a mut [T], &'a mut T, &'a mut [T]))\n            where\n                F: FnMut(&T) -> K,\n                K: core::cmp::Ord,\n            requires\n                index < old(slice)@.len(),\n            ensures\n                final(slice)@ == final(ret.0)@ + seq![*final(ret.1)] + final(ret.2)@,\n                final(ret.0)@.len() == index,\n                *final(ret.1) == final(slice)@[index as int],\n                final(ret.2)@.len() == old(slice)@.len() - (index as int) - 1,\n                slice_permutation(old(slice)@, final(slice)@),\n                slice_select_partition_key::<F, T, K>(\n                    final(ret.0)@,\n                    *final(ret.1),\n                    final(ret.2)@,\n                    key_fn,\n                ),\n"",""declaration_line"":67,""signature"":""pub fn partition_at_index_by_key<'a, T, K, F>( slice: &'a mut [T], index: usize, key_fn: F, ) -> (ret: (&'a mut [T], &'a mut T, &'a mut [T])) where F: FnMut(&T) -> K, K: core::cmp::Ord, requires"",""symbol"":""partition_at_index_by_key""}",opaque-whole-algorithm,slice-unknown-authority-v3
TS-080-D001,dependency-manifest-record,core::slice::sort_unstable,80,1,shared_contract_vocabulary,ord_cmp_observed;ord_leq_observed;slice_multiplicity;slice_permutation;slice_sorted_by_ord,existing_generated_contract_vocabulary_boundary,The generated unstable-sort contract vocabulary is instantiated in the harness and attached to the private helper boundary and public target without using assume_specification.,,,,/home/chentianyu/nanvix-rust-std-spec-survey/nanvix-rust-std-slice-vec-implproof-2026-08-12/proof_harnesses/080_core_slice_sort_unstable/harness.rs,,,,,,,,specification-vocabulary,context-only-specification-vocabulary,not-an-executable-boundary,"This record identifies target-local specification vocabulary. It is retained for binding, but is not admitted as an executable Boundary_T observation or transition.",manifest-local,"{""kind"":""shared_contract_vocabulary"",""name"":""ord_cmp_observed;ord_leq_observed;slice_multiplicity;slice_permutation;slice_sorted_by_ord"",""rationale"":""The generated unstable-sort contract vocabulary is instantiated in the harness and attached to the private helper boundary and public target without using assume_specification."",""status"":""existing_generated_contract_vocabulary_boundary""}",specification-vocabulary,slice-unknown-authority-v3
TS-080-D002,dependency-manifest-record,core::slice::sort_unstable,80,2,source_backed_unstable_sort_boundary,sort::unstable::sort,minimal_trusted_boundary_until_private_unstable_sort_algorithm_is_recursively_proved,The recursive private unstable sorting implementation is not recursively proved here; its source-backed boundary carries only the generated permutation and sorted-by-Ord facts required by the public target contract.,core/src/slice/mod.rs:3136-3138; core/src/slice/sort/unstable/mod.rs:22-58,4047932f984b2bd725a29a2f8de10ac74cee50c73701a7d5c84e2482f415f13e,proof_harnesses/080_core_slice_sort_unstable/source_excerpt.rs,/home/chentianyu/nanvix-rust-std-spec-survey/nanvix-rust-std-slice-vec-implproof-2026-08-12/proof_harnesses/080_core_slice_sort_unstable/harness.rs,,,,,,,,panic-or-domain-transition,inadmissible-answer-bearing-support,complete-or-answer-equivalent,"Every linked executable site is explicitly audited as a complete target/branch postcondition, answer-equivalent result, or opaque whole algorithm. Source citation does not make it admissible.",core/src/slice/mod.rs:3136-3138; core/src/slice/sort/unstable/mod.rs:22-58,"{""kind"":""source_backed_unstable_sort_boundary"",""name"":""sort::unstable::sort"",""rationale"":""The recursive private unstable sorting implementation is not recursively proved here; its source-backed boundary carries only the generated permutation and sorted-by-Ord facts required by the public target contract."",""source_excerpt_relpath"":""proof_harnesses/080_core_slice_sort_unstable/source_excerpt.rs"",""source_lines"":""core/src/slice/mod.rs:3136-3138; core/src/slice/sort/unstable/mod.rs:22-58"",""source_sha256"":""4047932f984b2bd725a29a2f8de10ac74cee50c73701a7d5c84e2482f415f13e"",""status"":""minimal_trusted_boundary_until_private_unstable_sort_algorithm_is_recursively_proved""}",source-backed-support,slice-unknown-authority-v3
TS-080-D003,dependency-manifest-record,core::slice::sort_unstable,80,3,trait_or_callback,Ord::lt observation,minimal_observation_boundary_for_ord_lt_callback,"The Rust target compares elements through `T::lt`. The harness preserves the `sort::unstable::sort(slice, &mut T::lt)` call and records the relation through audited Ord observation vocabulary rather than assuming the public target body.",core/src/slice/mod.rs:3136-3138,,,/home/chentianyu/nanvix-rust-std-spec-survey/nanvix-rust-std-slice-vec-implproof-2026-08-12/proof_harnesses/080_core_slice_sort_unstable/harness.rs,,,,,,,,callback-or-trait-observation,admissible-source-backed-support,partial-or-lower-level,"This exact frozen manifest record was audited as a named source dependency, callback, primitive, or local proof bridge. Its final disposition also incorporates every explicitly linked external site.",core/src/slice/mod.rs:3136-3138,"{""kind"":""trait_or_callback"",""name"":""Ord::lt observation"",""rationale"":""The Rust target compares elements through `T::lt`. The harness preserves the `sort::unstable::sort(slice, &mut T::lt)` call and records the relation through audited Ord observation vocabulary rather than assuming the public target body."",""source_lines"":""core/src/slice/mod.rs:3136-3138"",""status"":""minimal_observation_boundary_for_ord_lt_callback""}",source-backed-support,slice-unknown-authority-v3
TS-080-C001,private-helper-callee,core::slice::sort_unstable,80,1,private_helper_callee_closure,sort::unstable::sort,source_backed_private_unstable_sort_boundary,Source-indexed private/public callee closure retained by the implementation-proof dependency manifest.,core/src/slice/sort/unstable/mod.rs:22-58,4047932f984b2bd725a29a2f8de10ac74cee50c73701a7d5c84e2482f415f13e,frozen_inputs/slice/rust-core-slice/sort/unstable/mod.rs,/home/chentianyu/nanvix-rust-std-spec-survey/nanvix-rust-std-slice-vec-implproof-2026-08-12/proof_harnesses/080_core_slice_sort_unstable/harness.rs,,,,,,,,source-callee-provenance,context-only-source-closure,not-an-executable-boundary,This record closes the source call graph for provenance. It does not itself add an assumed transition or observation.,core/src/slice/sort/unstable/mod.rs:22-58,"{""body_end_line"":58,""disposition"":""source_backed_private_unstable_sort_boundary"",""frozen_relpath"":""frozen_inputs/slice/rust-core-slice/sort/unstable/mod.rs"",""item_sha256"":""4047932f984b2bd725a29a2f8de10ac74cee50c73701a7d5c84e2482f415f13e"",""name"":""sort::unstable::sort"",""public"":false,""signature_start_line"":22,""source_reference_path"":""core/src/slice/sort/unstable/mod.rs""}",source-closure-provenance,slice-unknown-authority-v3
TS-080-E001,harness-external-body,core::slice::sort_unstable,80,1,verifier::external_body,sort,active-explicit-trusted-body,Exact external-body site enumerated from the selected proof harness; semantics and source backing are supplied by linked dependency records and the retained harness signature.,,,,/home/chentianyu/nanvix-rust-std-spec-survey/nanvix-rust-std-slice-vec-implproof-2026-08-12/proof_harnesses/080_core_slice_sort_unstable/harness.rs,29,30,"pub fn sort<T: core::cmp::Ord, F>(slice: &mut [T], is_less: &mut F) where F: FnMut(&T, &T) -> bool, ensures",36,"pub fn sort<T: core::cmp::Ord, F>(slice: &mut [T], is_less: &mut F)
            where
                F: FnMut(&T, &T) -> bool,
            ensures
                slice_permutation(old(slice)@, final(slice)@),
                slice_sorted_by_ord(final(slice)@),
",7492ea469784761b8a2ecd1af53d1624938c86467e0d4889534ac2a61b5f1cae,TS-080-D002,private-algorithm-or-layout-transition,inadmissible-opaque-whole-algorithm,complete-target-or-final-state,"The trusted private algorithm supplies the target's aggregate permutation, partition, sortedness, pivot, or returned-borrow result.",core/src/slice/mod.rs:3136-3138; core/src/slice/sort/unstable/mod.rs:22-58,"{""attribute_line"":29,""contract_end_line"":36,""contract_text"":""pub fn sort<T: core::cmp::Ord, F>(slice: &mut [T], is_less: &mut F)\n            where\n                F: FnMut(&T, &T) -> bool,\n            ensures\n                slice_permutation(old(slice)@, final(slice)@),\n                slice_sorted_by_ord(final(slice)@),\n"",""declaration_line"":30,""signature"":""pub fn sort<T: core::cmp::Ord, F>(slice: &mut [T], is_less: &mut F) where F: FnMut(&T, &T) -> bool, ensures"",""symbol"":""sort""}",opaque-whole-algorithm,slice-unknown-authority-v3
TS-081-D001,dependency-manifest-record,core::slice::sort_unstable_by,81,1,shared_contract_vocabulary,comparator_leq_observed;comparator_observation;comparator_ordering_observed;ordering_rank;slice_multiplicity;slice_permutation;slice_sorted_by_cmp,existing_generated_contract_vocabulary_boundary,The generated comparator-sort contract vocabulary is instantiated in the harness and attached to the private helper boundary and public target without a specification assumption.,,,,/home/chentianyu/nanvix-rust-std-spec-survey/nanvix-rust-std-slice-vec-implproof-2026-08-12/proof_harnesses/081_core_slice_sort_unstable_by/harness.rs,,,,,,,,specification-vocabulary,context-only-specification-vocabulary,not-an-executable-boundary,"This record identifies target-local specification vocabulary. It is retained for binding, but is not admitted as an executable Boundary_T observation or transition.",manifest-local,"{""kind"":""shared_contract_vocabulary"",""name"":""comparator_leq_observed;comparator_observation;comparator_ordering_observed;ordering_rank;slice_multiplicity;slice_permutation;slice_sorted_by_cmp"",""rationale"":""The generated comparator-sort contract vocabulary is instantiated in the harness and attached to the private helper boundary and public target without a specification assumption."",""status"":""existing_generated_contract_vocabulary_boundary""}",specification-vocabulary,slice-unknown-authority-v3
TS-081-D002,dependency-manifest-record,core::slice::sort_unstable_by,81,2,verus_fnmut_comparator_closure_lowering_boundary,"|a: &T, b: &T| compare(a, b) == core::cmp::Ordering::Less",minimal_verus_closure_lowering_boundary_for_fnmut_comparator,"Rust 1.96 passes this FnMut comparator-to-bool closure to `sort::unstable::sort`. This Verus build rejects closures that capture a mutable FnMut comparator, so the harness lowers only that closure adapter to the named source-backed unstable-sort boundary while preserving the comparator borrow, Less predicate, sort call intent, and public target postcondition.",core/src/slice/mod.rs:3188-3193,92008bd2d8e9d1bb3d95e3585474f6c372dc276528c919693bdfcfd21f8863ed,proof_harnesses/081_core_slice_sort_unstable_by/source_excerpt.rs,/home/chentianyu/nanvix-rust-std-spec-survey/nanvix-rust-std-slice-vec-implproof-2026-08-12/proof_harnesses/081_core_slice_sort_unstable_by/harness.rs,,,,,,,,callback-or-trait-observation,inadmissible-answer-bearing-support,complete-or-answer-equivalent,"Every linked executable site is explicitly audited as a complete target/branch postcondition, answer-equivalent result, or opaque whole algorithm. Source citation does not make it admissible.",core/src/slice/mod.rs:3188-3193,"{""kind"":""verus_fnmut_comparator_closure_lowering_boundary"",""name"":""|a: &T, b: &T| compare(a, b) == core::cmp::Ordering::Less"",""rationale"":""Rust 1.96 passes this FnMut comparator-to-bool closure to `sort::unstable::sort`. This Verus build rejects closures that capture a mutable FnMut comparator, so the harness lowers only that closure adapter to the named source-backed unstable-sort boundary while preserving the comparator borrow, Less predicate, sort call intent, and public target postcondition."",""source_excerpt_relpath"":""proof_harnesses/081_core_slice_sort_unstable_by/source_excerpt.rs"",""source_lines"":""core/src/slice/mod.rs:3188-3193"",""source_sha256"":""92008bd2d8e9d1bb3d95e3585474f6c372dc276528c919693bdfcfd21f8863ed"",""status"":""minimal_verus_closure_lowering_boundary_for_fnmut_comparator""}",source-backed-support,slice-unknown-authority-v3
TS-081-D003,dependency-manifest-record,core::slice::sort_unstable_by,81,3,source_backed_unstable_sort_boundary,sort::unstable::sort,minimal_trusted_boundary_until_private_unstable_sort_algorithm_is_recursively_proved,The recursive private unstable sorting implementation is not recursively proved here; its source-backed boundary carries only the generated permutation and comparator-observation sortedness facts required by the public target contract.,core/src/slice/mod.rs:3193; core/src/slice/sort/unstable/mod.rs:22-58,4047932f984b2bd725a29a2f8de10ac74cee50c73701a7d5c84e2482f415f13e,proof_harnesses/081_core_slice_sort_unstable_by/source_excerpt.rs,/home/chentianyu/nanvix-rust-std-spec-survey/nanvix-rust-std-slice-vec-implproof-2026-08-12/proof_harnesses/081_core_slice_sort_unstable_by/harness.rs,,,,,,,,panic-or-domain-transition,inadmissible-answer-bearing-support,complete-or-answer-equivalent,"Every linked executable site is explicitly audited as a complete target/branch postcondition, answer-equivalent result, or opaque whole algorithm. Source citation does not make it admissible.",core/src/slice/mod.rs:3193; core/src/slice/sort/unstable/mod.rs:22-58,"{""kind"":""source_backed_unstable_sort_boundary"",""name"":""sort::unstable::sort"",""rationale"":""The recursive private unstable sorting implementation is not recursively proved here; its source-backed boundary carries only the generated permutation and comparator-observation sortedness facts required by the public target contract."",""source_excerpt_relpath"":""proof_harnesses/081_core_slice_sort_unstable_by/source_excerpt.rs"",""source_lines"":""core/src/slice/mod.rs:3193; core/src/slice/sort/unstable/mod.rs:22-58"",""source_sha256"":""4047932f984b2bd725a29a2f8de10ac74cee50c73701a7d5c84e2482f415f13e"",""status"":""minimal_trusted_boundary_until_private_unstable_sort_algorithm_is_recursively_proved""}",source-backed-support,slice-unknown-authority-v3
TS-081-D004,dependency-manifest-record,core::slice::sort_unstable_by,81,4,trait_or_callback,compare FnMut Ordering observation,minimal_observation_boundary_for_fnmut_ordering_callback,"The Rust target receives an arbitrary `FnMut(&T, &T) -> Ordering` comparator. The harness records its relation through the audited comparator-observation vocabulary rather than assuming the public target body.",core/src/slice/mod.rs:3188-3193,,,/home/chentianyu/nanvix-rust-std-spec-survey/nanvix-rust-std-slice-vec-implproof-2026-08-12/proof_harnesses/081_core_slice_sort_unstable_by/harness.rs,,,,,,,,callback-or-trait-observation,admissible-source-backed-support,partial-or-lower-level,"This exact frozen manifest record was audited as a named source dependency, callback, primitive, or local proof bridge. Its final disposition also incorporates every explicitly linked external site.",core/src/slice/mod.rs:3188-3193,"{""kind"":""trait_or_callback"",""name"":""compare FnMut Ordering observation"",""rationale"":""The Rust target receives an arbitrary `FnMut(&T, &T) -> Ordering` comparator. The harness records its relation through the audited comparator-observation vocabulary rather than assuming the public target body."",""source_lines"":""core/src/slice/mod.rs:3188-3193"",""status"":""minimal_observation_boundary_for_fnmut_ordering_callback""}",source-backed-support,slice-unknown-authority-v3
TS-081-C001,private-helper-callee,core::slice::sort_unstable_by,81,1,private_helper_callee_closure,sort::unstable::sort,source_backed_private_unstable_sort_boundary,Source-indexed private/public callee closure retained by the implementation-proof dependency manifest.,core/src/slice/sort/unstable/mod.rs:22-58,4047932f984b2bd725a29a2f8de10ac74cee50c73701a7d5c84e2482f415f13e,frozen_inputs/slice/rust-core-slice/sort/unstable/mod.rs,/home/chentianyu/nanvix-rust-std-spec-survey/nanvix-rust-std-slice-vec-implproof-2026-08-12/proof_harnesses/081_core_slice_sort_unstable_by/harness.rs,,,,,,,,source-callee-provenance,context-only-source-closure,not-an-executable-boundary,This record closes the source call graph for provenance. It does not itself add an assumed transition or observation.,core/src/slice/sort/unstable/mod.rs:22-58,"{""body_end_line"":58,""disposition"":""source_backed_private_unstable_sort_boundary"",""frozen_relpath"":""frozen_inputs/slice/rust-core-slice/sort/unstable/mod.rs"",""item_sha256"":""4047932f984b2bd725a29a2f8de10ac74cee50c73701a7d5c84e2482f415f13e"",""name"":""sort::unstable::sort"",""public"":false,""signature_start_line"":22,""source_reference_path"":""core/src/slice/sort/unstable/mod.rs""}",source-closure-provenance,slice-unknown-authority-v3
TS-081-E001,harness-external-body,core::slice::sort_unstable_by,81,1,verifier::external_body,sort,active-explicit-trusted-body,Exact external-body site enumerated from the selected proof harness; semantics and source backing are supplied by linked dependency records and the retained harness signature.,,,,/home/chentianyu/nanvix-rust-std-spec-survey/nanvix-rust-std-slice-vec-implproof-2026-08-12/proof_harnesses/081_core_slice_sort_unstable_by/harness.rs,65,66,"pub fn sort<T, F>( slice: &mut [T], Ghost(observation): Ghost<ComparatorObservation<T>>, compare: &mut F, ) where F: FnMut(&T, &T) -> core::cmp::Ordering, requires",78,"pub fn sort<T, F>(
            slice: &mut [T],
            Ghost(observation): Ghost<ComparatorObservation<T>>,
            compare: &mut F,
        )
            where
                F: FnMut(&T, &T) -> core::cmp::Ordering,
            requires
                observation.domain == old(slice)@,
            ensures
                slice_permutation(old(slice)@, final(slice)@),
                slice_sorted_by_cmp(final(slice)@, observation),
",92f41a1df5382edb525015761112875f7917db6c403ad94886552819849632e8,TS-081-D002;TS-081-D003,private-algorithm-or-layout-transition,inadmissible-opaque-whole-algorithm,complete-target-or-final-state,"The trusted private algorithm supplies the target's aggregate permutation, partition, sortedness, pivot, or returned-borrow result.",core/src/slice/mod.rs:3188-3193;core/src/slice/mod.rs:3193; core/src/slice/sort/unstable/mod.rs:22-58,"{""attribute_line"":65,""contract_end_line"":78,""contract_text"":""pub fn sort<T, F>(\n            slice: &mut [T],\n            Ghost(observation): Ghost<ComparatorObservation<T>>,\n            compare: &mut F,\n        )\n            where\n                F: FnMut(&T, &T) -> core::cmp::Ordering,\n            requires\n                observation.domain == old(slice)@,\n            ensures\n                slice_permutation(old(slice)@, final(slice)@),\n                slice_sorted_by_cmp(final(slice)@, observation),\n"",""declaration_line"":66,""signature"":""pub fn sort<T, F>( slice: &mut [T], Ghost(observation): Ghost<ComparatorObservation<T>>, compare: &mut F, ) where F: FnMut(&T, &T) -> core::cmp::Ordering, requires"",""symbol"":""sort""}",opaque-whole-algorithm,slice-unknown-authority-v3
TS-082-D001,dependency-manifest-record,core::slice::sort_unstable_by_key,82,1,shared_contract_vocabulary,fnmut_key_observed;ord_cmp_observed;ord_leq_observed;ordering_rank;slice_multiplicity;slice_permutation;slice_sorted_by_key,existing_generated_contract_vocabulary_boundary,The generated key-sort contract vocabulary is instantiated in the harness and attached to the private helper boundary and public target without a specification assumption.,,,,/home/chentianyu/nanvix-rust-std-spec-survey/nanvix-rust-std-slice-vec-implproof-2026-08-12/proof_harnesses/082_core_slice_sort_unstable_by_key/harness.rs,,,,,,,,specification-vocabulary,context-only-specification-vocabulary,not-an-executable-boundary,"This record identifies target-local specification vocabulary. It is retained for binding, but is not admitted as an executable Boundary_T observation or transition.",manifest-local,"{""kind"":""shared_contract_vocabulary"",""name"":""fnmut_key_observed;ord_cmp_observed;ord_leq_observed;ordering_rank;slice_multiplicity;slice_permutation;slice_sorted_by_key"",""rationale"":""The generated key-sort contract vocabulary is instantiated in the harness and attached to the private helper boundary and public target without a specification assumption."",""status"":""existing_generated_contract_vocabulary_boundary""}",specification-vocabulary,slice-unknown-authority-v3
TS-082-D002,dependency-manifest-record,core::slice::sort_unstable_by_key,82,2,verus_fnmut_key_ord_closure_lowering_boundary,"|a: &T, b: &T| f(a).lt(&f(b))",minimal_verus_closure_lowering_boundary_for_fnmut_key_ord_observation,"Rust 1.96 passes this FnMut key extraction plus Ord::lt closure to `sort::unstable::sort`. This Verus build rejects closures that capture a mutable FnMut key function and then call Ord::lt on the extracted keys, so the harness lowers only that closure adapter to the named key-observation boundary while preserving the key extraction, Less predicate, sort call intent, and public target postcondition.",core/src/slice/mod.rs:3240-3246,a1709e9e61a25c52c3235a85bf2c15daf80785ec749e7f9bed299596413c074e,proof_harnesses/082_core_slice_sort_unstable_by_key/source_excerpt.rs,/home/chentianyu/nanvix-rust-std-spec-survey/nanvix-rust-std-slice-vec-implproof-2026-08-12/proof_harnesses/082_core_slice_sort_unstable_by_key/harness.rs,,,,,,,,callback-or-trait-observation,inadmissible-answer-bearing-support,complete-or-answer-equivalent,"Every linked executable site is explicitly audited as a complete target/branch postcondition, answer-equivalent result, or opaque whole algorithm. Source citation does not make it admissible.",core/src/slice/mod.rs:3240-3246,"{""kind"":""verus_fnmut_key_ord_closure_lowering_boundary"",""name"":""|a: &T, b: &T| f(a).lt(&f(b))"",""rationale"":""Rust 1.96 passes this FnMut key extraction plus Ord::lt closure to `sort::unstable::sort`. This Verus build rejects closures that capture a mutable FnMut key function and then call Ord::lt on the extracted keys, so the harness lowers only that closure adapter to the named key-observation boundary while preserving the key extraction, Less predicate, sort call intent, and public target postcondition."",""source_excerpt_relpath"":""proof_harnesses/082_core_slice_sort_unstable_by_key/source_excerpt.rs"",""source_lines"":""core/src/slice/mod.rs:3240-3246"",""source_sha256"":""a1709e9e61a25c52c3235a85bf2c15daf80785ec749e7f9bed299596413c074e"",""status"":""minimal_verus_closure_lowering_boundary_for_fnmut_key_ord_observation""}",source-backed-support,slice-unknown-authority-v3
TS-082-D003,dependency-manifest-record,core::slice::sort_unstable_by_key,82,3,source_backed_unstable_sort_boundary,sort::unstable::sort,minimal_trusted_boundary_until_private_unstable_sort_algorithm_is_recursively_proved,The recursive private unstable sorting implementation is not recursively proved here; its source-backed boundary carries only the generated permutation and key-observation sortedness facts required by the public target contract.,core/src/slice/mod.rs:3246; core/src/slice/sort/unstable/mod.rs:22-58,4047932f984b2bd725a29a2f8de10ac74cee50c73701a7d5c84e2482f415f13e,proof_harnesses/082_core_slice_sort_unstable_by_key/source_excerpt.rs,/home/chentianyu/nanvix-rust-std-spec-survey/nanvix-rust-std-slice-vec-implproof-2026-08-12/proof_harnesses/082_core_slice_sort_unstable_by_key/harness.rs,,,,,,,,panic-or-domain-transition,inadmissible-answer-bearing-support,complete-or-answer-equivalent,"Every linked executable site is explicitly audited as a complete target/branch postcondition, answer-equivalent result, or opaque whole algorithm. Source citation does not make it admissible.",core/src/slice/mod.rs:3246; core/src/slice/sort/unstable/mod.rs:22-58,"{""kind"":""source_backed_unstable_sort_boundary"",""name"":""sort::unstable::sort"",""rationale"":""The recursive private unstable sorting implementation is not recursively proved here; its source-backed boundary carries only the generated permutation and key-observation sortedness facts required by the public target contract."",""source_excerpt_relpath"":""proof_harnesses/082_core_slice_sort_unstable_by_key/source_excerpt.rs"",""source_lines"":""core/src/slice/mod.rs:3246; core/src/slice/sort/unstable/mod.rs:22-58"",""source_sha256"":""4047932f984b2bd725a29a2f8de10ac74cee50c73701a7d5c84e2482f415f13e"",""status"":""minimal_trusted_boundary_until_private_unstable_sort_algorithm_is_recursively_proved""}",source-backed-support,slice-unknown-authority-v3
TS-082-D004,dependency-manifest-record,core::slice::sort_unstable_by_key,82,4,trait_or_callback,FnMut key extraction and Ord::lt observation,minimal_observation_boundary_for_fnmut_key_and_ord_callback,The Rust target receives an arbitrary `FnMut(&T) -> K` key function and compares keys with `K: Ord`. The harness records the relation through the audited key/Ord observation vocabulary rather than assuming the public target body.,core/src/slice/mod.rs:3240-3246,,,/home/chentianyu/nanvix-rust-std-spec-survey/nanvix-rust-std-slice-vec-implproof-2026-08-12/proof_harnesses/082_core_slice_sort_unstable_by_key/harness.rs,,,,,,,,callback-or-trait-observation,admissible-source-backed-support,partial-or-lower-level,"This exact frozen manifest record was audited as a named source dependency, callback, primitive, or local proof bridge. Its final disposition also incorporates every explicitly linked external site.",core/src/slice/mod.rs:3240-3246,"{""kind"":""trait_or_callback"",""name"":""FnMut key extraction and Ord::lt observation"",""rationale"":""The Rust target receives an arbitrary `FnMut(&T) -> K` key function and compares keys with `K: Ord`. The harness records the relation through the audited key/Ord observation vocabulary rather than assuming the public target body."",""source_lines"":""core/src/slice/mod.rs:3240-3246"",""status"":""minimal_observation_boundary_for_fnmut_key_and_ord_callback""}",source-backed-support,slice-unknown-authority-v3
TS-082-C001,private-helper-callee,core::slice::sort_unstable_by_key,82,1,private_helper_callee_closure,sort::unstable::sort,source_backed_private_unstable_sort_boundary,Source-indexed private/public callee closure retained by the implementation-proof dependency manifest.,core/src/slice/sort/unstable/mod.rs:22-58,4047932f984b2bd725a29a2f8de10ac74cee50c73701a7d5c84e2482f415f13e,frozen_inputs/slice/rust-core-slice/sort/unstable/mod.rs,/home/chentianyu/nanvix-rust-std-spec-survey/nanvix-rust-std-slice-vec-implproof-2026-08-12/proof_harnesses/082_core_slice_sort_unstable_by_key/harness.rs,,,,,,,,source-callee-provenance,context-only-source-closure,not-an-executable-boundary,This record closes the source call graph for provenance. It does not itself add an assumed transition or observation.,core/src/slice/sort/unstable/mod.rs:22-58,"{""body_end_line"":58,""disposition"":""source_backed_private_unstable_sort_boundary"",""frozen_relpath"":""frozen_inputs/slice/rust-core-slice/sort/unstable/mod.rs"",""item_sha256"":""4047932f984b2bd725a29a2f8de10ac74cee50c73701a7d5c84e2482f415f13e"",""name"":""sort::unstable::sort"",""public"":false,""signature_start_line"":22,""source_reference_path"":""core/src/slice/sort/unstable/mod.rs""}",source-closure-provenance,slice-unknown-authority-v3
TS-082-E001,harness-external-body,core::slice::sort_unstable_by_key,82,1,verifier::external_body,sort,active-explicit-trusted-body,Exact external-body site enumerated from the selected proof harness; semantics and source backing are supplied by linked dependency records and the retained harness signature.,,,,/home/chentianyu/nanvix-rust-std-spec-survey/nanvix-rust-std-slice-vec-implproof-2026-08-12/proof_harnesses/082_core_slice_sort_unstable_by_key/harness.rs,96,97,"pub fn sort<T, K, F>( slice: &mut [T], Ghost(observation): Ghost<KeyObservation<T>>, f: &mut F, ) where F: FnMut(&T) -> K, K: core::cmp::Ord, requires",110,"pub fn sort<T, K, F>(
            slice: &mut [T],
            Ghost(observation): Ghost<KeyObservation<T>>,
            f: &mut F,
        )
            where
                F: FnMut(&T) -> K,
                K: core::cmp::Ord,
            requires
                observation.domain == old(slice)@,
            ensures
                slice_permutation(old(slice)@, final(slice)@),
                slice_sorted_by_key_observed::<T, K>(final(slice)@, observation),
",34b5c9e79073869d4aee0b507be792521b7469f65c169f1ba02854e6ea13c71e,TS-082-D002;TS-082-D003,private-algorithm-or-layout-transition,inadmissible-opaque-whole-algorithm,complete-target-or-final-state,"The trusted private algorithm supplies the target's aggregate permutation, partition, sortedness, pivot, or returned-borrow result.",core/src/slice/mod.rs:3240-3246;core/src/slice/mod.rs:3246; core/src/slice/sort/unstable/mod.rs:22-58,"{""attribute_line"":96,""contract_end_line"":110,""contract_text"":""pub fn sort<T, K, F>(\n            slice: &mut [T],\n            Ghost(observation): Ghost<KeyObservation<T>>,\n            f: &mut F,\n        )\n            where\n                F: FnMut(&T) -> K,\n                K: core::cmp::Ord,\n            requires\n                observation.domain == old(slice)@,\n            ensures\n                slice_permutation(old(slice)@, final(slice)@),\n                slice_sorted_by_key_observed::<T, K>(final(slice)@, observation),\n"",""declaration_line"":97,""signature"":""pub fn sort<T, K, F>( slice: &mut [T], Ghost(observation): Ghost<KeyObservation<T>>, f: &mut F, ) where F: FnMut(&T) -> K, K: core::cmp::Ord, requires"",""symbol"":""sort""}",opaque-whole-algorithm,slice-unknown-authority-v3
TS-085-D001,dependency-manifest-record,core::slice::split_at_mut_checked,85,1,shared_contract_vocabulary,split_point_in_range,existing_generated_contract_vocabulary_boundary,The checked wrapper discharges the reviewed unchecked split precondition from the source mid <= self.len() guard and instantiates the same Seq-domain split-point predicate used by split_at_mut_unchecked.,proof_harnesses/086_core_slice_split_at_mut_unchecked/harness.rs; core/src/slice/mod.rs:2195-2199,,,/home/chentianyu/nanvix-rust-std-spec-survey/nanvix-rust-std-slice-vec-implproof-2026-08-12/proof_harnesses/085_core_slice_split_at_mut_checked/harness.rs,,,,,,,,specification-vocabulary,context-only-specification-vocabulary,not-an-executable-boundary,"This record identifies target-local specification vocabulary. It is retained for binding, but is not admitted as an executable Boundary_T observation or transition.",proof_harnesses/086_core_slice_split_at_mut_unchecked/harness.rs; core/src/slice/mod.rs:2195-2199,"{""kind"":""shared_contract_vocabulary"",""name"":""split_point_in_range"",""rationale"":""The checked wrapper discharges the reviewed unchecked split precondition from the source mid <= self.len() guard and instantiates the same Seq-domain split-point predicate used by split_at_mut_unchecked."",""source_lines"":""proof_harnesses/086_core_slice_split_at_mut_unchecked/harness.rs; core/src/slice/mod.rs:2195-2199"",""status"":""existing_generated_contract_vocabulary_boundary""}",specification-vocabulary,slice-unknown-authority-v3
TS-085-D002,dependency-manifest-record,core::slice::split_at_mut_checked,85,2,reviewed_generated_dependency_boundary,core::slice::split_at_mut_unchecked,source_shaped_unchecked_mut_split_helper_verified_in_harness_modulo_raw_parts_final_frame_boundary,"The checked mutable wrapper now calls a target-local source-shaped split_at_mut_unchecked helper copied from the reviewed implementation: len, as_mut_ptr, unsafe-precondition check, then the retained raw-parts/final-frame split boundary.",core/src/slice/mod.rs:2195-2199; reviewed callee proof_harnesses/086_core_slice_split_at_mut_unchecked/harness.rs,abfee0fdb5817382bcc578ea7e47395312bd55464b5fb9a4ba5cd32cfd090110,proof_harnesses/085_core_slice_split_at_mut_checked/source_excerpt.rs,/home/chentianyu/nanvix-rust-std-spec-survey/nanvix-rust-std-slice-vec-implproof-2026-08-12/proof_harnesses/085_core_slice_split_at_mut_checked/harness.rs,,,,,,,,panic-or-domain-transition,mixed-support-includes-answer-bearing-site,mixed-partial-and-complete,This manifest record supports both a lower source transition and an explicitly audited answer-bearing helper; it cannot be admitted as one undifferentiated boundary unit.,core/src/slice/mod.rs:2195-2199; reviewed callee proof_harnesses/086_core_slice_split_at_mut_unchecked/harness.rs,"{""kind"":""reviewed_generated_dependency_boundary"",""name"":""core::slice::split_at_mut_unchecked"",""rationale"":""The checked mutable wrapper now calls a target-local source-shaped split_at_mut_unchecked helper copied from the reviewed implementation: len, as_mut_ptr, unsafe-precondition check, then the retained raw-parts/final-frame split boundary."",""source_excerpt_relpath"":""proof_harnesses/085_core_slice_split_at_mut_checked/source_excerpt.rs"",""source_lines"":""core/src/slice/mod.rs:2195-2199; reviewed callee proof_harnesses/086_core_slice_split_at_mut_unchecked/harness.rs"",""source_sha256"":""abfee0fdb5817382bcc578ea7e47395312bd55464b5fb9a4ba5cd32cfd090110"",""status"":""source_shaped_unchecked_mut_split_helper_verified_in_harness_modulo_raw_parts_final_frame_boundary""}",source-backed-support,slice-unknown-authority-v3
TS-085-D003,dependency-manifest-record,core::slice::split_at_mut_checked,85,3,source_bound_guard,mid <= self.len(),source_bound_checked_in_verified_target_body,The Rust 1.96 if guard is executable in the public target and is the only condition needed before entering the unsafe unchecked split branch; the else branch returns None without mutating the slice.,core/src/slice/mod.rs:2195-2200,abfee0fdb5817382bcc578ea7e47395312bd55464b5fb9a4ba5cd32cfd090110,proof_harnesses/085_core_slice_split_at_mut_checked/source_excerpt.rs,/home/chentianyu/nanvix-rust-std-spec-survey/nanvix-rust-std-slice-vec-implproof-2026-08-12/proof_harnesses/085_core_slice_split_at_mut_checked/harness.rs,,,,,,,,panic-or-domain-transition,admissible-source-backed-support,partial-or-lower-level,"This exact frozen manifest record was audited as a named source dependency, callback, primitive, or local proof bridge. Its final disposition also incorporates every explicitly linked external site.",core/src/slice/mod.rs:2195-2200,"{""kind"":""source_bound_guard"",""name"":""mid <= self.len()"",""rationale"":""The Rust 1.96 if guard is executable in the public target and is the only condition needed before entering the unsafe unchecked split branch; the else branch returns None without mutating the slice."",""source_excerpt_relpath"":""proof_harnesses/085_core_slice_split_at_mut_checked/source_excerpt.rs"",""source_lines"":""core/src/slice/mod.rs:2195-2200"",""source_sha256"":""abfee0fdb5817382bcc578ea7e47395312bd55464b5fb9a4ba5cd32cfd090110"",""status"":""source_bound_checked_in_verified_target_body""}",source-backed-support,slice-unknown-authority-v3
TS-085-C001,private-helper-callee,core::slice::split_at_mut_checked,85,1,private_helper_callee_closure,len,source-indexed,Source-indexed private/public callee closure retained by the implementation-proof dependency manifest.,core/src/slice/iter/macros.rs:142-144,48328fef24b9a414c7599eb67374e2d10f3c26ce8316557ce897b9c9e5203fc1,frozen_inputs/slice/rust-core-slice/iter/macros.rs,/home/chentianyu/nanvix-rust-std-spec-survey/nanvix-rust-std-slice-vec-implproof-2026-08-12/proof_harnesses/085_core_slice_split_at_mut_checked/harness.rs,,,,,,,,source-callee-provenance,context-only-source-closure,not-an-executable-boundary,This record closes the source call graph for provenance. It does not itself add an assumed transition or observation.,core/src/slice/iter/macros.rs:142-144,"{""body_end_line"":144,""frozen_relpath"":""frozen_inputs/slice/rust-core-slice/iter/macros.rs"",""item_sha256"":""48328fef24b9a414c7599eb67374e2d10f3c26ce8316557ce897b9c9e5203fc1"",""name"":""len"",""public"":false,""signature_start_line"":142,""source_reference_path"":""core/src/slice/iter/macros.rs""}",source-closure-provenance,slice-unknown-authority-v3
TS-085-C002,private-helper-callee,core::slice::split_at_mut_checked,85,2,private_helper_callee_closure,len,source-indexed,Source-indexed private/public callee closure retained by the implementation-proof dependency manifest.,core/src/slice/sort/stable/drift.rs:295-297,39713253c1089e4b037e302f5b7358f257f51d24290f54f0efc0dc25d78323fc,frozen_inputs/slice/rust-core-slice/sort/stable/drift.rs,/home/chentianyu/nanvix-rust-std-spec-survey/nanvix-rust-std-slice-vec-implproof-2026-08-12/proof_harnesses/085_core_slice_split_at_mut_checked/harness.rs,,,,,,,,source-callee-provenance,context-only-source-closure,not-an-executable-boundary,This record closes the source call graph for provenance. It does not itself add an assumed transition or observation.,core/src/slice/sort/stable/drift.rs:295-297,"{""body_end_line"":297,""frozen_relpath"":""frozen_inputs/slice/rust-core-slice/sort/stable/drift.rs"",""item_sha256"":""39713253c1089e4b037e302f5b7358f257f51d24290f54f0efc0dc25d78323fc"",""name"":""len"",""public"":false,""signature_start_line"":295,""source_reference_path"":""core/src/slice/sort/stable/drift.rs""}",source-closure-provenance,slice-unknown-authority-v3
TS-085-C003,private-helper-callee,core::slice::split_at_mut_checked,85,3,private_helper_callee_closure,len,source-indexed,Source-indexed private/public callee closure retained by the implementation-proof dependency manifest.,alloc/src/vec/in_place_drop.rs:15-17,abc18bdf2169eed2a02867127488f3df813795a68b96b8e832725dab3e82adb9,frozen_inputs/vec/rust-alloc-vec/vec/in_place_drop.rs,/home/chentianyu/nanvix-rust-std-spec-survey/nanvix-rust-std-slice-vec-implproof-2026-08-12/proof_harnesses/085_core_slice_split_at_mut_checked/harness.rs,,,,,,,,source-callee-provenance,context-only-source-closure,not-an-executable-boundary,This record closes the source call graph for provenance. It does not itself add an assumed transition or observation.,alloc/src/vec/in_place_drop.rs:15-17,"{""body_end_line"":17,""frozen_relpath"":""frozen_inputs/vec/rust-alloc-vec/vec/in_place_drop.rs"",""item_sha256"":""abc18bdf2169eed2a02867127488f3df813795a68b96b8e832725dab3e82adb9"",""name"":""len"",""public"":false,""signature_start_line"":15,""source_reference_path"":""alloc/src/vec/in_place_drop.rs""}",source-closure-provenance,slice-unknown-authority-v3
TS-085-E001,harness-external-body,core::slice::split_at_mut_checked,85,1,verifier::external_body,from_raw_parts_mut,active-explicit-trusted-body,Exact external-body site enumerated from the selected proof harness; semantics and source backing are supplied by linked dependency records and the retained harness signature.,,,,/home/chentianyu/nanvix-rust-std-spec-survey/nanvix-rust-std-slice-vec-implproof-2026-08-12/proof_harnesses/085_core_slice_split_at_mut_checked/harness.rs,84,85,"pub unsafe fn from_raw_parts_mut<'a, T>(data: *mut T, len: usize) -> (ret: &'a mut [T]) ensures",89,"pub unsafe fn from_raw_parts_mut<'a, T>(data: *mut T, len: usize) -> (ret: &'a mut [T])
    ensures
        ret@.len() == len,
        slice_start_mut_ptr(ret@, data),
",a8640f8facd0cd2ea0218910b746c77dd8e1a57f1badc1aed30e990898e15f53,TS-085-D002,memory-layout-or-provenance-transition,admissible-source-backed-lower-boundary,partial-or-lower-level,The raw-slice constructor describes an intermediate derived view; additional source steps are required to derive the public result.,core/src/slice/mod.rs:2195-2199; reviewed callee proof_harnesses/086_core_slice_split_at_mut_unchecked/harness.rs,"{""attribute_line"":84,""contract_end_line"":89,""contract_text"":""pub unsafe fn from_raw_parts_mut<'a, T>(data: *mut T, len: usize) -> (ret: &'a mut [T])\n    ensures\n        ret@.len() == len,\n        slice_start_mut_ptr(ret@, data),\n"",""declaration_line"":85,""signature"":""pub unsafe fn from_raw_parts_mut<'a, T>(data: *mut T, len: usize) -> (ret: &'a mut [T]) ensures"",""symbol"":""from_raw_parts_mut""}",intermediate-raw-slice-constructor,slice-unknown-authority-v3
TS-085-E002,harness-external-body,core::slice::split_at_mut_checked,85,2,verifier::external_body,rust_1_96_split_at_mut_unchecked_raw_parts,active-explicit-trusted-body,Exact external-body site enumerated from the selected proof harness; semantics and source backing are supplied by linked dependency records and the retained harness signature.,,,,/home/chentianyu/nanvix-rust-std-spec-survey/nanvix-rust-std-slice-vec-implproof-2026-08-12/proof_harnesses/085_core_slice_split_at_mut_checked/harness.rs,93,94,"pub unsafe fn rust_1_96_split_at_mut_unchecked_raw_parts<'a, T>( slice: &'a mut [T], ptr: *mut T, mid: usize, len: usize, ) -> (ret: (&'a mut [T], &'a mut [T])) requires",115,"pub unsafe fn rust_1_96_split_at_mut_unchecked_raw_parts<'a, T>(
    slice: &'a mut [T],
    ptr: *mut T,
    mid: usize,
    len: usize,
) -> (ret: (&'a mut [T], &'a mut [T]))
    requires
        split_point_in_range(old(slice)@, mid),
        mid <= len,
        len == old(slice)@.len(),
        slice_start_mut_ptr(old(slice)@, ptr),
    ensures
        split_at_mut_unchecked_result(
            old(slice)@,
            mid,
            ret.0@,
            ret.1@,
            final(slice)@,
            final(ret.0)@,
            final(ret.1)@,
        ),
",8bac859c966be11e20b318e295780b243cc30384bfac202f248195dc113fc80e,TS-085-D002,memory-layout-or-provenance-transition,inadmissible-complete-branch-postcondition,complete-on-target-branch,"Under the helper's branch preconditions, its contract supplies every remaining public postcondition for that target branch.",core/src/slice/mod.rs:2195-2199; reviewed callee proof_harnesses/086_core_slice_split_at_mut_unchecked/harness.rs,"{""attribute_line"":93,""contract_end_line"":115,""contract_text"":""pub unsafe fn rust_1_96_split_at_mut_unchecked_raw_parts<'a, T>(\n    slice: &'a mut [T],\n    ptr: *mut T,\n    mid: usize,\n    len: usize,\n) -> (ret: (&'a mut [T], &'a mut [T]))\n    requires\n        split_point_in_range(old(slice)@, mid),\n        mid <= len,\n        len == old(slice)@.len(),\n        slice_start_mut_ptr(old(slice)@, ptr),\n    ensures\n        split_at_mut_unchecked_result(\n            old(slice)@,\n            mid,\n            ret.0@,\n            ret.1@,\n            final(slice)@,\n            final(ret.0)@,\n            final(ret.1)@,\n        ),\n"",""declaration_line"":94,""signature"":""pub unsafe fn rust_1_96_split_at_mut_unchecked_raw_parts<'a, T>( slice: &'a mut [T], ptr: *mut T, mid: usize, len: usize, ) -> (ret: (&'a mut [T], &'a mut [T])) requires"",""symbol"":""rust_1_96_split_at_mut_unchecked_raw_parts""}",complete-branch-postcondition,slice-unknown-authority-v3
TS-086-D001,dependency-manifest-record,core::slice::split_at_mut_unchecked,86,1,shared_contract_vocabulary,split_point_in_range,existing_generated_contract_vocabulary_boundary,The generated unchecked-split contract requires the source-documented index precondition mid <= len; the harness instantiates it as an open Seq-domain helper rather than assuming the target body.,frozen_inputs/slice/specs/slice_shared_vocabulary.rs; core/src/slice/mod.rs:2099-2104,,,/home/chentianyu/nanvix-rust-std-spec-survey/nanvix-rust-std-slice-vec-implproof-2026-08-12/proof_harnesses/086_core_slice_split_at_mut_unchecked/harness.rs,,,,,,,,specification-vocabulary,context-only-specification-vocabulary,not-an-executable-boundary,"This record identifies target-local specification vocabulary. It is retained for binding, but is not admitted as an executable Boundary_T observation or transition.",frozen_inputs/slice/specs/slice_shared_vocabulary.rs; core/src/slice/mod.rs:2099-2104,"{""kind"":""shared_contract_vocabulary"",""name"":""split_point_in_range"",""rationale"":""The generated unchecked-split contract requires the source-documented index precondition mid <= len; the harness instantiates it as an open Seq-domain helper rather than assuming the target body."",""source_lines"":""frozen_inputs/slice/specs/slice_shared_vocabulary.rs; core/src/slice/mod.rs:2099-2104"",""status"":""existing_generated_contract_vocabulary_boundary""}",specification-vocabulary,slice-unknown-authority-v3
TS-086-D002,dependency-manifest-record,core::slice::split_at_mut_unchecked,86,2,reviewed_generated_dependency_boundary,core::slice::as_mut_ptr,reviewed_dependency_reused_for_mut_start_pointer_and_final_frame_fact,The Rust 1.96 body stores let ptr = self.as_mut_ptr(). The harness reuses the reviewed executable null-provenance length-address mutable start-pointer model locally; lower raw-parts/final-frame pointer provenance remains retained.,core/src/slice/mod.rs:2097; proof_harnesses/019_core_slice_as_mut_ptr/harness.rs,,,/home/chentianyu/nanvix-rust-std-spec-survey/nanvix-rust-std-slice-vec-implproof-2026-08-12/proof_harnesses/086_core_slice_split_at_mut_unchecked/harness.rs,,,,,,,,panic-or-domain-transition,admissible-source-backed-support,partial-or-lower-level,"This exact frozen manifest record was audited as a named source dependency, callback, primitive, or local proof bridge. Its final disposition also incorporates every explicitly linked external site.",core/src/slice/mod.rs:2097; proof_harnesses/019_core_slice_as_mut_ptr/harness.rs,"{""kind"":""reviewed_generated_dependency_boundary"",""name"":""core::slice::as_mut_ptr"",""rationale"":""The Rust 1.96 body stores let ptr = self.as_mut_ptr(). The harness reuses the reviewed executable null-provenance length-address mutable start-pointer model locally; lower raw-parts/final-frame pointer provenance remains retained."",""source_lines"":""core/src/slice/mod.rs:2097; proof_harnesses/019_core_slice_as_mut_ptr/harness.rs"",""status"":""reviewed_dependency_reused_for_mut_start_pointer_and_final_frame_fact""}",source-backed-support,slice-unknown-authority-v3
TS-086-D003,dependency-manifest-record,core::slice::split_at_mut_unchecked,86,3,source_backed_unsafe_precondition_boundary,assert_unsafe_precondition(mid <= len),source_bound_checked_in_verified_code_under_contract_precondition,The public harness preserves the Rust unsafe-precondition check and discharges its mid <= len requirement from the generated precondition and observed slice length.,core/src/slice/mod.rs:2099-2104,64e5aaab27b44c5104ff431b7f8c1be361ea556baa432a36e7386e76089a4531,proof_harnesses/086_core_slice_split_at_mut_unchecked/source_excerpt.rs,/home/chentianyu/nanvix-rust-std-spec-survey/nanvix-rust-std-slice-vec-implproof-2026-08-12/proof_harnesses/086_core_slice_split_at_mut_unchecked/harness.rs,,,,,,,,panic-or-domain-transition,admissible-source-backed-support,partial-or-lower-level,"This exact frozen manifest record was audited as a named source dependency, callback, primitive, or local proof bridge. Its final disposition also incorporates every explicitly linked external site.",core/src/slice/mod.rs:2099-2104,"{""kind"":""source_backed_unsafe_precondition_boundary"",""name"":""assert_unsafe_precondition(mid <= len)"",""rationale"":""The public harness preserves the Rust unsafe-precondition check and discharges its mid <= len requirement from the generated precondition and observed slice length."",""source_excerpt_relpath"":""proof_harnesses/086_core_slice_split_at_mut_unchecked/source_excerpt.rs"",""source_lines"":""core/src/slice/mod.rs:2099-2104"",""source_sha256"":""64e5aaab27b44c5104ff431b7f8c1be361ea556baa432a36e7386e76089a4531"",""status"":""source_bound_checked_in_verified_code_under_contract_precondition""}",source-backed-support,slice-unknown-authority-v3
TS-086-D004,dependency-manifest-record,core::slice::split_at_mut_unchecked,86,4,source_verified_unchecked_sub_helper,"unchecked_sub(len, mid)",verified_executable_not_trusted_boundary,The helper now executes the Rust 1.96 unchecked subtraction as `len - mid` after proving the contract precondition `mid <= len`; this arithmetic is no longer a trusted external_body boundary.,core/src/slice/mod.rs:2110,64e5aaab27b44c5104ff431b7f8c1be361ea556baa432a36e7386e76089a4531,proof_harnesses/086_core_slice_split_at_mut_unchecked/source_excerpt.rs,/home/chentianyu/nanvix-rust-std-spec-survey/nanvix-rust-std-slice-vec-implproof-2026-08-12/proof_harnesses/086_core_slice_split_at_mut_unchecked/harness.rs,,,,,,,,panic-or-domain-transition,admissible-source-backed-support,partial-or-lower-level,"This exact frozen manifest record was audited as a named source dependency, callback, primitive, or local proof bridge. Its final disposition also incorporates every explicitly linked external site.",core/src/slice/mod.rs:2110,"{""kind"":""source_verified_unchecked_sub_helper"",""name"":""unchecked_sub(len, mid)"",""rationale"":""The helper now executes the Rust 1.96 unchecked subtraction as `len - mid` after proving the contract precondition `mid <= len`; this arithmetic is no longer a trusted external_body boundary."",""source_excerpt_relpath"":""proof_harnesses/086_core_slice_split_at_mut_unchecked/source_excerpt.rs"",""source_lines"":""core/src/slice/mod.rs:2110"",""source_sha256"":""64e5aaab27b44c5104ff431b7f8c1be361ea556baa432a36e7386e76089a4531"",""status"":""verified_executable_not_trusted_boundary"",""verification"":""proof_inventory/unchecked_sub_boundary_reduction_20260814T2016Z/verus/086_core_slice_split_at_mut_unchecked/actual_verus/stdout""}",source-backed-support,slice-unknown-authority-v3
TS-086-D005,dependency-manifest-record,core::slice::split_at_mut_unchecked,86,5,source_backed_raw_pointer_and_raw_parts_boundary,rust_1_96_split_at_mut_unchecked_raw_parts,minimal_trusted_boundary_for_raw_pointer_split_raw_parts_and_final_frame,"The public target remains executable and calls this private boundary only for the source unsafe tuple from_raw_parts_mut(ptr, mid) and from_raw_parts_mut(ptr.add(mid), unchecked_sub(len, mid)), including raw-pointer provenance, raw-parts aliasing, and final mutable frame reconstruction. The unchecked_sub arithmetic helper itself is now verified executable under mid <= len.",core/src/slice/mod.rs:2107-2111,64e5aaab27b44c5104ff431b7f8c1be361ea556baa432a36e7386e76089a4531,proof_harnesses/086_core_slice_split_at_mut_unchecked/source_excerpt.rs,/home/chentianyu/nanvix-rust-std-spec-survey/nanvix-rust-std-slice-vec-implproof-2026-08-12/proof_harnesses/086_core_slice_split_at_mut_unchecked/harness.rs,,,,,,,,panic-or-domain-transition,mixed-support-includes-answer-bearing-site,mixed-partial-and-complete,This manifest record supports both a lower source transition and an explicitly audited answer-bearing helper; it cannot be admitted as one undifferentiated boundary unit.,core/src/slice/mod.rs:2107-2111,"{""kind"":""source_backed_raw_pointer_and_raw_parts_boundary"",""name"":""rust_1_96_split_at_mut_unchecked_raw_parts"",""rationale"":""The public target remains executable and calls this private boundary only for the source unsafe tuple from_raw_parts_mut(ptr, mid) and from_raw_parts_mut(ptr.add(mid), unchecked_sub(len, mid)), including raw-pointer provenance, raw-parts aliasing, and final mutable frame reconstruction. The unchecked_sub arithmetic helper itself is now verified executable under mid <= len."",""source_excerpt_relpath"":""proof_harnesses/086_core_slice_split_at_mut_unchecked/source_excerpt.rs"",""source_lines"":""core/src/slice/mod.rs:2107-2111"",""source_sha256"":""64e5aaab27b44c5104ff431b7f8c1be361ea556baa432a36e7386e76089a4531"",""status"":""minimal_trusted_boundary_for_raw_pointer_split_raw_parts_and_final_frame""}",source-backed-support,slice-unknown-authority-v3
TS-086-C001,private-helper-callee,core::slice::split_at_mut_unchecked,86,1,private_helper_callee_closure,len,source-indexed,Source-indexed private/public callee closure retained by the implementation-proof dependency manifest.,core/src/slice/iter/macros.rs:142-144,48328fef24b9a414c7599eb67374e2d10f3c26ce8316557ce897b9c9e5203fc1,frozen_inputs/slice/rust-core-slice/iter/macros.rs,/home/chentianyu/nanvix-rust-std-spec-survey/nanvix-rust-std-slice-vec-implproof-2026-08-12/proof_harnesses/086_core_slice_split_at_mut_unchecked/harness.rs,,,,,,,,source-callee-provenance,context-only-source-closure,not-an-executable-boundary,This record closes the source call graph for provenance. It does not itself add an assumed transition or observation.,core/src/slice/iter/macros.rs:142-144,"{""body_end_line"":144,""frozen_relpath"":""frozen_inputs/slice/rust-core-slice/iter/macros.rs"",""item_sha256"":""48328fef24b9a414c7599eb67374e2d10f3c26ce8316557ce897b9c9e5203fc1"",""name"":""len"",""public"":false,""signature_start_line"":142,""source_reference_path"":""core/src/slice/iter/macros.rs""}",source-closure-provenance,slice-unknown-authority-v3
TS-086-C002,private-helper-callee,core::slice::split_at_mut_unchecked,86,2,private_helper_callee_closure,len,source-indexed,Source-indexed private/public callee closure retained by the implementation-proof dependency manifest.,core/src/slice/sort/stable/drift.rs:295-297,39713253c1089e4b037e302f5b7358f257f51d24290f54f0efc0dc25d78323fc,frozen_inputs/slice/rust-core-slice/sort/stable/drift.rs,/home/chentianyu/nanvix-rust-std-spec-survey/nanvix-rust-std-slice-vec-implproof-2026-08-12/proof_harnesses/086_core_slice_split_at_mut_unchecked/harness.rs,,,,,,,,source-callee-provenance,context-only-source-closure,not-an-executable-boundary,This record closes the source call graph for provenance. It does not itself add an assumed transition or observation.,core/src/slice/sort/stable/drift.rs:295-297,"{""body_end_line"":297,""frozen_relpath"":""frozen_inputs/slice/rust-core-slice/sort/stable/drift.rs"",""item_sha256"":""39713253c1089e4b037e302f5b7358f257f51d24290f54f0efc0dc25d78323fc"",""name"":""len"",""public"":false,""signature_start_line"":295,""source_reference_path"":""core/src/slice/sort/stable/drift.rs""}",source-closure-provenance,slice-unknown-authority-v3
TS-086-C003,private-helper-callee,core::slice::split_at_mut_unchecked,86,3,private_helper_callee_closure,len,source-indexed,Source-indexed private/public callee closure retained by the implementation-proof dependency manifest.,alloc/src/vec/in_place_drop.rs:15-17,abc18bdf2169eed2a02867127488f3df813795a68b96b8e832725dab3e82adb9,frozen_inputs/vec/rust-alloc-vec/vec/in_place_drop.rs,/home/chentianyu/nanvix-rust-std-spec-survey/nanvix-rust-std-slice-vec-implproof-2026-08-12/proof_harnesses/086_core_slice_split_at_mut_unchecked/harness.rs,,,,,,,,source-callee-provenance,context-only-source-closure,not-an-executable-boundary,This record closes the source call graph for provenance. It does not itself add an assumed transition or observation.,alloc/src/vec/in_place_drop.rs:15-17,"{""body_end_line"":17,""frozen_relpath"":""frozen_inputs/vec/rust-alloc-vec/vec/in_place_drop.rs"",""item_sha256"":""abc18bdf2169eed2a02867127488f3df813795a68b96b8e832725dab3e82adb9"",""name"":""len"",""public"":false,""signature_start_line"":15,""source_reference_path"":""alloc/src/vec/in_place_drop.rs""}",source-closure-provenance,slice-unknown-authority-v3
TS-086-E001,harness-external-body,core::slice::split_at_mut_unchecked,86,1,verifier::external_body,from_raw_parts_mut,active-explicit-trusted-body,Exact external-body site enumerated from the selected proof harness; semantics and source backing are supplied by linked dependency records and the retained harness signature.,,,,/home/chentianyu/nanvix-rust-std-spec-survey/nanvix-rust-std-slice-vec-implproof-2026-08-12/proof_harnesses/086_core_slice_split_at_mut_unchecked/harness.rs,84,85,"pub unsafe fn from_raw_parts_mut<'a, T>(data: *mut T, len: usize) -> (ret: &'a mut [T]) ensures",89,"pub unsafe fn from_raw_parts_mut<'a, T>(data: *mut T, len: usize) -> (ret: &'a mut [T])
    ensures
        ret@.len() == len,
        slice_start_mut_ptr(ret@, data),
",a8640f8facd0cd2ea0218910b746c77dd8e1a57f1badc1aed30e990898e15f53,TS-086-D005,memory-layout-or-provenance-transition,admissible-source-backed-lower-boundary,partial-or-lower-level,The raw-slice constructor describes an intermediate derived view; additional source steps are required to derive the public result.,core/src/slice/mod.rs:2107-2111,"{""attribute_line"":84,""contract_end_line"":89,""contract_text"":""pub unsafe fn from_raw_parts_mut<'a, T>(data: *mut T, len: usize) -> (ret: &'a mut [T])\n    ensures\n        ret@.len() == len,\n        slice_start_mut_ptr(ret@, data),\n"",""declaration_line"":85,""signature"":""pub unsafe fn from_raw_parts_mut<'a, T>(data: *mut T, len: usize) -> (ret: &'a mut [T]) ensures"",""symbol"":""from_raw_parts_mut""}",intermediate-raw-slice-constructor,slice-unknown-authority-v3
TS-086-E002,harness-external-body,core::slice::split_at_mut_unchecked,86,2,verifier::external_body,rust_1_96_split_at_mut_unchecked_raw_parts,active-explicit-trusted-body,Exact external-body site enumerated from the selected proof harness; semantics and source backing are supplied by linked dependency records and the retained harness signature.,,,,/home/chentianyu/nanvix-rust-std-spec-survey/nanvix-rust-std-slice-vec-implproof-2026-08-12/proof_harnesses/086_core_slice_split_at_mut_unchecked/harness.rs,93,94,"pub unsafe fn rust_1_96_split_at_mut_unchecked_raw_parts<'a, T>( slice: &'a mut [T], ptr: *mut T, mid: usize, len: usize, ) -> (ret: (&'a mut [T], &'a mut [T])) requires",115,"pub unsafe fn rust_1_96_split_at_mut_unchecked_raw_parts<'a, T>(
    slice: &'a mut [T],
    ptr: *mut T,
    mid: usize,
    len: usize,
) -> (ret: (&'a mut [T], &'a mut [T]))
    requires
        split_point_in_range(old(slice)@, mid),
        mid <= len,
        len == old(slice)@.len(),
        slice_start_mut_ptr(old(slice)@, ptr),
    ensures
        split_at_mut_unchecked_result(
            old(slice)@,
            mid,
            ret.0@,
            ret.1@,
            final(slice)@,
            final(ret.0)@,
            final(ret.1)@,
        ),
",8bac859c966be11e20b318e295780b243cc30384bfac202f248195dc113fc80e,TS-086-D005,memory-layout-or-provenance-transition,inadmissible-complete-target-postcondition,complete-target,The retained contract states the target's complete principal return and/or final-state postcondition. Source backing cannot make a whole target answer an admissible Boundary_T observation.,core/src/slice/mod.rs:2107-2111,"{""attribute_line"":93,""contract_end_line"":115,""contract_text"":""pub unsafe fn rust_1_96_split_at_mut_unchecked_raw_parts<'a, T>(\n    slice: &'a mut [T],\n    ptr: *mut T,\n    mid: usize,\n    len: usize,\n) -> (ret: (&'a mut [T], &'a mut [T]))\n    requires\n        split_point_in_range(old(slice)@, mid),\n        mid <= len,\n        len == old(slice)@.len(),\n        slice_start_mut_ptr(old(slice)@, ptr),\n    ensures\n        split_at_mut_unchecked_result(\n            old(slice)@,\n            mid,\n            ret.0@,\n            ret.1@,\n            final(slice)@,\n            final(ret.0)@,\n            final(ret.1)@,\n        ),\n"",""declaration_line"":94,""signature"":""pub unsafe fn rust_1_96_split_at_mut_unchecked_raw_parts<'a, T>( slice: &'a mut [T], ptr: *mut T, mid: usize, len: usize, ) -> (ret: (&'a mut [T], &'a mut [T])) requires"",""symbol"":""rust_1_96_split_at_mut_unchecked_raw_parts""}",complete-target-postcondition,slice-unknown-authority-v3
TS-090-D001,dependency-manifest-record,core::slice::split_first_chunk_mut,90,1,shared_model_helper,array_mut_ref_view;array_value_view;slice_fixed_prefix;split_point_in_range;split_at_mut_unchecked_result;slice_start_mut_ptr;slice_mut_prefix_array_ptr,audited_generated_contract_vocabulary_instantiated_in_harness,The generated mutable prefix/final-frame vocabulary is inlined as open spec definitions; split_point_in_range and split_at_mut_unchecked_result capture the checked mutable-split guard and reviewed unchecked final-frame relation; and the pointer provenance vocabulary connects the reviewed mutable slice pointer shape to the source-backed cast_array/deref boundaries. The target postcondition is attached to the executable target and is not assumed.,"frozen_inputs/slice/specs/slice_shared_vocabulary.rs array_mut_ref_view/array_value_view/slice_fixed_prefix, proof_harnesses/085_core_slice_split_at_mut_checked/harness.rs split_point_in_range/split_at_mut_unchecked_result, and raw-pointer/provenance vocabulary used by core::slice::as_mut_ptr",,,/home/chentianyu/nanvix-rust-std-spec-survey/nanvix-rust-std-slice-vec-implproof-2026-08-12/proof_harnesses/090_core_slice_split_first_chunk_mut/harness.rs,,,,,,,,specification-vocabulary,context-only-specification-vocabulary,not-an-executable-boundary,"This record identifies target-local specification vocabulary. It is retained for binding, but is not admitted as an executable Boundary_T observation or transition.","frozen_inputs/slice/specs/slice_shared_vocabulary.rs array_mut_ref_view/array_value_view/slice_fixed_prefix, proof_harnesses/085_core_slice_split_at_mut_checked/harness.rs split_point_in_range/split_at_mut_unchecked_result, and raw-pointer/provenance vocabulary used by core::slice::as_mut_ptr","{""kind"":""shared_model_helper"",""name"":""array_mut_ref_view;array_value_view;slice_fixed_prefix;split_point_in_range;split_at_mut_unchecked_result;slice_start_mut_ptr;slice_mut_prefix_array_ptr"",""rationale"":""The generated mutable prefix/final-frame vocabulary is inlined as open spec definitions; split_point_in_range and split_at_mut_unchecked_result capture the checked mutable-split guard and reviewed unchecked final-frame relation; and the pointer provenance vocabulary connects the reviewed mutable slice pointer shape to the source-backed cast_array/deref boundaries. The target postcondition is attached to the executable target and is not assumed."",""source_lines"":""frozen_inputs/slice/specs/slice_shared_vocabulary.rs array_mut_ref_view/array_value_view/slice_fixed_prefix, proof_harnesses/085_core_slice_split_at_mut_checked/harness.rs split_point_in_range/split_at_mut_unchecked_result, and raw-pointer/provenance vocabulary used by core::slice::as_mut_ptr"",""status"":""audited_generated_contract_vocabulary_instantiated_in_harness""}",specification-vocabulary,slice-unknown-authority-v3
TS-090-D002,dependency-manifest-record,core::slice::split_first_chunk_mut,90,2,reviewed_generated_dependency_boundary,core::slice::split_at_mut_unchecked,source_shaped_unchecked_mut_split_helper_verified_in_harness_modulo_raw_parts_final_frame_boundary,"The target-local checked mutable split helper now reaches a source-shaped split_at_mut_unchecked implementation copied from the reviewed proof, retaining the lower mutable raw-parts/final-frame split boundary before the existing cast_array/mutable-array-ref boundaries.",core/src/slice/mod.rs:420; checked wrapper modeled on proof_harnesses/085_core_slice_split_at_mut_checked/harness.rs; reviewed unchecked dependency proof_harnesses/086_core_slice_split_at_mut_unchecked/harness.rs,3be6504bdddb52013d9143e4e18804170bf42fae8db6e9404c432e967877e3ab,proof_harnesses/090_core_slice_split_first_chunk_mut/source_excerpt.rs,/home/chentianyu/nanvix-rust-std-spec-survey/nanvix-rust-std-slice-vec-implproof-2026-08-12/proof_harnesses/090_core_slice_split_first_chunk_mut/harness.rs,,,,,,,,panic-or-domain-transition,admissible-source-backed-support,partial-or-lower-level,"This exact frozen manifest record was audited as a named source dependency, callback, primitive, or local proof bridge. Its final disposition also incorporates every explicitly linked external site.",core/src/slice/mod.rs:420; checked wrapper modeled on proof_harnesses/085_core_slice_split_at_mut_checked/harness.rs; reviewed unchecked dependency proof_harnesses/086_core_slice_split_at_mut_unchecked/harness.rs,"{""kind"":""reviewed_generated_dependency_boundary"",""name"":""core::slice::split_at_mut_unchecked"",""rationale"":""The target-local checked mutable split helper now reaches a source-shaped split_at_mut_unchecked implementation copied from the reviewed proof, retaining the lower mutable raw-parts/final-frame split boundary before the existing cast_array/mutable-array-ref boundaries."",""source_excerpt_relpath"":""proof_harnesses/090_core_slice_split_first_chunk_mut/source_excerpt.rs"",""source_lines"":""core/src/slice/mod.rs:420; checked wrapper modeled on proof_harnesses/085_core_slice_split_at_mut_checked/harness.rs; reviewed unchecked dependency proof_harnesses/086_core_slice_split_at_mut_unchecked/harness.rs"",""source_sha256"":""3be6504bdddb52013d9143e4e18804170bf42fae8db6e9404c432e967877e3ab"",""status"":""source_shaped_unchecked_mut_split_helper_verified_in_harness_modulo_raw_parts_final_frame_boundary""}",source-backed-support,slice-unknown-authority-v3
TS-090-D003,dependency-manifest-record,core::slice::split_first_chunk_mut,90,3,source_backed_raw_pointer_cast_boundary,rust_1_96_mut_ptr_cast_array,minimal_trusted_boundary_for_source_backed_first_as_mut_ptr_cast_array,Verus cannot prove mutable raw-pointer provenance for ptr.cast_array() directly in the non-external target body. The boundary body is exactly the Rust 1.96 ptr.cast_array() operation and only links the reviewed mutable slice-start pointer to an array-pointer provenance fact while preserving the mutable prefix slice frame.,core/src/slice/mod.rs:425,3be6504bdddb52013d9143e4e18804170bf42fae8db6e9404c432e967877e3ab,proof_harnesses/090_core_slice_split_first_chunk_mut/source_excerpt.rs,/home/chentianyu/nanvix-rust-std-spec-survey/nanvix-rust-std-slice-vec-implproof-2026-08-12/proof_harnesses/090_core_slice_split_first_chunk_mut/harness.rs,,,,,,,,panic-or-domain-transition,admissible-source-backed-support,partial-or-lower-level,"This exact frozen manifest record was audited as a named source dependency, callback, primitive, or local proof bridge. Its final disposition also incorporates every explicitly linked external site.",core/src/slice/mod.rs:425,"{""kind"":""source_backed_raw_pointer_cast_boundary"",""name"":""rust_1_96_mut_ptr_cast_array"",""rationale"":""Verus cannot prove mutable raw-pointer provenance for ptr.cast_array() directly in the non-external target body. The boundary body is exactly the Rust 1.96 ptr.cast_array() operation and only links the reviewed mutable slice-start pointer to an array-pointer provenance fact while preserving the mutable prefix slice frame."",""source_excerpt_relpath"":""proof_harnesses/090_core_slice_split_first_chunk_mut/source_excerpt.rs"",""source_lines"":""core/src/slice/mod.rs:425"",""source_sha256"":""3be6504bdddb52013d9143e4e18804170bf42fae8db6e9404c432e967877e3ab"",""status"":""minimal_trusted_boundary_for_source_backed_first_as_mut_ptr_cast_array""}",source-backed-support,slice-unknown-authority-v3
TS-090-D004,dependency-manifest-record,core::slice::split_first_chunk_mut,90,4,source_backed_mut_array_ref_final_frame_boundary,rust_1_96_split_first_chunk_mut_array_ref,minimal_trusted_boundary_for_source_backed_prefix_mut_array_ref_cast_and_final_frame,"Only the unsafe mutable array-reference dereference is isolated: its precondition is discharged from split_at_mut_checked(N), which proves first@.len() == N, plus the pointer-array provenance fact. The boundary returns a mutable array reference whose old view is exactly first@ and whose final value reconstructs the mutable prefix frame.",core/src/slice/mod.rs:425,3be6504bdddb52013d9143e4e18804170bf42fae8db6e9404c432e967877e3ab,proof_harnesses/090_core_slice_split_first_chunk_mut/source_excerpt.rs,/home/chentianyu/nanvix-rust-std-spec-survey/nanvix-rust-std-slice-vec-implproof-2026-08-12/proof_harnesses/090_core_slice_split_first_chunk_mut/harness.rs,,,,,,,,panic-or-domain-transition,admissible-source-backed-support,partial-or-lower-level,"This exact frozen manifest record was audited as a named source dependency, callback, primitive, or local proof bridge. Its final disposition also incorporates every explicitly linked external site.",core/src/slice/mod.rs:425,"{""kind"":""source_backed_mut_array_ref_final_frame_boundary"",""name"":""rust_1_96_split_first_chunk_mut_array_ref"",""rationale"":""Only the unsafe mutable array-reference dereference is isolated: its precondition is discharged from split_at_mut_checked(N), which proves first@.len() == N, plus the pointer-array provenance fact. The boundary returns a mutable array reference whose old view is exactly first@ and whose final value reconstructs the mutable prefix frame."",""source_excerpt_relpath"":""proof_harnesses/090_core_slice_split_first_chunk_mut/source_excerpt.rs"",""source_lines"":""core/src/slice/mod.rs:425"",""source_sha256"":""3be6504bdddb52013d9143e4e18804170bf42fae8db6e9404c432e967877e3ab"",""status"":""minimal_trusted_boundary_for_source_backed_prefix_mut_array_ref_cast_and_final_frame""}",source-backed-support,slice-unknown-authority-v3
TS-090-E001,harness-external-body,core::slice::split_first_chunk_mut,90,1,verifier::external_body,from_raw_parts_mut,active-explicit-trusted-body,Exact external-body site enumerated from the selected proof harness; semantics and source backing are supplied by linked dependency records and the retained harness signature.,,,,/home/chentianyu/nanvix-rust-std-spec-survey/nanvix-rust-std-slice-vec-implproof-2026-08-12/proof_harnesses/090_core_slice_split_first_chunk_mut/harness.rs,80,81,"pub unsafe fn from_raw_parts_mut<'a, T>(data: *mut T, len: usize) -> (ret: &'a mut [T]) ensures",85,"pub unsafe fn from_raw_parts_mut<'a, T>(data: *mut T, len: usize) -> (ret: &'a mut [T])
    ensures
        ret@.len() == len,
        slice_start_mut_ptr(ret@, data),
",a8640f8facd0cd2ea0218910b746c77dd8e1a57f1badc1aed30e990898e15f53,TS-090-D002,memory-layout-or-provenance-transition,admissible-source-backed-lower-boundary,partial-or-lower-level,The raw-slice constructor describes an intermediate derived view; additional source steps are required to derive the public result.,core/src/slice/mod.rs:420; checked wrapper modeled on proof_harnesses/085_core_slice_split_at_mut_checked/harness.rs; reviewed unchecked dependency proof_harnesses/086_core_slice_split_at_mut_unchecked/harness.rs,"{""attribute_line"":80,""contract_end_line"":85,""contract_text"":""pub unsafe fn from_raw_parts_mut<'a, T>(data: *mut T, len: usize) -> (ret: &'a mut [T])\n    ensures\n        ret@.len() == len,\n        slice_start_mut_ptr(ret@, data),\n"",""declaration_line"":81,""signature"":""pub unsafe fn from_raw_parts_mut<'a, T>(data: *mut T, len: usize) -> (ret: &'a mut [T]) ensures"",""symbol"":""from_raw_parts_mut""}",intermediate-raw-slice-constructor,slice-unknown-authority-v3
TS-090-E002,harness-external-body,core::slice::split_first_chunk_mut,90,2,verifier::external_body,rust_1_96_split_at_mut_unchecked_raw_parts,active-explicit-trusted-body,Exact external-body site enumerated from the selected proof harness; semantics and source backing are supplied by linked dependency records and the retained harness signature.,,,,/home/chentianyu/nanvix-rust-std-spec-survey/nanvix-rust-std-slice-vec-implproof-2026-08-12/proof_harnesses/090_core_slice_split_first_chunk_mut/harness.rs,89,90,"pub unsafe fn rust_1_96_split_at_mut_unchecked_raw_parts<'a, T>( slice: &'a mut [T], ptr: *mut T, mid: usize, len: usize, ) -> (ret: (&'a mut [T], &'a mut [T])) requires",111,"pub unsafe fn rust_1_96_split_at_mut_unchecked_raw_parts<'a, T>(
    slice: &'a mut [T],
    ptr: *mut T,
    mid: usize,
    len: usize,
) -> (ret: (&'a mut [T], &'a mut [T]))
    requires
        split_point_in_range(old(slice)@, mid),
        mid <= len,
        len == old(slice)@.len(),
        slice_start_mut_ptr(old(slice)@, ptr),
    ensures
        split_at_mut_unchecked_result(
            old(slice)@,
            mid,
            ret.0@,
            ret.1@,
            final(slice)@,
            final(ret.0)@,
            final(ret.1)@,
        ),
",8bac859c966be11e20b318e295780b243cc30384bfac202f248195dc113fc80e,TS-090-D002,memory-layout-or-provenance-transition,admissible-source-backed-lower-boundary,partial-or-lower-level,"The contract exposes an intermediate source split, not the enclosing target's complete return/final-state relation.",core/src/slice/mod.rs:420; checked wrapper modeled on proof_harnesses/085_core_slice_split_at_mut_checked/harness.rs; reviewed unchecked dependency proof_harnesses/086_core_slice_split_at_mut_unchecked/harness.rs,"{""attribute_line"":89,""contract_end_line"":111,""contract_text"":""pub unsafe fn rust_1_96_split_at_mut_unchecked_raw_parts<'a, T>(\n    slice: &'a mut [T],\n    ptr: *mut T,\n    mid: usize,\n    len: usize,\n) -> (ret: (&'a mut [T], &'a mut [T]))\n    requires\n        split_point_in_range(old(slice)@, mid),\n        mid <= len,\n        len == old(slice)@.len(),\n        slice_start_mut_ptr(old(slice)@, ptr),\n    ensures\n        split_at_mut_unchecked_result(\n            old(slice)@,\n            mid,\n            ret.0@,\n            ret.1@,\n            final(slice)@,\n            final(ret.0)@,\n            final(ret.1)@,\n        ),\n"",""declaration_line"":90,""signature"":""pub unsafe fn rust_1_96_split_at_mut_unchecked_raw_parts<'a, T>( slice: &'a mut [T], ptr: *mut T, mid: usize, len: usize, ) -> (ret: (&'a mut [T], &'a mut [T])) requires"",""symbol"":""rust_1_96_split_at_mut_unchecked_raw_parts""}",intermediate-subrange-split,slice-unknown-authority-v3
TS-090-E003,harness-external-body,core::slice::split_first_chunk_mut,90,3,verifier::external_body,rust_1_96_mut_ptr_cast_array,active-explicit-trusted-body,Exact external-body site enumerated from the selected proof harness; semantics and source backing are supplied by linked dependency records and the retained harness signature.,,,,/home/chentianyu/nanvix-rust-std-spec-survey/nanvix-rust-std-slice-vec-implproof-2026-08-12/proof_harnesses/090_core_slice_split_first_chunk_mut/harness.rs,210,211,"pub fn rust_1_96_mut_ptr_cast_array<T, const N: usize>( slice: &mut [T], ptr: *mut T, ) -> (array_ptr: *mut [T; N]) requires",220,"pub fn rust_1_96_mut_ptr_cast_array<T, const N: usize>(
    slice: &mut [T],
    ptr: *mut T,
) -> (array_ptr: *mut [T; N])
    requires
        slice_start_mut_ptr(old(slice)@, ptr),
    ensures
        slice_mut_prefix_array_ptr::<T, N>(old(slice)@, array_ptr),
        final(slice)@ == old(slice)@,
",c1e764c26384f8ac049cc19350364e5c770221f49249e2ae8f0f8bf36bc6ea96,TS-090-D003,memory-layout-or-provenance-transition,admissible-source-backed-lower-boundary,partial-or-lower-level,"The contract isolates a pointer cast/copy, layout, address, or provenance transition and does not state the enclosing target answer.",core/src/slice/mod.rs:425,"{""attribute_line"":210,""contract_end_line"":220,""contract_text"":""pub fn rust_1_96_mut_ptr_cast_array<T, const N: usize>(\n    slice: &mut [T],\n    ptr: *mut T,\n) -> (array_ptr: *mut [T; N])\n    requires\n        slice_start_mut_ptr(old(slice)@, ptr),\n    ensures\n        slice_mut_prefix_array_ptr::<T, N>(old(slice)@, array_ptr),\n        final(slice)@ == old(slice)@,\n"",""declaration_line"":211,""signature"":""pub fn rust_1_96_mut_ptr_cast_array<T, const N: usize>( slice: &mut [T], ptr: *mut T, ) -> (array_ptr: *mut [T; N]) requires"",""symbol"":""rust_1_96_mut_ptr_cast_array""}",pointer-layout-provenance-transition,slice-unknown-authority-v3
TS-090-E004,harness-external-body,core::slice::split_first_chunk_mut,90,4,verifier::external_body,rust_1_96_split_first_chunk_mut_array_ref,active-explicit-trusted-body,Exact external-body site enumerated from the selected proof harness; semantics and source backing are supplied by linked dependency records and the retained harness signature.,,,,/home/chentianyu/nanvix-rust-std-spec-survey/nanvix-rust-std-slice-vec-implproof-2026-08-12/proof_harnesses/090_core_slice_split_first_chunk_mut/harness.rs,224,225,"pub unsafe fn rust_1_96_split_first_chunk_mut_array_ref<'a, T, const N: usize>( first: &'a mut [T], ptr: *mut [T; N], ) -> (ret: &'a mut [T; N]) requires",235,"pub unsafe fn rust_1_96_split_first_chunk_mut_array_ref<'a, T, const N: usize>(
    first: &'a mut [T],
    ptr: *mut [T; N],
) -> (ret: &'a mut [T; N])
    requires
        old(first)@.len() == N,
        slice_mut_prefix_array_ptr::<T, N>(old(first)@, ptr),
    ensures
        array_mut_ref_view::<T, N>(ret) == old(first)@,
        final(first)@ == array_value_view::<T, N>(*final(ret)),
",7041abac64f3013124632b784be161085ddb86cc03c1336e9442bf003b139a4f,TS-090-D004,range-or-borrow-transition,admissible-source-backed-lower-boundary,partial-or-lower-level,The helper operates on a derived sub-borrow or lower source callee; the caller must still construct the target result.,core/src/slice/mod.rs:425,"{""attribute_line"":224,""contract_end_line"":235,""contract_text"":""pub unsafe fn rust_1_96_split_first_chunk_mut_array_ref<'a, T, const N: usize>(\n    first: &'a mut [T],\n    ptr: *mut [T; N],\n) -> (ret: &'a mut [T; N])\n    requires\n        old(first)@.len() == N,\n        slice_mut_prefix_array_ptr::<T, N>(old(first)@, ptr),\n    ensures\n        array_mut_ref_view::<T, N>(ret) == old(first)@,\n        final(first)@ == array_value_view::<T, N>(*final(ret)),\n"",""declaration_line"":225,""signature"":""pub unsafe fn rust_1_96_split_first_chunk_mut_array_ref<'a, T, const N: usize>( first: &'a mut [T], ptr: *mut [T; N], ) -> (ret: &'a mut [T; N]) requires"",""symbol"":""rust_1_96_split_first_chunk_mut_array_ref""}",derived-borrow-source-callee,slice-unknown-authority-v3
TS-091-D001,dependency-manifest-record,core::slice::split_first_mut,91,1,declared_boundary,vstd_mut_slice_split_at_index_contract_for_slice_pattern_desugaring,manifest-declared-boundary,"The Verus harness lowers Rust's unsupported mutable slice pattern `[first, tail @ ..]` to the standard first/tail decomposition using `split_at_mut(1)` and `&mut head[0]`; the trusted interface is limited to the vstd mutable slice split/index/final reconstruction facts needed for that lowering.",core/src/slice/mod.rs:220-222,,,/home/chentianyu/nanvix-rust-std-spec-survey/nanvix-rust-std-slice-vec-implproof-2026-08-12/proof_harnesses/091_core_slice_split_first_mut/harness.rs,,,,,,,,panic-or-domain-transition,admissible-source-backed-support,partial-or-lower-level,"This exact frozen manifest record was audited as a named source dependency, callback, primitive, or local proof bridge. Its final disposition also incorporates every explicitly linked external site.",core/src/slice/mod.rs:220-222,"{""assumption"":""The Verus harness lowers Rust's unsupported mutable slice pattern `[first, tail @ ..]` to the standard first/tail decomposition using `split_at_mut(1)` and `&mut head[0]`; the trusted interface is limited to the vstd mutable slice split/index/final reconstruction facts needed for that lowering."",""boundary"":""vstd_mut_slice_split_at_index_contract_for_slice_pattern_desugaring"",""evidence"":""The saved verified harness preserves the Rust first/tail branch shape with `slice.len() != 0`, `slice.split_at_mut(1)`, and `&mut head[0]`; no target-body external_body, assume_specification, or --no-verify proof marker is present."",""source_lines"":""core/src/slice/mod.rs:220-222""}",source-backed-support,slice-unknown-authority-v3
TS-093-D001,dependency-manifest-record,core::slice::split_inclusive_mut,93,1,source_backed_model_instantiation,slice_iterator_view::<SplitInclusiveMut>;slice_predicate_split_view,minimal_trusted_boundary_for_shared_helper_representation,The generated forward inclusive predicate-split vocabulary is instantiated as local open/closed specs over the extracted SplitInclusiveMut private mutable iterator state; this does not assume the target postcondition.,core/src/slice/iter.rs:807-821 and frozen_inputs/slice/specs/all_slice_specs.rs predicate-split vocabulary,,,/home/chentianyu/nanvix-rust-std-spec-survey/nanvix-rust-std-slice-vec-implproof-2026-08-12/proof_harnesses/093_core_slice_split_inclusive_mut/harness.rs,,,,,,,,panic-or-domain-transition,admissible-source-backed-support,partial-or-lower-level,"This exact frozen manifest record was audited as a named source dependency, callback, primitive, or local proof bridge. Its final disposition also incorporates every explicitly linked external site.",core/src/slice/iter.rs:807-821 and frozen_inputs/slice/specs/all_slice_specs.rs predicate-split vocabulary,"{""kind"":""source_backed_model_instantiation"",""name"":""slice_iterator_view::<SplitInclusiveMut>;slice_predicate_split_view"",""rationale"":""The generated forward inclusive predicate-split vocabulary is instantiated as local open/closed specs over the extracted SplitInclusiveMut private mutable iterator state; this does not assume the target postcondition."",""source_lines"":""core/src/slice/iter.rs:807-821 and frozen_inputs/slice/specs/all_slice_specs.rs predicate-split vocabulary"",""status"":""minimal_trusted_boundary_for_shared_helper_representation""}",source-backed-support,slice-unknown-authority-v3
TS-093-D002,dependency-manifest-record,core::slice::split_inclusive_mut,93,2,source_backed_iterator_view_boundary,repaired generated mutable-iterator contract without final-slice frame,actual_verus_verified_after_contract_repair,The remaining source-backed obligation is the iterator/chunk/predicate view abstraction over returned lazy mutable iterator state; the removed final(slice) frame is no longer part of the contract under proof.,core/src/slice/mod.rs:2326-2331; core/src/slice/iter.rs:816-821,,,/home/chentianyu/nanvix-rust-std-spec-survey/nanvix-rust-std-slice-vec-implproof-2026-08-12/proof_harnesses/093_core_slice_split_inclusive_mut/harness.rs,,,,,,,,panic-or-domain-transition,admissible-source-backed-support,partial-or-lower-level,"This exact frozen manifest record was audited as a named source dependency, callback, primitive, or local proof bridge. Its final disposition also incorporates every explicitly linked external site.",core/src/slice/mod.rs:2326-2331; core/src/slice/iter.rs:816-821,"{""kind"":""source_backed_iterator_view_boundary"",""name"":""repaired generated mutable-iterator contract without final-slice frame"",""rationale"":""The remaining source-backed obligation is the iterator/chunk/predicate view abstraction over returned lazy mutable iterator state; the removed final(slice) frame is no longer part of the contract under proof."",""source_lines"":""core/src/slice/mod.rs:2326-2331; core/src/slice/iter.rs:816-821"",""status"":""actual_verus_verified_after_contract_repair""}",source-backed-support,slice-unknown-authority-v3
TS-093-D003,dependency-manifest-record,core::slice::split_inclusive_mut,93,3,trait_or_callback,F: FnMut(&T) -> bool,preserved_callback_signature_without_target_body_assumption,The Rust constructor stores but does not invoke the predicate. The harness preserves the callback bound and uses only the audited uninterpreted predicate-observation relation.,core/src/slice/mod.rs:2326-2331 and core/src/slice/iter.rs:807-821,,,/home/chentianyu/nanvix-rust-std-spec-survey/nanvix-rust-std-slice-vec-implproof-2026-08-12/proof_harnesses/093_core_slice_split_inclusive_mut/harness.rs,,,,,,,,callback-or-trait-observation,admissible-source-backed-support,partial-or-lower-level,"This exact frozen manifest record was audited as a named source dependency, callback, primitive, or local proof bridge. Its final disposition also incorporates every explicitly linked external site.",core/src/slice/mod.rs:2326-2331 and core/src/slice/iter.rs:807-821,"{""kind"":""trait_or_callback"",""name"":""F: FnMut(&T) -> bool"",""rationale"":""The Rust constructor stores but does not invoke the predicate. The harness preserves the callback bound and uses only the audited uninterpreted predicate-observation relation."",""source_lines"":""core/src/slice/mod.rs:2326-2331 and core/src/slice/iter.rs:807-821"",""status"":""preserved_callback_signature_without_target_body_assumption""}",source-backed-support,slice-unknown-authority-v3
TS-093-D004,dependency-manifest-record,core::slice::split_inclusive_mut,93,4,source_backed_iterator_view_boundary,repaired generated mutable-iterator contract without final-slice frame,actual_verus_verified_after_contract_repair,The remaining source-backed obligation is the iterator/chunk/predicate view abstraction over returned lazy mutable iterator state; the removed final(slice) frame is no longer part of the contract under proof.,core/src/slice/mod.rs:2326-2331; core/src/slice/iter.rs:807-821; generated contract for <[T]>::split_inclusive_mut,,,/home/chentianyu/nanvix-rust-std-spec-survey/nanvix-rust-std-slice-vec-implproof-2026-08-12/proof_harnesses/093_core_slice_split_inclusive_mut/harness.rs,,,,,,,,panic-or-domain-transition,admissible-source-backed-support,partial-or-lower-level,"This exact frozen manifest record was audited as a named source dependency, callback, primitive, or local proof bridge. Its final disposition also incorporates every explicitly linked external site.",core/src/slice/mod.rs:2326-2331; core/src/slice/iter.rs:807-821; generated contract for <[T]>::split_inclusive_mut,"{""kind"":""source_backed_iterator_view_boundary"",""name"":""repaired generated mutable-iterator contract without final-slice frame"",""rationale"":""The remaining source-backed obligation is the iterator/chunk/predicate view abstraction over returned lazy mutable iterator state; the removed final(slice) frame is no longer part of the contract under proof."",""source_lines"":""core/src/slice/mod.rs:2326-2331; core/src/slice/iter.rs:807-821; generated contract for <[T]>::split_inclusive_mut"",""status"":""actual_verus_verified_after_contract_repair""}",source-backed-support,slice-unknown-authority-v3
TS-093-C001,private-helper-callee,core::slice::split_inclusive_mut,93,1,private_helper_callee_closure,SplitInclusiveMut::new,body_preserved_in_harness_actual_verus_verified_after_contract_repair,Source-indexed private/public callee closure retained by the implementation-proof dependency manifest.,core/src/slice/iter.rs:816-821,c309e04ca3da2fc4220ee3f93b4466c578ea7f3f2ef52cca6a3fdf8ac28e53d3,frozen_inputs/slice/rust-core-slice/iter.rs,/home/chentianyu/nanvix-rust-std-spec-survey/nanvix-rust-std-slice-vec-implproof-2026-08-12/proof_harnesses/093_core_slice_split_inclusive_mut/harness.rs,,,,,,,,source-callee-provenance,context-only-source-closure,not-an-executable-boundary,This record closes the source call graph for provenance. It does not itself add an assumed transition or observation.,core/src/slice/iter.rs:816-821,"{""body_end_line"":821,""disposition"":""body_preserved_in_harness_actual_verus_verified_after_contract_repair"",""frozen_relpath"":""frozen_inputs/slice/rust-core-slice/iter.rs"",""item_sha256"":""c309e04ca3da2fc4220ee3f93b4466c578ea7f3f2ef52cca6a3fdf8ac28e53d3"",""name"":""SplitInclusiveMut::new"",""public"":false,""signature_start_line"":816,""source_reference_path"":""core/src/slice/iter.rs""}",source-closure-provenance,slice-unknown-authority-v3
TS-096-D001,dependency-manifest-record,core::slice::split_last_chunk_mut,96,1,shared_model_helper,array_mut_ref_view;array_value_view;slice_fixed_suffix,audited_generated_contract_vocabulary_instantiated_in_harness,The generated mutable fixed-suffix vocabulary is inlined as open spec definitions so Verus can check split_last_chunk_mut without assuming the target postcondition.,frozen_inputs/slice/specs/slice_shared_vocabulary.rs:913-935,,,/home/chentianyu/nanvix-rust-std-spec-survey/nanvix-rust-std-slice-vec-implproof-2026-08-12/proof_harnesses/096_core_slice_split_last_chunk_mut/harness.rs,,,,,,,,specification-vocabulary,context-only-specification-vocabulary,not-an-executable-boundary,"This record identifies target-local specification vocabulary. It is retained for binding, but is not admitted as an executable Boundary_T observation or transition.",frozen_inputs/slice/specs/slice_shared_vocabulary.rs:913-935,"{""kind"":""shared_model_helper"",""name"":""array_mut_ref_view;array_value_view;slice_fixed_suffix"",""rationale"":""The generated mutable fixed-suffix vocabulary is inlined as open spec definitions so Verus can check split_last_chunk_mut without assuming the target postcondition."",""source_lines"":""frozen_inputs/slice/specs/slice_shared_vocabulary.rs:913-935"",""status"":""audited_generated_contract_vocabulary_instantiated_in_harness""}",specification-vocabulary,slice-unknown-authority-v3
TS-096-D002,dependency-manifest-record,core::slice::split_last_chunk_mut,96,2,existing_vstd_source_contract_boundary,<[T]>::split_at_mut,minimal_trusted_boundary_for_safe_mutable_slice_split_view_and_final_frame_facts,The Rust 1.96 target body calls safe split_at_mut(index) after checked_sub proves index = len - N. The harness uses the reviewed vstd mutable split view and final-frame facts at that in-bounds index while the exact-vstd implementation proof for split_at_mut remains a later obligation.,core/src/slice/mod.rs:482; core/src/slice/mod.rs:1947,,,/home/chentianyu/nanvix-rust-std-spec-survey/nanvix-rust-std-slice-vec-implproof-2026-08-12/proof_harnesses/096_core_slice_split_last_chunk_mut/harness.rs,,,,,,,,panic-or-domain-transition,admissible-source-backed-support,partial-or-lower-level,"This exact frozen manifest record was audited as a named source dependency, callback, primitive, or local proof bridge. Its final disposition also incorporates every explicitly linked external site.",core/src/slice/mod.rs:482; core/src/slice/mod.rs:1947,"{""kind"":""existing_vstd_source_contract_boundary"",""name"":""<[T]>::split_at_mut"",""rationale"":""The Rust 1.96 target body calls safe split_at_mut(index) after checked_sub proves index = len - N. The harness uses the reviewed vstd mutable split view and final-frame facts at that in-bounds index while the exact-vstd implementation proof for split_at_mut remains a later obligation."",""source_lines"":""core/src/slice/mod.rs:482; core/src/slice/mod.rs:1947"",""status"":""minimal_trusted_boundary_for_safe_mutable_slice_split_view_and_final_frame_facts""}",source-backed-support,slice-unknown-authority-v3
TS-096-D003,dependency-manifest-record,core::slice::split_last_chunk_mut,96,3,source_backed_raw_pointer_cast_boundary,rust_1_96_split_last_chunk_mut_array_ref,minimal_trusted_boundary_for_source_backed_mut_slice_suffix_array_ref_cast,The public target is executable and keeps the Rust 1.96 checked_sub early-None and split_at_mut(index) structure. Only the final unsafe suffix conversion `unsafe { &mut *(last.as_mut_ptr().cast_array()) }` is isolated in a target-local boundary whose precondition is the proved suffix length N and whose postcondition relates the returned mutable array reference to that suffix view and final frame.,core/src/slice/mod.rs:487,9b9156326fe8307c826a2e1599a682000caa3c60a78b9953c9e7b929dab147bd,proof_harnesses/096_core_slice_split_last_chunk_mut/source_excerpt.rs,/home/chentianyu/nanvix-rust-std-spec-survey/nanvix-rust-std-slice-vec-implproof-2026-08-12/proof_harnesses/096_core_slice_split_last_chunk_mut/harness.rs,,,,,,,,panic-or-domain-transition,admissible-source-backed-support,partial-or-lower-level,"This exact frozen manifest record was audited as a named source dependency, callback, primitive, or local proof bridge. Its final disposition also incorporates every explicitly linked external site.",core/src/slice/mod.rs:487,"{""kind"":""source_backed_raw_pointer_cast_boundary"",""name"":""rust_1_96_split_last_chunk_mut_array_ref"",""rationale"":""The public target is executable and keeps the Rust 1.96 checked_sub early-None and split_at_mut(index) structure. Only the final unsafe suffix conversion `unsafe { &mut *(last.as_mut_ptr().cast_array()) }` is isolated in a target-local boundary whose precondition is the proved suffix length N and whose postcondition relates the returned mutable array reference to that suffix view and final frame."",""source_excerpt_relpath"":""proof_harnesses/096_core_slice_split_last_chunk_mut/source_excerpt.rs"",""source_lines"":""core/src/slice/mod.rs:487"",""source_sha256"":""9b9156326fe8307c826a2e1599a682000caa3c60a78b9953c9e7b929dab147bd"",""status"":""minimal_trusted_boundary_for_source_backed_mut_slice_suffix_array_ref_cast""}",source-backed-support,slice-unknown-authority-v3
TS-096-C001,private-helper-callee,core::slice::split_last_chunk_mut,96,1,private_helper_callee_closure,len,source-indexed,Source-indexed private/public callee closure retained by the implementation-proof dependency manifest.,core/src/slice/iter/macros.rs:142-144,48328fef24b9a414c7599eb67374e2d10f3c26ce8316557ce897b9c9e5203fc1,frozen_inputs/slice/rust-core-slice/iter/macros.rs,/home/chentianyu/nanvix-rust-std-spec-survey/nanvix-rust-std-slice-vec-implproof-2026-08-12/proof_harnesses/096_core_slice_split_last_chunk_mut/harness.rs,,,,,,,,source-callee-provenance,context-only-source-closure,not-an-executable-boundary,This record closes the source call graph for provenance. It does not itself add an assumed transition or observation.,core/src/slice/iter/macros.rs:142-144,"{""body_end_line"":144,""frozen_relpath"":""frozen_inputs/slice/rust-core-slice/iter/macros.rs"",""item_sha256"":""48328fef24b9a414c7599eb67374e2d10f3c26ce8316557ce897b9c9e5203fc1"",""name"":""len"",""public"":false,""signature_start_line"":142,""source_reference_path"":""core/src/slice/iter/macros.rs""}",source-closure-provenance,slice-unknown-authority-v3
TS-096-C002,private-helper-callee,core::slice::split_last_chunk_mut,96,2,private_helper_callee_closure,len,source-indexed,Source-indexed private/public callee closure retained by the implementation-proof dependency manifest.,core/src/slice/sort/stable/drift.rs:295-297,39713253c1089e4b037e302f5b7358f257f51d24290f54f0efc0dc25d78323fc,frozen_inputs/slice/rust-core-slice/sort/stable/drift.rs,/home/chentianyu/nanvix-rust-std-spec-survey/nanvix-rust-std-slice-vec-implproof-2026-08-12/proof_harnesses/096_core_slice_split_last_chunk_mut/harness.rs,,,,,,,,source-callee-provenance,context-only-source-closure,not-an-executable-boundary,This record closes the source call graph for provenance. It does not itself add an assumed transition or observation.,core/src/slice/sort/stable/drift.rs:295-297,"{""body_end_line"":297,""frozen_relpath"":""frozen_inputs/slice/rust-core-slice/sort/stable/drift.rs"",""item_sha256"":""39713253c1089e4b037e302f5b7358f257f51d24290f54f0efc0dc25d78323fc"",""name"":""len"",""public"":false,""signature_start_line"":295,""source_reference_path"":""core/src/slice/sort/stable/drift.rs""}",source-closure-provenance,slice-unknown-authority-v3
TS-096-C003,private-helper-callee,core::slice::split_last_chunk_mut,96,3,private_helper_callee_closure,len,source-indexed,Source-indexed private/public callee closure retained by the implementation-proof dependency manifest.,alloc/src/vec/in_place_drop.rs:15-17,abc18bdf2169eed2a02867127488f3df813795a68b96b8e832725dab3e82adb9,frozen_inputs/vec/rust-alloc-vec/vec/in_place_drop.rs,/home/chentianyu/nanvix-rust-std-spec-survey/nanvix-rust-std-slice-vec-implproof-2026-08-12/proof_harnesses/096_core_slice_split_last_chunk_mut/harness.rs,,,,,,,,source-callee-provenance,context-only-source-closure,not-an-executable-boundary,This record closes the source call graph for provenance. It does not itself add an assumed transition or observation.,alloc/src/vec/in_place_drop.rs:15-17,"{""body_end_line"":17,""frozen_relpath"":""frozen_inputs/vec/rust-alloc-vec/vec/in_place_drop.rs"",""item_sha256"":""abc18bdf2169eed2a02867127488f3df813795a68b96b8e832725dab3e82adb9"",""name"":""len"",""public"":false,""signature_start_line"":15,""source_reference_path"":""alloc/src/vec/in_place_drop.rs""}",source-closure-provenance,slice-unknown-authority-v3
TS-096-E001,harness-external-body,core::slice::split_last_chunk_mut,96,1,verifier::external_body,rust_1_96_split_last_chunk_mut_array_ref,active-explicit-trusted-body,Exact external-body site enumerated from the selected proof harness; semantics and source backing are supplied by linked dependency records and the retained harness signature.,,,,/home/chentianyu/nanvix-rust-std-spec-survey/nanvix-rust-std-slice-vec-implproof-2026-08-12/proof_harnesses/096_core_slice_split_last_chunk_mut/harness.rs,26,27,"pub unsafe fn rust_1_96_split_last_chunk_mut_array_ref<'a, T, const N: usize>( last: &'a mut [T], ) -> (ret: &'a mut [T; N]) requires",35,"pub unsafe fn rust_1_96_split_last_chunk_mut_array_ref<'a, T, const N: usize>(
    last: &'a mut [T],
) -> (ret: &'a mut [T; N])
    requires
       old(last)@.len() == N,
    ensures
       array_mut_ref_view::<T, N>(ret) == old(last)@,
       final(last)@ == array_value_view::<T, N>(*final(ret)),
",632fa5161d65d5473754c7cca110df103c7b1609852d493a42174124adfa1a3c,TS-096-D003,range-or-borrow-transition,admissible-source-backed-lower-boundary,partial-or-lower-level,The helper operates on a derived sub-borrow or lower source callee; the caller must still construct the target result.,core/src/slice/mod.rs:487,"{""attribute_line"":26,""contract_end_line"":35,""contract_text"":""pub unsafe fn rust_1_96_split_last_chunk_mut_array_ref<'a, T, const N: usize>(\n    last: &'a mut [T],\n) -> (ret: &'a mut [T; N])\n    requires\n       old(last)@.len() == N,\n    ensures\n       array_mut_ref_view::<T, N>(ret) == old(last)@,\n       final(last)@ == array_value_view::<T, N>(*final(ret)),\n"",""declaration_line"":27,""signature"":""pub unsafe fn rust_1_96_split_last_chunk_mut_array_ref<'a, T, const N: usize>( last: &'a mut [T], ) -> (ret: &'a mut [T; N]) requires"",""symbol"":""rust_1_96_split_last_chunk_mut_array_ref""}",derived-borrow-source-callee,slice-unknown-authority-v3
TS-097-D001,dependency-manifest-record,core::slice::split_last_mut,97,1,declared_boundary,vstd_mut_slice_split_at_index_contract_for_slice_pattern_desugaring,manifest-declared-boundary,"The Verus harness lowers Rust's unsupported mutable slice pattern `[init @ .., last]` to the standard init/last decomposition using `split_at_mut(slice.len() - 1)` and `&mut tail[0]`; the trusted interface is limited to the vstd mutable slice split/index/final reconstruction facts needed for that lowering.",core/src/slice/mod.rs:262-264,,,/home/chentianyu/nanvix-rust-std-spec-survey/nanvix-rust-std-slice-vec-implproof-2026-08-12/proof_harnesses/097_core_slice_split_last_mut/harness.rs,,,,,,,,panic-or-domain-transition,admissible-source-backed-support,partial-or-lower-level,"This exact frozen manifest record was audited as a named source dependency, callback, primitive, or local proof bridge. Its final disposition also incorporates every explicitly linked external site.",core/src/slice/mod.rs:262-264,"{""assumption"":""The Verus harness lowers Rust's unsupported mutable slice pattern `[init @ .., last]` to the standard init/last decomposition using `split_at_mut(slice.len() - 1)` and `&mut tail[0]`; the trusted interface is limited to the vstd mutable slice split/index/final reconstruction facts needed for that lowering."",""boundary"":""vstd_mut_slice_split_at_index_contract_for_slice_pattern_desugaring"",""evidence"":""The saved verified harness preserves the Rust init/last branch shape with `slice.len() != 0`, `slice.split_at_mut(slice.len() - 1)`, and `&mut tail[0]`; no target-body external_body, assume_specification, or --no-verify proof marker is present."",""source_lines"":""core/src/slice/mod.rs:262-264""}",source-backed-support,slice-unknown-authority-v3
TS-098-D001,dependency-manifest-record,core::slice::split_mut,98,1,source_backed_model_instantiation,slice_iterator_view::<SplitMut>;slice_predicate_split_view,minimal_trusted_boundary_for_shared_helper_representation,The generated forward predicate-split vocabulary is instantiated as local open/closed specs over the extracted SplitMut private mutable iterator state; this does not assume the target postcondition.,core/src/slice/iter.rs:678-690 and frozen_inputs/slice/specs/all_slice_specs.rs predicate-split vocabulary,,,/home/chentianyu/nanvix-rust-std-spec-survey/nanvix-rust-std-slice-vec-implproof-2026-08-12/proof_harnesses/098_core_slice_split_mut/harness.rs,,,,,,,,panic-or-domain-transition,admissible-source-backed-support,partial-or-lower-level,"This exact frozen manifest record was audited as a named source dependency, callback, primitive, or local proof bridge. Its final disposition also incorporates every explicitly linked external site.",core/src/slice/iter.rs:678-690 and frozen_inputs/slice/specs/all_slice_specs.rs predicate-split vocabulary,"{""kind"":""source_backed_model_instantiation"",""name"":""slice_iterator_view::<SplitMut>;slice_predicate_split_view"",""rationale"":""The generated forward predicate-split vocabulary is instantiated as local open/closed specs over the extracted SplitMut private mutable iterator state; this does not assume the target postcondition."",""source_lines"":""core/src/slice/iter.rs:678-690 and frozen_inputs/slice/specs/all_slice_specs.rs predicate-split vocabulary"",""status"":""minimal_trusted_boundary_for_shared_helper_representation""}",source-backed-support,slice-unknown-authority-v3
TS-098-D002,dependency-manifest-record,core::slice::split_mut,98,2,source_backed_iterator_view_boundary,repaired generated mutable-iterator contract without final-slice frame,actual_verus_verified_after_contract_repair,The remaining source-backed obligation is the iterator/chunk/predicate view abstraction over returned lazy mutable iterator state; the removed final(slice) frame is no longer part of the contract under proof.,core/src/slice/mod.rs:2266-2271; core/src/slice/iter.rs:678-690,,,/home/chentianyu/nanvix-rust-std-spec-survey/nanvix-rust-std-slice-vec-implproof-2026-08-12/proof_harnesses/098_core_slice_split_mut/harness.rs,,,,,,,,panic-or-domain-transition,admissible-source-backed-support,partial-or-lower-level,"This exact frozen manifest record was audited as a named source dependency, callback, primitive, or local proof bridge. Its final disposition also incorporates every explicitly linked external site.",core/src/slice/mod.rs:2266-2271; core/src/slice/iter.rs:678-690,"{""kind"":""source_backed_iterator_view_boundary"",""name"":""repaired generated mutable-iterator contract without final-slice frame"",""rationale"":""The remaining source-backed obligation is the iterator/chunk/predicate view abstraction over returned lazy mutable iterator state; the removed final(slice) frame is no longer part of the contract under proof."",""source_lines"":""core/src/slice/mod.rs:2266-2271; core/src/slice/iter.rs:678-690"",""status"":""actual_verus_verified_after_contract_repair""}",source-backed-support,slice-unknown-authority-v3
TS-098-D003,dependency-manifest-record,core::slice::split_mut,98,3,trait_or_callback,F: FnMut(&T) -> bool,preserved_callback_signature_without_target_body_assumption,The Rust constructor stores but does not invoke the predicate. The harness preserves the callback bound and uses only the audited uninterpreted predicate-observation relation.,core/src/slice/mod.rs:2266-2271 and core/src/slice/iter.rs:678-690,,,/home/chentianyu/nanvix-rust-std-spec-survey/nanvix-rust-std-slice-vec-implproof-2026-08-12/proof_harnesses/098_core_slice_split_mut/harness.rs,,,,,,,,callback-or-trait-observation,admissible-source-backed-support,partial-or-lower-level,"This exact frozen manifest record was audited as a named source dependency, callback, primitive, or local proof bridge. Its final disposition also incorporates every explicitly linked external site.",core/src/slice/mod.rs:2266-2271 and core/src/slice/iter.rs:678-690,"{""kind"":""trait_or_callback"",""name"":""F: FnMut(&T) -> bool"",""rationale"":""The Rust constructor stores but does not invoke the predicate. The harness preserves the callback bound and uses only the audited uninterpreted predicate-observation relation."",""source_lines"":""core/src/slice/mod.rs:2266-2271 and core/src/slice/iter.rs:678-690"",""status"":""preserved_callback_signature_without_target_body_assumption""}",source-backed-support,slice-unknown-authority-v3
TS-098-D004,dependency-manifest-record,core::slice::split_mut,98,4,source_backed_iterator_view_boundary,repaired generated mutable-iterator contract without final-slice frame,actual_verus_verified_after_contract_repair,The remaining source-backed obligation is the iterator/chunk/predicate view abstraction over returned lazy mutable iterator state; the removed final(slice) frame is no longer part of the contract under proof.,core/src/slice/mod.rs:2266-2271; core/src/slice/iter.rs:678-690; generated contract for <[T]>::split_mut,,,/home/chentianyu/nanvix-rust-std-spec-survey/nanvix-rust-std-slice-vec-implproof-2026-08-12/proof_harnesses/098_core_slice_split_mut/harness.rs,,,,,,,,panic-or-domain-transition,admissible-source-backed-support,partial-or-lower-level,"This exact frozen manifest record was audited as a named source dependency, callback, primitive, or local proof bridge. Its final disposition also incorporates every explicitly linked external site.",core/src/slice/mod.rs:2266-2271; core/src/slice/iter.rs:678-690; generated contract for <[T]>::split_mut,"{""kind"":""source_backed_iterator_view_boundary"",""name"":""repaired generated mutable-iterator contract without final-slice frame"",""rationale"":""The remaining source-backed obligation is the iterator/chunk/predicate view abstraction over returned lazy mutable iterator state; the removed final(slice) frame is no longer part of the contract under proof."",""source_lines"":""core/src/slice/mod.rs:2266-2271; core/src/slice/iter.rs:678-690; generated contract for <[T]>::split_mut"",""status"":""actual_verus_verified_after_contract_repair""}",source-backed-support,slice-unknown-authority-v3
TS-098-C001,private-helper-callee,core::slice::split_mut,98,1,private_helper_callee_closure,SplitMut::new,body_preserved_in_harness_actual_verus_verified_after_contract_repair,Source-indexed private/public callee closure retained by the implementation-proof dependency manifest.,core/src/slice/iter.rs:689-691,,frozen_inputs/slice/rust-core-slice/iter.rs,/home/chentianyu/nanvix-rust-std-spec-survey/nanvix-rust-std-slice-vec-implproof-2026-08-12/proof_harnesses/098_core_slice_split_mut/harness.rs,,,,,,,,source-callee-provenance,context-only-source-closure,not-an-executable-boundary,This record closes the source call graph for provenance. It does not itself add an assumed transition or observation.,core/src/slice/iter.rs:689-691,"{""body_end_line"":691,""disposition"":""body_preserved_in_harness_actual_verus_verified_after_contract_repair"",""frozen_relpath"":""frozen_inputs/slice/rust-core-slice/iter.rs"",""name"":""SplitMut::new"",""public"":false,""signature_start_line"":689,""source_reference_path"":""core/src/slice/iter.rs""}",source-closure-provenance,slice-unknown-authority-v3
TS-099-D001,dependency-manifest-record,core::slice::split_off,99,1,declared_boundary,source_backed_one_sided_range_bound_model,manifest-declared-boundary,"The generic Rust `R: OneSidedRange<usize>` input is represented by the target-local executable `OneSidedRangeSpec`, which exposes the same `(OneSidedRangeBound, usize)` observation consumed by the Rust 1.96 private helper.",core/src/slice/mod.rs:80-94,,,/home/chentianyu/nanvix-rust-std-spec-survey/nanvix-rust-std-slice-vec-implproof-2026-08-12/proof_harnesses/099_core_slice_split_off/harness.rs,,,,,,,,panic-or-domain-transition,admissible-source-backed-support,partial-or-lower-level,"This exact frozen manifest record was audited as a named source dependency, callback, primitive, or local proof bridge. Its final disposition also incorporates every explicitly linked external site.",core/src/slice/mod.rs:80-94,"{""assumption"":""The generic Rust `R: OneSidedRange<usize>` input is represented by the target-local executable `OneSidedRangeSpec`, which exposes the same `(OneSidedRangeBound, usize)` observation consumed by the Rust 1.96 private helper."",""boundary"":""source_backed_one_sided_range_bound_model"",""evidence"":""The harness executes the source-backed `StartInclusive`, `End`, and `EndInclusive` split-point cases and the `checked_add(1)` overflow-to-None branch before entering the target body."",""source_lines"":""core/src/slice/mod.rs:80-94""}",source-backed-support,slice-unknown-authority-v3
TS-099-D002,dependency-manifest-record,core::slice::split_off,99,2,declared_boundary,vstd_immutable_slice_split_at_view_contract,manifest-declared-boundary,The immutable slice `split_at(split_index)` call uses the reviewed vstd split/index view contract to connect `front` and `back` to the old slice sequence.,core/src/slice/mod.rs:4914-4924,,,/home/chentianyu/nanvix-rust-std-spec-survey/nanvix-rust-std-slice-vec-implproof-2026-08-12/proof_harnesses/099_core_slice_split_off/harness.rs,,,,,,,,panic-or-domain-transition,admissible-source-backed-support,partial-or-lower-level,"This exact frozen manifest record was audited as a named source dependency, callback, primitive, or local proof bridge. Its final disposition also incorporates every explicitly linked external site.",core/src/slice/mod.rs:4914-4924,"{""assumption"":""The immutable slice `split_at(split_index)` call uses the reviewed vstd split/index view contract to connect `front` and `back` to the old slice sequence."",""boundary"":""vstd_immutable_slice_split_at_view_contract"",""evidence"":""The verified harness calls `(*slice_ref).split_at(split_index)` only after proving `split_index <= (*slice_ref).len()`, then uses proof-only `lemma_split_at` assertions to discharge `slice_split_off_partition` for both reassignment branches."",""source_lines"":""core/src/slice/mod.rs:4914-4924""}",source-backed-support,slice-unknown-authority-v3
TS-099-D003,dependency-manifest-record,core::slice::split_off,99,3,declared_boundary,slice_split_off_partition_contract_vocabulary,manifest-declared-boundary,The generated `slice_split_off_partition` vocabulary is the audited prefix/suffix relation `removed + remaining == source || remaining + removed == source`; this helper does not assume the target postcondition.,frozen_inputs/slice/specs/slice_shared_vocabulary.rs:876-882,,,/home/chentianyu/nanvix-rust-std-spec-survey/nanvix-rust-std-slice-vec-implproof-2026-08-12/proof_harnesses/099_core_slice_split_off/harness.rs,,,,,,,,panic-or-domain-transition,admissible-source-backed-support,partial-or-lower-level,"This exact frozen manifest record was audited as a named source dependency, callback, primitive, or local proof bridge. Its final disposition also incorporates every explicitly linked external site.",frozen_inputs/slice/specs/slice_shared_vocabulary.rs:876-882,"{""assumption"":""The generated `slice_split_off_partition` vocabulary is the audited prefix/suffix relation `removed + remaining == source || remaining + removed == source`; this helper does not assume the target postcondition."",""boundary"":""slice_split_off_partition_contract_vocabulary"",""evidence"":""The harness defines the same open spec helper and proves it from the executable `split_at` front/back views."",""source_lines"":""frozen_inputs/slice/specs/slice_shared_vocabulary.rs:876-882""}",source-backed-support,slice-unknown-authority-v3
TS-099-C001,private-helper-callee,core::slice::split_off,99,1,private_helper_callee_closure,split_point_of,source-indexed,Source-indexed private/public callee closure retained by the implementation-proof dependency manifest.,core/src/slice/mod.rs:86-94,c0f5b0f8b5ea1ed78e1ad005851f3da7a581ac745e4d9026c7858ea618bacd60,frozen_inputs/slice/rust-core-slice/mod.rs,/home/chentianyu/nanvix-rust-std-spec-survey/nanvix-rust-std-slice-vec-implproof-2026-08-12/proof_harnesses/099_core_slice_split_off/harness.rs,,,,,,,,source-callee-provenance,context-only-source-closure,not-an-executable-boundary,This record closes the source call graph for provenance. It does not itself add an assumed transition or observation.,core/src/slice/mod.rs:86-94,"{""body_end_line"":94,""frozen_relpath"":""frozen_inputs/slice/rust-core-slice/mod.rs"",""item_sha256"":""c0f5b0f8b5ea1ed78e1ad005851f3da7a581ac745e4d9026c7858ea618bacd60"",""name"":""split_point_of"",""public"":false,""signature_start_line"":86,""source_reference_path"":""core/src/slice/mod.rs""}",source-closure-provenance,slice-unknown-authority-v3
TS-101-D001,dependency-manifest-record,core::slice::split_off_first_mut,101,1,declared_boundary,vstd_core_mem_swap_for_mem_replace_lowering,manifest-declared-boundary,"Verus rejects core::mem::replace without an assume_specification, so the harness uses the standard executable swap-with-empty lowering for the exact Rust expression mem::replace(self, &mut []): initialize an empty mutable slice, core::mem::swap it with the receiver slot, then continue with the old inner slice reference.",core/src/slice/mod.rs:5038,,,/home/chentianyu/nanvix-rust-std-spec-survey/nanvix-rust-std-slice-vec-implproof-2026-08-12/proof_harnesses/101_core_slice_split_off_first_mut/harness.rs,,,,,,,,panic-or-domain-transition,admissible-source-backed-support,partial-or-lower-level,"This exact frozen manifest record was audited as a named source dependency, callback, primitive, or local proof bridge. Its final disposition also incorporates every explicitly linked external site.",core/src/slice/mod.rs:5038,"{""assumption"":""Verus rejects core::mem::replace without an assume_specification, so the harness uses the standard executable swap-with-empty lowering for the exact Rust expression mem::replace(self, &mut []): initialize an empty mutable slice, core::mem::swap it with the receiver slot, then continue with the old inner slice reference."",""boundary"":""vstd_core_mem_swap_for_mem_replace_lowering"",""evidence"":""The saved harness executes core::mem::swap(slice_ref, &mut replacement), binds the old inner slice as slice, and later executes *slice_ref = rem; no target-body external_body, assume_specification, or --no-verify proof marker is present."",""source_lines"":""core/src/slice/mod.rs:5038""}",source-backed-support,slice-unknown-authority-v3
TS-101-D002,dependency-manifest-record,core::slice::split_off_first_mut,101,2,declared_boundary,vstd_mut_slice_split_at_index_contract_for_split_first_mut_desugaring,manifest-declared-boundary,"The Verus harness lowers the split_first_mut empty/nonempty branch to slice.len() != 0, split_at_mut(1), and &mut head[0], matching the already-reviewed mutable slice-pattern decomposition.",core/src/slice/mod.rs:5038-5040,,,/home/chentianyu/nanvix-rust-std-spec-survey/nanvix-rust-std-slice-vec-implproof-2026-08-12/proof_harnesses/101_core_slice_split_off_first_mut/harness.rs,,,,,,,,panic-or-domain-transition,admissible-source-backed-support,partial-or-lower-level,"This exact frozen manifest record was audited as a named source dependency, callback, primitive, or local proof bridge. Its final disposition also incorporates every explicitly linked external site.",core/src/slice/mod.rs:5038-5040,"{""assumption"":""The Verus harness lowers the split_first_mut empty/nonempty branch to slice.len() != 0, split_at_mut(1), and &mut head[0], matching the already-reviewed mutable slice-pattern decomposition."",""boundary"":""vstd_mut_slice_split_at_index_contract_for_split_first_mut_desugaring"",""evidence"":""The saved verified harness preserves the first/rem branch shape after the replacement step, assigns *slice_ref = rem, and returns Some(first)."",""source_lines"":""core/src/slice/mod.rs:5038-5040""}",source-backed-support,slice-unknown-authority-v3
TS-101-D003,dependency-manifest-record,core::slice::split_off_first_mut,101,3,declared_boundary,slice_split_off_first_result_contract_vocabulary,manifest-declared-boundary,"The generated slice_split_off_first_result vocabulary is the audited first/tail relation source.len()!=0, value==source[0], and remaining==source.subrange(1, len); this helper does not assume the target postcondition.",frozen_inputs/slice/specs/slice_shared_vocabulary.rs:884-890,,,/home/chentianyu/nanvix-rust-std-spec-survey/nanvix-rust-std-slice-vec-implproof-2026-08-12/proof_harnesses/101_core_slice_split_off_first_mut/harness.rs,,,,,,,,panic-or-domain-transition,admissible-source-backed-support,partial-or-lower-level,"This exact frozen manifest record was audited as a named source dependency, callback, primitive, or local proof bridge. Its final disposition also incorporates every explicitly linked external site.",frozen_inputs/slice/specs/slice_shared_vocabulary.rs:884-890,"{""assumption"":""The generated slice_split_off_first_result vocabulary is the audited first/tail relation source.len()!=0, value==source[0], and remaining==source.subrange(1, len); this helper does not assume the target postcondition."",""boundary"":""slice_split_off_first_result_contract_vocabulary"",""evidence"":""The harness defines the same open spec helper and proves it from the executable split_at_mut head/rem views."",""source_lines"":""frozen_inputs/slice/specs/slice_shared_vocabulary.rs:884-890""}",source-backed-support,slice-unknown-authority-v3
TS-103-D001,dependency-manifest-record,core::slice::split_off_last_mut,103,1,declared_boundary,vstd_core_mem_swap_for_mem_replace_lowering,manifest-declared-boundary,"Verus rejects core::mem::replace without an assume_specification, so the harness uses the standard executable swap-with-empty lowering for the exact Rust expression mem::replace(self, &mut []): initialize an empty mutable slice, core::mem::swap it with the receiver slot, then continue with the old inner slice reference.",core/src/slice/mod.rs:5088,,,/home/chentianyu/nanvix-rust-std-spec-survey/nanvix-rust-std-slice-vec-implproof-2026-08-12/proof_harnesses/103_core_slice_split_off_last_mut/harness.rs,,,,,,,,panic-or-domain-transition,admissible-source-backed-support,partial-or-lower-level,"This exact frozen manifest record was audited as a named source dependency, callback, primitive, or local proof bridge. Its final disposition also incorporates every explicitly linked external site.",core/src/slice/mod.rs:5088,"{""assumption"":""Verus rejects core::mem::replace without an assume_specification, so the harness uses the standard executable swap-with-empty lowering for the exact Rust expression mem::replace(self, &mut []): initialize an empty mutable slice, core::mem::swap it with the receiver slot, then continue with the old inner slice reference."",""boundary"":""vstd_core_mem_swap_for_mem_replace_lowering"",""evidence"":""The saved harness executes core::mem::swap(slice_ref, &mut replacement), binds the old inner slice as slice, and later executes *slice_ref = rem; no target-body external_body, assume_specification, or --no-verify proof marker is present."",""source_lines"":""core/src/slice/mod.rs:5088""}",source-backed-support,slice-unknown-authority-v3
TS-103-D002,dependency-manifest-record,core::slice::split_off_last_mut,103,2,declared_boundary,vstd_mut_slice_split_at_index_contract_for_split_last_mut_desugaring,manifest-declared-boundary,"The Verus harness lowers the split_last_mut empty/nonempty branch to slice.len() != 0, split_at_mut(slice.len() - 1), and &mut tail[0], matching the already-reviewed mutable slice-pattern decomposition.",core/src/slice/mod.rs:5088-5090,,,/home/chentianyu/nanvix-rust-std-spec-survey/nanvix-rust-std-slice-vec-implproof-2026-08-12/proof_harnesses/103_core_slice_split_off_last_mut/harness.rs,,,,,,,,panic-or-domain-transition,admissible-source-backed-support,partial-or-lower-level,"This exact frozen manifest record was audited as a named source dependency, callback, primitive, or local proof bridge. Its final disposition also incorporates every explicitly linked external site.",core/src/slice/mod.rs:5088-5090,"{""assumption"":""The Verus harness lowers the split_last_mut empty/nonempty branch to slice.len() != 0, split_at_mut(slice.len() - 1), and &mut tail[0], matching the already-reviewed mutable slice-pattern decomposition."",""boundary"":""vstd_mut_slice_split_at_index_contract_for_split_last_mut_desugaring"",""evidence"":""The saved verified harness preserves the last/rem branch shape after the replacement step, assigns *slice_ref = rem, and returns Some(last)."",""source_lines"":""core/src/slice/mod.rs:5088-5090""}",source-backed-support,slice-unknown-authority-v3
TS-103-D003,dependency-manifest-record,core::slice::split_off_last_mut,103,3,declared_boundary,slice_split_off_last_result_contract_vocabulary,manifest-declared-boundary,"The generated slice_split_off_last_result vocabulary is the audited prefix/last relation source.len()!=0, value==source[len-1], and remaining==source.subrange(0, len-1); this helper does not assume the target postcondition.",frozen_inputs/slice/specs/slice_shared_vocabulary.rs:892-900,,,/home/chentianyu/nanvix-rust-std-spec-survey/nanvix-rust-std-slice-vec-implproof-2026-08-12/proof_harnesses/103_core_slice_split_off_last_mut/harness.rs,,,,,,,,panic-or-domain-transition,admissible-source-backed-support,partial-or-lower-level,"This exact frozen manifest record was audited as a named source dependency, callback, primitive, or local proof bridge. Its final disposition also incorporates every explicitly linked external site.",frozen_inputs/slice/specs/slice_shared_vocabulary.rs:892-900,"{""assumption"":""The generated slice_split_off_last_result vocabulary is the audited prefix/last relation source.len()!=0, value==source[len-1], and remaining==source.subrange(0, len-1); this helper does not assume the target postcondition."",""boundary"":""slice_split_off_last_result_contract_vocabulary"",""evidence"":""The harness defines the same open spec helper and proves it from the executable split_at_mut rem/tail views."",""source_lines"":""frozen_inputs/slice/specs/slice_shared_vocabulary.rs:892-900""}",source-backed-support,slice-unknown-authority-v3
TS-104-D001,dependency-manifest-record,core::slice::split_off_mut,104,1,declared_boundary,source_backed_one_sided_range_model,manifest-declared-boundary,"The generic `R: OneSidedRange<usize>` input is represented by the target-local executable `OneSidedRangeSpec` model with `StartInclusive`, `End`, and `EndInclusive` cases, including the `checked_add(1)` overflow-to-None path.",core/src/slice/mod.rs:86-94; core/src/slice/mod.rs:4976,,,/home/chentianyu/nanvix-rust-std-spec-survey/nanvix-rust-std-slice-vec-implproof-2026-08-12/proof_harnesses/104_core_slice_split_off_mut/harness.rs,,,,,,,,panic-or-domain-transition,admissible-source-backed-support,partial-or-lower-level,"This exact frozen manifest record was audited as a named source dependency, callback, primitive, or local proof bridge. Its final disposition also incorporates every explicitly linked external site.",core/src/slice/mod.rs:86-94; core/src/slice/mod.rs:4976,"{""assumption"":""The generic `R: OneSidedRange<usize>` input is represented by the target-local executable `OneSidedRangeSpec` model with `StartInclusive`, `End`, and `EndInclusive` cases, including the `checked_add(1)` overflow-to-None path."",""boundary"":""source_backed_one_sided_range_model"",""evidence"":""The harness preserves the Rust `split_point_of(range)?` early-return flow and does not assume the target postcondition."",""source_lines"":""core/src/slice/mod.rs:86-94; core/src/slice/mod.rs:4976""}",source-backed-support,slice-unknown-authority-v3
TS-104-D002,dependency-manifest-record,core::slice::split_off_mut,104,2,declared_boundary,vstd_core_mem_swap_for_mem_take_lowering,manifest-declared-boundary,"Verus rejects `mem::take(self)` on the mutable slice receiver in this proof setting, so the harness uses the reviewed executable swap-with-empty lowering for the same ownership transfer: initialize an empty mutable slice, `core::mem::swap` it with the receiver slot, and continue with the old inner mutable slice reference.",core/src/slice/mod.rs:4980,,,/home/chentianyu/nanvix-rust-std-spec-survey/nanvix-rust-std-slice-vec-implproof-2026-08-12/proof_harnesses/104_core_slice_split_off_mut/harness.rs,,,,,,,,panic-or-domain-transition,admissible-source-backed-support,partial-or-lower-level,"This exact frozen manifest record was audited as a named source dependency, callback, primitive, or local proof bridge. Its final disposition also incorporates every explicitly linked external site.",core/src/slice/mod.rs:4980,"{""assumption"":""Verus rejects `mem::take(self)` on the mutable slice receiver in this proof setting, so the harness uses the reviewed executable swap-with-empty lowering for the same ownership transfer: initialize an empty mutable slice, `core::mem::swap` it with the receiver slot, and continue with the old inner mutable slice reference."",""boundary"":""vstd_core_mem_swap_for_mem_take_lowering"",""evidence"":""The saved harness executes `core::mem::swap(slice_ref, &mut replacement)`, binds the old inner slice as `slice`, then executes the real direction-dependent `*slice_ref = back/front` reassignment; no target-body external_body, assume_specification, or --no-verify proof marker is present."",""source_lines"":""core/src/slice/mod.rs:4980""}",source-backed-support,slice-unknown-authority-v3
TS-104-D003,dependency-manifest-record,core::slice::split_off_mut,104,3,declared_boundary,vstd_mut_slice_split_at_contract_for_split_off_mut,manifest-declared-boundary,The Verus harness uses the reviewed vstd `split_at_mut` view/final facts for the source `mem::take(self).split_at_mut(split_index)` split.,core/src/slice/mod.rs:4980-4989,,,/home/chentianyu/nanvix-rust-std-spec-survey/nanvix-rust-std-slice-vec-implproof-2026-08-12/proof_harnesses/104_core_slice_split_off_mut/harness.rs,,,,,,,,panic-or-domain-transition,admissible-source-backed-support,partial-or-lower-level,"This exact frozen manifest record was audited as a named source dependency, callback, primitive, or local proof bridge. Its final disposition also incorporates every explicitly linked external site.",core/src/slice/mod.rs:4980-4989,"{""assumption"":""The Verus harness uses the reviewed vstd `split_at_mut` view/final facts for the source `mem::take(self).split_at_mut(split_index)` split."",""boundary"":""vstd_mut_slice_split_at_contract_for_split_off_mut"",""evidence"":""The harness proves `front@ + back@ == old(*self)@` and preserves the Rust `Direction::{Front,Back}` reassignment/return branch order."",""source_lines"":""core/src/slice/mod.rs:4980-4989""}",source-backed-support,slice-unknown-authority-v3
TS-104-D004,dependency-manifest-record,core::slice::split_off_mut,104,4,declared_boundary,source_backed_initial_return_mut_slice_partition,manifest-declared-boundary,"The generated `slice_split_off_partition` vocabulary is the audited prefix/suffix partition helper and does not assume the target body. After removing the unsound `final(ret.unwrap())@` partition clause, Actual Verus discharges the None frame and the initial returned mutable-slice partition established by the executable body.",frozen_inputs/slice/specs/slice_shared_vocabulary.rs; generated contract for <[T]>::split_off_mut,,,/home/chentianyu/nanvix-rust-std-spec-survey/nanvix-rust-std-slice-vec-implproof-2026-08-12/proof_harnesses/104_core_slice_split_off_mut/harness.rs,,,,,,,,panic-or-domain-transition,admissible-source-backed-support,partial-or-lower-level,"This exact frozen manifest record was audited as a named source dependency, callback, primitive, or local proof bridge. Its final disposition also incorporates every explicitly linked external site.",frozen_inputs/slice/specs/slice_shared_vocabulary.rs; generated contract for <[T]>::split_off_mut,"{""assumption"":""The generated `slice_split_off_partition` vocabulary is the audited prefix/suffix partition helper and does not assume the target body. After removing the unsound `final(ret.unwrap())@` partition clause, Actual Verus discharges the None frame and the initial returned mutable-slice partition established by the executable body."",""boundary"":""source_backed_initial_return_mut_slice_partition"",""evidence"":""proof_harnesses/104_core_slice_split_off_mut/evidence/verus_stdout.txt reports verification results:: 3 verified, 0 errors."",""source_lines"":""frozen_inputs/slice/specs/slice_shared_vocabulary.rs; generated contract for <[T]>::split_off_mut""}",source-backed-support,slice-unknown-authority-v3
TS-104-C001,private-helper-callee,core::slice::split_off_mut,104,1,private_helper_callee_closure,split_point_of,source_backed_executable_range_model_in_harness,Source-indexed private/public callee closure retained by the implementation-proof dependency manifest.,core/src/slice/mod.rs:86-94,c0f5b0f8b5ea1ed78e1ad005851f3da7a581ac745e4d9026c7858ea618bacd60,frozen_inputs/slice/rust-core-slice/mod.rs,/home/chentianyu/nanvix-rust-std-spec-survey/nanvix-rust-std-slice-vec-implproof-2026-08-12/proof_harnesses/104_core_slice_split_off_mut/harness.rs,,,,,,,,source-callee-provenance,context-only-source-closure,not-an-executable-boundary,This record closes the source call graph for provenance. It does not itself add an assumed transition or observation.,core/src/slice/mod.rs:86-94,"{""body_end_line"":94,""disposition"":""source_backed_executable_range_model_in_harness"",""frozen_relpath"":""frozen_inputs/slice/rust-core-slice/mod.rs"",""item_sha256"":""c0f5b0f8b5ea1ed78e1ad005851f3da7a581ac745e4d9026c7858ea618bacd60"",""name"":""split_point_of"",""public"":false,""signature_start_line"":86,""source_reference_path"":""core/src/slice/mod.rs""}",source-closure-provenance,slice-unknown-authority-v3
TS-106-D001,dependency-manifest-record,core::slice::splitn_mut,106,1,source_backed_model_instantiation,slice_iterator_view::<SplitNMut>;split_mut_iterator_view;slice_predicate_split_view,minimal_trusted_boundary_for_shared_helper_representation,The generated forward predicate split-limit vocabulary is instantiated over extracted SplitNMut/GenericSplitN/SplitMut mutable iterator state; this does not assume the target postcondition.,"core/src/slice/iter.rs:678-690,1105-1108,1241-1252 and frozen_inputs/slice/specs/all_slice_specs.rs predicate-split vocabulary",,,/home/chentianyu/nanvix-rust-std-spec-survey/nanvix-rust-std-slice-vec-implproof-2026-08-12/proof_harnesses/106_core_slice_splitn_mut/harness.rs,,,,,,,,panic-or-domain-transition,admissible-source-backed-support,partial-or-lower-level,"This exact frozen manifest record was audited as a named source dependency, callback, primitive, or local proof bridge. Its final disposition also incorporates every explicitly linked external site.","core/src/slice/iter.rs:678-690,1105-1108,1241-1252 and frozen_inputs/slice/specs/all_slice_specs.rs predicate-split vocabulary","{""kind"":""source_backed_model_instantiation"",""name"":""slice_iterator_view::<SplitNMut>;split_mut_iterator_view;slice_predicate_split_view"",""rationale"":""The generated forward predicate split-limit vocabulary is instantiated over extracted SplitNMut/GenericSplitN/SplitMut mutable iterator state; this does not assume the target postcondition."",""source_lines"":""core/src/slice/iter.rs:678-690,1105-1108,1241-1252 and frozen_inputs/slice/specs/all_slice_specs.rs predicate-split vocabulary"",""status"":""minimal_trusted_boundary_for_shared_helper_representation""}",source-backed-support,slice-unknown-authority-v3
TS-106-D002,dependency-manifest-record,core::slice::splitn_mut,106,2,source_backed_iterator_view_boundary,repaired generated mutable-iterator contract without final-slice frame,actual_verus_verified_after_contract_repair,The remaining source-backed obligation is the iterator/chunk/predicate view abstraction over returned lazy mutable iterator state; the removed final(slice) frame is no longer part of the contract under proof.,"core/src/slice/mod.rs:2442-2447; core/src/slice/iter.rs:678-690,1105-1108,1241-1252",,,/home/chentianyu/nanvix-rust-std-spec-survey/nanvix-rust-std-slice-vec-implproof-2026-08-12/proof_harnesses/106_core_slice_splitn_mut/harness.rs,,,,,,,,panic-or-domain-transition,admissible-source-backed-support,partial-or-lower-level,"This exact frozen manifest record was audited as a named source dependency, callback, primitive, or local proof bridge. Its final disposition also incorporates every explicitly linked external site.","core/src/slice/mod.rs:2442-2447; core/src/slice/iter.rs:678-690,1105-1108,1241-1252","{""kind"":""source_backed_iterator_view_boundary"",""name"":""repaired generated mutable-iterator contract without final-slice frame"",""rationale"":""The remaining source-backed obligation is the iterator/chunk/predicate view abstraction over returned lazy mutable iterator state; the removed final(slice) frame is no longer part of the contract under proof."",""source_lines"":""core/src/slice/mod.rs:2442-2447; core/src/slice/iter.rs:678-690,1105-1108,1241-1252"",""status"":""actual_verus_verified_after_contract_repair""}",source-backed-support,slice-unknown-authority-v3
TS-106-D003,dependency-manifest-record,core::slice::splitn_mut,106,3,trait_or_callback,F: FnMut(&T) -> bool,preserved_callback_signature_without_target_body_assumption,The Rust constructors store but do not invoke the predicate. The harness preserves the callback bound and uses only the audited uninterpreted predicate-observation relation.,"core/src/slice/mod.rs:2442-2447 and core/src/slice/iter.rs:678-690,1241-1252",,,/home/chentianyu/nanvix-rust-std-spec-survey/nanvix-rust-std-slice-vec-implproof-2026-08-12/proof_harnesses/106_core_slice_splitn_mut/harness.rs,,,,,,,,callback-or-trait-observation,admissible-source-backed-support,partial-or-lower-level,"This exact frozen manifest record was audited as a named source dependency, callback, primitive, or local proof bridge. Its final disposition also incorporates every explicitly linked external site.","core/src/slice/mod.rs:2442-2447 and core/src/slice/iter.rs:678-690,1241-1252","{""kind"":""trait_or_callback"",""name"":""F: FnMut(&T) -> bool"",""rationale"":""The Rust constructors store but do not invoke the predicate. The harness preserves the callback bound and uses only the audited uninterpreted predicate-observation relation."",""source_lines"":""core/src/slice/mod.rs:2442-2447 and core/src/slice/iter.rs:678-690,1241-1252"",""status"":""preserved_callback_signature_without_target_body_assumption""}",source-backed-support,slice-unknown-authority-v3
TS-106-D004,dependency-manifest-record,core::slice::splitn_mut,106,4,source_backed_iterator_view_boundary,repaired generated mutable-iterator contract without final-slice frame,actual_verus_verified_after_contract_repair,The remaining source-backed obligation is the iterator/chunk/predicate view abstraction over returned lazy mutable iterator state; the removed final(slice) frame is no longer part of the contract under proof.,"core/src/slice/mod.rs:2442-2447; core/src/slice/iter.rs:678-690,1105-1108,1241-1252; generated contract for <[T]>::splitn_mut",,,/home/chentianyu/nanvix-rust-std-spec-survey/nanvix-rust-std-slice-vec-implproof-2026-08-12/proof_harnesses/106_core_slice_splitn_mut/harness.rs,,,,,,,,panic-or-domain-transition,admissible-source-backed-support,partial-or-lower-level,"This exact frozen manifest record was audited as a named source dependency, callback, primitive, or local proof bridge. Its final disposition also incorporates every explicitly linked external site.","core/src/slice/mod.rs:2442-2447; core/src/slice/iter.rs:678-690,1105-1108,1241-1252; generated contract for <[T]>::splitn_mut","{""kind"":""source_backed_iterator_view_boundary"",""name"":""repaired generated mutable-iterator contract without final-slice frame"",""rationale"":""The remaining source-backed obligation is the iterator/chunk/predicate view abstraction over returned lazy mutable iterator state; the removed final(slice) frame is no longer part of the contract under proof."",""source_lines"":""core/src/slice/mod.rs:2442-2447; core/src/slice/iter.rs:678-690,1105-1108,1241-1252; generated contract for <[T]>::splitn_mut"",""status"":""actual_verus_verified_after_contract_repair""}",source-backed-support,slice-unknown-authority-v3
TS-106-C001,private-helper-callee,core::slice::splitn_mut,106,1,private_helper_callee_closure,SplitMut::new,body_preserved_in_harness_actual_verus_verified_after_contract_repair,Source-indexed private/public callee closure retained by the implementation-proof dependency manifest.,core/src/slice/iter.rs:689-691,,frozen_inputs/slice/rust-core-slice/iter.rs,/home/chentianyu/nanvix-rust-std-spec-survey/nanvix-rust-std-slice-vec-implproof-2026-08-12/proof_harnesses/106_core_slice_splitn_mut/harness.rs,,,,,,,,source-callee-provenance,context-only-source-closure,not-an-executable-boundary,This record closes the source call graph for provenance. It does not itself add an assumed transition or observation.,core/src/slice/iter.rs:689-691,"{""body_end_line"":691,""disposition"":""body_preserved_in_harness_actual_verus_verified_after_contract_repair"",""frozen_relpath"":""frozen_inputs/slice/rust-core-slice/iter.rs"",""name"":""SplitMut::new"",""public"":false,""signature_start_line"":689,""source_reference_path"":""core/src/slice/iter.rs""}",source-closure-provenance,slice-unknown-authority-v3
TS-106-C002,private-helper-callee,core::slice::splitn_mut,106,2,private_helper_callee_closure,SplitNMut::new,body_preserved_in_harness_actual_verus_verified_after_contract_repair,Source-indexed private/public callee closure retained by the implementation-proof dependency manifest.,core/src/slice/iter.rs:1250-1252,,frozen_inputs/slice/rust-core-slice/iter.rs,/home/chentianyu/nanvix-rust-std-spec-survey/nanvix-rust-std-slice-vec-implproof-2026-08-12/proof_harnesses/106_core_slice_splitn_mut/harness.rs,,,,,,,,source-callee-provenance,context-only-source-closure,not-an-executable-boundary,This record closes the source call graph for provenance. It does not itself add an assumed transition or observation.,core/src/slice/iter.rs:1250-1252,"{""body_end_line"":1252,""disposition"":""body_preserved_in_harness_actual_verus_verified_after_contract_repair"",""frozen_relpath"":""frozen_inputs/slice/rust-core-slice/iter.rs"",""name"":""SplitNMut::new"",""public"":false,""signature_start_line"":1250,""source_reference_path"":""core/src/slice/iter.rs""}",source-closure-provenance,slice-unknown-authority-v3
TS-111-D001,dependency-manifest-record,core::slice::subslice_range,111,1,shared_contract_vocabulary,slice_subslice_in_domain;slice_subslice_range_option_result;slice_subslice_range_result;slice_start_ptr,existing_generated_contract_vocabulary_boundary,The harness instantiates the generated subslice-range vocabulary and the reviewed immutable slice-start pointer vocabulary without assuming the public target body.,,,,/home/chentianyu/nanvix-rust-std-spec-survey/nanvix-rust-std-slice-vec-implproof-2026-08-12/proof_harnesses/111_core_slice_subslice_range/harness.rs,,,,,,,,specification-vocabulary,context-only-specification-vocabulary,not-an-executable-boundary,"This record identifies target-local specification vocabulary. It is retained for binding, but is not admitted as an executable Boundary_T observation or transition.",manifest-local,"{""kind"":""shared_contract_vocabulary"",""name"":""slice_subslice_in_domain;slice_subslice_range_option_result;slice_subslice_range_result;slice_start_ptr"",""rationale"":""The harness instantiates the generated subslice-range vocabulary and the reviewed immutable slice-start pointer vocabulary without assuming the public target body."",""status"":""existing_generated_contract_vocabulary_boundary""}",specification-vocabulary,slice-unknown-authority-v3
TS-111-D002,dependency-manifest-record,core::slice::subslice_range,111,2,generated_target_dependency,core::slice::as_ptr,reviewed_dependency_reused_for_immutable_pointer_start_fact,"Rust 1.96 computes both `self.as_ptr().addr()` and `subslice.as_ptr().addr()`. The harness reuses the reviewed as_ptr raw-cast boundary locally to obtain `slice_start_ptr(..., ptr)` before observing pointer addresses.",core/src/slice/mod.rs:726-728 and 5321-5322,df0d49a1417773cb8932d48e9e7bb06a553039beaca7f20000b9fc6319236c1d,,/home/chentianyu/nanvix-rust-std-spec-survey/nanvix-rust-std-slice-vec-implproof-2026-08-12/proof_harnesses/111_core_slice_subslice_range/harness.rs,,,,,,,,panic-or-domain-transition,admissible-source-backed-support,partial-or-lower-level,"This exact frozen manifest record was audited as a named source dependency, callback, primitive, or local proof bridge. Its final disposition also incorporates every explicitly linked external site.",core/src/slice/mod.rs:726-728 and 5321-5322,"{""kind"":""generated_target_dependency"",""name"":""core::slice::as_ptr"",""rationale"":""Rust 1.96 computes both `self.as_ptr().addr()` and `subslice.as_ptr().addr()`. The harness reuses the reviewed as_ptr raw-cast boundary locally to obtain `slice_start_ptr(..., ptr)` before observing pointer addresses."",""source_lines"":""core/src/slice/mod.rs:726-728 and 5321-5322"",""source_sha256"":""df0d49a1417773cb8932d48e9e7bb06a553039beaca7f20000b9fc6319236c1d"",""status"":""reviewed_dependency_reused_for_immutable_pointer_start_fact""}",source-backed-support,slice-unknown-authority-v3
TS-111-D003,dependency-manifest-record,core::slice::subslice_range,111,3,source_backed_zst_panic_boundary,rust_1_96_subslice_range_zst_panic,retained_minimal_source_backed_boundary_for_zst_panic_only,The source body panics on `T::IS_ZST` before dividing by `size_of::<T>()`; the harness preserves the panic branch as the retained ZST-domain boundary while `rust_1_96_type_is_zst` and `rust_1_96_size_of` now verify from concrete `core::mem::size_of::<T>()`.,"core/src/slice/mod.rs:5316-5318,5326",a7deec2b313078cd2025212553c60d1578ed93aac7baa15a11c2749f97fd5421,proof_harnesses/111_core_slice_subslice_range/source_excerpt.rs,/home/chentianyu/nanvix-rust-std-spec-survey/nanvix-rust-std-slice-vec-implproof-2026-08-12/proof_harnesses/111_core_slice_subslice_range/harness.rs,,,,,,,,panic-or-domain-transition,admissible-source-backed-support,partial-or-lower-level,"This exact frozen manifest record was audited as a named source dependency, callback, primitive, or local proof bridge. Its final disposition also incorporates every explicitly linked external site.","core/src/slice/mod.rs:5316-5318,5326","{""kind"":""source_backed_zst_panic_boundary"",""name"":""rust_1_96_subslice_range_zst_panic"",""rationale"":""The source body panics on `T::IS_ZST` before dividing by `size_of::<T>()`; the harness preserves the panic branch as the retained ZST-domain boundary while `rust_1_96_type_is_zst` and `rust_1_96_size_of` now verify from concrete `core::mem::size_of::<T>()`."",""source_excerpt_relpath"":""proof_harnesses/111_core_slice_subslice_range/source_excerpt.rs"",""source_lines"":""core/src/slice/mod.rs:5316-5318,5326"",""source_sha256"":""a7deec2b313078cd2025212553c60d1578ed93aac7baa15a11c2749f97fd5421"",""status"":""retained_minimal_source_backed_boundary_for_zst_panic_only""}",source-backed-support,slice-unknown-authority-v3
TS-111-D004,dependency-manifest-record,core::slice::subslice_range,111,4,source_verified_pointer_address_helper,rust_1_96_ptr_addr,verified_executable_not_trusted_boundary,"Verus supports the Rust 1.96 `ptr.addr()` wrapper here, so the target-local pointer-address observation helper is executable. The generated Seq view still has no provenance/address model, so the lower pointer-domain result bridges remain retained.",core/src/slice/mod.rs:5321-5322,a7deec2b313078cd2025212553c60d1578ed93aac7baa15a11c2749f97fd5421,proof_harnesses/111_core_slice_subslice_range/source_excerpt.rs,/home/chentianyu/nanvix-rust-std-spec-survey/nanvix-rust-std-slice-vec-implproof-2026-08-12/proof_harnesses/111_core_slice_subslice_range/harness.rs,,,,,,,,panic-or-domain-transition,admissible-source-backed-support,partial-or-lower-level,"This exact frozen manifest record was audited as a named source dependency, callback, primitive, or local proof bridge. Its final disposition also incorporates every explicitly linked external site.",core/src/slice/mod.rs:5321-5322,"{""kind"":""source_verified_pointer_address_helper"",""name"":""rust_1_96_ptr_addr"",""rationale"":""Verus supports the Rust 1.96 `ptr.addr()` wrapper here, so the target-local pointer-address observation helper is executable. The generated Seq view still has no provenance/address model, so the lower pointer-domain result bridges remain retained."",""source_excerpt_relpath"":""proof_harnesses/111_core_slice_subslice_range/source_excerpt.rs"",""source_lines"":""core/src/slice/mod.rs:5321-5322"",""source_sha256"":""a7deec2b313078cd2025212553c60d1578ed93aac7baa15a11c2749f97fd5421"",""status"":""verified_executable_not_trusted_boundary""}",source-backed-support,slice-unknown-authority-v3
TS-111-D005,dependency-manifest-record,core::slice::subslice_range,111,5,source_verified_layout_pointer_alignment_range_arithmetic_helpers,rust_1_96_type_is_zst;rust_1_96_size_of;rust_1_96_ptr_addr;rust_1_96_wrapping_sub;rust_1_96_is_multiple_of;rust_1_96_divide_byte_offset;rust_1_96_wrapping_add,verified_executable_not_trusted_boundary,"The public target preserves the concrete `core::mem::size_of::<T>() == 0` ZST test, the concrete nonzero `size_of::<T>()` fact after the panic branch, pointer-address observations, wrapping address subtraction, alignment check via `is_multiple_of(size_of::<T>())`, byte-offset division, and wrapping end construction. These source-pure operations now have executable verified helper bodies rather than trusted `external_body` boundaries; the pointer-domain bridges still carry the provenance/address facts that pure arithmetic cannot provide.",core/src/slice/mod.rs:5324-5331,a7deec2b313078cd2025212553c60d1578ed93aac7baa15a11c2749f97fd5421,proof_harnesses/111_core_slice_subslice_range/source_excerpt.rs,/home/chentianyu/nanvix-rust-std-spec-survey/nanvix-rust-std-slice-vec-implproof-2026-08-12/proof_harnesses/111_core_slice_subslice_range/harness.rs,,,,,,,,panic-or-domain-transition,admissible-source-backed-support,partial-or-lower-level,"This exact frozen manifest record was audited as a named source dependency, callback, primitive, or local proof bridge. Its final disposition also incorporates every explicitly linked external site.",core/src/slice/mod.rs:5324-5331,"{""kind"":""source_verified_layout_pointer_alignment_range_arithmetic_helpers"",""name"":""rust_1_96_type_is_zst;rust_1_96_size_of;rust_1_96_ptr_addr;rust_1_96_wrapping_sub;rust_1_96_is_multiple_of;rust_1_96_divide_byte_offset;rust_1_96_wrapping_add"",""rationale"":""The public target preserves the concrete `core::mem::size_of::<T>() == 0` ZST test, the concrete nonzero `size_of::<T>()` fact after the panic branch, pointer-address observations, wrapping address subtraction, alignment check via `is_multiple_of(size_of::<T>())`, byte-offset division, and wrapping end construction. These source-pure operations now have executable verified helper bodies rather than trusted `external_body` boundaries; the pointer-domain bridges still carry the provenance/address facts that pure arithmetic cannot provide."",""source_excerpt_relpath"":""proof_harnesses/111_core_slice_subslice_range/source_excerpt.rs"",""source_lines"":""core/src/slice/mod.rs:5324-5331"",""source_sha256"":""a7deec2b313078cd2025212553c60d1578ed93aac7baa15a11c2749f97fd5421"",""status"":""verified_executable_not_trusted_boundary""}",source-backed-support,slice-unknown-authority-v3
TS-111-D006,dependency-manifest-record,core::slice::subslice_range,111,6,source_backed_pointer_domain_result_bridge_boundary,rust_1_96_subslice_range_unaligned_bridge;rust_1_96_subslice_range_oob_bridge;rust_1_96_subslice_range_some_bridge,minimal_result_bridge_for_pointer_provenance_alignment_domain_contract,"The source distinguishes unaligned None, out-of-slice None, and length-guarded Some(start..end), but the pure contract vocabulary is relational over pointer-domain membership. The bridge connects preserved source branches to that vocabulary without forcing uniqueness or changing the contract.",core/src/slice/mod.rs:5324-5336,a7deec2b313078cd2025212553c60d1578ed93aac7baa15a11c2749f97fd5421,proof_harnesses/111_core_slice_subslice_range/source_excerpt.rs,/home/chentianyu/nanvix-rust-std-spec-survey/nanvix-rust-std-slice-vec-implproof-2026-08-12/proof_harnesses/111_core_slice_subslice_range/harness.rs,,,,,,,,panic-or-domain-transition,inadmissible-answer-bearing-support,complete-or-answer-equivalent,"Every linked executable site is explicitly audited as a complete target/branch postcondition, answer-equivalent result, or opaque whole algorithm. Source citation does not make it admissible.",core/src/slice/mod.rs:5324-5336,"{""kind"":""source_backed_pointer_domain_result_bridge_boundary"",""name"":""rust_1_96_subslice_range_unaligned_bridge;rust_1_96_subslice_range_oob_bridge;rust_1_96_subslice_range_some_bridge"",""rationale"":""The source distinguishes unaligned None, out-of-slice None, and length-guarded Some(start..end), but the pure contract vocabulary is relational over pointer-domain membership. The bridge connects preserved source branches to that vocabulary without forcing uniqueness or changing the contract."",""source_excerpt_relpath"":""proof_harnesses/111_core_slice_subslice_range/source_excerpt.rs"",""source_lines"":""core/src/slice/mod.rs:5324-5336"",""source_sha256"":""a7deec2b313078cd2025212553c60d1578ed93aac7baa15a11c2749f97fd5421"",""status"":""minimal_result_bridge_for_pointer_provenance_alignment_domain_contract""}",source-backed-support,slice-unknown-authority-v3
TS-111-C001,private-helper-callee,core::slice::subslice_range,111,1,private_helper_callee_closure,len,source-indexed,Source-indexed private/public callee closure retained by the implementation-proof dependency manifest.,core/src/slice/iter/macros.rs:142-144,48328fef24b9a414c7599eb67374e2d10f3c26ce8316557ce897b9c9e5203fc1,frozen_inputs/slice/rust-core-slice/iter/macros.rs,/home/chentianyu/nanvix-rust-std-spec-survey/nanvix-rust-std-slice-vec-implproof-2026-08-12/proof_harnesses/111_core_slice_subslice_range/harness.rs,,,,,,,,source-callee-provenance,context-only-source-closure,not-an-executable-boundary,This record closes the source call graph for provenance. It does not itself add an assumed transition or observation.,core/src/slice/iter/macros.rs:142-144,"{""body_end_line"":144,""frozen_relpath"":""frozen_inputs/slice/rust-core-slice/iter/macros.rs"",""item_sha256"":""48328fef24b9a414c7599eb67374e2d10f3c26ce8316557ce897b9c9e5203fc1"",""name"":""len"",""public"":false,""signature_start_line"":142,""source_reference_path"":""core/src/slice/iter/macros.rs""}",source-closure-provenance,slice-unknown-authority-v3
TS-111-C002,private-helper-callee,core::slice::subslice_range,111,2,private_helper_callee_closure,len,source-indexed,Source-indexed private/public callee closure retained by the implementation-proof dependency manifest.,core/src/slice/sort/stable/drift.rs:295-297,39713253c1089e4b037e302f5b7358f257f51d24290f54f0efc0dc25d78323fc,frozen_inputs/slice/rust-core-slice/sort/stable/drift.rs,/home/chentianyu/nanvix-rust-std-spec-survey/nanvix-rust-std-slice-vec-implproof-2026-08-12/proof_harnesses/111_core_slice_subslice_range/harness.rs,,,,,,,,source-callee-provenance,context-only-source-closure,not-an-executable-boundary,This record closes the source call graph for provenance. It does not itself add an assumed transition or observation.,core/src/slice/sort/stable/drift.rs:295-297,"{""body_end_line"":297,""frozen_relpath"":""frozen_inputs/slice/rust-core-slice/sort/stable/drift.rs"",""item_sha256"":""39713253c1089e4b037e302f5b7358f257f51d24290f54f0efc0dc25d78323fc"",""name"":""len"",""public"":false,""signature_start_line"":295,""source_reference_path"":""core/src/slice/sort/stable/drift.rs""}",source-closure-provenance,slice-unknown-authority-v3
TS-111-C003,private-helper-callee,core::slice::subslice_range,111,3,private_helper_callee_closure,len,source-indexed,Source-indexed private/public callee closure retained by the implementation-proof dependency manifest.,alloc/src/vec/in_place_drop.rs:15-17,abc18bdf2169eed2a02867127488f3df813795a68b96b8e832725dab3e82adb9,frozen_inputs/vec/rust-alloc-vec/vec/in_place_drop.rs,/home/chentianyu/nanvix-rust-std-spec-survey/nanvix-rust-std-slice-vec-implproof-2026-08-12/proof_harnesses/111_core_slice_subslice_range/harness.rs,,,,,,,,source-callee-provenance,context-only-source-closure,not-an-executable-boundary,This record closes the source call graph for provenance. It does not itself add an assumed transition or observation.,alloc/src/vec/in_place_drop.rs:15-17,"{""body_end_line"":17,""frozen_relpath"":""frozen_inputs/vec/rust-alloc-vec/vec/in_place_drop.rs"",""item_sha256"":""abc18bdf2169eed2a02867127488f3df813795a68b96b8e832725dab3e82adb9"",""name"":""len"",""public"":false,""signature_start_line"":15,""source_reference_path"":""alloc/src/vec/in_place_drop.rs""}",source-closure-provenance,slice-unknown-authority-v3
TS-111-E001,harness-external-body,core::slice::subslice_range,111,1,verifier::external_body,rust_1_96_subslice_range_zst_panic,active-explicit-trusted-body,Exact external-body site enumerated from the selected proof harness; semantics and source backing are supplied by linked dependency records and the retained harness signature.,,,,/home/chentianyu/nanvix-rust-std-spec-survey/nanvix-rust-std-slice-vec-implproof-2026-08-12/proof_harnesses/111_core_slice_subslice_range/harness.rs,52,53,pub fn rust_1_96_subslice_range_zst_panic<T>() ensures,56,"pub fn rust_1_96_subslice_range_zst_panic<T>()
    ensures
        false,
",1903e86a61c1a1054dda1e1dc5517e6c13ed2848856926f70ef316d6cae4d779,TS-111-D003,panic-edge,admissible-source-backed-lower-boundary,partial-or-lower-level,The contract models a source panic/divergence edge and supplies no normal target return or aggregate final state.,"core/src/slice/mod.rs:5316-5318,5326","{""attribute_line"":52,""contract_end_line"":56,""contract_text"":""pub fn rust_1_96_subslice_range_zst_panic<T>()\n    ensures\n        false,\n"",""declaration_line"":53,""signature"":""pub fn rust_1_96_subslice_range_zst_panic<T>() ensures"",""symbol"":""rust_1_96_subslice_range_zst_panic""}",panic-edge,slice-unknown-authority-v3
TS-111-E002,harness-external-body,core::slice::subslice_range,111,2,verifier::external_body,rust_1_96_subslice_range_unaligned_bridge,active-explicit-trusted-body,Exact external-body site enumerated from the selected proof harness; semantics and source backing are supplied by linked dependency records and the retained harness signature.,,,,/home/chentianyu/nanvix-rust-std-spec-survey/nanvix-rust-std-slice-vec-implproof-2026-08-12/proof_harnesses/111_core_slice_subslice_range/harness.rs,112,113,"pub proof fn rust_1_96_subslice_range_unaligned_bridge<T>( seq: Seq<T>, subslice: Seq<T>, self_ptr: *const T, subslice_ptr: *const T, self_start: usize, subslice_start: usize, byte_start: usize, size: usize, ) requires",129,"pub proof fn rust_1_96_subslice_range_unaligned_bridge<T>(
    seq: Seq<T>,
    subslice: Seq<T>,
    self_ptr: *const T,
    subslice_ptr: *const T,
    self_start: usize,
    subslice_start: usize,
    byte_start: usize,
    size: usize,
)
    requires
        slice_start_ptr(seq, self_ptr),
        slice_start_ptr(subslice, subslice_ptr),
        size > 0,
    ensures
        slice_subslice_range_option_result(seq, subslice, None),
",930b7da3f5a3a487972c7815b6b2b200c6e41744f78cb9a0c1d50e298b6a0558,TS-111-D006,range-or-borrow-transition,inadmissible-complete-branch-postcondition,complete-on-target-branch,"Under the helper's branch preconditions, its contract supplies every remaining public postcondition for that target branch.",core/src/slice/mod.rs:5324-5336,"{""attribute_line"":112,""contract_end_line"":129,""contract_text"":""pub proof fn rust_1_96_subslice_range_unaligned_bridge<T>(\n    seq: Seq<T>,\n    subslice: Seq<T>,\n    self_ptr: *const T,\n    subslice_ptr: *const T,\n    self_start: usize,\n    subslice_start: usize,\n    byte_start: usize,\n    size: usize,\n)\n    requires\n        slice_start_ptr(seq, self_ptr),\n        slice_start_ptr(subslice, subslice_ptr),\n        size > 0,\n    ensures\n        slice_subslice_range_option_result(seq, subslice, None),\n"",""declaration_line"":113,""signature"":""pub proof fn rust_1_96_subslice_range_unaligned_bridge<T>( seq: Seq<T>, subslice: Seq<T>, self_ptr: *const T, subslice_ptr: *const T, self_start: usize, subslice_start: usize, byte_start: usize, size: usize, ) requires"",""symbol"":""rust_1_96_subslice_range_unaligned_bridge""}",complete-branch-postcondition,slice-unknown-authority-v3
TS-111-E003,harness-external-body,core::slice::subslice_range,111,3,verifier::external_body,rust_1_96_subslice_range_oob_bridge,active-explicit-trusted-body,Exact external-body site enumerated from the selected proof harness; semantics and source backing are supplied by linked dependency records and the retained harness signature.,,,,/home/chentianyu/nanvix-rust-std-spec-survey/nanvix-rust-std-slice-vec-implproof-2026-08-12/proof_harnesses/111_core_slice_subslice_range/harness.rs,132,133,"pub proof fn rust_1_96_subslice_range_oob_bridge<T>( seq: Seq<T>, subslice: Seq<T>, self_ptr: *const T, subslice_ptr: *const T, self_start: usize, subslice_start: usize, byte_start: usize, size: usize, start: usize, end: usize, ) requires",152,"pub proof fn rust_1_96_subslice_range_oob_bridge<T>(
    seq: Seq<T>,
    subslice: Seq<T>,
    self_ptr: *const T,
    subslice_ptr: *const T,
    self_start: usize,
    subslice_start: usize,
    byte_start: usize,
    size: usize,
    start: usize,
    end: usize,
)
    requires
        slice_start_ptr(seq, self_ptr),
        slice_start_ptr(subslice, subslice_ptr),
        size > 0,
        !(start <= seq.len() && end <= seq.len()),
    ensures
        slice_subslice_range_option_result(seq, subslice, None),
",34d87de7e3ca4982a20aaa20c33ef8be1b95c3a930be35e4960879997c7cecc6,TS-111-D006,range-or-borrow-transition,inadmissible-complete-branch-postcondition,complete-on-target-branch,"Under the helper's branch preconditions, its contract supplies every remaining public postcondition for that target branch.",core/src/slice/mod.rs:5324-5336,"{""attribute_line"":132,""contract_end_line"":152,""contract_text"":""pub proof fn rust_1_96_subslice_range_oob_bridge<T>(\n    seq: Seq<T>,\n    subslice: Seq<T>,\n    self_ptr: *const T,\n    subslice_ptr: *const T,\n    self_start: usize,\n    subslice_start: usize,\n    byte_start: usize,\n    size: usize,\n    start: usize,\n    end: usize,\n)\n    requires\n        slice_start_ptr(seq, self_ptr),\n        slice_start_ptr(subslice, subslice_ptr),\n        size > 0,\n        !(start <= seq.len() && end <= seq.len()),\n    ensures\n        slice_subslice_range_option_result(seq, subslice, None),\n"",""declaration_line"":133,""signature"":""pub proof fn rust_1_96_subslice_range_oob_bridge<T>( seq: Seq<T>, subslice: Seq<T>, self_ptr: *const T, subslice_ptr: *const T, self_start: usize, subslice_start: usize, byte_start: usize, size: usize, start: usize, end: usize, ) requires"",""symbol"":""rust_1_96_subslice_range_oob_bridge""}",complete-branch-postcondition,slice-unknown-authority-v3
TS-111-E004,harness-external-body,core::slice::subslice_range,111,4,verifier::external_body,rust_1_96_subslice_range_some_bridge,active-explicit-trusted-body,Exact external-body site enumerated from the selected proof harness; semantics and source backing are supplied by linked dependency records and the retained harness signature.,,,,/home/chentianyu/nanvix-rust-std-spec-survey/nanvix-rust-std-slice-vec-implproof-2026-08-12/proof_harnesses/111_core_slice_subslice_range/harness.rs,155,156,"pub proof fn rust_1_96_subslice_range_some_bridge<T>( seq: Seq<T>, subslice: Seq<T>, self_ptr: *const T, subslice_ptr: *const T, self_start: usize, subslice_start: usize, byte_start: usize, size: usize, start: usize, end: usize, ) requires",176,"pub proof fn rust_1_96_subslice_range_some_bridge<T>(
    seq: Seq<T>,
    subslice: Seq<T>,
    self_ptr: *const T,
    subslice_ptr: *const T,
    self_start: usize,
    subslice_start: usize,
    byte_start: usize,
    size: usize,
    start: usize,
    end: usize,
)
    requires
        slice_start_ptr(seq, self_ptr),
        slice_start_ptr(subslice, subslice_ptr),
        size > 0,
        start <= seq.len(),
        end <= seq.len(),
    ensures
        slice_subslice_range_option_result(seq, subslice, Some(Range { start, end })),
",964161a173f3af7d815dae10031bfb12cef425f14fedd38c973504a03b7db4de,TS-111-D006,range-or-borrow-transition,inadmissible-complete-branch-postcondition,complete-on-target-branch,"Under the helper's branch preconditions, its contract supplies every remaining public postcondition for that target branch.",core/src/slice/mod.rs:5324-5336,"{""attribute_line"":155,""contract_end_line"":176,""contract_text"":""pub proof fn rust_1_96_subslice_range_some_bridge<T>(\n    seq: Seq<T>,\n    subslice: Seq<T>,\n    self_ptr: *const T,\n    subslice_ptr: *const T,\n    self_start: usize,\n    subslice_start: usize,\n    byte_start: usize,\n    size: usize,\n    start: usize,\n    end: usize,\n)\n    requires\n        slice_start_ptr(seq, self_ptr),\n        slice_start_ptr(subslice, subslice_ptr),\n        size > 0,\n        start <= seq.len(),\n        end <= seq.len(),\n    ensures\n        slice_subslice_range_option_result(seq, subslice, Some(Range { start, end })),\n"",""declaration_line"":156,""signature"":""pub proof fn rust_1_96_subslice_range_some_bridge<T>( seq: Seq<T>, subslice: Seq<T>, self_ptr: *const T, subslice_ptr: *const T, self_start: usize, subslice_start: usize, byte_start: usize, size: usize, start: usize, end: usize, ) requires"",""symbol"":""rust_1_96_subslice_range_some_bridge""}",complete-branch-postcondition,slice-unknown-authority-v3
TS-119-D001,dependency-manifest-record,core::slice::write_clone_of_slice,119,1,shared_model_helper,MaybeUninitSliceRelation;maybe_uninit_seq_relation;maybe_uninit_relation_well_formed;maybe_uninit_all_initialized;maybe_uninit_written_from;maybe_uninit_prefix_written_from,audited_generated_contract_vocabulary_instantiated_in_harness,The generated MaybeUninit raw-storage vocabulary is instantiated in the harness as target-local spec definitions and is used to state the written-from relation. The target-local prefix helper is a proof decomposition of the same final written-from relation and does not assume the public target body.,frozen_inputs/slice/specs/slice_shared_vocabulary.rs:1143-1185,,,/home/chentianyu/nanvix-rust-std-spec-survey/nanvix-rust-std-slice-vec-implproof-2026-08-12/proof_harnesses/119_core_slice_write_clone_of_slice/harness.rs,,,,,,,,specification-vocabulary,context-only-specification-vocabulary,not-an-executable-boundary,"This record identifies target-local specification vocabulary. It is retained for binding, but is not admitted as an executable Boundary_T observation or transition.",frozen_inputs/slice/specs/slice_shared_vocabulary.rs:1143-1185,"{""kind"":""shared_model_helper"",""name"":""MaybeUninitSliceRelation;maybe_uninit_seq_relation;maybe_uninit_relation_well_formed;maybe_uninit_all_initialized;maybe_uninit_written_from;maybe_uninit_prefix_written_from"",""rationale"":""The generated MaybeUninit raw-storage vocabulary is instantiated in the harness as target-local spec definitions and is used to state the written-from relation. The target-local prefix helper is a proof decomposition of the same final written-from relation and does not assume the public target body."",""source_lines"":""frozen_inputs/slice/specs/slice_shared_vocabulary.rs:1143-1185"",""status"":""audited_generated_contract_vocabulary_instantiated_in_harness""}",specification-vocabulary,slice-unknown-authority-v3
TS-119-D002,dependency-manifest-record,core::slice::write_clone_of_slice,119,2,reviewed_generated_dependency_boundary,core::slice::assume_init_mut,reviewed_dependency_reused_for_final_initialized_storage_cast,The final Rust 1.96 `unsafe { self.assume_init_mut() }` step reuses the already ordered `core::slice::assume_init_mut` proof shape and its source-backed MaybeUninit raw mutable-slice cast boundary.,core/src/mem/maybe_uninit.rs:1527-1531,beb997b66dd7cca2818667bddfe1e1ade51676cdf0ea4f32cf6253af1c0234f4,proof_harnesses/026_core_slice_assume_init_mut/source_excerpt.rs,/home/chentianyu/nanvix-rust-std-spec-survey/nanvix-rust-std-slice-vec-implproof-2026-08-12/proof_harnesses/119_core_slice_write_clone_of_slice/harness.rs,,,,,,,,panic-or-domain-transition,admissible-source-backed-support,partial-or-lower-level,"This exact frozen manifest record was audited as a named source dependency, callback, primitive, or local proof bridge. Its final disposition also incorporates every explicitly linked external site.",core/src/mem/maybe_uninit.rs:1527-1531,"{""kind"":""reviewed_generated_dependency_boundary"",""name"":""core::slice::assume_init_mut"",""rationale"":""The final Rust 1.96 `unsafe { self.assume_init_mut() }` step reuses the already ordered `core::slice::assume_init_mut` proof shape and its source-backed MaybeUninit raw mutable-slice cast boundary."",""source_excerpt_relpath"":""proof_harnesses/026_core_slice_assume_init_mut/source_excerpt.rs"",""source_lines"":""core/src/mem/maybe_uninit.rs:1527-1531"",""source_sha256"":""beb997b66dd7cca2818667bddfe1e1ade51676cdf0ea4f32cf6253af1c0234f4"",""status"":""reviewed_dependency_reused_for_final_initialized_storage_cast""}",source-backed-support,slice-unknown-authority-v3
TS-119-D003,dependency-manifest-record,core::slice::write_clone_of_slice,119,3,source_backed_clone_write_boundary,rust_1_96_write_cloned_at,minimal_trusted_boundary_for_maybeuninit_slot_write_destination_indexing_and_provenance,Each loop iteration preserves the source operation `guard.slice[i].write(src[i].clone())`; the wrapper now verifies the source-side `src[i].clone()` under the equal-length index bound and isolates only the destination `slice[i].write(value)` MaybeUninit slot write because Verus does not recursively model MaybeUninit slot writes or destination slice indexing/provenance.,core/src/mem/maybe_uninit.rs:1242,e462745e3463480cfc474d3dcdfb86acac33f658f55c9cd12500e44d23ba42a6,proof_harnesses/119_core_slice_write_clone_of_slice/source_excerpt.rs,/home/chentianyu/nanvix-rust-std-spec-survey/nanvix-rust-std-slice-vec-implproof-2026-08-12/proof_harnesses/119_core_slice_write_clone_of_slice/harness.rs,,,,,,,,callback-or-trait-observation,admissible-source-backed-support,partial-or-lower-level,"This exact frozen manifest record was audited as a named source dependency, callback, primitive, or local proof bridge. Its final disposition also incorporates every explicitly linked external site.",core/src/mem/maybe_uninit.rs:1242,"{""kind"":""source_backed_clone_write_boundary"",""name"":""rust_1_96_write_cloned_at"",""rationale"":""Each loop iteration preserves the source operation `guard.slice[i].write(src[i].clone())`; the wrapper now verifies the source-side `src[i].clone()` under the equal-length index bound and isolates only the destination `slice[i].write(value)` MaybeUninit slot write because Verus does not recursively model MaybeUninit slot writes or destination slice indexing/provenance."",""source_excerpt_relpath"":""proof_harnesses/119_core_slice_write_clone_of_slice/source_excerpt.rs"",""source_lines"":""core/src/mem/maybe_uninit.rs:1242"",""source_sha256"":""e462745e3463480cfc474d3dcdfb86acac33f658f55c9cd12500e44d23ba42a6"",""status"":""minimal_trusted_boundary_for_maybeuninit_slot_write_destination_indexing_and_provenance""}",source-backed-support,slice-unknown-authority-v3
TS-119-D004,dependency-manifest-record,core::slice::write_clone_of_slice,119,4,source_backed_guard_iteration_effect_boundary,rust_1_96_write_clone_iteration_effect,minimal_trusted_boundary_for_per_iteration_guard_commit_and_maybeuninit_prefix_relation,"The public body keeps the initialized counter, loop guard, counter increment, and final `forget(guard)`. The proof-only bridge is now per-iteration: after one source-shaped clone/write step it extends the carried MaybeUninit initialized/value prefix by one slot, and the executable loop invariant carries those facts to completion.",core/src/mem/maybe_uninit.rs:1238-1245,e462745e3463480cfc474d3dcdfb86acac33f658f55c9cd12500e44d23ba42a6,proof_harnesses/119_core_slice_write_clone_of_slice/source_excerpt.rs,/home/chentianyu/nanvix-rust-std-spec-survey/nanvix-rust-std-slice-vec-implproof-2026-08-12/proof_harnesses/119_core_slice_write_clone_of_slice/harness.rs,,,,,,,,callback-or-trait-observation,admissible-source-backed-support,partial-or-lower-level,"This exact frozen manifest record was audited as a named source dependency, callback, primitive, or local proof bridge. Its final disposition also incorporates every explicitly linked external site.",core/src/mem/maybe_uninit.rs:1238-1245,"{""kind"":""source_backed_guard_iteration_effect_boundary"",""name"":""rust_1_96_write_clone_iteration_effect"",""rationale"":""The public body keeps the initialized counter, loop guard, counter increment, and final `forget(guard)`. The proof-only bridge is now per-iteration: after one source-shaped clone/write step it extends the carried MaybeUninit initialized/value prefix by one slot, and the executable loop invariant carries those facts to completion."",""source_excerpt_relpath"":""proof_harnesses/119_core_slice_write_clone_of_slice/source_excerpt.rs"",""source_lines"":""core/src/mem/maybe_uninit.rs:1238-1245"",""source_sha256"":""e462745e3463480cfc474d3dcdfb86acac33f658f55c9cd12500e44d23ba42a6"",""status"":""minimal_trusted_boundary_for_per_iteration_guard_commit_and_maybeuninit_prefix_relation""}",source-backed-support,slice-unknown-authority-v3
TS-119-C001,private-helper-callee,core::slice::write_clone_of_slice,119,1,private_helper_callee_closure,len,source_indexed_conservative_len_callee_not_semantically_assumed,Source-indexed private/public callee closure retained by the implementation-proof dependency manifest.,core/src/slice/iter/macros.rs:142-144,48328fef24b9a414c7599eb67374e2d10f3c26ce8316557ce897b9c9e5203fc1,frozen_inputs/slice/rust-core-slice/iter/macros.rs,/home/chentianyu/nanvix-rust-std-spec-survey/nanvix-rust-std-slice-vec-implproof-2026-08-12/proof_harnesses/119_core_slice_write_clone_of_slice/harness.rs,,,,,,,,source-callee-provenance,context-only-source-closure,not-an-executable-boundary,This record closes the source call graph for provenance. It does not itself add an assumed transition or observation.,core/src/slice/iter/macros.rs:142-144,"{""body_end_line"":144,""disposition"":""source_indexed_conservative_len_callee_not_semantically_assumed"",""frozen_relpath"":""frozen_inputs/slice/rust-core-slice/iter/macros.rs"",""item_sha256"":""48328fef24b9a414c7599eb67374e2d10f3c26ce8316557ce897b9c9e5203fc1"",""name"":""len"",""public"":false,""signature_start_line"":142,""source_reference_path"":""core/src/slice/iter/macros.rs""}",source-closure-provenance,slice-unknown-authority-v3
TS-119-C002,private-helper-callee,core::slice::write_clone_of_slice,119,2,private_helper_callee_closure,len,source_indexed_conservative_len_callee_not_semantically_assumed,Source-indexed private/public callee closure retained by the implementation-proof dependency manifest.,core/src/slice/sort/stable/drift.rs:295-297,39713253c1089e4b037e302f5b7358f257f51d24290f54f0efc0dc25d78323fc,frozen_inputs/slice/rust-core-slice/sort/stable/drift.rs,/home/chentianyu/nanvix-rust-std-spec-survey/nanvix-rust-std-slice-vec-implproof-2026-08-12/proof_harnesses/119_core_slice_write_clone_of_slice/harness.rs,,,,,,,,source-callee-provenance,context-only-source-closure,not-an-executable-boundary,This record closes the source call graph for provenance. It does not itself add an assumed transition or observation.,core/src/slice/sort/stable/drift.rs:295-297,"{""body_end_line"":297,""disposition"":""source_indexed_conservative_len_callee_not_semantically_assumed"",""frozen_relpath"":""frozen_inputs/slice/rust-core-slice/sort/stable/drift.rs"",""item_sha256"":""39713253c1089e4b037e302f5b7358f257f51d24290f54f0efc0dc25d78323fc"",""name"":""len"",""public"":false,""signature_start_line"":295,""source_reference_path"":""core/src/slice/sort/stable/drift.rs""}",source-closure-provenance,slice-unknown-authority-v3
TS-119-C003,private-helper-callee,core::slice::write_clone_of_slice,119,3,private_helper_callee_closure,len,source_indexed_conservative_len_callee_not_semantically_assumed,Source-indexed private/public callee closure retained by the implementation-proof dependency manifest.,alloc/src/vec/in_place_drop.rs:15-17,abc18bdf2169eed2a02867127488f3df813795a68b96b8e832725dab3e82adb9,frozen_inputs/vec/rust-alloc-vec/vec/in_place_drop.rs,/home/chentianyu/nanvix-rust-std-spec-survey/nanvix-rust-std-slice-vec-implproof-2026-08-12/proof_harnesses/119_core_slice_write_clone_of_slice/harness.rs,,,,,,,,source-callee-provenance,context-only-source-closure,not-an-executable-boundary,This record closes the source call graph for provenance. It does not itself add an assumed transition or observation.,alloc/src/vec/in_place_drop.rs:15-17,"{""body_end_line"":17,""disposition"":""source_indexed_conservative_len_callee_not_semantically_assumed"",""frozen_relpath"":""frozen_inputs/vec/rust-alloc-vec/vec/in_place_drop.rs"",""item_sha256"":""abc18bdf2169eed2a02867127488f3df813795a68b96b8e832725dab3e82adb9"",""name"":""len"",""public"":false,""signature_start_line"":15,""source_reference_path"":""alloc/src/vec/in_place_drop.rs""}",source-closure-provenance,slice-unknown-authority-v3
TS-119-C004,private-helper-callee,core::slice::write_clone_of_slice,119,4,private_helper_callee_closure,assume_init_mut,reviewed_generated_dependency_reused,Source-indexed private/public callee closure retained by the implementation-proof dependency manifest.,core/src/mem/maybe_uninit.rs:1527-1531,beb997b66dd7cca2818667bddfe1e1ade51676cdf0ea4f32cf6253af1c0234f4,frozen_inputs/slice/rust-core-adjacent/mem/maybe_uninit.rs,/home/chentianyu/nanvix-rust-std-spec-survey/nanvix-rust-std-slice-vec-implproof-2026-08-12/proof_harnesses/119_core_slice_write_clone_of_slice/harness.rs,,,,,,,,source-callee-provenance,context-only-source-closure,not-an-executable-boundary,This record closes the source call graph for provenance. It does not itself add an assumed transition or observation.,core/src/mem/maybe_uninit.rs:1527-1531,"{""body_end_line"":1531,""disposition"":""reviewed_generated_dependency_reused"",""frozen_relpath"":""frozen_inputs/slice/rust-core-adjacent/mem/maybe_uninit.rs"",""item_sha256"":""beb997b66dd7cca2818667bddfe1e1ade51676cdf0ea4f32cf6253af1c0234f4"",""name"":""assume_init_mut"",""public"":true,""signature_start_line"":1527,""source_reference_path"":""core/src/mem/maybe_uninit.rs""}",source-closure-provenance,slice-unknown-authority-v3
TS-119-E001,harness-external-body,core::slice::write_clone_of_slice,119,1,verifier::external_body,rust_1_96_write_cloned_at,active-explicit-trusted-body,Exact external-body site enumerated from the selected proof harness; semantics and source backing are supplied by linked dependency records and the retained harness signature.,,,,/home/chentianyu/nanvix-rust-std-spec-survey/nanvix-rust-std-slice-vec-implproof-2026-08-12/proof_harnesses/119_core_slice_write_clone_of_slice/harness.rs,129,130,"pub fn rust_1_96_write_cloned_at<T>( slice: &mut [MaybeUninit<T>], value: T, i: usize, ) requires",139,"pub fn rust_1_96_write_cloned_at<T>(
    slice: &mut [MaybeUninit<T>],
    value: T,
    i: usize,
)
    requires
        i < old(slice)@.len(),
    ensures
        final(slice)@.len() == old(slice)@.len(),
",10003e6c7e5c1fe039990d7985daf97a4601db738358f9b4cf91cd18072f9e0d,TS-119-D003,callback-or-trait-transition,admissible-source-backed-lower-boundary,partial-or-lower-level,"The contract records one callback, element read, clone, or write effect rather than the target's aggregate result.",core/src/mem/maybe_uninit.rs:1242,"{""attribute_line"":129,""contract_end_line"":139,""contract_text"":""pub fn rust_1_96_write_cloned_at<T>(\n    slice: &mut [MaybeUninit<T>],\n    value: T,\n    i: usize,\n)\n    requires\n        i < old(slice)@.len(),\n    ensures\n        final(slice)@.len() == old(slice)@.len(),\n"",""declaration_line"":130,""signature"":""pub fn rust_1_96_write_cloned_at<T>( slice: &mut [MaybeUninit<T>], value: T, i: usize, ) requires"",""symbol"":""rust_1_96_write_cloned_at""}",callback-or-element-effect,slice-unknown-authority-v3
TS-119-E002,harness-external-body,core::slice::write_clone_of_slice,119,2,verifier::external_body,rust_1_96_write_clone_iteration_effect,active-explicit-trusted-body,Exact external-body site enumerated from the selected proof harness; semantics and source backing are supplied by linked dependency records and the retained harness signature.,,,,/home/chentianyu/nanvix-rust-std-spec-survey/nanvix-rust-std-slice-vec-implproof-2026-08-12/proof_harnesses/119_core_slice_write_clone_of_slice/harness.rs,143,144,"proof fn rust_1_96_write_clone_iteration_effect<T>( before: Seq<MaybeUninit<T>>, after: Seq<MaybeUninit<T>>, src: Seq<T>, i: int, ) requires",157,"proof fn rust_1_96_write_clone_iteration_effect<T>(
    before: Seq<MaybeUninit<T>>,
    after: Seq<MaybeUninit<T>>,
    src: Seq<T>,
    i: int,
)
    requires
        before.len() == src.len(),
        after.len() == src.len(),
        0 <= i < src.len(),
        maybe_uninit_prefix_written_from(maybe_uninit_seq_relation(before), src, i),
    ensures
        maybe_uninit_prefix_written_from(maybe_uninit_seq_relation(after), src, i + 1),
",1ba0aea016a737a5aa6eac403f5194903203a666e673d8dc9946289656d730aa,TS-119-D004,callback-or-trait-transition,admissible-source-backed-lower-boundary,partial-or-lower-level,"The contract records one callback, element read, clone, or write effect rather than the target's aggregate result.",core/src/mem/maybe_uninit.rs:1238-1245,"{""attribute_line"":143,""contract_end_line"":157,""contract_text"":""proof fn rust_1_96_write_clone_iteration_effect<T>(\n    before: Seq<MaybeUninit<T>>,\n    after: Seq<MaybeUninit<T>>,\n    src: Seq<T>,\n    i: int,\n)\n    requires\n        before.len() == src.len(),\n        after.len() == src.len(),\n        0 <= i < src.len(),\n        maybe_uninit_prefix_written_from(maybe_uninit_seq_relation(before), src, i),\n    ensures\n        maybe_uninit_prefix_written_from(maybe_uninit_seq_relation(after), src, i + 1),\n"",""declaration_line"":144,""signature"":""proof fn rust_1_96_write_clone_iteration_effect<T>( before: Seq<MaybeUninit<T>>, after: Seq<MaybeUninit<T>>, src: Seq<T>, i: int, ) requires"",""symbol"":""rust_1_96_write_clone_iteration_effect""}",callback-or-element-effect,slice-unknown-authority-v3
TS-119-E003,harness-external-body,core::slice::write_clone_of_slice,119,3,verifier::external_body,rust_1_96_assume_init_mut_raw_cast,active-explicit-trusted-body,Exact external-body site enumerated from the selected proof harness; semantics and source backing are supplied by linked dependency records and the retained harness signature.,,,,/home/chentianyu/nanvix-rust-std-spec-survey/nanvix-rust-std-slice-vec-implproof-2026-08-12/proof_harnesses/119_core_slice_write_clone_of_slice/harness.rs,192,193,"pub unsafe fn rust_1_96_assume_init_mut_raw_cast<'a, T>( slice: &'a mut [MaybeUninit<T>], ) -> (ret: &'a mut [T]) requires",214,"pub unsafe fn rust_1_96_assume_init_mut_raw_cast<'a, T>(
    slice: &'a mut [MaybeUninit<T>],
) -> (ret: &'a mut [T])
    requires
        maybe_uninit_all_initialized(maybe_uninit_seq_relation(old(slice)@)),
    ensures
        maybe_uninit_relation_well_formed(
            maybe_uninit_seq_relation(old(slice)@),
            old(slice)@.len() as int,
        ),
        maybe_uninit_relation_well_formed(
            maybe_uninit_seq_relation(final(slice)@),
            final(slice)@.len() as int,
        ),
        final(slice)@.len() == old(slice)@.len(),
        ret@ == maybe_uninit_seq_relation(old(slice)@).values,
        final(ret)@ == ret@,
        ret@.len() == old(slice)@.len(),
        final(ret)@.len() == final(slice)@.len(),
        maybe_uninit_all_initialized(maybe_uninit_seq_relation(final(slice)@)),
        maybe_uninit_seq_relation(final(slice)@).values == final(ret)@,
",322af4f71cd014fa03fc1a232a9682dc68280b6fdde61fff0ca107b6184f9aaf,TS-119-D002,memory-layout-or-provenance-transition,admissible-source-backed-lower-boundary,partial-or-lower-level,The helper operates on a derived sub-borrow or lower source callee; the caller must still construct the target result.,core/src/mem/maybe_uninit.rs:1527-1531,"{""attribute_line"":192,""contract_end_line"":214,""contract_text"":""pub unsafe fn rust_1_96_assume_init_mut_raw_cast<'a, T>(\n    slice: &'a mut [MaybeUninit<T>],\n) -> (ret: &'a mut [T])\n    requires\n        maybe_uninit_all_initialized(maybe_uninit_seq_relation(old(slice)@)),\n    ensures\n        maybe_uninit_relation_well_formed(\n            maybe_uninit_seq_relation(old(slice)@),\n            old(slice)@.len() as int,\n        ),\n        maybe_uninit_relation_well_formed(\n            maybe_uninit_seq_relation(final(slice)@),\n            final(slice)@.len() as int,\n        ),\n        final(slice)@.len() == old(slice)@.len(),\n        ret@ == maybe_uninit_seq_relation(old(slice)@).values,\n        final(ret)@ == ret@,\n        ret@.len() == old(slice)@.len(),\n        final(ret)@.len() == final(slice)@.len(),\n        maybe_uninit_all_initialized(maybe_uninit_seq_relation(final(slice)@)),\n        maybe_uninit_seq_relation(final(slice)@).values == final(ret)@,\n"",""declaration_line"":193,""signature"":""pub unsafe fn rust_1_96_assume_init_mut_raw_cast<'a, T>( slice: &'a mut [MaybeUninit<T>], ) -> (ret: &'a mut [T]) requires"",""symbol"":""rust_1_96_assume_init_mut_raw_cast""}",derived-borrow-source-callee,slice-unknown-authority-v3
TS-120-D001,dependency-manifest-record,core::slice::write_copy_of_slice,120,1,shared_model_helper,MaybeUninitSliceRelation;maybe_uninit_seq_relation;maybe_uninit_relation_well_formed;maybe_uninit_all_initialized;maybe_uninit_written_from,audited_generated_contract_vocabulary_instantiated_in_harness,The generated MaybeUninit raw-storage vocabulary is instantiated in the harness as target-local spec definitions and is used to state the copied-from relation. This does not assume the public target body.,frozen_inputs/slice/specs/slice_shared_vocabulary.rs:1143-1185,,,/home/chentianyu/nanvix-rust-std-spec-survey/nanvix-rust-std-slice-vec-implproof-2026-08-12/proof_harnesses/120_core_slice_write_copy_of_slice/harness.rs,,,,,,,,specification-vocabulary,context-only-specification-vocabulary,not-an-executable-boundary,"This record identifies target-local specification vocabulary. It is retained for binding, but is not admitted as an executable Boundary_T observation or transition.",frozen_inputs/slice/specs/slice_shared_vocabulary.rs:1143-1185,"{""kind"":""shared_model_helper"",""name"":""MaybeUninitSliceRelation;maybe_uninit_seq_relation;maybe_uninit_relation_well_formed;maybe_uninit_all_initialized;maybe_uninit_written_from"",""rationale"":""The generated MaybeUninit raw-storage vocabulary is instantiated in the harness as target-local spec definitions and is used to state the copied-from relation. This does not assume the public target body."",""source_lines"":""frozen_inputs/slice/specs/slice_shared_vocabulary.rs:1143-1185"",""status"":""audited_generated_contract_vocabulary_instantiated_in_harness""}",specification-vocabulary,slice-unknown-authority-v3
TS-120-D002,dependency-manifest-record,core::slice::write_copy_of_slice,120,2,source_backed_same_layout_transmute_boundary,rust_1_96_same_layout_transmute_src,minimal_trusted_boundary_for_same_layout_slice_transmute,"The source explicitly performs `unsafe { super::transmute(src) }` from `&[T]` to `&[MaybeUninit<T>]` and documents the same-layout safety reason. Verus does not recursively model this generic slice-layout transmute, so the harness isolates only that conversion and records the initialized MaybeUninit view of the source values.",core/src/mem/maybe_uninit.rs:1166-1167,ead2525c17edd52087da54aca316368bd080821aab7238723509ed8dca91ed53,proof_harnesses/120_core_slice_write_copy_of_slice/source_excerpt.rs,/home/chentianyu/nanvix-rust-std-spec-survey/nanvix-rust-std-slice-vec-implproof-2026-08-12/proof_harnesses/120_core_slice_write_copy_of_slice/harness.rs,,,,,,,,panic-or-domain-transition,admissible-source-backed-support,partial-or-lower-level,"This exact frozen manifest record was audited as a named source dependency, callback, primitive, or local proof bridge. Its final disposition also incorporates every explicitly linked external site.",core/src/mem/maybe_uninit.rs:1166-1167,"{""kind"":""source_backed_same_layout_transmute_boundary"",""name"":""rust_1_96_same_layout_transmute_src"",""rationale"":""The source explicitly performs `unsafe { super::transmute(src) }` from `&[T]` to `&[MaybeUninit<T>]` and documents the same-layout safety reason. Verus does not recursively model this generic slice-layout transmute, so the harness isolates only that conversion and records the initialized MaybeUninit view of the source values."",""source_excerpt_relpath"":""proof_harnesses/120_core_slice_write_copy_of_slice/source_excerpt.rs"",""source_lines"":""core/src/mem/maybe_uninit.rs:1166-1167"",""source_sha256"":""ead2525c17edd52087da54aca316368bd080821aab7238723509ed8dca91ed53"",""status"":""minimal_trusted_boundary_for_same_layout_slice_transmute""}",source-backed-support,slice-unknown-authority-v3
TS-120-D003,dependency-manifest-record,core::slice::write_copy_of_slice,120,3,source_backed_copy_from_slice_private_helper_flow,rust_1_96_copy_from_slice; rust_1_96_copy_from_slice_impl,private_helper_flow_preserved_with_lower_raw_copy_boundaries,"The Rust 1.96 `self.copy_from_slice(uninit_src)` call is now represented by an executable wrapper/private-helper lowering, following the reviewed core::slice::copy_from_slice shape: equal-length branch proof, raw pointer exposure, and `ptr::copy_nonoverlapping` call.",core/src/mem/maybe_uninit.rs:1169; core/src/slice/mod.rs:4320-4326 and 5561-5586,ead2525c17edd52087da54aca316368bd080821aab7238723509ed8dca91ed53,proof_harnesses/120_core_slice_write_copy_of_slice/source_excerpt.rs,/home/chentianyu/nanvix-rust-std-spec-survey/nanvix-rust-std-slice-vec-implproof-2026-08-12/proof_harnesses/120_core_slice_write_copy_of_slice/harness.rs,,,,,,,,panic-or-domain-transition,admissible-source-backed-support,partial-or-lower-level,"This exact frozen manifest record was audited as a named source dependency, callback, primitive, or local proof bridge. Its final disposition also incorporates every explicitly linked external site.",core/src/mem/maybe_uninit.rs:1169; core/src/slice/mod.rs:4320-4326 and 5561-5586,"{""kind"":""source_backed_copy_from_slice_private_helper_flow"",""name"":""rust_1_96_copy_from_slice; rust_1_96_copy_from_slice_impl"",""rationale"":""The Rust 1.96 `self.copy_from_slice(uninit_src)` call is now represented by an executable wrapper/private-helper lowering, following the reviewed core::slice::copy_from_slice shape: equal-length branch proof, raw pointer exposure, and `ptr::copy_nonoverlapping` call."",""source_excerpt_relpath"":""proof_harnesses/120_core_slice_write_copy_of_slice/source_excerpt.rs"",""source_lines"":""core/src/mem/maybe_uninit.rs:1169; core/src/slice/mod.rs:4320-4326 and 5561-5586"",""source_sha256"":""ead2525c17edd52087da54aca316368bd080821aab7238723509ed8dca91ed53"",""status"":""private_helper_flow_preserved_with_lower_raw_copy_boundaries""}",source-backed-support,slice-unknown-authority-v3
TS-120-D004,dependency-manifest-record,core::slice::write_copy_of_slice,120,4,source_backed_raw_pointer_or_maybeuninit_storage_boundary,rust_1_96_maybe_uninit_slice_as_ptr; rust_1_96_maybe_uninit_slice_as_mut_ptr; ptr::copy_nonoverlapping; rust_1_96_maybe_uninit_copy_from_slice_effect,minimal_trusted_boundary_for_maybeuninit_raw_copy_storage_effect,"Verus still does not derive MaybeUninit initialized-storage updates from raw pointer copy. The harness keeps the source raw-copy operation order and isolates only pointer exposure plus the lower copied-storage effect, rather than trusting the whole copy_from_slice call.",core/src/slice/mod.rs:5580-5584,,proof_harnesses/145_core_slice_copy_from_slice/source_excerpt.rs,/home/chentianyu/nanvix-rust-std-spec-survey/nanvix-rust-std-slice-vec-implproof-2026-08-12/proof_harnesses/120_core_slice_write_copy_of_slice/harness.rs,,,,,,,,panic-or-domain-transition,mixed-support-includes-answer-bearing-site,mixed-partial-and-complete,This manifest record supports both a lower source transition and an explicitly audited answer-bearing helper; it cannot be admitted as one undifferentiated boundary unit.,core/src/slice/mod.rs:5580-5584,"{""kind"":""source_backed_raw_pointer_or_maybeuninit_storage_boundary"",""name"":""rust_1_96_maybe_uninit_slice_as_ptr; rust_1_96_maybe_uninit_slice_as_mut_ptr; ptr::copy_nonoverlapping; rust_1_96_maybe_uninit_copy_from_slice_effect"",""rationale"":""Verus still does not derive MaybeUninit initialized-storage updates from raw pointer copy. The harness keeps the source raw-copy operation order and isolates only pointer exposure plus the lower copied-storage effect, rather than trusting the whole copy_from_slice call."",""source_excerpt_relpath"":""proof_harnesses/145_core_slice_copy_from_slice/source_excerpt.rs"",""source_lines"":""core/src/slice/mod.rs:5580-5584"",""status"":""minimal_trusted_boundary_for_maybeuninit_raw_copy_storage_effect""}",source-backed-support,slice-unknown-authority-v3
TS-120-D005,dependency-manifest-record,core::slice::write_copy_of_slice,120,5,reviewed_generated_dependency_boundary,core::slice::assume_init_mut,reviewed_dependency_reused_for_final_initialized_storage_cast,The final Rust 1.96 `unsafe { self.assume_init_mut() }` step reuses the already ordered `core::slice::assume_init_mut` proof shape and its source-backed MaybeUninit raw mutable-slice cast boundary.,core/src/mem/maybe_uninit.rs:1527-1531,beb997b66dd7cca2818667bddfe1e1ade51676cdf0ea4f32cf6253af1c0234f4,proof_harnesses/026_core_slice_assume_init_mut/source_excerpt.rs,/home/chentianyu/nanvix-rust-std-spec-survey/nanvix-rust-std-slice-vec-implproof-2026-08-12/proof_harnesses/120_core_slice_write_copy_of_slice/harness.rs,,,,,,,,panic-or-domain-transition,admissible-source-backed-support,partial-or-lower-level,"This exact frozen manifest record was audited as a named source dependency, callback, primitive, or local proof bridge. Its final disposition also incorporates every explicitly linked external site.",core/src/mem/maybe_uninit.rs:1527-1531,"{""kind"":""reviewed_generated_dependency_boundary"",""name"":""core::slice::assume_init_mut"",""rationale"":""The final Rust 1.96 `unsafe { self.assume_init_mut() }` step reuses the already ordered `core::slice::assume_init_mut` proof shape and its source-backed MaybeUninit raw mutable-slice cast boundary."",""source_excerpt_relpath"":""proof_harnesses/026_core_slice_assume_init_mut/source_excerpt.rs"",""source_lines"":""core/src/mem/maybe_uninit.rs:1527-1531"",""source_sha256"":""beb997b66dd7cca2818667bddfe1e1ade51676cdf0ea4f32cf6253af1c0234f4"",""status"":""reviewed_dependency_reused_for_final_initialized_storage_cast""}",source-backed-support,slice-unknown-authority-v3
TS-120-C001,private-helper-callee,core::slice::write_copy_of_slice,120,1,private_helper_callee_closure,assume_init_mut,reviewed_generated_dependency_reused,Source-indexed private/public callee closure retained by the implementation-proof dependency manifest.,core/src/mem/maybe_uninit.rs:1527-1531,beb997b66dd7cca2818667bddfe1e1ade51676cdf0ea4f32cf6253af1c0234f4,frozen_inputs/slice/rust-core-adjacent/mem/maybe_uninit.rs,/home/chentianyu/nanvix-rust-std-spec-survey/nanvix-rust-std-slice-vec-implproof-2026-08-12/proof_harnesses/120_core_slice_write_copy_of_slice/harness.rs,,,,,,,,source-callee-provenance,context-only-source-closure,not-an-executable-boundary,This record closes the source call graph for provenance. It does not itself add an assumed transition or observation.,core/src/mem/maybe_uninit.rs:1527-1531,"{""body_end_line"":1531,""disposition"":""reviewed_generated_dependency_reused"",""frozen_relpath"":""frozen_inputs/slice/rust-core-adjacent/mem/maybe_uninit.rs"",""item_sha256"":""beb997b66dd7cca2818667bddfe1e1ade51676cdf0ea4f32cf6253af1c0234f4"",""name"":""assume_init_mut"",""public"":true,""signature_start_line"":1527,""source_reference_path"":""core/src/mem/maybe_uninit.rs""}",source-closure-provenance,slice-unknown-authority-v3
TS-120-E001,harness-external-body,core::slice::write_copy_of_slice,120,1,verifier::external_body,rust_1_96_same_layout_transmute_src,active-explicit-trusted-body,Exact external-body site enumerated from the selected proof harness; semantics and source backing are supplied by linked dependency records and the retained harness signature.,,,,/home/chentianyu/nanvix-rust-std-spec-survey/nanvix-rust-std-slice-vec-implproof-2026-08-12/proof_harnesses/120_core_slice_write_copy_of_slice/harness.rs,78,79,"pub unsafe fn rust_1_96_same_layout_transmute_src<'b, T: Copy>( src: &'b [T], ) -> (ret: &'b [MaybeUninit<T>]) ensures",90,"pub unsafe fn rust_1_96_same_layout_transmute_src<'b, T: Copy>(
    src: &'b [T],
) -> (ret: &'b [MaybeUninit<T>])
    ensures
        ret@.len() == src@.len(),
        maybe_uninit_relation_well_formed(
            maybe_uninit_seq_relation(ret@),
            ret@.len() as int,
        ),
        maybe_uninit_all_initialized(maybe_uninit_seq_relation(ret@)),
        maybe_uninit_seq_relation(ret@).values == src@,
",213b87c1cf5c005dfdcf0dca953c8401477ca1045d6fb6e4b474b8a3b8df43a5,TS-120-D002,memory-layout-or-provenance-transition,admissible-source-backed-lower-boundary,partial-or-lower-level,"The contract isolates a pointer cast/copy, layout, address, or provenance transition and does not state the enclosing target answer.",core/src/mem/maybe_uninit.rs:1166-1167,"{""attribute_line"":78,""contract_end_line"":90,""contract_text"":""pub unsafe fn rust_1_96_same_layout_transmute_src<'b, T: Copy>(\n    src: &'b [T],\n) -> (ret: &'b [MaybeUninit<T>])\n    ensures\n        ret@.len() == src@.len(),\n        maybe_uninit_relation_well_formed(\n            maybe_uninit_seq_relation(ret@),\n            ret@.len() as int,\n        ),\n        maybe_uninit_all_initialized(maybe_uninit_seq_relation(ret@)),\n        maybe_uninit_seq_relation(ret@).values == src@,\n"",""declaration_line"":79,""signature"":""pub unsafe fn rust_1_96_same_layout_transmute_src<'b, T: Copy>( src: &'b [T], ) -> (ret: &'b [MaybeUninit<T>]) ensures"",""symbol"":""rust_1_96_same_layout_transmute_src""}",pointer-layout-provenance-transition,slice-unknown-authority-v3
TS-120-E002,harness-external-body,core::slice::write_copy_of_slice,120,2,verifier::external_body,rust_1_96_maybe_uninit_slice_as_ptr,active-explicit-trusted-body,Exact external-body site enumerated from the selected proof harness; semantics and source backing are supplied by linked dependency records and the retained harness signature.,,,,/home/chentianyu/nanvix-rust-std-spec-survey/nanvix-rust-std-slice-vec-implproof-2026-08-12/proof_harnesses/120_core_slice_write_copy_of_slice/harness.rs,94,95,"pub fn rust_1_96_maybe_uninit_slice_as_ptr<T: Copy>( slice: &[MaybeUninit<T>], ) -> (ptr: *const MaybeUninit<T>) ensures",100,"pub fn rust_1_96_maybe_uninit_slice_as_ptr<T: Copy>(
    slice: &[MaybeUninit<T>],
) -> (ptr: *const MaybeUninit<T>)
    ensures
        maybe_uninit_slice_start_ptr(maybe_uninit_seq_relation(slice@), ptr),
",c4d29f7a272371590830b496c99386356bd5a3ae05fa732d38700513c014dafb,TS-120-D004,memory-layout-or-provenance-transition,admissible-source-backed-lower-boundary,partial-or-lower-level,"The contract isolates a pointer cast/copy, layout, address, or provenance transition and does not state the enclosing target answer.",core/src/slice/mod.rs:5580-5584,"{""attribute_line"":94,""contract_end_line"":100,""contract_text"":""pub fn rust_1_96_maybe_uninit_slice_as_ptr<T: Copy>(\n    slice: &[MaybeUninit<T>],\n) -> (ptr: *const MaybeUninit<T>)\n    ensures\n        maybe_uninit_slice_start_ptr(maybe_uninit_seq_relation(slice@), ptr),\n"",""declaration_line"":95,""signature"":""pub fn rust_1_96_maybe_uninit_slice_as_ptr<T: Copy>( slice: &[MaybeUninit<T>], ) -> (ptr: *const MaybeUninit<T>) ensures"",""symbol"":""rust_1_96_maybe_uninit_slice_as_ptr""}",pointer-layout-provenance-transition,slice-unknown-authority-v3
TS-120-E003,harness-external-body,core::slice::write_copy_of_slice,120,3,verifier::external_body,rust_1_96_maybe_uninit_slice_as_mut_ptr,active-explicit-trusted-body,Exact external-body site enumerated from the selected proof harness; semantics and source backing are supplied by linked dependency records and the retained harness signature.,,,,/home/chentianyu/nanvix-rust-std-spec-survey/nanvix-rust-std-slice-vec-implproof-2026-08-12/proof_harnesses/120_core_slice_write_copy_of_slice/harness.rs,104,105,"pub fn rust_1_96_maybe_uninit_slice_as_mut_ptr<T: Copy>( slice: &mut [MaybeUninit<T>], ) -> (ptr: *mut MaybeUninit<T>) ensures",111,"pub fn rust_1_96_maybe_uninit_slice_as_mut_ptr<T: Copy>(
    slice: &mut [MaybeUninit<T>],
) -> (ptr: *mut MaybeUninit<T>)
    ensures
        maybe_uninit_slice_start_mut_ptr(maybe_uninit_seq_relation(old(slice)@), ptr),
        final(slice)@ == old(slice)@,
",72af86de443c33ae01f39acb6a168fd719d166765eb08afc04296c7fd896ac89,TS-120-D004,memory-layout-or-provenance-transition,admissible-source-backed-lower-boundary,partial-or-lower-level,"The contract isolates a pointer cast/copy, layout, address, or provenance transition and does not state the enclosing target answer.",core/src/slice/mod.rs:5580-5584,"{""attribute_line"":104,""contract_end_line"":111,""contract_text"":""pub fn rust_1_96_maybe_uninit_slice_as_mut_ptr<T: Copy>(\n    slice: &mut [MaybeUninit<T>],\n) -> (ptr: *mut MaybeUninit<T>)\n    ensures\n        maybe_uninit_slice_start_mut_ptr(maybe_uninit_seq_relation(old(slice)@), ptr),\n        final(slice)@ == old(slice)@,\n"",""declaration_line"":105,""signature"":""pub fn rust_1_96_maybe_uninit_slice_as_mut_ptr<T: Copy>( slice: &mut [MaybeUninit<T>], ) -> (ptr: *mut MaybeUninit<T>) ensures"",""symbol"":""rust_1_96_maybe_uninit_slice_as_mut_ptr""}",pointer-layout-provenance-transition,slice-unknown-authority-v3
TS-120-E004,harness-external-body,core::slice::write_copy_of_slice,120,4,verifier::external_body,copy_nonoverlapping,active-explicit-trusted-body,Exact external-body site enumerated from the selected proof harness; semantics and source backing are supplied by linked dependency records and the retained harness signature.,,,,/home/chentianyu/nanvix-rust-std-spec-survey/nanvix-rust-std-slice-vec-implproof-2026-08-12/proof_harnesses/120_core_slice_write_copy_of_slice/harness.rs,118,119,"pub unsafe fn copy_nonoverlapping<T>(src: *const T, dest: *mut T, count: usize) {",119,"pub unsafe fn copy_nonoverlapping<T>(src: *const T, dest: *mut T, count: usize)
",86f388b50437120f7ab822607c85182dd6ee0edde18a7ae4af5edcd106b0ebce,TS-120-D003;TS-120-D004,memory-layout-or-provenance-transition,admissible-source-backed-lower-boundary,partial-or-lower-level,"The contract isolates a pointer cast/copy, layout, address, or provenance transition and does not state the enclosing target answer.",core/src/mem/maybe_uninit.rs:1169; core/src/slice/mod.rs:4320-4326 and 5561-5586;core/src/slice/mod.rs:5580-5584,"{""attribute_line"":118,""contract_end_line"":119,""contract_text"":""pub unsafe fn copy_nonoverlapping<T>(src: *const T, dest: *mut T, count: usize)\n"",""declaration_line"":119,""signature"":""pub unsafe fn copy_nonoverlapping<T>(src: *const T, dest: *mut T, count: usize) {"",""symbol"":""copy_nonoverlapping""}",pointer-layout-provenance-transition,slice-unknown-authority-v3
TS-120-E005,harness-external-body,core::slice::write_copy_of_slice,120,5,verifier::external_body,rust_1_96_maybe_uninit_copy_from_slice_effect,active-explicit-trusted-body,Exact external-body site enumerated from the selected proof harness; semantics and source backing are supplied by linked dependency records and the retained harness signature.,,,,/home/chentianyu/nanvix-rust-std-spec-survey/nanvix-rust-std-slice-vec-implproof-2026-08-12/proof_harnesses/120_core_slice_write_copy_of_slice/harness.rs,124,125,"proof fn rust_1_96_maybe_uninit_copy_from_slice_effect<T: Copy>( before: Seq<MaybeUninit<T>>, after: Seq<MaybeUninit<T>>, source: MaybeUninitSliceRelation<T>, ) requires",151,"proof fn rust_1_96_maybe_uninit_copy_from_slice_effect<T: Copy>(
    before: Seq<MaybeUninit<T>>,
    after: Seq<MaybeUninit<T>>,
    source: MaybeUninitSliceRelation<T>,
)
    requires
        before.len() == source.values.len(),
        after.len() == source.values.len(),
        maybe_uninit_relation_well_formed(source, source.values.len() as int),
        maybe_uninit_all_initialized(source),
    ensures
        maybe_uninit_relation_well_formed(
            maybe_uninit_seq_relation(before),
            before.len() as int,
        ),
        maybe_uninit_relation_well_formed(
            maybe_uninit_seq_relation(after),
            after.len() as int,
        ),
        maybe_uninit_written_from(
            maybe_uninit_seq_relation(before),
            maybe_uninit_seq_relation(after),
            source.values,
        ),
        maybe_uninit_all_initialized(maybe_uninit_seq_relation(after)),
        maybe_uninit_seq_relation(after).values == source.values,
",de205351b92563b37f4bfee48a7e1425c910b033cbb90013e7f3f284bb997136,TS-120-D004,memory-layout-or-provenance-transition,inadmissible-answer-equivalent-result,answer-equivalent,"The retained transition fixes the target discriminant, aggregate result, or aggregate final storage strongly enough to encode the public answer even though it uses different predicate spelling.",core/src/slice/mod.rs:5580-5584,"{""attribute_line"":124,""contract_end_line"":151,""contract_text"":""proof fn rust_1_96_maybe_uninit_copy_from_slice_effect<T: Copy>(\n    before: Seq<MaybeUninit<T>>,\n    after: Seq<MaybeUninit<T>>,\n    source: MaybeUninitSliceRelation<T>,\n)\n    requires\n        before.len() == source.values.len(),\n        after.len() == source.values.len(),\n        maybe_uninit_relation_well_formed(source, source.values.len() as int),\n        maybe_uninit_all_initialized(source),\n    ensures\n        maybe_uninit_relation_well_formed(\n            maybe_uninit_seq_relation(before),\n            before.len() as int,\n        ),\n        maybe_uninit_relation_well_formed(\n            maybe_uninit_seq_relation(after),\n            after.len() as int,\n        ),\n        maybe_uninit_written_from(\n            maybe_uninit_seq_relation(before),\n            maybe_uninit_seq_relation(after),\n            source.values,\n        ),\n        maybe_uninit_all_initialized(maybe_uninit_seq_relation(after)),\n        maybe_uninit_seq_relation(after).values == source.values,\n"",""declaration_line"":125,""signature"":""proof fn rust_1_96_maybe_uninit_copy_from_slice_effect<T: Copy>( before: Seq<MaybeUninit<T>>, after: Seq<MaybeUninit<T>>, source: MaybeUninitSliceRelation<T>, ) requires"",""symbol"":""rust_1_96_maybe_uninit_copy_from_slice_effect""}",answer-equivalent-result,slice-unknown-authority-v3
TS-120-E006,harness-external-body,core::slice::write_copy_of_slice,120,6,verifier::external_body,rust_1_96_assume_init_mut_raw_cast,active-explicit-trusted-body,Exact external-body site enumerated from the selected proof harness; semantics and source backing are supplied by linked dependency records and the retained harness signature.,,,,/home/chentianyu/nanvix-rust-std-spec-survey/nanvix-rust-std-slice-vec-implproof-2026-08-12/proof_harnesses/120_core_slice_write_copy_of_slice/harness.rs,253,254,"pub unsafe fn rust_1_96_assume_init_mut_raw_cast<'a, T>( slice: &'a mut [MaybeUninit<T>], ) -> (ret: &'a mut [T]) requires",275,"pub unsafe fn rust_1_96_assume_init_mut_raw_cast<'a, T>(
    slice: &'a mut [MaybeUninit<T>],
) -> (ret: &'a mut [T])
    requires
        maybe_uninit_all_initialized(maybe_uninit_seq_relation(old(slice)@)),
    ensures
        maybe_uninit_relation_well_formed(
            maybe_uninit_seq_relation(old(slice)@),
            old(slice)@.len() as int,
        ),
        maybe_uninit_relation_well_formed(
            maybe_uninit_seq_relation(final(slice)@),
            final(slice)@.len() as int,
        ),
        final(slice)@.len() == old(slice)@.len(),
        ret@ == maybe_uninit_seq_relation(old(slice)@).values,
        final(ret)@ == ret@,
        ret@.len() == old(slice)@.len(),
        final(ret)@.len() == final(slice)@.len(),
        maybe_uninit_all_initialized(maybe_uninit_seq_relation(final(slice)@)),
        maybe_uninit_seq_relation(final(slice)@).values == final(ret)@,
",322af4f71cd014fa03fc1a232a9682dc68280b6fdde61fff0ca107b6184f9aaf,TS-120-D005,memory-layout-or-provenance-transition,admissible-source-backed-lower-boundary,partial-or-lower-level,The helper operates on a derived sub-borrow or lower source callee; the caller must still construct the target result.,core/src/mem/maybe_uninit.rs:1527-1531,"{""attribute_line"":253,""contract_end_line"":275,""contract_text"":""pub unsafe fn rust_1_96_assume_init_mut_raw_cast<'a, T>(\n    slice: &'a mut [MaybeUninit<T>],\n) -> (ret: &'a mut [T])\n    requires\n        maybe_uninit_all_initialized(maybe_uninit_seq_relation(old(slice)@)),\n    ensures\n        maybe_uninit_relation_well_formed(\n            maybe_uninit_seq_relation(old(slice)@),\n            old(slice)@.len() as int,\n        ),\n        maybe_uninit_relation_well_formed(\n            maybe_uninit_seq_relation(final(slice)@),\n            final(slice)@.len() as int,\n        ),\n        final(slice)@.len() == old(slice)@.len(),\n        ret@ == maybe_uninit_seq_relation(old(slice)@).values,\n        final(ret)@ == ret@,\n        ret@.len() == old(slice)@.len(),\n        final(ret)@.len() == final(slice)@.len(),\n        maybe_uninit_all_initialized(maybe_uninit_seq_relation(final(slice)@)),\n        maybe_uninit_seq_relation(final(slice)@).values == final(ret)@,\n"",""declaration_line"":254,""signature"":""pub unsafe fn rust_1_96_assume_init_mut_raw_cast<'a, T>( slice: &'a mut [MaybeUninit<T>], ) -> (ret: &'a mut [T]) requires"",""symbol"":""rust_1_96_assume_init_mut_raw_cast""}",derived-borrow-source-callee,slice-unknown-authority-v3
