canonical_target,display_path,origin_path,declaration_id,source_location,copied_source_path,original_source_path,kind,signature,generic_bounds,safety,stability,since,constness,abi,alias_approximate,has_approximate_alias,existing_vstd_status,existing_vstd_provenance,planned_spec_status,semantic_family,source_observable_inputs,source_observable_outputs,source_observable_mutations,required_shared_model_helper,decisive_validation_command,final_contract_or_justified_no_spec_status,counting_basis
core::slice::ChunksExact::remainder,core::slice::ChunksExact::remainder,core::slice::iter::ChunksExact::remainder,core:33656,core/src/slice/iter.rs:1876,/home/chentianyu/nanvix-rust-std-spec-survey/nanvix-rust-std-slice-specgen-2026-08-11/rust-core-slice/iter.rs,/home/chentianyu/nanvix-rust-std-spec-survey/nanvix-rust-std-slice-specgen-2026-08-11/rust-core-slice/iter.rs,inherent_method,pub fn remainder(&self) -> &'a [T],none,safe,stable,1.31.0,non-const,Rust,False,False,uncovered,none,planned-new-real-relation-spec,iterator-splitting-and-chunking,&self,&'a [T],none; observational or constructor result only,Seq subrange/chunk partition and iterator remaining-sequence helpers,python3 verification/check_inventory.py --modules-csv /home/chentianyu/nanvix-rust-std-spec-survey/nanvix-rust-std-slice-specgen-2026-08-11/results/modules.csv --inventory inventory/slice_exec_fn_inventory.csv --expect-total 132 --expect-existing-vstd 12,generated-new-real-relation-spec-static-revalidated,stable unique canonical core::slice exec API from results/coverage.csv; aliases/private/unstable rows excluded
core::slice::ChunksExactMut::into_remainder,core::slice::ChunksExactMut::into_remainder,core::slice::iter::ChunksExactMut::into_remainder,core:33672,core/src/slice/iter.rs:2039,/home/chentianyu/nanvix-rust-std-spec-survey/nanvix-rust-std-slice-specgen-2026-08-11/rust-core-slice/iter.rs,/home/chentianyu/nanvix-rust-std-spec-survey/nanvix-rust-std-slice-specgen-2026-08-11/rust-core-slice/iter.rs,inherent_method,pub fn into_remainder(self) -> &'a mut [T],none,safe,stable,1.31.0,non-const,Rust,False,False,uncovered,none,planned-new-real-relation-spec,iterator-splitting-and-chunking,self,&'a mut [T],none; observational or constructor result only,Seq subrange/chunk partition and iterator remaining-sequence helpers,python3 verification/check_inventory.py --modules-csv /home/chentianyu/nanvix-rust-std-spec-survey/nanvix-rust-std-slice-specgen-2026-08-11/results/modules.csv --inventory inventory/slice_exec_fn_inventory.csv --expect-total 132 --expect-existing-vstd 12,generated-new-real-relation-spec-static-revalidated,stable unique canonical core::slice exec API from results/coverage.csv; aliases/private/unstable rows excluded
core::slice::Iter::as_slice,core::slice::Iter::as_slice,core::slice::iter::Iter::as_slice,core:33478,core/src/slice/iter.rs:135,/home/chentianyu/nanvix-rust-std-spec-survey/nanvix-rust-std-slice-specgen-2026-08-11/rust-core-slice/iter.rs,/home/chentianyu/nanvix-rust-std-spec-survey/nanvix-rust-std-slice-specgen-2026-08-11/rust-core-slice/iter.rs,inherent_method,pub fn as_slice(&self) -> &'a [T],none,safe,stable,1.4.0,non-const,Rust,False,False,uncovered,none,planned-new-real-relation-spec,iterator-splitting-and-chunking,&self,&'a [T],none; observational or constructor result only,Seq subrange/chunk partition and iterator remaining-sequence helpers,python3 verification/check_inventory.py --modules-csv /home/chentianyu/nanvix-rust-std-spec-survey/nanvix-rust-std-slice-specgen-2026-08-11/results/modules.csv --inventory inventory/slice_exec_fn_inventory.csv --expect-total 132 --expect-existing-vstd 12,generated-new-real-relation-spec-static-revalidated,stable unique canonical core::slice exec API from results/coverage.csv; aliases/private/unstable rows excluded
core::slice::IterMut::as_slice,core::slice::IterMut::as_slice,core::slice::iter::IterMut::as_slice,core:33494,core/src/slice/iter.rs:311,/home/chentianyu/nanvix-rust-std-spec-survey/nanvix-rust-std-slice-specgen-2026-08-11/rust-core-slice/iter.rs,/home/chentianyu/nanvix-rust-std-spec-survey/nanvix-rust-std-slice-specgen-2026-08-11/rust-core-slice/iter.rs,inherent_method,pub fn as_slice(&self) -> &[T],none,safe,stable,1.53.0,non-const,Rust,False,False,uncovered,none,planned-new-real-relation-spec,iterator-splitting-and-chunking,&self,&[T],none; observational or constructor result only,Seq subrange/chunk partition and iterator remaining-sequence helpers,python3 verification/check_inventory.py --modules-csv /home/chentianyu/nanvix-rust-std-spec-survey/nanvix-rust-std-slice-specgen-2026-08-11/results/modules.csv --inventory inventory/slice_exec_fn_inventory.csv --expect-total 132 --expect-existing-vstd 12,generated-new-real-relation-spec-static-revalidated,stable unique canonical core::slice exec API from results/coverage.csv; aliases/private/unstable rows excluded
core::slice::IterMut::into_slice,core::slice::IterMut::into_slice,core::slice::iter::IterMut::into_slice,core:33493,core/src/slice/iter.rs:274,/home/chentianyu/nanvix-rust-std-spec-survey/nanvix-rust-std-slice-specgen-2026-08-11/rust-core-slice/iter.rs,/home/chentianyu/nanvix-rust-std-spec-survey/nanvix-rust-std-slice-specgen-2026-08-11/rust-core-slice/iter.rs,inherent_method,pub fn into_slice(self) -> &'a mut [T],none,safe,stable,1.4.0,non-const,Rust,False,False,uncovered,none,planned-new-real-relation-spec,iterator-splitting-and-chunking,self,&'a mut [T],none; observational or constructor result only,Seq subrange/chunk partition and iterator remaining-sequence helpers,python3 verification/check_inventory.py --modules-csv /home/chentianyu/nanvix-rust-std-spec-survey/nanvix-rust-std-slice-specgen-2026-08-11/results/modules.csv --inventory inventory/slice_exec_fn_inventory.csv --expect-total 132 --expect-existing-vstd 12,generated-new-real-relation-spec-static-revalidated,stable unique canonical core::slice exec API from results/coverage.csv; aliases/private/unstable rows excluded
core::slice::RChunksExact::remainder,core::slice::RChunksExact::remainder,core::slice::iter::RChunksExact::remainder,core:33721,core/src/slice/iter.rs:2686,/home/chentianyu/nanvix-rust-std-spec-survey/nanvix-rust-std-slice-specgen-2026-08-11/rust-core-slice/iter.rs,/home/chentianyu/nanvix-rust-std-spec-survey/nanvix-rust-std-slice-specgen-2026-08-11/rust-core-slice/iter.rs,inherent_method,pub const fn remainder(&self) -> &'a [T],none,safe,stable,1.31.0,const,Rust,False,False,uncovered,none,planned-new-real-relation-spec,iterator-splitting-and-chunking,&self,&'a [T],none; observational or constructor result only,Seq subrange/chunk partition and iterator remaining-sequence helpers,python3 verification/check_inventory.py --modules-csv /home/chentianyu/nanvix-rust-std-spec-survey/nanvix-rust-std-slice-specgen-2026-08-11/results/modules.csv --inventory inventory/slice_exec_fn_inventory.csv --expect-total 132 --expect-existing-vstd 12,generated-new-real-relation-spec-static-revalidated,stable unique canonical core::slice exec API from results/coverage.csv; aliases/private/unstable rows excluded
core::slice::RChunksExactMut::into_remainder,core::slice::RChunksExactMut::into_remainder,core::slice::iter::RChunksExactMut::into_remainder,core:33736,core/src/slice/iter.rs:2855,/home/chentianyu/nanvix-rust-std-spec-survey/nanvix-rust-std-slice-specgen-2026-08-11/rust-core-slice/iter.rs,/home/chentianyu/nanvix-rust-std-spec-survey/nanvix-rust-std-slice-specgen-2026-08-11/rust-core-slice/iter.rs,inherent_method,pub const fn into_remainder(self) -> &'a mut [T],none,safe,stable,1.31.0,const,Rust,False,False,uncovered,none,planned-new-real-relation-spec,iterator-splitting-and-chunking,self,&'a mut [T],none; observational or constructor result only,Seq subrange/chunk partition and iterator remaining-sequence helpers,python3 verification/check_inventory.py --modules-csv /home/chentianyu/nanvix-rust-std-spec-survey/nanvix-rust-std-slice-specgen-2026-08-11/results/modules.csv --inventory inventory/slice_exec_fn_inventory.csv --expect-total 132 --expect-existing-vstd 12,generated-new-real-relation-spec-static-revalidated,stable unique canonical core::slice exec API from results/coverage.csv; aliases/private/unstable rows excluded
core::slice::align_to,core::slice::<[T]>::align_to,core::slice::align_to,core:61130,core/src/slice/mod.rs:4506,/home/chentianyu/nanvix-rust-std-spec-survey/nanvix-rust-std-slice-specgen-2026-08-11/rust-core-slice/mod.rs,/home/chentianyu/nanvix-rust-std-spec-survey/nanvix-rust-std-slice-specgen-2026-08-11/rust-core-slice/mod.rs,primitive_method,"pub unsafe fn align_to<U>(&self) -> (&[T], &[U], &[T])",<U>,unsafe,stable,1.30.0,non-const,Rust,False,False,uncovered,none,planned-new-real-relation-spec,raw-pointer-and-provenance,&self,"(&[T], &[U], &[T])",none; observational or constructor result only,"slice Seq/View plus pointer provenance, length, alignment, and unsafe-domain helpers",python3 verification/check_inventory.py --modules-csv /home/chentianyu/nanvix-rust-std-spec-survey/nanvix-rust-std-slice-specgen-2026-08-11/results/modules.csv --inventory inventory/slice_exec_fn_inventory.csv --expect-total 132 --expect-existing-vstd 12,generated-new-real-relation-spec-static-revalidated,stable unique canonical core::slice exec API from results/coverage.csv; aliases/private/unstable rows excluded
core::slice::align_to_mut,core::slice::<[T]>::align_to_mut,core::slice::align_to_mut,core:61131,core/src/slice/mod.rs:4571,/home/chentianyu/nanvix-rust-std-spec-survey/nanvix-rust-std-slice-specgen-2026-08-11/rust-core-slice/mod.rs,/home/chentianyu/nanvix-rust-std-spec-survey/nanvix-rust-std-slice-specgen-2026-08-11/rust-core-slice/mod.rs,primitive_method,"pub unsafe fn align_to_mut<U>(&mut self) -> (&mut [T], &mut [U], &mut [T])",<U>,unsafe,stable,1.30.0,non-const,Rust,False,False,uncovered,none,planned-new-real-relation-spec,raw-pointer-and-provenance,&mut self,"(&mut [T], &mut [U], &mut [T])",may mutate receiver slice contents; inventory requires old/final frame in generation phase,"slice Seq/View plus pointer provenance, length, alignment, and unsafe-domain helpers",python3 verification/check_inventory.py --modules-csv /home/chentianyu/nanvix-rust-std-spec-survey/nanvix-rust-std-slice-specgen-2026-08-11/results/modules.csv --inventory inventory/slice_exec_fn_inventory.csv --expect-total 132 --expect-existing-vstd 12,generated-new-real-relation-spec-static-revalidated,stable unique canonical core::slice exec API from results/coverage.csv; aliases/private/unstable rows excluded
core::slice::array_windows,core::slice::<[T]>::array_windows,core::slice::array_windows,core:33684,core/src/slice/mod.rs:1649,/home/chentianyu/nanvix-rust-std-spec-survey/nanvix-rust-std-slice-specgen-2026-08-11/rust-core-slice/mod.rs,/home/chentianyu/nanvix-rust-std-spec-survey/nanvix-rust-std-slice-specgen-2026-08-11/rust-core-slice/mod.rs,primitive_method,"pub const fn array_windows<const N: usize>(&self) -> ArrayWindows<'_, T, N>",<const N: usize>,safe,stable,1.94.0,const,Rust,False,False,uncovered,none,planned-new-real-relation-spec,iterator-splitting-and-chunking,&self,"ArrayWindows<'_, T, N>",none; observational or constructor result only,Seq subrange/chunk partition and iterator remaining-sequence helpers,python3 verification/check_inventory.py --modules-csv /home/chentianyu/nanvix-rust-std-spec-survey/nanvix-rust-std-slice-specgen-2026-08-11/results/modules.csv --inventory inventory/slice_exec_fn_inventory.csv --expect-total 132 --expect-existing-vstd 12,generated-new-real-relation-spec-static-revalidated,stable unique canonical core::slice exec API from results/coverage.csv; aliases/private/unstable rows excluded
core::slice::as_array,core::slice::<[T]>::as_array,core::slice::as_array,core:61076,core/src/slice/mod.rs:853,/home/chentianyu/nanvix-rust-std-spec-survey/nanvix-rust-std-slice-specgen-2026-08-11/rust-core-slice/mod.rs,/home/chentianyu/nanvix-rust-std-spec-survey/nanvix-rust-std-slice-specgen-2026-08-11/rust-core-slice/mod.rs,primitive_method,pub const fn as_array<const N: usize>(&self) -> Option<&[T; N]>,<const N: usize>,safe,stable,1.93.0,const,Rust,False,False,uncovered,none,planned-new-real-relation-spec,views-and-fixed-subranges,&self,Option<&[T; N]>,none; observational or constructor result only,Seq fixed-size array/chunk/subrange view helpers,python3 verification/check_inventory.py --modules-csv /home/chentianyu/nanvix-rust-std-spec-survey/nanvix-rust-std-slice-specgen-2026-08-11/results/modules.csv --inventory inventory/slice_exec_fn_inventory.csv --expect-total 132 --expect-existing-vstd 12,generated-new-real-relation-spec-static-revalidated,stable unique canonical core::slice exec API from results/coverage.csv; aliases/private/unstable rows excluded
core::slice::as_chunks,core::slice::<[T]>::as_chunks,core::slice::as_chunks,core:61081,core/src/slice/mod.rs:1399,/home/chentianyu/nanvix-rust-std-spec-survey/nanvix-rust-std-slice-specgen-2026-08-11/rust-core-slice/mod.rs,/home/chentianyu/nanvix-rust-std-spec-survey/nanvix-rust-std-slice-specgen-2026-08-11/rust-core-slice/mod.rs,primitive_method,"pub const fn as_chunks<const N: usize>(&self) -> (&[[T; N]], &[T])",<const N: usize>,safe,stable,1.88.0,const,Rust,False,False,uncovered,none,planned-new-real-relation-spec,iterator-splitting-and-chunking,&self,"(&[[T; N]], &[T])",none; observational or constructor result only,Seq subrange/chunk partition and iterator remaining-sequence helpers,python3 verification/check_inventory.py --modules-csv /home/chentianyu/nanvix-rust-std-spec-survey/nanvix-rust-std-slice-specgen-2026-08-11/results/modules.csv --inventory inventory/slice_exec_fn_inventory.csv --expect-total 132 --expect-existing-vstd 12,generated-new-real-relation-spec-static-revalidated,stable unique canonical core::slice exec API from results/coverage.csv; aliases/private/unstable rows excluded
core::slice::as_chunks_mut,core::slice::<[T]>::as_chunks_mut,core::slice::as_chunks_mut,core:61082,core/src/slice/mod.rs:1555,/home/chentianyu/nanvix-rust-std-spec-survey/nanvix-rust-std-slice-specgen-2026-08-11/rust-core-slice/mod.rs,/home/chentianyu/nanvix-rust-std-spec-survey/nanvix-rust-std-slice-specgen-2026-08-11/rust-core-slice/mod.rs,primitive_method,"pub const fn as_chunks_mut<const N: usize>(&mut self) -> (&mut [[T; N]], &mut [T])",<const N: usize>,safe,stable,1.88.0,const,Rust,False,False,uncovered,none,planned-new-real-relation-spec,iterator-splitting-and-chunking,&mut self,"(&mut [[T; N]], &mut [T])",may mutate receiver slice contents; inventory requires old/final frame in generation phase,Seq subrange/chunk partition and iterator remaining-sequence helpers,python3 verification/check_inventory.py --modules-csv /home/chentianyu/nanvix-rust-std-spec-survey/nanvix-rust-std-slice-specgen-2026-08-11/results/modules.csv --inventory inventory/slice_exec_fn_inventory.csv --expect-total 132 --expect-existing-vstd 12,generated-new-real-relation-spec-static-revalidated,stable unique canonical core::slice exec API from results/coverage.csv; aliases/private/unstable rows excluded
core::slice::as_chunks_unchecked,core::slice::<[T]>::as_chunks_unchecked,core::slice::as_chunks_unchecked,core:61085,core/src/slice/mod.rs:1341,/home/chentianyu/nanvix-rust-std-spec-survey/nanvix-rust-std-slice-specgen-2026-08-11/rust-core-slice/mod.rs,/home/chentianyu/nanvix-rust-std-spec-survey/nanvix-rust-std-slice-specgen-2026-08-11/rust-core-slice/mod.rs,primitive_method,pub const unsafe fn as_chunks_unchecked<const N: usize>(&self) -> &[[T; N]],<const N: usize>,unsafe,stable,1.88.0,const,Rust,False,False,uncovered,none,planned-new-real-relation-spec,iterator-splitting-and-chunking,&self,&[[T; N]],none; observational or constructor result only,Seq subrange/chunk partition and iterator remaining-sequence helpers,python3 verification/check_inventory.py --modules-csv /home/chentianyu/nanvix-rust-std-spec-survey/nanvix-rust-std-slice-specgen-2026-08-11/results/modules.csv --inventory inventory/slice_exec_fn_inventory.csv --expect-total 132 --expect-existing-vstd 12,generated-new-real-relation-spec-static-revalidated,stable unique canonical core::slice exec API from results/coverage.csv; aliases/private/unstable rows excluded
core::slice::as_chunks_unchecked_mut,core::slice::<[T]>::as_chunks_unchecked_mut,core::slice::as_chunks_unchecked_mut,core:61088,core/src/slice/mod.rs:1501,/home/chentianyu/nanvix-rust-std-spec-survey/nanvix-rust-std-slice-specgen-2026-08-11/rust-core-slice/mod.rs,/home/chentianyu/nanvix-rust-std-spec-survey/nanvix-rust-std-slice-specgen-2026-08-11/rust-core-slice/mod.rs,primitive_method,pub const unsafe fn as_chunks_unchecked_mut<const N: usize>(&mut self) -> &mut [[T; N]],<const N: usize>,unsafe,stable,1.88.0,const,Rust,False,False,uncovered,none,planned-new-real-relation-spec,iterator-splitting-and-chunking,&mut self,&mut [[T; N]],may mutate receiver slice contents; inventory requires old/final frame in generation phase,Seq subrange/chunk partition and iterator remaining-sequence helpers,python3 verification/check_inventory.py --modules-csv /home/chentianyu/nanvix-rust-std-spec-survey/nanvix-rust-std-slice-specgen-2026-08-11/results/modules.csv --inventory inventory/slice_exec_fn_inventory.csv --expect-total 132 --expect-existing-vstd 12,generated-new-real-relation-spec-static-revalidated,stable unique canonical core::slice exec API from results/coverage.csv; aliases/private/unstable rows excluded
core::slice::as_flattened,core::slice::<[T]>::as_flattened,core::slice::as_flattened,core:61083,core/src/slice/mod.rs:5451,/home/chentianyu/nanvix-rust-std-spec-survey/nanvix-rust-std-slice-specgen-2026-08-11/rust-core-slice/mod.rs,/home/chentianyu/nanvix-rust-std-spec-survey/nanvix-rust-std-slice-specgen-2026-08-11/rust-core-slice/mod.rs,primitive_method,pub const fn as_flattened(&self) -> &[T],none,safe,stable,1.80.0,const,Rust,False,False,uncovered,none,planned-new-real-relation-spec,views-and-fixed-subranges,&self,&[T],none; observational or constructor result only,Seq fixed-size array/chunk/subrange view helpers,python3 verification/check_inventory.py --modules-csv /home/chentianyu/nanvix-rust-std-spec-survey/nanvix-rust-std-slice-specgen-2026-08-11/results/modules.csv --inventory inventory/slice_exec_fn_inventory.csv --expect-total 132 --expect-existing-vstd 12,generated-new-real-relation-spec-static-revalidated,stable unique canonical core::slice exec API from results/coverage.csv; aliases/private/unstable rows excluded
core::slice::as_flattened_mut,core::slice::<[T]>::as_flattened_mut,core::slice::as_flattened_mut,core:61086,core/src/slice/mod.rs:5493,/home/chentianyu/nanvix-rust-std-spec-survey/nanvix-rust-std-slice-specgen-2026-08-11/rust-core-slice/mod.rs,/home/chentianyu/nanvix-rust-std-spec-survey/nanvix-rust-std-slice-specgen-2026-08-11/rust-core-slice/mod.rs,primitive_method,pub const fn as_flattened_mut(&mut self) -> &mut [T],none,safe,stable,1.80.0,const,Rust,False,False,uncovered,none,planned-new-real-relation-spec,views-and-fixed-subranges,&mut self,&mut [T],may mutate receiver slice contents; inventory requires old/final frame in generation phase,Seq fixed-size array/chunk/subrange view helpers,python3 verification/check_inventory.py --modules-csv /home/chentianyu/nanvix-rust-std-spec-survey/nanvix-rust-std-slice-specgen-2026-08-11/results/modules.csv --inventory inventory/slice_exec_fn_inventory.csv --expect-total 132 --expect-existing-vstd 12,generated-new-real-relation-spec-static-revalidated,stable unique canonical core::slice exec API from results/coverage.csv; aliases/private/unstable rows excluded
core::slice::as_mut_array,core::slice::<[T]>::as_mut_array,core::slice::as_mut_array,core:61077,core/src/slice/mod.rs:872,/home/chentianyu/nanvix-rust-std-spec-survey/nanvix-rust-std-slice-specgen-2026-08-11/rust-core-slice/mod.rs,/home/chentianyu/nanvix-rust-std-spec-survey/nanvix-rust-std-slice-specgen-2026-08-11/rust-core-slice/mod.rs,primitive_method,pub const fn as_mut_array<const N: usize>(&mut self) -> Option<&mut [T; N]>,<const N: usize>,safe,stable,1.93.0,const,Rust,False,False,uncovered,none,planned-new-real-relation-spec,views-and-fixed-subranges,&mut self,Option<&mut [T; N]>,may mutate receiver slice contents; inventory requires old/final frame in generation phase,Seq fixed-size array/chunk/subrange view helpers,python3 verification/check_inventory.py --modules-csv /home/chentianyu/nanvix-rust-std-spec-survey/nanvix-rust-std-slice-specgen-2026-08-11/results/modules.csv --inventory inventory/slice_exec_fn_inventory.csv --expect-total 132 --expect-existing-vstd 12,generated-new-real-relation-spec-static-revalidated,stable unique canonical core::slice exec API from results/coverage.csv; aliases/private/unstable rows excluded
core::slice::as_mut_ptr,core::slice::<[T]>::as_mut_ptr,core::slice::as_mut_ptr,core:61074,core/src/slice/mod.rs:760,/home/chentianyu/nanvix-rust-std-spec-survey/nanvix-rust-std-slice-specgen-2026-08-11/rust-core-slice/mod.rs,/home/chentianyu/nanvix-rust-std-spec-survey/nanvix-rust-std-slice-specgen-2026-08-11/rust-core-slice/mod.rs,primitive_method,pub const fn as_mut_ptr(&mut self) -> *mut T,none,safe,stable,1.0.0,const,Rust,False,False,uncovered,none,planned-new-real-relation-spec,raw-pointer-and-provenance,&mut self,*mut T,may mutate receiver slice contents; inventory requires old/final frame in generation phase,"slice Seq/View plus pointer provenance, length, alignment, and unsafe-domain helpers",python3 verification/check_inventory.py --modules-csv /home/chentianyu/nanvix-rust-std-spec-survey/nanvix-rust-std-slice-specgen-2026-08-11/results/modules.csv --inventory inventory/slice_exec_fn_inventory.csv --expect-total 132 --expect-existing-vstd 12,generated-new-real-relation-spec-static-revalidated,stable unique canonical core::slice exec API from results/coverage.csv; aliases/private/unstable rows excluded
core::slice::as_mut_ptr_range,core::slice::<[T]>::as_mut_ptr_range,core::slice::as_mut_ptr_range,core:33775,core/src/slice/mod.rs:839,/home/chentianyu/nanvix-rust-std-spec-survey/nanvix-rust-std-slice-specgen-2026-08-11/rust-core-slice/mod.rs,/home/chentianyu/nanvix-rust-std-spec-survey/nanvix-rust-std-slice-specgen-2026-08-11/rust-core-slice/mod.rs,primitive_method,pub const fn as_mut_ptr_range(&mut self) -> Range<*mut T>,none,safe,stable,1.48.0,const,Rust,False,False,uncovered,none,planned-new-real-relation-spec,raw-pointer-and-provenance,&mut self,Range<*mut T>,may mutate receiver slice contents; inventory requires old/final frame in generation phase,"slice Seq/View plus pointer provenance, length, alignment, and unsafe-domain helpers",python3 verification/check_inventory.py --modules-csv /home/chentianyu/nanvix-rust-std-spec-survey/nanvix-rust-std-slice-specgen-2026-08-11/results/modules.csv --inventory inventory/slice_exec_fn_inventory.csv --expect-total 132 --expect-existing-vstd 12,generated-new-real-relation-spec-static-revalidated,stable unique canonical core::slice exec API from results/coverage.csv; aliases/private/unstable rows excluded
core::slice::as_ptr,core::slice::<[T]>::as_ptr,core::slice::as_ptr,core:61075,core/src/slice/mod.rs:728,/home/chentianyu/nanvix-rust-std-spec-survey/nanvix-rust-std-slice-specgen-2026-08-11/rust-core-slice/mod.rs,/home/chentianyu/nanvix-rust-std-spec-survey/nanvix-rust-std-slice-specgen-2026-08-11/rust-core-slice/mod.rs,primitive_method,pub const fn as_ptr(&self) -> *const T,none,safe,stable,1.0.0,const,Rust,False,False,uncovered,none,planned-new-real-relation-spec,raw-pointer-and-provenance,&self,*const T,none; observational or constructor result only,"slice Seq/View plus pointer provenance, length, alignment, and unsafe-domain helpers",python3 verification/check_inventory.py --modules-csv /home/chentianyu/nanvix-rust-std-spec-survey/nanvix-rust-std-slice-specgen-2026-08-11/results/modules.csv --inventory inventory/slice_exec_fn_inventory.csv --expect-total 132 --expect-existing-vstd 12,generated-new-real-relation-spec-static-revalidated,stable unique canonical core::slice exec API from results/coverage.csv; aliases/private/unstable rows excluded
core::slice::as_ptr_range,core::slice::<[T]>::as_ptr_range,core::slice::as_ptr_range,core:33773,core/src/slice/mod.rs:796,/home/chentianyu/nanvix-rust-std-spec-survey/nanvix-rust-std-slice-specgen-2026-08-11/rust-core-slice/mod.rs,/home/chentianyu/nanvix-rust-std-spec-survey/nanvix-rust-std-slice-specgen-2026-08-11/rust-core-slice/mod.rs,primitive_method,pub const fn as_ptr_range(&self) -> Range<*const T>,none,safe,stable,1.48.0,const,Rust,False,False,uncovered,none,planned-new-real-relation-spec,raw-pointer-and-provenance,&self,Range<*const T>,none; observational or constructor result only,"slice Seq/View plus pointer provenance, length, alignment, and unsafe-domain helpers",python3 verification/check_inventory.py --modules-csv /home/chentianyu/nanvix-rust-std-spec-survey/nanvix-rust-std-slice-specgen-2026-08-11/results/modules.csv --inventory inventory/slice_exec_fn_inventory.csv --expect-total 132 --expect-existing-vstd 12,generated-new-real-relation-spec-static-revalidated,stable unique canonical core::slice exec API from results/coverage.csv; aliases/private/unstable rows excluded
core::slice::as_rchunks,core::slice::<[T]>::as_rchunks,core::slice::as_rchunks,core:61084,core/src/slice/mod.rs:1446,/home/chentianyu/nanvix-rust-std-spec-survey/nanvix-rust-std-slice-specgen-2026-08-11/rust-core-slice/mod.rs,/home/chentianyu/nanvix-rust-std-spec-survey/nanvix-rust-std-slice-specgen-2026-08-11/rust-core-slice/mod.rs,primitive_method,"pub const fn as_rchunks<const N: usize>(&self) -> (&[T], &[[T; N]])",<const N: usize>,safe,stable,1.88.0,const,Rust,False,False,uncovered,none,planned-new-real-relation-spec,iterator-splitting-and-chunking,&self,"(&[T], &[[T; N]])",none; observational or constructor result only,Seq subrange/chunk partition and iterator remaining-sequence helpers,python3 verification/check_inventory.py --modules-csv /home/chentianyu/nanvix-rust-std-spec-survey/nanvix-rust-std-slice-specgen-2026-08-11/results/modules.csv --inventory inventory/slice_exec_fn_inventory.csv --expect-total 132 --expect-existing-vstd 12,generated-new-real-relation-spec-static-revalidated,stable unique canonical core::slice exec API from results/coverage.csv; aliases/private/unstable rows excluded
core::slice::as_rchunks_mut,core::slice::<[T]>::as_rchunks_mut,core::slice::as_rchunks_mut,core:61087,core/src/slice/mod.rs:1608,/home/chentianyu/nanvix-rust-std-spec-survey/nanvix-rust-std-slice-specgen-2026-08-11/rust-core-slice/mod.rs,/home/chentianyu/nanvix-rust-std-spec-survey/nanvix-rust-std-slice-specgen-2026-08-11/rust-core-slice/mod.rs,primitive_method,"pub const fn as_rchunks_mut<const N: usize>(&mut self) -> (&mut [T], &mut [[T; N]])",<const N: usize>,safe,stable,1.88.0,const,Rust,False,False,uncovered,none,planned-new-real-relation-spec,iterator-splitting-and-chunking,&mut self,"(&mut [T], &mut [[T; N]])",may mutate receiver slice contents; inventory requires old/final frame in generation phase,Seq subrange/chunk partition and iterator remaining-sequence helpers,python3 verification/check_inventory.py --modules-csv /home/chentianyu/nanvix-rust-std-spec-survey/nanvix-rust-std-slice-specgen-2026-08-11/results/modules.csv --inventory inventory/slice_exec_fn_inventory.csv --expect-total 132 --expect-existing-vstd 12,generated-new-real-relation-spec-static-revalidated,stable unique canonical core::slice exec API from results/coverage.csv; aliases/private/unstable rows excluded
core::slice::assume_init_drop,core::slice::<[T]>::assume_init_drop,core::slice::assume_init_drop,core:61036,core/src/mem/maybe_uninit.rs:1487,not-copied: outside core/src/slice/** source authority copy,/home/chentianyu/nanvix-rust-std-spec-survey/rust-1.96/library/core/src/mem/maybe_uninit.rs,primitive_method,"pub const unsafe fn assume_init_drop(&mut self) where T: [const] Destruct,","T: [const] Destruct,",unsafe,stable,1.93.0,const,Rust,False,False,uncovered,none,planned-new-real-relation-spec,maybe-uninit-slice-storage,&mut self,(),may mutate receiver slice contents; inventory requires old/final frame in generation phase,MaybeUninit initialization/raw-storage view plus old/final write-frame helper,python3 verification/check_inventory.py --modules-csv /home/chentianyu/nanvix-rust-std-spec-survey/nanvix-rust-std-slice-specgen-2026-08-11/results/modules.csv --inventory inventory/slice_exec_fn_inventory.csv --expect-total 132 --expect-existing-vstd 12,generated-new-real-relation-spec-static-revalidated,stable unique canonical core::slice exec API from results/coverage.csv; aliases/private/unstable rows excluded
core::slice::assume_init_mut,core::slice::<[T]>::assume_init_mut,core::slice::assume_init_mut,core:61038,core/src/mem/maybe_uninit.rs:1528,not-copied: outside core/src/slice/** source authority copy,/home/chentianyu/nanvix-rust-std-spec-survey/rust-1.96/library/core/src/mem/maybe_uninit.rs,primitive_method,pub const unsafe fn assume_init_mut(&mut self) -> &mut [T],none,unsafe,stable,1.93.0,const,Rust,False,False,uncovered,none,planned-new-real-relation-spec,maybe-uninit-slice-storage,&mut self,&mut [T],may mutate receiver slice contents; inventory requires old/final frame in generation phase,MaybeUninit initialization/raw-storage view plus old/final write-frame helper,python3 verification/check_inventory.py --modules-csv /home/chentianyu/nanvix-rust-std-spec-survey/nanvix-rust-std-slice-specgen-2026-08-11/results/modules.csv --inventory inventory/slice_exec_fn_inventory.csv --expect-total 132 --expect-existing-vstd 12,generated-new-real-relation-spec-static-revalidated,stable unique canonical core::slice exec API from results/coverage.csv; aliases/private/unstable rows excluded
core::slice::assume_init_ref,core::slice::<[T]>::assume_init_ref,core::slice::assume_init_ref,core:61037,core/src/mem/maybe_uninit.rs:1509,not-copied: outside core/src/slice/** source authority copy,/home/chentianyu/nanvix-rust-std-spec-survey/rust-1.96/library/core/src/mem/maybe_uninit.rs,primitive_method,pub const unsafe fn assume_init_ref(&self) -> &[T],none,unsafe,stable,1.93.0,const,Rust,False,False,uncovered,none,planned-new-real-relation-spec,maybe-uninit-slice-storage,&self,&[T],none; observational or constructor result only,MaybeUninit initialization/raw-storage view plus old/final write-frame helper,python3 verification/check_inventory.py --modules-csv /home/chentianyu/nanvix-rust-std-spec-survey/nanvix-rust-std-slice-specgen-2026-08-11/results/modules.csv --inventory inventory/slice_exec_fn_inventory.csv --expect-total 132 --expect-existing-vstd 12,generated-new-real-relation-spec-static-revalidated,stable unique canonical core::slice exec API from results/coverage.csv; aliases/private/unstable rows excluded
core::slice::binary_search,core::slice::<[T]>::binary_search,core::slice::binary_search,core:61097,core/src/slice/mod.rs:2925,/home/chentianyu/nanvix-rust-std-spec-survey/nanvix-rust-std-slice-specgen-2026-08-11/rust-core-slice/mod.rs,/home/chentianyu/nanvix-rust-std-spec-survey/nanvix-rust-std-slice-specgen-2026-08-11/rust-core-slice/mod.rs,primitive_method,"pub fn binary_search(&self, x: &T) -> Result<usize, usize> where T: Ord,","T: Ord,",safe,stable,1.0.0,non-const,Rust,False,False,uncovered,none,planned-new-real-relation-spec,search-prefix-suffix-ordering,"&self, x: &T","Result<usize, usize>",none; observational or constructor result only,"Seq membership, prefix/suffix/subrange, sortedness, and predicate observation helpers",python3 verification/check_inventory.py --modules-csv /home/chentianyu/nanvix-rust-std-spec-survey/nanvix-rust-std-slice-specgen-2026-08-11/results/modules.csv --inventory inventory/slice_exec_fn_inventory.csv --expect-total 132 --expect-existing-vstd 12,generated-new-real-relation-spec-static-revalidated,stable unique canonical core::slice exec API from results/coverage.csv; aliases/private/unstable rows excluded
core::slice::binary_search_by,core::slice::<[T]>::binary_search_by,core::slice::binary_search_by,core:61106,core/src/slice/mod.rs:2976,/home/chentianyu/nanvix-rust-std-spec-survey/nanvix-rust-std-slice-specgen-2026-08-11/rust-core-slice/mod.rs,/home/chentianyu/nanvix-rust-std-spec-survey/nanvix-rust-std-slice-specgen-2026-08-11/rust-core-slice/mod.rs,primitive_method,"pub fn binary_search_by<'a, F>(&'a self, mut f: F) -> Result<usize, usize> where F: FnMut(&'a T) -> Ordering,","<'a, F> F: FnMut(&'a T) -> Ordering,",safe,stable,1.0.0,non-const,Rust,False,False,uncovered,none,planned-new-real-relation-spec,search-prefix-suffix-ordering,"&'a self, mut f: F","Result<usize, usize>",none; observational or constructor result only,"Seq membership, prefix/suffix/subrange, sortedness, and predicate observation helpers",python3 verification/check_inventory.py --modules-csv /home/chentianyu/nanvix-rust-std-spec-survey/nanvix-rust-std-slice-specgen-2026-08-11/results/modules.csv --inventory inventory/slice_exec_fn_inventory.csv --expect-total 132 --expect-existing-vstd 12,generated-new-real-relation-spec-static-revalidated,stable unique canonical core::slice exec API from results/coverage.csv; aliases/private/unstable rows excluded
core::slice::binary_search_by_key,core::slice::<[T]>::binary_search_by_key,core::slice::binary_search_by_key,core:61107,core/src/slice/mod.rs:3077,/home/chentianyu/nanvix-rust-std-spec-survey/nanvix-rust-std-slice-specgen-2026-08-11/rust-core-slice/mod.rs,/home/chentianyu/nanvix-rust-std-spec-survey/nanvix-rust-std-slice-specgen-2026-08-11/rust-core-slice/mod.rs,primitive_method,"pub fn binary_search_by_key<'a, B, F>(&'a self, b: &B, mut f: F) -> Result<usize, usize> where F: FnMut(&'a T) -> B, B: Ord,","<'a, B, F> F: FnMut(&'a T) -> B, B: Ord,",safe,stable,1.10.0,non-const,Rust,False,False,uncovered,none,planned-new-real-relation-spec,search-prefix-suffix-ordering,"&'a self, b: &B, mut f: F","Result<usize, usize>",none; observational or constructor result only,"Seq membership, prefix/suffix/subrange, sortedness, and predicate observation helpers",python3 verification/check_inventory.py --modules-csv /home/chentianyu/nanvix-rust-std-spec-survey/nanvix-rust-std-slice-specgen-2026-08-11/results/modules.csv --inventory inventory/slice_exec_fn_inventory.csv --expect-total 132 --expect-existing-vstd 12,generated-new-real-relation-spec-static-revalidated,stable unique canonical core::slice exec API from results/coverage.csv; aliases/private/unstable rows excluded
core::slice::chunk_by,core::slice::<[T]>::chunk_by,core::slice::chunk_by,core:33749,core/src/slice/mod.rs:1867,/home/chentianyu/nanvix-rust-std-spec-survey/nanvix-rust-std-slice-specgen-2026-08-11/rust-core-slice/mod.rs,/home/chentianyu/nanvix-rust-std-spec-survey/nanvix-rust-std-slice-specgen-2026-08-11/rust-core-slice/mod.rs,primitive_method,"pub const fn chunk_by<F>(&self, pred: F) -> ChunkBy<'_, T, F> where F: FnMut(&T, &T) -> bool,","<F> F: FnMut(&T, &T) -> bool,",safe,stable,1.77.0,const,Rust,False,False,uncovered,none,planned-new-real-relation-spec,iterator-splitting-and-chunking,"&self, pred: F","ChunkBy<'_, T, F>",none; observational or constructor result only,Seq subrange/chunk partition and iterator remaining-sequence helpers,python3 verification/check_inventory.py --modules-csv /home/chentianyu/nanvix-rust-std-spec-survey/nanvix-rust-std-slice-specgen-2026-08-11/results/modules.csv --inventory inventory/slice_exec_fn_inventory.csv --expect-total 132 --expect-existing-vstd 12,generated-new-real-relation-spec-static-revalidated,stable unique canonical core::slice exec API from results/coverage.csv; aliases/private/unstable rows excluded
core::slice::chunk_by_mut,core::slice::<[T]>::chunk_by_mut,core::slice::chunk_by_mut,core:33761,core/src/slice/mod.rs:1909,/home/chentianyu/nanvix-rust-std-spec-survey/nanvix-rust-std-slice-specgen-2026-08-11/rust-core-slice/mod.rs,/home/chentianyu/nanvix-rust-std-spec-survey/nanvix-rust-std-slice-specgen-2026-08-11/rust-core-slice/mod.rs,primitive_method,"pub const fn chunk_by_mut<F>(&mut self, pred: F) -> ChunkByMut<'_, T, F> where F: FnMut(&T, &T) -> bool,","<F> F: FnMut(&T, &T) -> bool,",safe,stable,1.77.0,const,Rust,False,False,uncovered,none,planned-new-real-relation-spec,iterator-splitting-and-chunking,"&mut self, pred: F","ChunkByMut<'_, T, F>",may mutate receiver slice contents; inventory requires old/final frame in generation phase,Seq subrange/chunk partition and iterator remaining-sequence helpers,python3 verification/check_inventory.py --modules-csv /home/chentianyu/nanvix-rust-std-spec-survey/nanvix-rust-std-slice-specgen-2026-08-11/results/modules.csv --inventory inventory/slice_exec_fn_inventory.csv --expect-total 132 --expect-existing-vstd 12,generated-new-real-relation-spec-static-revalidated,stable unique canonical core::slice exec API from results/coverage.csv; aliases/private/unstable rows excluded
core::slice::chunks,core::slice::<[T]>::chunks,core::slice::chunks,core:33631,core/src/slice/mod.rs:1158,/home/chentianyu/nanvix-rust-std-spec-survey/nanvix-rust-std-slice-specgen-2026-08-11/rust-core-slice/mod.rs,/home/chentianyu/nanvix-rust-std-spec-survey/nanvix-rust-std-slice-specgen-2026-08-11/rust-core-slice/mod.rs,primitive_method,"pub const fn chunks(&self, chunk_size: usize) -> Chunks<'_, T>",none,safe,stable,1.0.0,const,Rust,False,False,uncovered,none,planned-new-real-relation-spec,iterator-splitting-and-chunking,"&self, chunk_size: usize","Chunks<'_, T>",none; observational or constructor result only,Seq subrange/chunk partition and iterator remaining-sequence helpers,python3 verification/check_inventory.py --modules-csv /home/chentianyu/nanvix-rust-std-spec-survey/nanvix-rust-std-slice-specgen-2026-08-11/results/modules.csv --inventory inventory/slice_exec_fn_inventory.csv --expect-total 132 --expect-existing-vstd 12,generated-new-real-relation-spec-static-revalidated,stable unique canonical core::slice exec API from results/coverage.csv; aliases/private/unstable rows excluded
core::slice::chunks_exact,core::slice::<[T]>::chunks_exact,core::slice::chunks_exact,core:33657,core/src/slice/mod.rs:1245,/home/chentianyu/nanvix-rust-std-spec-survey/nanvix-rust-std-slice-specgen-2026-08-11/rust-core-slice/mod.rs,/home/chentianyu/nanvix-rust-std-spec-survey/nanvix-rust-std-slice-specgen-2026-08-11/rust-core-slice/mod.rs,primitive_method,"pub const fn chunks_exact(&self, chunk_size: usize) -> ChunksExact<'_, T>",none,safe,stable,1.31.0,const,Rust,False,False,uncovered,none,planned-new-real-relation-spec,iterator-splitting-and-chunking,"&self, chunk_size: usize","ChunksExact<'_, T>",none; observational or constructor result only,Seq subrange/chunk partition and iterator remaining-sequence helpers,python3 verification/check_inventory.py --modules-csv /home/chentianyu/nanvix-rust-std-spec-survey/nanvix-rust-std-slice-specgen-2026-08-11/results/modules.csv --inventory inventory/slice_exec_fn_inventory.csv --expect-total 132 --expect-existing-vstd 12,generated-new-real-relation-spec-static-revalidated,stable unique canonical core::slice exec API from results/coverage.csv; aliases/private/unstable rows excluded
core::slice::chunks_exact_mut,core::slice::<[T]>::chunks_exact_mut,core::slice::chunks_exact_mut,core:33673,core/src/slice/mod.rs:1293,/home/chentianyu/nanvix-rust-std-spec-survey/nanvix-rust-std-slice-specgen-2026-08-11/rust-core-slice/mod.rs,/home/chentianyu/nanvix-rust-std-spec-survey/nanvix-rust-std-slice-specgen-2026-08-11/rust-core-slice/mod.rs,primitive_method,"pub const fn chunks_exact_mut(&mut self, chunk_size: usize) -> ChunksExactMut<'_, T>",none,safe,stable,1.31.0,const,Rust,False,False,uncovered,none,planned-new-real-relation-spec,iterator-splitting-and-chunking,"&mut self, chunk_size: usize","ChunksExactMut<'_, T>",may mutate receiver slice contents; inventory requires old/final frame in generation phase,Seq subrange/chunk partition and iterator remaining-sequence helpers,python3 verification/check_inventory.py --modules-csv /home/chentianyu/nanvix-rust-std-spec-survey/nanvix-rust-std-slice-specgen-2026-08-11/results/modules.csv --inventory inventory/slice_exec_fn_inventory.csv --expect-total 132 --expect-existing-vstd 12,generated-new-real-relation-spec-static-revalidated,stable unique canonical core::slice exec API from results/coverage.csv; aliases/private/unstable rows excluded
core::slice::chunks_mut,core::slice::<[T]>::chunks_mut,core::slice::chunks_mut,core:33644,core/src/slice/mod.rs:1202,/home/chentianyu/nanvix-rust-std-spec-survey/nanvix-rust-std-slice-specgen-2026-08-11/rust-core-slice/mod.rs,/home/chentianyu/nanvix-rust-std-spec-survey/nanvix-rust-std-slice-specgen-2026-08-11/rust-core-slice/mod.rs,primitive_method,"pub const fn chunks_mut(&mut self, chunk_size: usize) -> ChunksMut<'_, T>",none,safe,stable,1.0.0,const,Rust,False,False,uncovered,none,planned-new-real-relation-spec,iterator-splitting-and-chunking,"&mut self, chunk_size: usize","ChunksMut<'_, T>",may mutate receiver slice contents; inventory requires old/final frame in generation phase,Seq subrange/chunk partition and iterator remaining-sequence helpers,python3 verification/check_inventory.py --modules-csv /home/chentianyu/nanvix-rust-std-spec-survey/nanvix-rust-std-slice-specgen-2026-08-11/results/modules.csv --inventory inventory/slice_exec_fn_inventory.csv --expect-total 132 --expect-existing-vstd 12,generated-new-real-relation-spec-static-revalidated,stable unique canonical core::slice exec API from results/coverage.csv; aliases/private/unstable rows excluded
core::slice::clone_from_slice,core::slice::<[T]>::clone_from_slice,core::slice::clone_from_slice,core:10943,core/src/slice/mod.rs:4260,/home/chentianyu/nanvix-rust-std-spec-survey/nanvix-rust-std-slice-specgen-2026-08-11/rust-core-slice/mod.rs,/home/chentianyu/nanvix-rust-std-spec-survey/nanvix-rust-std-slice-specgen-2026-08-11/rust-core-slice/mod.rs,primitive_method,"pub const fn clone_from_slice(&mut self, src: &[T]) where T: [const] Clone + [const] Destruct,","T: [const] Clone + [const] Destruct,",safe,stable,1.7.0,const,Rust,False,False,uncovered,none,planned-new-real-relation-spec,mutation-frame-and-permutation,"&mut self, src: &[T]",(),may mutate receiver slice contents; inventory requires old/final frame in generation phase,"old/final Seq update, frame, permutation, and disjointness helpers",python3 verification/check_inventory.py --modules-csv /home/chentianyu/nanvix-rust-std-spec-survey/nanvix-rust-std-slice-specgen-2026-08-11/results/modules.csv --inventory inventory/slice_exec_fn_inventory.csv --expect-total 132 --expect-existing-vstd 12,generated-new-real-relation-spec-static-revalidated,stable unique canonical core::slice exec API from results/coverage.csv; aliases/private/unstable rows excluded
core::slice::contains,core::slice::<[T]>::contains,core::slice::contains,core:61098,core/src/slice/mod.rs:2594,/home/chentianyu/nanvix-rust-std-spec-survey/nanvix-rust-std-slice-specgen-2026-08-11/rust-core-slice/mod.rs,/home/chentianyu/nanvix-rust-std-spec-survey/nanvix-rust-std-slice-specgen-2026-08-11/rust-core-slice/mod.rs,primitive_method,"pub fn contains(&self, x: &T) -> bool where T: PartialEq,","T: PartialEq,",safe,stable,1.0.0,non-const,Rust,False,False,uncovered,none,planned-new-real-relation-spec,search-prefix-suffix-ordering,"&self, x: &T",bool,none; observational or constructor result only,"Seq membership, prefix/suffix/subrange, sortedness, and predicate observation helpers",python3 verification/check_inventory.py --modules-csv /home/chentianyu/nanvix-rust-std-spec-survey/nanvix-rust-std-slice-specgen-2026-08-11/results/modules.csv --inventory inventory/slice_exec_fn_inventory.csv --expect-total 132 --expect-existing-vstd 12,generated-new-real-relation-spec-static-revalidated,stable unique canonical core::slice exec API from results/coverage.csv; aliases/private/unstable rows excluded
core::slice::copy_from_slice,core::slice::<[T]>::copy_from_slice,core::slice::copy_from_slice,core:61028,core/src/slice/mod.rs:4326,/home/chentianyu/nanvix-rust-std-spec-survey/nanvix-rust-std-slice-specgen-2026-08-11/rust-core-slice/mod.rs,/home/chentianyu/nanvix-rust-std-spec-survey/nanvix-rust-std-slice-specgen-2026-08-11/rust-core-slice/mod.rs,primitive_method,"pub const fn copy_from_slice(&mut self, src: &[T]) where T: Copy,","T: Copy,",safe,stable,1.9.0,const,Rust,False,False,existing-vstd,assume_specification:vstd-baseline/std_specs/slice.rs:213:<[T]>::copy_from_slice,integrate-existing-vstd-contract,existing-vstd-baseline,"&mut self, src: &[T]",(),may mutate receiver slice contents; inventory requires old/final frame in generation phase,preserve exact vstd Seq/View/subrange/update contract and target binding,python3 verification/check_inventory.py --modules-csv /home/chentianyu/nanvix-rust-std-spec-survey/nanvix-rust-std-slice-specgen-2026-08-11/results/modules.csv --inventory inventory/slice_exec_fn_inventory.csv --expect-total 132 --expect-existing-vstd 12,existing-vstd-contract-integrated-and-static-revalidated,stable unique canonical core::slice exec API from results/coverage.csv; aliases/private/unstable rows excluded
core::slice::copy_within,core::slice::<[T]>::copy_within,core::slice::copy_within,core:61128,core/src/slice/mod.rs:4361,/home/chentianyu/nanvix-rust-std-spec-survey/nanvix-rust-std-slice-specgen-2026-08-11/rust-core-slice/mod.rs,/home/chentianyu/nanvix-rust-std-spec-survey/nanvix-rust-std-slice-specgen-2026-08-11/rust-core-slice/mod.rs,primitive_method,"pub fn copy_within<R: RangeBounds<usize>>(&mut self, src: R, dest: usize) where T: Copy,","<R: RangeBounds<usize>> T: Copy,",safe,stable,1.37.0,non-const,Rust,False,False,existing-vstd,assume_specification:vstd-baseline/std_specs/slice.rs:243:<[T]>::copy_within::<R>,integrate-existing-vstd-contract,existing-vstd-baseline,"&mut self, src: R, dest: usize",(),may mutate receiver slice contents; inventory requires old/final frame in generation phase,preserve exact vstd Seq/View/subrange/update contract and target binding,python3 verification/check_inventory.py --modules-csv /home/chentianyu/nanvix-rust-std-spec-survey/nanvix-rust-std-slice-specgen-2026-08-11/results/modules.csv --inventory inventory/slice_exec_fn_inventory.csv --expect-total 132 --expect-existing-vstd 12,existing-vstd-contract-integrated-and-static-revalidated,stable unique canonical core::slice exec API from results/coverage.csv; aliases/private/unstable rows excluded
core::slice::element_offset,core::slice::<[T]>::element_offset,core::slice::element_offset,core:61143,core/src/slice/mod.rs:5267,/home/chentianyu/nanvix-rust-std-spec-survey/nanvix-rust-std-slice-specgen-2026-08-11/rust-core-slice/mod.rs,/home/chentianyu/nanvix-rust-std-spec-survey/nanvix-rust-std-slice-specgen-2026-08-11/rust-core-slice/mod.rs,primitive_method,"pub fn element_offset(&self, element: &T) -> Option<usize>",none,safe,stable,1.94.0,non-const,Rust,False,False,uncovered,none,planned-new-real-relation-spec,raw-pointer-and-provenance,"&self, element: &T",Option<usize>,none; observational or constructor result only,"slice Seq/View plus pointer provenance, length, alignment, and unsafe-domain helpers",python3 verification/check_inventory.py --modules-csv /home/chentianyu/nanvix-rust-std-spec-survey/nanvix-rust-std-slice-specgen-2026-08-11/results/modules.csv --inventory inventory/slice_exec_fn_inventory.csv --expect-total 132 --expect-existing-vstd 12,generated-new-real-relation-spec-static-revalidated,stable unique canonical core::slice exec API from results/coverage.csv; aliases/private/unstable rows excluded
core::slice::ends_with,core::slice::<[T]>::ends_with,core::slice::ends_with,core:61100,core/src/slice/mod.rs:2655,/home/chentianyu/nanvix-rust-std-spec-survey/nanvix-rust-std-slice-specgen-2026-08-11/rust-core-slice/mod.rs,/home/chentianyu/nanvix-rust-std-spec-survey/nanvix-rust-std-slice-specgen-2026-08-11/rust-core-slice/mod.rs,primitive_method,"pub fn ends_with(&self, needle: &[T]) -> bool where T: PartialEq,","T: PartialEq,",safe,stable,1.0.0,non-const,Rust,False,False,uncovered,none,planned-new-real-relation-spec,search-prefix-suffix-ordering,"&self, needle: &[T]",bool,none; observational or constructor result only,"Seq membership, prefix/suffix/subrange, sortedness, and predicate observation helpers",python3 verification/check_inventory.py --modules-csv /home/chentianyu/nanvix-rust-std-spec-survey/nanvix-rust-std-slice-specgen-2026-08-11/results/modules.csv --inventory inventory/slice_exec_fn_inventory.csv --expect-total 132 --expect-existing-vstd 12,generated-new-real-relation-spec-static-revalidated,stable unique canonical core::slice exec API from results/coverage.csv; aliases/private/unstable rows excluded
core::slice::eq_ignore_ascii_case,core::slice::<[T]>::eq_ignore_ascii_case,core::slice::eq_ignore_ascii_case,core:61046,core/src/slice/ascii.rs:60,/home/chentianyu/nanvix-rust-std-spec-survey/nanvix-rust-std-slice-specgen-2026-08-11/rust-core-slice/ascii.rs,/home/chentianyu/nanvix-rust-std-spec-survey/nanvix-rust-std-slice-specgen-2026-08-11/rust-core-slice/ascii.rs,primitive_method,"pub const fn eq_ignore_ascii_case(&self, other: &[u8]) -> bool",none,safe,stable,1.23.0,const,Rust,False,False,uncovered,none,planned-new-real-relation-spec,ascii-byte-sequence,"&self, other: &[u8]",bool,none; observational or constructor result only,"Seq<u8> ASCII classification, case-map, and trim/subrange helpers",python3 verification/check_inventory.py --modules-csv /home/chentianyu/nanvix-rust-std-spec-survey/nanvix-rust-std-slice-specgen-2026-08-11/results/modules.csv --inventory inventory/slice_exec_fn_inventory.csv --expect-total 132 --expect-existing-vstd 12,generated-new-real-relation-spec-static-revalidated,stable unique canonical core::slice exec API from results/coverage.csv; aliases/private/unstable rows excluded
core::slice::escape_ascii,core::slice::<[T]>::escape_ascii,core::slice::escape_ascii,core:33425,core/src/slice/ascii.rs:218,/home/chentianyu/nanvix-rust-std-spec-survey/nanvix-rust-std-slice-specgen-2026-08-11/rust-core-slice/ascii.rs,/home/chentianyu/nanvix-rust-std-spec-survey/nanvix-rust-std-slice-specgen-2026-08-11/rust-core-slice/ascii.rs,primitive_method,pub fn escape_ascii(&self) -> EscapeAscii<'_>,none,safe,stable,1.60.0,non-const,Rust,False,False,uncovered,none,planned-new-real-relation-spec,ascii-byte-sequence,&self,EscapeAscii<'_>,none; observational or constructor result only,"Seq<u8> ASCII classification, case-map, and trim/subrange helpers",python3 verification/check_inventory.py --modules-csv /home/chentianyu/nanvix-rust-std-spec-survey/nanvix-rust-std-slice-specgen-2026-08-11/results/modules.csv --inventory inventory/slice_exec_fn_inventory.csv --expect-total 132 --expect-existing-vstd 12,generated-new-real-relation-spec-static-revalidated,stable unique canonical core::slice exec API from results/coverage.csv; aliases/private/unstable rows excluded
core::slice::fill,core::slice::<[T]>::fill,core::slice::fill,core:61030,core/src/slice/mod.rs:4172,/home/chentianyu/nanvix-rust-std-spec-survey/nanvix-rust-std-slice-specgen-2026-08-11/rust-core-slice/mod.rs,/home/chentianyu/nanvix-rust-std-spec-survey/nanvix-rust-std-slice-specgen-2026-08-11/rust-core-slice/mod.rs,primitive_method,"pub fn fill(&mut self, value: T) where T: Clone,","T: Clone,",safe,stable,1.50.0,non-const,Rust,False,False,uncovered,none,planned-new-real-relation-spec,mutation-frame-and-permutation,"&mut self, value: T",(),may mutate receiver slice contents; inventory requires old/final frame in generation phase,"old/final Seq update, frame, permutation, and disjointness helpers",python3 verification/check_inventory.py --modules-csv /home/chentianyu/nanvix-rust-std-spec-survey/nanvix-rust-std-slice-specgen-2026-08-11/results/modules.csv --inventory inventory/slice_exec_fn_inventory.csv --expect-total 132 --expect-existing-vstd 12,generated-new-real-relation-spec-static-revalidated,stable unique canonical core::slice exec API from results/coverage.csv; aliases/private/unstable rows excluded
core::slice::fill_with,core::slice::<[T]>::fill_with,core::slice::fill_with,core:61127,core/src/slice/mod.rs:4196,/home/chentianyu/nanvix-rust-std-spec-survey/nanvix-rust-std-slice-specgen-2026-08-11/rust-core-slice/mod.rs,/home/chentianyu/nanvix-rust-std-spec-survey/nanvix-rust-std-slice-specgen-2026-08-11/rust-core-slice/mod.rs,primitive_method,"pub fn fill_with<F>(&mut self, mut f: F) where F: FnMut() -> T,","<F> F: FnMut() -> T,",safe,stable,1.51.0,non-const,Rust,False,False,uncovered,none,planned-new-real-relation-spec,mutation-frame-and-permutation,"&mut self, mut f: F","T,",may mutate receiver slice contents; inventory requires old/final frame in generation phase,"old/final Seq update, frame, permutation, and disjointness helpers",python3 verification/check_inventory.py --modules-csv /home/chentianyu/nanvix-rust-std-spec-survey/nanvix-rust-std-slice-specgen-2026-08-11/results/modules.csv --inventory inventory/slice_exec_fn_inventory.csv --expect-total 132 --expect-existing-vstd 12,generated-new-real-relation-spec-static-revalidated,stable unique canonical core::slice exec API from results/coverage.csv; aliases/private/unstable rows excluded
core::slice::first,core::slice::<[T]>::first,core::slice::first,core:29991,core/src/slice/mod.rs:155,/home/chentianyu/nanvix-rust-std-spec-survey/nanvix-rust-std-slice-specgen-2026-08-11/rust-core-slice/mod.rs,/home/chentianyu/nanvix-rust-std-spec-survey/nanvix-rust-std-slice-specgen-2026-08-11/rust-core-slice/mod.rs,primitive_method,pub const fn first(&self) -> Option<&T>,none,safe,stable,1.0.0,const,Rust,False,False,existing-vstd,assume_specification:vstd-baseline/std_specs/slice.rs:166:<[T]>::first,integrate-existing-vstd-contract,existing-vstd-baseline,&self,Option<&T>,none; observational or constructor result only,preserve exact vstd Seq/View/subrange/update contract and target binding,python3 verification/check_inventory.py --modules-csv /home/chentianyu/nanvix-rust-std-spec-survey/nanvix-rust-std-slice-specgen-2026-08-11/results/modules.csv --inventory inventory/slice_exec_fn_inventory.csv --expect-total 132 --expect-existing-vstd 12,existing-vstd-contract-integrated-and-static-revalidated,stable unique canonical core::slice exec API from results/coverage.csv; aliases/private/unstable rows excluded
core::slice::first_chunk,core::slice::<[T]>::first_chunk,core::slice::first_chunk,core:61064,core/src/slice/mod.rs:327,/home/chentianyu/nanvix-rust-std-spec-survey/nanvix-rust-std-slice-specgen-2026-08-11/rust-core-slice/mod.rs,/home/chentianyu/nanvix-rust-std-spec-survey/nanvix-rust-std-slice-specgen-2026-08-11/rust-core-slice/mod.rs,primitive_method,pub const fn first_chunk<const N: usize>(&self) -> Option<&[T; N]>,<const N: usize>,safe,stable,1.77.0,const,Rust,False,False,uncovered,none,planned-new-real-relation-spec,iterator-splitting-and-chunking,&self,Option<&[T; N]>,none; observational or constructor result only,Seq subrange/chunk partition and iterator remaining-sequence helpers,python3 verification/check_inventory.py --modules-csv /home/chentianyu/nanvix-rust-std-spec-survey/nanvix-rust-std-slice-specgen-2026-08-11/results/modules.csv --inventory inventory/slice_exec_fn_inventory.csv --expect-total 132 --expect-existing-vstd 12,generated-new-real-relation-spec-static-revalidated,stable unique canonical core::slice exec API from results/coverage.csv; aliases/private/unstable rows excluded
core::slice::first_chunk_mut,core::slice::<[T]>::first_chunk_mut,core::slice::first_chunk_mut,core:61065,core/src/slice/mod.rs:357,/home/chentianyu/nanvix-rust-std-spec-survey/nanvix-rust-std-slice-specgen-2026-08-11/rust-core-slice/mod.rs,/home/chentianyu/nanvix-rust-std-spec-survey/nanvix-rust-std-slice-specgen-2026-08-11/rust-core-slice/mod.rs,primitive_method,pub const fn first_chunk_mut<const N: usize>(&mut self) -> Option<&mut [T; N]>,<const N: usize>,safe,stable,1.77.0,const,Rust,False,False,uncovered,none,planned-new-real-relation-spec,iterator-splitting-and-chunking,&mut self,Option<&mut [T; N]>,may mutate receiver slice contents; inventory requires old/final frame in generation phase,Seq subrange/chunk partition and iterator remaining-sequence helpers,python3 verification/check_inventory.py --modules-csv /home/chentianyu/nanvix-rust-std-spec-survey/nanvix-rust-std-slice-specgen-2026-08-11/results/modules.csv --inventory inventory/slice_exec_fn_inventory.csv --expect-total 132 --expect-existing-vstd 12,generated-new-real-relation-spec-static-revalidated,stable unique canonical core::slice exec API from results/coverage.csv; aliases/private/unstable rows excluded
core::slice::first_mut,core::slice::<[T]>::first_mut,core::slice::first_mut,core:29993,core/src/slice/mod.rs:178,/home/chentianyu/nanvix-rust-std-spec-survey/nanvix-rust-std-slice-specgen-2026-08-11/rust-core-slice/mod.rs,/home/chentianyu/nanvix-rust-std-spec-survey/nanvix-rust-std-slice-specgen-2026-08-11/rust-core-slice/mod.rs,primitive_method,pub const fn first_mut(&mut self) -> Option<&mut T>,none,safe,stable,1.0.0,const,Rust,False,False,existing-vstd,assume_specification:vstd-baseline/std_specs/slice.rs:179:<[T]>::first_mut,integrate-existing-vstd-contract,existing-vstd-baseline,&mut self,Option<&mut T>,may mutate receiver slice contents; inventory requires old/final frame in generation phase,preserve exact vstd Seq/View/subrange/update contract and target binding,python3 verification/check_inventory.py --modules-csv /home/chentianyu/nanvix-rust-std-spec-survey/nanvix-rust-std-slice-specgen-2026-08-11/results/modules.csv --inventory inventory/slice_exec_fn_inventory.csv --expect-total 132 --expect-existing-vstd 12,existing-vstd-contract-integrated-and-static-revalidated,stable unique canonical core::slice exec API from results/coverage.csv; aliases/private/unstable rows excluded
core::slice::from_mut,core::slice::from_mut,core::slice::raw::from_mut,core:33772,core/src/slice/raw.rs:211,/home/chentianyu/nanvix-rust-std-spec-survey/nanvix-rust-std-slice-specgen-2026-08-11/rust-core-slice/raw.rs,/home/chentianyu/nanvix-rust-std-spec-survey/nanvix-rust-std-slice-specgen-2026-08-11/rust-core-slice/raw.rs,free_function,pub const fn from_mut<T>(s: &mut T) -> &mut [T],<T>,safe,stable,1.28.0,const,Rust,False,False,uncovered,none,planned-new-real-relation-spec,raw-pointer-and-provenance,s: &mut T,&mut [T],may expose mutable reference/region; final frame must be specified if caller mutates through result,"slice Seq/View plus pointer provenance, length, alignment, and unsafe-domain helpers",python3 verification/check_inventory.py --modules-csv /home/chentianyu/nanvix-rust-std-spec-survey/nanvix-rust-std-slice-specgen-2026-08-11/results/modules.csv --inventory inventory/slice_exec_fn_inventory.csv --expect-total 132 --expect-existing-vstd 12,generated-new-real-relation-spec-static-revalidated,stable unique canonical core::slice exec API from results/coverage.csv; aliases/private/unstable rows excluded
core::slice::from_raw_parts,core::slice::from_raw_parts,core::slice::raw::from_raw_parts,core:9483,core/src/slice/raw.rs:124,/home/chentianyu/nanvix-rust-std-spec-survey/nanvix-rust-std-slice-specgen-2026-08-11/rust-core-slice/raw.rs,/home/chentianyu/nanvix-rust-std-spec-survey/nanvix-rust-std-slice-specgen-2026-08-11/rust-core-slice/raw.rs,free_function,"pub const unsafe fn from_raw_parts<'a, T>(data: *const T, len: usize) -> &'a [T]","<'a, T>",unsafe,stable,1.0.0,const,Rust,False,False,uncovered,none,planned-new-real-relation-spec,raw-pointer-and-provenance,"data: *const T, len: usize",&'a [T],none; observational or constructor result only,"slice Seq/View plus pointer provenance, length, alignment, and unsafe-domain helpers",python3 verification/check_inventory.py --modules-csv /home/chentianyu/nanvix-rust-std-spec-survey/nanvix-rust-std-slice-specgen-2026-08-11/results/modules.csv --inventory inventory/slice_exec_fn_inventory.csv --expect-total 132 --expect-existing-vstd 12,generated-new-real-relation-spec-static-revalidated,stable unique canonical core::slice exec API from results/coverage.csv; aliases/private/unstable rows excluded
core::slice::from_raw_parts_mut,core::slice::from_raw_parts_mut,core::slice::raw::from_raw_parts_mut,core:9596,core/src/slice/raw.rs:179,/home/chentianyu/nanvix-rust-std-spec-survey/nanvix-rust-std-slice-specgen-2026-08-11/rust-core-slice/raw.rs,/home/chentianyu/nanvix-rust-std-spec-survey/nanvix-rust-std-slice-specgen-2026-08-11/rust-core-slice/raw.rs,free_function,"pub const unsafe fn from_raw_parts_mut<'a, T>(data: *mut T, len: usize) -> &'a mut [T]","<'a, T>",unsafe,stable,1.0.0,const,Rust,False,False,uncovered,none,planned-new-real-relation-spec,raw-pointer-and-provenance,"data: *mut T, len: usize",&'a mut [T],none; observational or constructor result only,"slice Seq/View plus pointer provenance, length, alignment, and unsafe-domain helpers",python3 verification/check_inventory.py --modules-csv /home/chentianyu/nanvix-rust-std-spec-survey/nanvix-rust-std-slice-specgen-2026-08-11/results/modules.csv --inventory inventory/slice_exec_fn_inventory.csv --expect-total 132 --expect-existing-vstd 12,generated-new-real-relation-spec-static-revalidated,stable unique canonical core::slice exec API from results/coverage.csv; aliases/private/unstable rows excluded
core::slice::from_ref,core::slice::from_ref,core::slice::raw::from_ref,core:33771,core/src/slice/raw.rs:203,/home/chentianyu/nanvix-rust-std-spec-survey/nanvix-rust-std-slice-specgen-2026-08-11/rust-core-slice/raw.rs,/home/chentianyu/nanvix-rust-std-spec-survey/nanvix-rust-std-slice-specgen-2026-08-11/rust-core-slice/raw.rs,free_function,pub const fn from_ref<T>(s: &T) -> &[T],<T>,safe,stable,1.28.0,const,Rust,False,False,uncovered,none,planned-new-real-relation-spec,raw-pointer-and-provenance,s: &T,&[T],none; observational or constructor result only,"slice Seq/View plus pointer provenance, length, alignment, and unsafe-domain helpers",python3 verification/check_inventory.py --modules-csv /home/chentianyu/nanvix-rust-std-spec-survey/nanvix-rust-std-slice-specgen-2026-08-11/results/modules.csv --inventory inventory/slice_exec_fn_inventory.csv --expect-total 132 --expect-existing-vstd 12,generated-new-real-relation-spec-static-revalidated,stable unique canonical core::slice exec API from results/coverage.csv; aliases/private/unstable rows excluded
core::slice::get,core::slice::<[T]>::get,core::slice::get,core:61072,core/src/slice/mod.rs:572,/home/chentianyu/nanvix-rust-std-spec-survey/nanvix-rust-std-slice-specgen-2026-08-11/rust-core-slice/mod.rs,/home/chentianyu/nanvix-rust-std-spec-survey/nanvix-rust-std-slice-specgen-2026-08-11/rust-core-slice/mod.rs,primitive_method,"pub const fn get<I>(&self, index: I) -> Option<&I::Output> where I: [const] SliceIndex<Self>,","<I> I: [const] SliceIndex<Self>,",safe,stable,1.0.0,const,Rust,False,False,existing-vstd,assume_specification:vstd-baseline/slice.rs:133:<[T]>::get::<I>,integrate-existing-vstd-contract,existing-vstd-baseline,"&self, index: I",Option<&I::Output>,none; observational or constructor result only,preserve exact vstd Seq/View/subrange/update contract and target binding,python3 verification/check_inventory.py --modules-csv /home/chentianyu/nanvix-rust-std-spec-survey/nanvix-rust-std-slice-specgen-2026-08-11/results/modules.csv --inventory inventory/slice_exec_fn_inventory.csv --expect-total 132 --expect-existing-vstd 12,existing-vstd-contract-integrated-and-static-revalidated,stable unique canonical core::slice exec API from results/coverage.csv; aliases/private/unstable rows excluded
core::slice::get_disjoint_mut,core::slice::<[T]>::get_disjoint_mut,core::slice::get_disjoint_mut,core:33825,core/src/slice/mod.rs:5216,/home/chentianyu/nanvix-rust-std-spec-survey/nanvix-rust-std-slice-specgen-2026-08-11/rust-core-slice/mod.rs,/home/chentianyu/nanvix-rust-std-spec-survey/nanvix-rust-std-slice-specgen-2026-08-11/rust-core-slice/mod.rs,primitive_method,"pub fn get_disjoint_mut<I, const N: usize>( &mut self, indices: [I; N], ) -> Result<[&mut I::Output; N], GetDisjointMutError> where I: GetDisjointMutIndex + SliceIndex<Self>,","<I, const N: usize> I: GetDisjointMutIndex + SliceIndex<Self>,",safe,stable,1.86.0,non-const,Rust,False,False,uncovered,none,planned-new-real-relation-spec,mutation-frame-and-permutation,"&mut self, indices: [I; N],","Result<[&mut I::Output; N], GetDisjointMutError>",may mutate receiver slice contents; inventory requires old/final frame in generation phase,"old/final Seq update, frame, permutation, and disjointness helpers",python3 verification/check_inventory.py --modules-csv /home/chentianyu/nanvix-rust-std-spec-survey/nanvix-rust-std-slice-specgen-2026-08-11/results/modules.csv --inventory inventory/slice_exec_fn_inventory.csv --expect-total 132 --expect-existing-vstd 12,generated-new-real-relation-spec-static-revalidated,stable unique canonical core::slice exec API from results/coverage.csv; aliases/private/unstable rows excluded
core::slice::get_disjoint_unchecked_mut,core::slice::<[T]>::get_disjoint_unchecked_mut,core::slice::get_disjoint_unchecked_mut,core:61142,core/src/slice/mod.rs:5149,/home/chentianyu/nanvix-rust-std-spec-survey/nanvix-rust-std-slice-specgen-2026-08-11/rust-core-slice/mod.rs,/home/chentianyu/nanvix-rust-std-spec-survey/nanvix-rust-std-slice-specgen-2026-08-11/rust-core-slice/mod.rs,primitive_method,"pub unsafe fn get_disjoint_unchecked_mut<I, const N: usize>( &mut self, indices: [I; N], ) -> [&mut I::Output; N] where I: GetDisjointMutIndex + SliceIndex<Self>,","<I, const N: usize> I: GetDisjointMutIndex + SliceIndex<Self>,",unsafe,stable,1.86.0,non-const,Rust,False,False,uncovered,none,planned-new-real-relation-spec,mutation-frame-and-permutation,"&mut self, indices: [I; N],",[&mut I::Output; N],may mutate receiver slice contents; inventory requires old/final frame in generation phase,"old/final Seq update, frame, permutation, and disjointness helpers",python3 verification/check_inventory.py --modules-csv /home/chentianyu/nanvix-rust-std-spec-survey/nanvix-rust-std-slice-specgen-2026-08-11/results/modules.csv --inventory inventory/slice_exec_fn_inventory.csv --expect-total 132 --expect-existing-vstd 12,generated-new-real-relation-spec-static-revalidated,stable unique canonical core::slice exec API from results/coverage.csv; aliases/private/unstable rows excluded
core::slice::get_mut,core::slice::<[T]>::get_mut,core::slice::get_mut,core:61073,core/src/slice/mod.rs:600,/home/chentianyu/nanvix-rust-std-spec-survey/nanvix-rust-std-slice-specgen-2026-08-11/rust-core-slice/mod.rs,/home/chentianyu/nanvix-rust-std-spec-survey/nanvix-rust-std-slice-specgen-2026-08-11/rust-core-slice/mod.rs,primitive_method,"pub const fn get_mut<I>(&mut self, index: I) -> Option<&mut I::Output> where I: [const] SliceIndex<Self>,","<I> I: [const] SliceIndex<Self>,",safe,stable,1.0.0,const,Rust,False,False,uncovered,none,planned-new-real-relation-spec,basic-observation-and-conversion,"&mut self, index: I",Option<&mut I::Output>,may mutate receiver slice contents; inventory requires old/final frame in generation phase,shared [T]@ -> Seq<T> View model and length/subrange helpers,python3 verification/check_inventory.py --modules-csv /home/chentianyu/nanvix-rust-std-spec-survey/nanvix-rust-std-slice-specgen-2026-08-11/results/modules.csv --inventory inventory/slice_exec_fn_inventory.csv --expect-total 132 --expect-existing-vstd 12,generated-new-real-relation-spec-static-revalidated,stable unique canonical core::slice exec API from results/coverage.csv; aliases/private/unstable rows excluded
core::slice::get_unchecked,core::slice::<[T]>::get_unchecked,core::slice::get_unchecked,core:33468,core/src/slice/mod.rs:640,/home/chentianyu/nanvix-rust-std-spec-survey/nanvix-rust-std-slice-specgen-2026-08-11/rust-core-slice/mod.rs,/home/chentianyu/nanvix-rust-std-spec-survey/nanvix-rust-std-slice-specgen-2026-08-11/rust-core-slice/mod.rs,primitive_method,"pub const unsafe fn get_unchecked<I>(&self, index: I) -> &I::Output where I: [const] SliceIndex<Self>,","<I> I: [const] SliceIndex<Self>,",unsafe,stable,1.0.0,const,Rust,False,False,uncovered,none,planned-new-real-relation-spec,raw-pointer-and-provenance,"&self, index: I",&I::Output,none; observational or constructor result only,"slice Seq/View plus pointer provenance, length, alignment, and unsafe-domain helpers",python3 verification/check_inventory.py --modules-csv /home/chentianyu/nanvix-rust-std-spec-survey/nanvix-rust-std-slice-specgen-2026-08-11/results/modules.csv --inventory inventory/slice_exec_fn_inventory.csv --expect-total 132 --expect-existing-vstd 12,generated-new-real-relation-spec-static-revalidated,stable unique canonical core::slice exec API from results/coverage.csv; aliases/private/unstable rows excluded
core::slice::get_unchecked_mut,core::slice::<[T]>::get_unchecked_mut,core::slice::get_unchecked_mut,core:33469,core/src/slice/mod.rs:686,/home/chentianyu/nanvix-rust-std-spec-survey/nanvix-rust-std-slice-specgen-2026-08-11/rust-core-slice/mod.rs,/home/chentianyu/nanvix-rust-std-spec-survey/nanvix-rust-std-slice-specgen-2026-08-11/rust-core-slice/mod.rs,primitive_method,"pub const unsafe fn get_unchecked_mut<I>(&mut self, index: I) -> &mut I::Output where I: [const] SliceIndex<Self>,","<I> I: [const] SliceIndex<Self>,",unsafe,stable,1.0.0,const,Rust,False,False,uncovered,none,planned-new-real-relation-spec,raw-pointer-and-provenance,"&mut self, index: I",&mut I::Output,may mutate receiver slice contents; inventory requires old/final frame in generation phase,"slice Seq/View plus pointer provenance, length, alignment, and unsafe-domain helpers",python3 verification/check_inventory.py --modules-csv /home/chentianyu/nanvix-rust-std-spec-survey/nanvix-rust-std-slice-specgen-2026-08-11/results/modules.csv --inventory inventory/slice_exec_fn_inventory.csv --expect-total 132 --expect-existing-vstd 12,generated-new-real-relation-spec-static-revalidated,stable unique canonical core::slice exec API from results/coverage.csv; aliases/private/unstable rows excluded
core::slice::is_ascii,core::slice::<[T]>::is_ascii,core::slice::is_ascii,core:61043,core/src/slice/ascii.rs:18,/home/chentianyu/nanvix-rust-std-spec-survey/nanvix-rust-std-slice-specgen-2026-08-11/rust-core-slice/ascii.rs,/home/chentianyu/nanvix-rust-std-spec-survey/nanvix-rust-std-slice-specgen-2026-08-11/rust-core-slice/ascii.rs,primitive_method,pub const fn is_ascii(&self) -> bool,none,safe,stable,1.23.0,const,Rust,False,False,uncovered,none,planned-new-real-relation-spec,ascii-byte-sequence,&self,bool,none; observational or constructor result only,"Seq<u8> ASCII classification, case-map, and trim/subrange helpers",python3 verification/check_inventory.py --modules-csv /home/chentianyu/nanvix-rust-std-spec-survey/nanvix-rust-std-slice-specgen-2026-08-11/results/modules.csv --inventory inventory/slice_exec_fn_inventory.csv --expect-total 132 --expect-existing-vstd 12,generated-new-real-relation-spec-static-revalidated,stable unique canonical core::slice exec API from results/coverage.csv; aliases/private/unstable rows excluded
core::slice::is_empty,core::slice::<[T]>::is_empty,core::slice::is_empty,core:61057,core/src/slice/mod.rs:136,/home/chentianyu/nanvix-rust-std-spec-survey/nanvix-rust-std-slice-specgen-2026-08-11/rust-core-slice/mod.rs,/home/chentianyu/nanvix-rust-std-spec-survey/nanvix-rust-std-slice-specgen-2026-08-11/rust-core-slice/mod.rs,primitive_method,pub const fn is_empty(&self) -> bool,none,safe,stable,1.0.0,const,Rust,False,False,existing-vstd,assume_specification:vstd-baseline/slice.rs:93:<[T]>::is_empty,integrate-existing-vstd-contract,existing-vstd-baseline,&self,bool,none; observational or constructor result only,preserve exact vstd Seq/View/subrange/update contract and target binding,python3 verification/check_inventory.py --modules-csv /home/chentianyu/nanvix-rust-std-spec-survey/nanvix-rust-std-slice-specgen-2026-08-11/results/modules.csv --inventory inventory/slice_exec_fn_inventory.csv --expect-total 132 --expect-existing-vstd 12,existing-vstd-contract-integrated-and-static-revalidated,stable unique canonical core::slice exec API from results/coverage.csv; aliases/private/unstable rows excluded
core::slice::is_sorted,core::slice::<[T]>::is_sorted,core::slice::is_sorted,core:61133,core/src/slice/mod.rs:4735,/home/chentianyu/nanvix-rust-std-spec-survey/nanvix-rust-std-slice-specgen-2026-08-11/rust-core-slice/mod.rs,/home/chentianyu/nanvix-rust-std-spec-survey/nanvix-rust-std-slice-specgen-2026-08-11/rust-core-slice/mod.rs,primitive_method,"pub fn is_sorted(&self) -> bool where T: PartialOrd,","T: PartialOrd,",safe,stable,1.82.0,non-const,Rust,False,False,uncovered,none,planned-new-real-relation-spec,search-prefix-suffix-ordering,&self,bool,none; observational or constructor result only,"Seq membership, prefix/suffix/subrange, sortedness, and predicate observation helpers",python3 verification/check_inventory.py --modules-csv /home/chentianyu/nanvix-rust-std-spec-survey/nanvix-rust-std-slice-specgen-2026-08-11/results/modules.csv --inventory inventory/slice_exec_fn_inventory.csv --expect-total 132 --expect-existing-vstd 12,generated-new-real-relation-spec-static-revalidated,stable unique canonical core::slice exec API from results/coverage.csv; aliases/private/unstable rows excluded
core::slice::is_sorted_by,core::slice::<[T]>::is_sorted_by,core::slice::is_sorted_by,core:61134,core/src/slice/mod.rs:4778,/home/chentianyu/nanvix-rust-std-spec-survey/nanvix-rust-std-slice-specgen-2026-08-11/rust-core-slice/mod.rs,/home/chentianyu/nanvix-rust-std-spec-survey/nanvix-rust-std-slice-specgen-2026-08-11/rust-core-slice/mod.rs,primitive_method,"pub fn is_sorted_by<'a, F>(&'a self, mut compare: F) -> bool where F: FnMut(&'a T, &'a T) -> bool,","<'a, F> F: FnMut(&'a T, &'a T) -> bool,",safe,stable,1.82.0,non-const,Rust,False,False,uncovered,none,planned-new-real-relation-spec,search-prefix-suffix-ordering,"&'a self, mut compare: F",bool,none; observational or constructor result only,"Seq membership, prefix/suffix/subrange, sortedness, and predicate observation helpers",python3 verification/check_inventory.py --modules-csv /home/chentianyu/nanvix-rust-std-spec-survey/nanvix-rust-std-slice-specgen-2026-08-11/results/modules.csv --inventory inventory/slice_exec_fn_inventory.csv --expect-total 132 --expect-existing-vstd 12,generated-new-real-relation-spec-static-revalidated,stable unique canonical core::slice exec API from results/coverage.csv; aliases/private/unstable rows excluded
core::slice::is_sorted_by_key,core::slice::<[T]>::is_sorted_by_key,core::slice::is_sorted_by_key,core:61135,core/src/slice/mod.rs:4802,/home/chentianyu/nanvix-rust-std-spec-survey/nanvix-rust-std-slice-specgen-2026-08-11/rust-core-slice/mod.rs,/home/chentianyu/nanvix-rust-std-spec-survey/nanvix-rust-std-slice-specgen-2026-08-11/rust-core-slice/mod.rs,primitive_method,"pub fn is_sorted_by_key<'a, F, K>(&'a self, f: F) -> bool where F: FnMut(&'a T) -> K, K: PartialOrd,","<'a, F, K> F: FnMut(&'a T) -> K, K: PartialOrd,",safe,stable,1.82.0,non-const,Rust,False,False,uncovered,none,planned-new-real-relation-spec,search-prefix-suffix-ordering,"&'a self, f: F",bool,none; observational or constructor result only,"Seq membership, prefix/suffix/subrange, sortedness, and predicate observation helpers",python3 verification/check_inventory.py --modules-csv /home/chentianyu/nanvix-rust-std-spec-survey/nanvix-rust-std-slice-specgen-2026-08-11/results/modules.csv --inventory inventory/slice_exec_fn_inventory.csv --expect-total 132 --expect-existing-vstd 12,generated-new-real-relation-spec-static-revalidated,stable unique canonical core::slice exec API from results/coverage.csv; aliases/private/unstable rows excluded
core::slice::iter,core::slice::<[T]>::iter,core::slice::iter,core:33477,core/src/slice/mod.rs:1043,/home/chentianyu/nanvix-rust-std-spec-survey/nanvix-rust-std-slice-specgen-2026-08-11/rust-core-slice/mod.rs,/home/chentianyu/nanvix-rust-std-spec-survey/nanvix-rust-std-slice-specgen-2026-08-11/rust-core-slice/mod.rs,primitive_method,"pub const fn iter(&self) -> Iter<'_, T>",none,safe,stable,1.0.0,const,Rust,False,False,existing-vstd,assume_specification:vstd-baseline/std_specs/slice.rs:150:<[T]>::iter,integrate-existing-vstd-contract,existing-vstd-baseline,&self,"Iter<'_, T>",none; observational or constructor result only,preserve exact vstd Seq/View/subrange/update contract and target binding,python3 verification/check_inventory.py --modules-csv /home/chentianyu/nanvix-rust-std-spec-survey/nanvix-rust-std-slice-specgen-2026-08-11/results/modules.csv --inventory inventory/slice_exec_fn_inventory.csv --expect-total 132 --expect-existing-vstd 12,existing-vstd-contract-integrated-and-static-revalidated,stable unique canonical core::slice exec API from results/coverage.csv; aliases/private/unstable rows excluded
core::slice::iter_mut,core::slice::<[T]>::iter_mut,core::slice::iter_mut,core:33492,core/src/slice/mod.rs:1063,/home/chentianyu/nanvix-rust-std-spec-survey/nanvix-rust-std-slice-specgen-2026-08-11/rust-core-slice/mod.rs,/home/chentianyu/nanvix-rust-std-spec-survey/nanvix-rust-std-slice-specgen-2026-08-11/rust-core-slice/mod.rs,primitive_method,"pub const fn iter_mut(&mut self) -> IterMut<'_, T>",none,safe,stable,1.0.0,const,Rust,False,False,uncovered,none,planned-new-real-relation-spec,iterator-splitting-and-chunking,&mut self,"IterMut<'_, T>",may mutate receiver slice contents; inventory requires old/final frame in generation phase,Seq subrange/chunk partition and iterator remaining-sequence helpers,python3 verification/check_inventory.py --modules-csv /home/chentianyu/nanvix-rust-std-spec-survey/nanvix-rust-std-slice-specgen-2026-08-11/results/modules.csv --inventory inventory/slice_exec_fn_inventory.csv --expect-total 132 --expect-existing-vstd 12,generated-new-real-relation-spec-static-revalidated,stable unique canonical core::slice exec API from results/coverage.csv; aliases/private/unstable rows excluded
core::slice::last,core::slice::<[T]>::last,core::slice::last,core:61062,core/src/slice/mod.rs:281,/home/chentianyu/nanvix-rust-std-spec-survey/nanvix-rust-std-slice-specgen-2026-08-11/rust-core-slice/mod.rs,/home/chentianyu/nanvix-rust-std-spec-survey/nanvix-rust-std-slice-specgen-2026-08-11/rust-core-slice/mod.rs,primitive_method,pub const fn last(&self) -> Option<&T>,none,safe,stable,1.0.0,const,Rust,False,False,existing-vstd,assume_specification:vstd-baseline/std_specs/slice.rs:172:<[T]>::last,integrate-existing-vstd-contract,existing-vstd-baseline,&self,Option<&T>,none; observational or constructor result only,preserve exact vstd Seq/View/subrange/update contract and target binding,python3 verification/check_inventory.py --modules-csv /home/chentianyu/nanvix-rust-std-spec-survey/nanvix-rust-std-slice-specgen-2026-08-11/results/modules.csv --inventory inventory/slice_exec_fn_inventory.csv --expect-total 132 --expect-existing-vstd 12,existing-vstd-contract-integrated-and-static-revalidated,stable unique canonical core::slice exec API from results/coverage.csv; aliases/private/unstable rows excluded
core::slice::last_chunk,core::slice::<[T]>::last_chunk,core::slice::last_chunk,core:61070,core/src/slice/mod.rs:509,/home/chentianyu/nanvix-rust-std-spec-survey/nanvix-rust-std-slice-specgen-2026-08-11/rust-core-slice/mod.rs,/home/chentianyu/nanvix-rust-std-spec-survey/nanvix-rust-std-slice-specgen-2026-08-11/rust-core-slice/mod.rs,primitive_method,pub const fn last_chunk<const N: usize>(&self) -> Option<&[T; N]>,<const N: usize>,safe,stable,1.77.0,const,Rust,False,False,uncovered,none,planned-new-real-relation-spec,iterator-splitting-and-chunking,&self,Option<&[T; N]>,none; observational or constructor result only,Seq subrange/chunk partition and iterator remaining-sequence helpers,python3 verification/check_inventory.py --modules-csv /home/chentianyu/nanvix-rust-std-spec-survey/nanvix-rust-std-slice-specgen-2026-08-11/results/modules.csv --inventory inventory/slice_exec_fn_inventory.csv --expect-total 132 --expect-existing-vstd 12,generated-new-real-relation-spec-static-revalidated,stable unique canonical core::slice exec API from results/coverage.csv; aliases/private/unstable rows excluded
core::slice::last_chunk_mut,core::slice::<[T]>::last_chunk_mut,core::slice::last_chunk_mut,core:61071,core/src/slice/mod.rs:539,/home/chentianyu/nanvix-rust-std-spec-survey/nanvix-rust-std-slice-specgen-2026-08-11/rust-core-slice/mod.rs,/home/chentianyu/nanvix-rust-std-spec-survey/nanvix-rust-std-slice-specgen-2026-08-11/rust-core-slice/mod.rs,primitive_method,pub const fn last_chunk_mut<const N: usize>(&mut self) -> Option<&mut [T; N]>,<const N: usize>,safe,stable,1.77.0,const,Rust,False,False,uncovered,none,planned-new-real-relation-spec,iterator-splitting-and-chunking,&mut self,Option<&mut [T; N]>,may mutate receiver slice contents; inventory requires old/final frame in generation phase,Seq subrange/chunk partition and iterator remaining-sequence helpers,python3 verification/check_inventory.py --modules-csv /home/chentianyu/nanvix-rust-std-spec-survey/nanvix-rust-std-slice-specgen-2026-08-11/results/modules.csv --inventory inventory/slice_exec_fn_inventory.csv --expect-total 132 --expect-existing-vstd 12,generated-new-real-relation-spec-static-revalidated,stable unique canonical core::slice exec API from results/coverage.csv; aliases/private/unstable rows excluded
core::slice::last_mut,core::slice::<[T]>::last_mut,core::slice::last_mut,core:61063,core/src/slice/mod.rs:304,/home/chentianyu/nanvix-rust-std-spec-survey/nanvix-rust-std-slice-specgen-2026-08-11/rust-core-slice/mod.rs,/home/chentianyu/nanvix-rust-std-spec-survey/nanvix-rust-std-slice-specgen-2026-08-11/rust-core-slice/mod.rs,primitive_method,pub const fn last_mut(&mut self) -> Option<&mut T>,none,safe,stable,1.0.0,const,Rust,False,False,existing-vstd,assume_specification:vstd-baseline/std_specs/slice.rs:187:<[T]>::last_mut,integrate-existing-vstd-contract,existing-vstd-baseline,&mut self,Option<&mut T>,may mutate receiver slice contents; inventory requires old/final frame in generation phase,preserve exact vstd Seq/View/subrange/update contract and target binding,python3 verification/check_inventory.py --modules-csv /home/chentianyu/nanvix-rust-std-spec-survey/nanvix-rust-std-slice-specgen-2026-08-11/results/modules.csv --inventory inventory/slice_exec_fn_inventory.csv --expect-total 132 --expect-existing-vstd 12,existing-vstd-contract-integrated-and-static-revalidated,stable unique canonical core::slice exec API from results/coverage.csv; aliases/private/unstable rows excluded
core::slice::len,core::slice::<[T]>::len,core::slice::len,core:61056,core/src/slice/mod.rs:116,/home/chentianyu/nanvix-rust-std-spec-survey/nanvix-rust-std-slice-specgen-2026-08-11/rust-core-slice/mod.rs,/home/chentianyu/nanvix-rust-std-spec-survey/nanvix-rust-std-slice-specgen-2026-08-11/rust-core-slice/mod.rs,primitive_method,pub const fn len(&self) -> usize,none,safe,stable,1.0.0,const,Rust,False,False,existing-vstd,assume_specification:vstd-baseline/slice.rs:83:<[T]>::len,integrate-existing-vstd-contract,existing-vstd-baseline,&self,usize,none; observational or constructor result only,preserve exact vstd Seq/View/subrange/update contract and target binding,python3 verification/check_inventory.py --modules-csv /home/chentianyu/nanvix-rust-std-spec-survey/nanvix-rust-std-slice-specgen-2026-08-11/results/modules.csv --inventory inventory/slice_exec_fn_inventory.csv --expect-total 132 --expect-existing-vstd 12,existing-vstd-contract-integrated-and-static-revalidated,stable unique canonical core::slice exec API from results/coverage.csv; aliases/private/unstable rows excluded
core::slice::make_ascii_lowercase,core::slice::<[T]>::make_ascii_lowercase,core::slice::make_ascii_lowercase,core:61048,core/src/slice/ascii.rs:195,/home/chentianyu/nanvix-rust-std-spec-survey/nanvix-rust-std-slice-specgen-2026-08-11/rust-core-slice/ascii.rs,/home/chentianyu/nanvix-rust-std-spec-survey/nanvix-rust-std-slice-specgen-2026-08-11/rust-core-slice/ascii.rs,primitive_method,pub const fn make_ascii_lowercase(&mut self),none,safe,stable,1.23.0,const,Rust,False,False,uncovered,none,planned-new-real-relation-spec,ascii-byte-sequence,&mut self,(),may mutate receiver slice contents; inventory requires old/final frame in generation phase,"Seq<u8> ASCII classification, case-map, and trim/subrange helpers",python3 verification/check_inventory.py --modules-csv /home/chentianyu/nanvix-rust-std-spec-survey/nanvix-rust-std-slice-specgen-2026-08-11/results/modules.csv --inventory inventory/slice_exec_fn_inventory.csv --expect-total 132 --expect-existing-vstd 12,generated-new-real-relation-spec-static-revalidated,stable unique canonical core::slice exec API from results/coverage.csv; aliases/private/unstable rows excluded
core::slice::make_ascii_uppercase,core::slice::<[T]>::make_ascii_uppercase,core::slice::make_ascii_uppercase,core:61047,core/src/slice/ascii.rs:173,/home/chentianyu/nanvix-rust-std-spec-survey/nanvix-rust-std-slice-specgen-2026-08-11/rust-core-slice/ascii.rs,/home/chentianyu/nanvix-rust-std-spec-survey/nanvix-rust-std-slice-specgen-2026-08-11/rust-core-slice/ascii.rs,primitive_method,pub const fn make_ascii_uppercase(&mut self),none,safe,stable,1.23.0,const,Rust,False,False,uncovered,none,planned-new-real-relation-spec,ascii-byte-sequence,&mut self,(),may mutate receiver slice contents; inventory requires old/final frame in generation phase,"Seq<u8> ASCII classification, case-map, and trim/subrange helpers",python3 verification/check_inventory.py --modules-csv /home/chentianyu/nanvix-rust-std-spec-survey/nanvix-rust-std-slice-specgen-2026-08-11/results/modules.csv --inventory inventory/slice_exec_fn_inventory.csv --expect-total 132 --expect-existing-vstd 12,generated-new-real-relation-spec-static-revalidated,stable unique canonical core::slice exec API from results/coverage.csv; aliases/private/unstable rows excluded
core::slice::partition_point,core::slice::<[T]>::partition_point,core::slice::partition_point,core:61108,core/src/slice/mod.rs:4861,/home/chentianyu/nanvix-rust-std-spec-survey/nanvix-rust-std-slice-specgen-2026-08-11/rust-core-slice/mod.rs,/home/chentianyu/nanvix-rust-std-spec-survey/nanvix-rust-std-slice-specgen-2026-08-11/rust-core-slice/mod.rs,primitive_method,"pub fn partition_point<P>(&self, mut pred: P) -> usize where P: FnMut(&T) -> bool,","<P> P: FnMut(&T) -> bool,",safe,stable,1.52.0,non-const,Rust,False,False,uncovered,none,planned-new-real-relation-spec,search-prefix-suffix-ordering,"&self, mut pred: P",usize,none; observational or constructor result only,"Seq membership, prefix/suffix/subrange, sortedness, and predicate observation helpers",python3 verification/check_inventory.py --modules-csv /home/chentianyu/nanvix-rust-std-spec-survey/nanvix-rust-std-slice-specgen-2026-08-11/results/modules.csv --inventory inventory/slice_exec_fn_inventory.csv --expect-total 132 --expect-existing-vstd 12,generated-new-real-relation-spec-static-revalidated,stable unique canonical core::slice exec API from results/coverage.csv; aliases/private/unstable rows excluded
core::slice::rchunks,core::slice::<[T]>::rchunks,core::slice::rchunks,core:33696,core/src/slice/mod.rs:1689,/home/chentianyu/nanvix-rust-std-spec-survey/nanvix-rust-std-slice-specgen-2026-08-11/rust-core-slice/mod.rs,/home/chentianyu/nanvix-rust-std-spec-survey/nanvix-rust-std-slice-specgen-2026-08-11/rust-core-slice/mod.rs,primitive_method,"pub const fn rchunks(&self, chunk_size: usize) -> RChunks<'_, T>",none,safe,stable,1.31.0,const,Rust,False,False,uncovered,none,planned-new-real-relation-spec,iterator-splitting-and-chunking,"&self, chunk_size: usize","RChunks<'_, T>",none; observational or constructor result only,Seq subrange/chunk partition and iterator remaining-sequence helpers,python3 verification/check_inventory.py --modules-csv /home/chentianyu/nanvix-rust-std-spec-survey/nanvix-rust-std-slice-specgen-2026-08-11/results/modules.csv --inventory inventory/slice_exec_fn_inventory.csv --expect-total 132 --expect-existing-vstd 12,generated-new-real-relation-spec-static-revalidated,stable unique canonical core::slice exec API from results/coverage.csv; aliases/private/unstable rows excluded
core::slice::rchunks_exact,core::slice::<[T]>::rchunks_exact,core::slice::rchunks_exact,core:33722,core/src/slice/mod.rs:1778,/home/chentianyu/nanvix-rust-std-spec-survey/nanvix-rust-std-slice-specgen-2026-08-11/rust-core-slice/mod.rs,/home/chentianyu/nanvix-rust-std-spec-survey/nanvix-rust-std-slice-specgen-2026-08-11/rust-core-slice/mod.rs,primitive_method,"pub const fn rchunks_exact(&self, chunk_size: usize) -> RChunksExact<'_, T>",none,safe,stable,1.31.0,const,Rust,False,False,uncovered,none,planned-new-real-relation-spec,iterator-splitting-and-chunking,"&self, chunk_size: usize","RChunksExact<'_, T>",none; observational or constructor result only,Seq subrange/chunk partition and iterator remaining-sequence helpers,python3 verification/check_inventory.py --modules-csv /home/chentianyu/nanvix-rust-std-spec-survey/nanvix-rust-std-slice-specgen-2026-08-11/results/modules.csv --inventory inventory/slice_exec_fn_inventory.csv --expect-total 132 --expect-existing-vstd 12,generated-new-real-relation-spec-static-revalidated,stable unique canonical core::slice exec API from results/coverage.csv; aliases/private/unstable rows excluded
core::slice::rchunks_exact_mut,core::slice::<[T]>::rchunks_exact_mut,core::slice::rchunks_exact_mut,core:33737,core/src/slice/mod.rs:1827,/home/chentianyu/nanvix-rust-std-spec-survey/nanvix-rust-std-slice-specgen-2026-08-11/rust-core-slice/mod.rs,/home/chentianyu/nanvix-rust-std-spec-survey/nanvix-rust-std-slice-specgen-2026-08-11/rust-core-slice/mod.rs,primitive_method,"pub const fn rchunks_exact_mut(&mut self, chunk_size: usize) -> RChunksExactMut<'_, T>",none,safe,stable,1.31.0,const,Rust,False,False,uncovered,none,planned-new-real-relation-spec,iterator-splitting-and-chunking,"&mut self, chunk_size: usize","RChunksExactMut<'_, T>",may mutate receiver slice contents; inventory requires old/final frame in generation phase,Seq subrange/chunk partition and iterator remaining-sequence helpers,python3 verification/check_inventory.py --modules-csv /home/chentianyu/nanvix-rust-std-spec-survey/nanvix-rust-std-slice-specgen-2026-08-11/results/modules.csv --inventory inventory/slice_exec_fn_inventory.csv --expect-total 132 --expect-existing-vstd 12,generated-new-real-relation-spec-static-revalidated,stable unique canonical core::slice exec API from results/coverage.csv; aliases/private/unstable rows excluded
core::slice::rchunks_mut,core::slice::<[T]>::rchunks_mut,core::slice::rchunks_mut,core:33709,core/src/slice/mod.rs:1733,/home/chentianyu/nanvix-rust-std-spec-survey/nanvix-rust-std-slice-specgen-2026-08-11/rust-core-slice/mod.rs,/home/chentianyu/nanvix-rust-std-spec-survey/nanvix-rust-std-slice-specgen-2026-08-11/rust-core-slice/mod.rs,primitive_method,"pub const fn rchunks_mut(&mut self, chunk_size: usize) -> RChunksMut<'_, T>",none,safe,stable,1.31.0,const,Rust,False,False,uncovered,none,planned-new-real-relation-spec,iterator-splitting-and-chunking,"&mut self, chunk_size: usize","RChunksMut<'_, T>",may mutate receiver slice contents; inventory requires old/final frame in generation phase,Seq subrange/chunk partition and iterator remaining-sequence helpers,python3 verification/check_inventory.py --modules-csv /home/chentianyu/nanvix-rust-std-spec-survey/nanvix-rust-std-slice-specgen-2026-08-11/results/modules.csv --inventory inventory/slice_exec_fn_inventory.csv --expect-total 132 --expect-existing-vstd 12,generated-new-real-relation-spec-static-revalidated,stable unique canonical core::slice exec API from results/coverage.csv; aliases/private/unstable rows excluded
core::slice::reverse,core::slice::<[T]>::reverse,core::slice::reverse,core:61080,core/src/slice/mod.rs:981,/home/chentianyu/nanvix-rust-std-spec-survey/nanvix-rust-std-slice-specgen-2026-08-11/rust-core-slice/mod.rs,/home/chentianyu/nanvix-rust-std-spec-survey/nanvix-rust-std-slice-specgen-2026-08-11/rust-core-slice/mod.rs,primitive_method,pub const fn reverse(&mut self),none,safe,stable,1.0.0,const,Rust,False,False,uncovered,none,planned-new-real-relation-spec,mutation-frame-and-permutation,&mut self,(),may mutate receiver slice contents; inventory requires old/final frame in generation phase,"old/final Seq update, frame, permutation, and disjointness helpers",python3 verification/check_inventory.py --modules-csv /home/chentianyu/nanvix-rust-std-spec-survey/nanvix-rust-std-slice-specgen-2026-08-11/results/modules.csv --inventory inventory/slice_exec_fn_inventory.csv --expect-total 132 --expect-existing-vstd 12,generated-new-real-relation-spec-static-revalidated,stable unique canonical core::slice exec API from results/coverage.csv; aliases/private/unstable rows excluded
core::slice::rotate_left,core::slice::<[T]>::rotate_left,core::slice::rotate_left,core:61123,core/src/slice/mod.rs:3890,/home/chentianyu/nanvix-rust-std-spec-survey/nanvix-rust-std-slice-specgen-2026-08-11/rust-core-slice/mod.rs,/home/chentianyu/nanvix-rust-std-spec-survey/nanvix-rust-std-slice-specgen-2026-08-11/rust-core-slice/mod.rs,primitive_method,"pub const fn rotate_left(&mut self, mid: usize)",none,safe,stable,1.26.0,const,Rust,False,False,uncovered,none,planned-new-real-relation-spec,mutation-frame-and-permutation,"&mut self, mid: usize",(),may mutate receiver slice contents; inventory requires old/final frame in generation phase,"old/final Seq update, frame, permutation, and disjointness helpers",python3 verification/check_inventory.py --modules-csv /home/chentianyu/nanvix-rust-std-spec-survey/nanvix-rust-std-slice-specgen-2026-08-11/results/modules.csv --inventory inventory/slice_exec_fn_inventory.csv --expect-total 132 --expect-existing-vstd 12,generated-new-real-relation-spec-static-revalidated,stable unique canonical core::slice exec API from results/coverage.csv; aliases/private/unstable rows excluded
core::slice::rotate_right,core::slice::<[T]>::rotate_right,core::slice::rotate_right,core:61124,core/src/slice/mod.rs:3936,/home/chentianyu/nanvix-rust-std-spec-survey/nanvix-rust-std-slice-specgen-2026-08-11/rust-core-slice/mod.rs,/home/chentianyu/nanvix-rust-std-spec-survey/nanvix-rust-std-slice-specgen-2026-08-11/rust-core-slice/mod.rs,primitive_method,"pub const fn rotate_right(&mut self, k: usize)",none,safe,stable,1.26.0,const,Rust,False,False,uncovered,none,planned-new-real-relation-spec,mutation-frame-and-permutation,"&mut self, k: usize",(),may mutate receiver slice contents; inventory requires old/final frame in generation phase,"old/final Seq update, frame, permutation, and disjointness helpers",python3 verification/check_inventory.py --modules-csv /home/chentianyu/nanvix-rust-std-spec-survey/nanvix-rust-std-slice-specgen-2026-08-11/results/modules.csv --inventory inventory/slice_exec_fn_inventory.csv --expect-total 132 --expect-existing-vstd 12,generated-new-real-relation-spec-static-revalidated,stable unique canonical core::slice exec API from results/coverage.csv; aliases/private/unstable rows excluded
core::slice::rsplit,core::slice::<[T]>::rsplit,core::slice::rsplit,core:33558,core/src/slice/mod.rs:2365,/home/chentianyu/nanvix-rust-std-spec-survey/nanvix-rust-std-slice-specgen-2026-08-11/rust-core-slice/mod.rs,/home/chentianyu/nanvix-rust-std-spec-survey/nanvix-rust-std-slice-specgen-2026-08-11/rust-core-slice/mod.rs,primitive_method,"pub fn rsplit<F>(&self, pred: F) -> RSplit<'_, T, F> where F: FnMut(&T) -> bool,","<F> F: FnMut(&T) -> bool,",safe,stable,1.27.0,non-const,Rust,False,False,uncovered,none,planned-new-real-relation-spec,iterator-splitting-and-chunking,"&self, pred: F","RSplit<'_, T, F>",none; observational or constructor result only,Seq subrange/chunk partition and iterator remaining-sequence helpers,python3 verification/check_inventory.py --modules-csv /home/chentianyu/nanvix-rust-std-spec-survey/nanvix-rust-std-slice-specgen-2026-08-11/results/modules.csv --inventory inventory/slice_exec_fn_inventory.csv --expect-total 132 --expect-existing-vstd 12,generated-new-real-relation-spec-static-revalidated,stable unique canonical core::slice exec API from results/coverage.csv; aliases/private/unstable rows excluded
core::slice::rsplit_mut,core::slice::<[T]>::rsplit_mut,core::slice::rsplit_mut,core:33569,core/src/slice/mod.rs:2391,/home/chentianyu/nanvix-rust-std-spec-survey/nanvix-rust-std-slice-specgen-2026-08-11/rust-core-slice/mod.rs,/home/chentianyu/nanvix-rust-std-spec-survey/nanvix-rust-std-slice-specgen-2026-08-11/rust-core-slice/mod.rs,primitive_method,"pub fn rsplit_mut<F>(&mut self, pred: F) -> RSplitMut<'_, T, F> where F: FnMut(&T) -> bool,","<F> F: FnMut(&T) -> bool,",safe,stable,1.27.0,non-const,Rust,False,False,uncovered,none,planned-new-real-relation-spec,iterator-splitting-and-chunking,"&mut self, pred: F","RSplitMut<'_, T, F>",may mutate receiver slice contents; inventory requires old/final frame in generation phase,Seq subrange/chunk partition and iterator remaining-sequence helpers,python3 verification/check_inventory.py --modules-csv /home/chentianyu/nanvix-rust-std-spec-survey/nanvix-rust-std-slice-specgen-2026-08-11/results/modules.csv --inventory inventory/slice_exec_fn_inventory.csv --expect-total 132 --expect-existing-vstd 12,generated-new-real-relation-spec-static-revalidated,stable unique canonical core::slice exec API from results/coverage.csv; aliases/private/unstable rows excluded
core::slice::rsplitn,core::slice::<[T]>::rsplitn,core::slice::rsplitn,core:33589,core/src/slice/mod.rs:2474,/home/chentianyu/nanvix-rust-std-spec-survey/nanvix-rust-std-slice-specgen-2026-08-11/rust-core-slice/mod.rs,/home/chentianyu/nanvix-rust-std-spec-survey/nanvix-rust-std-slice-specgen-2026-08-11/rust-core-slice/mod.rs,primitive_method,"pub fn rsplitn<F>(&self, n: usize, pred: F) -> RSplitN<'_, T, F> where F: FnMut(&T) -> bool,","<F> F: FnMut(&T) -> bool,",safe,stable,1.0.0,non-const,Rust,False,False,uncovered,none,planned-new-real-relation-spec,iterator-splitting-and-chunking,"&self, n: usize, pred: F","RSplitN<'_, T, F>",none; observational or constructor result only,Seq subrange/chunk partition and iterator remaining-sequence helpers,python3 verification/check_inventory.py --modules-csv /home/chentianyu/nanvix-rust-std-spec-survey/nanvix-rust-std-slice-specgen-2026-08-11/results/modules.csv --inventory inventory/slice_exec_fn_inventory.csv --expect-total 132 --expect-existing-vstd 12,generated-new-real-relation-spec-static-revalidated,stable unique canonical core::slice exec API from results/coverage.csv; aliases/private/unstable rows excluded
core::slice::rsplitn_mut,core::slice::<[T]>::rsplitn_mut,core::slice::rsplitn_mut,core:33609,core/src/slice/mod.rs:2501,/home/chentianyu/nanvix-rust-std-spec-survey/nanvix-rust-std-slice-specgen-2026-08-11/rust-core-slice/mod.rs,/home/chentianyu/nanvix-rust-std-spec-survey/nanvix-rust-std-slice-specgen-2026-08-11/rust-core-slice/mod.rs,primitive_method,"pub fn rsplitn_mut<F>(&mut self, n: usize, pred: F) -> RSplitNMut<'_, T, F> where F: FnMut(&T) -> bool,","<F> F: FnMut(&T) -> bool,",safe,stable,1.0.0,non-const,Rust,False,False,uncovered,none,planned-new-real-relation-spec,iterator-splitting-and-chunking,"&mut self, n: usize, pred: F","RSplitNMut<'_, T, F>",may mutate receiver slice contents; inventory requires old/final frame in generation phase,Seq subrange/chunk partition and iterator remaining-sequence helpers,python3 verification/check_inventory.py --modules-csv /home/chentianyu/nanvix-rust-std-spec-survey/nanvix-rust-std-slice-specgen-2026-08-11/results/modules.csv --inventory inventory/slice_exec_fn_inventory.csv --expect-total 132 --expect-existing-vstd 12,generated-new-real-relation-spec-static-revalidated,stable unique canonical core::slice exec API from results/coverage.csv; aliases/private/unstable rows excluded
core::slice::select_nth_unstable,core::slice::<[T]>::select_nth_unstable,core::slice::select_nth_unstable,core:61117,core/src/slice/mod.rs:3522,/home/chentianyu/nanvix-rust-std-spec-survey/nanvix-rust-std-slice-specgen-2026-08-11/rust-core-slice/mod.rs,/home/chentianyu/nanvix-rust-std-spec-survey/nanvix-rust-std-slice-specgen-2026-08-11/rust-core-slice/mod.rs,primitive_method,"pub fn select_nth_unstable(&mut self, index: usize) -> (&mut [T], &mut T, &mut [T]) where T: Ord,","T: Ord,",safe,stable,1.49.0,non-const,Rust,False,False,uncovered,none,planned-new-real-relation-spec,sorting-and-selection,"&mut self, index: usize","(&mut [T], &mut T, &mut [T])",may mutate receiver slice contents; inventory requires old/final frame in generation phase,"Seq permutation, sortedness/order, partition, and comparator-observation helpers",python3 verification/check_inventory.py --modules-csv /home/chentianyu/nanvix-rust-std-spec-survey/nanvix-rust-std-slice-specgen-2026-08-11/results/modules.csv --inventory inventory/slice_exec_fn_inventory.csv --expect-total 132 --expect-existing-vstd 12,generated-new-real-relation-spec-static-revalidated,stable unique canonical core::slice exec API from results/coverage.csv; aliases/private/unstable rows excluded
core::slice::select_nth_unstable_by,core::slice::<[T]>::select_nth_unstable_by,core::slice::select_nth_unstable_by,core:61118,core/src/slice/mod.rs:3587,/home/chentianyu/nanvix-rust-std-spec-survey/nanvix-rust-std-slice-specgen-2026-08-11/rust-core-slice/mod.rs,/home/chentianyu/nanvix-rust-std-spec-survey/nanvix-rust-std-slice-specgen-2026-08-11/rust-core-slice/mod.rs,primitive_method,"pub fn select_nth_unstable_by<F>( &mut self, index: usize, mut compare: F, ) -> (&mut [T], &mut T, &mut [T]) where F: FnMut(&T, &T) -> Ordering,","<F> F: FnMut(&T, &T) -> Ordering,",safe,stable,1.49.0,non-const,Rust,False,False,uncovered,none,planned-new-real-relation-spec,sorting-and-selection,"&mut self, index: usize, mut compare: F,","(&mut [T], &mut T, &mut [T])",may mutate receiver slice contents; inventory requires old/final frame in generation phase,"Seq permutation, sortedness/order, partition, and comparator-observation helpers",python3 verification/check_inventory.py --modules-csv /home/chentianyu/nanvix-rust-std-spec-survey/nanvix-rust-std-slice-specgen-2026-08-11/results/modules.csv --inventory inventory/slice_exec_fn_inventory.csv --expect-total 132 --expect-existing-vstd 12,generated-new-real-relation-spec-static-revalidated,stable unique canonical core::slice exec API from results/coverage.csv; aliases/private/unstable rows excluded
core::slice::select_nth_unstable_by_key,core::slice::<[T]>::select_nth_unstable_by_key,core::slice::select_nth_unstable_by_key,core:61119,core/src/slice/mod.rs:3654,/home/chentianyu/nanvix-rust-std-spec-survey/nanvix-rust-std-slice-specgen-2026-08-11/rust-core-slice/mod.rs,/home/chentianyu/nanvix-rust-std-spec-survey/nanvix-rust-std-slice-specgen-2026-08-11/rust-core-slice/mod.rs,primitive_method,"pub fn select_nth_unstable_by_key<K, F>( &mut self, index: usize, mut f: F, ) -> (&mut [T], &mut T, &mut [T]) where F: FnMut(&T) -> K, K: Ord,","<K, F> F: FnMut(&T) -> K, K: Ord,",safe,stable,1.49.0,non-const,Rust,False,False,uncovered,none,planned-new-real-relation-spec,sorting-and-selection,"&mut self, index: usize, mut f: F,","(&mut [T], &mut T, &mut [T])",may mutate receiver slice contents; inventory requires old/final frame in generation phase,"Seq permutation, sortedness/order, partition, and comparator-observation helpers",python3 verification/check_inventory.py --modules-csv /home/chentianyu/nanvix-rust-std-spec-survey/nanvix-rust-std-slice-specgen-2026-08-11/results/modules.csv --inventory inventory/slice_exec_fn_inventory.csv --expect-total 132 --expect-existing-vstd 12,generated-new-real-relation-spec-static-revalidated,stable unique canonical core::slice exec API from results/coverage.csv; aliases/private/unstable rows excluded
core::slice::sort_unstable,core::slice::<[T]>::sort_unstable,core::slice::sort_unstable,core:61111,core/src/slice/mod.rs:3139,/home/chentianyu/nanvix-rust-std-spec-survey/nanvix-rust-std-slice-specgen-2026-08-11/rust-core-slice/mod.rs,/home/chentianyu/nanvix-rust-std-spec-survey/nanvix-rust-std-slice-specgen-2026-08-11/rust-core-slice/mod.rs,primitive_method,"pub fn sort_unstable(&mut self) where T: Ord,","T: Ord,",safe,stable,1.20.0,non-const,Rust,False,False,uncovered,none,planned-new-real-relation-spec,sorting-and-selection,&mut self,(),may mutate receiver slice contents; inventory requires old/final frame in generation phase,"Seq permutation, sortedness/order, partition, and comparator-observation helpers",python3 verification/check_inventory.py --modules-csv /home/chentianyu/nanvix-rust-std-spec-survey/nanvix-rust-std-slice-specgen-2026-08-11/results/modules.csv --inventory inventory/slice_exec_fn_inventory.csv --expect-total 132 --expect-existing-vstd 12,generated-new-real-relation-spec-static-revalidated,stable unique canonical core::slice exec API from results/coverage.csv; aliases/private/unstable rows excluded
core::slice::sort_unstable_by,core::slice::<[T]>::sort_unstable_by,core::slice::sort_unstable_by,core:61112,core/src/slice/mod.rs:3194,/home/chentianyu/nanvix-rust-std-spec-survey/nanvix-rust-std-slice-specgen-2026-08-11/rust-core-slice/mod.rs,/home/chentianyu/nanvix-rust-std-spec-survey/nanvix-rust-std-slice-specgen-2026-08-11/rust-core-slice/mod.rs,primitive_method,"pub fn sort_unstable_by<F>(&mut self, mut compare: F) where F: FnMut(&T, &T) -> Ordering,","<F> F: FnMut(&T, &T) -> Ordering,",safe,stable,1.20.0,non-const,Rust,False,False,uncovered,none,planned-new-real-relation-spec,sorting-and-selection,"&mut self, mut compare: F","Ordering,",may mutate receiver slice contents; inventory requires old/final frame in generation phase,"Seq permutation, sortedness/order, partition, and comparator-observation helpers",python3 verification/check_inventory.py --modules-csv /home/chentianyu/nanvix-rust-std-spec-survey/nanvix-rust-std-slice-specgen-2026-08-11/results/modules.csv --inventory inventory/slice_exec_fn_inventory.csv --expect-total 132 --expect-existing-vstd 12,generated-new-real-relation-spec-static-revalidated,stable unique canonical core::slice exec API from results/coverage.csv; aliases/private/unstable rows excluded
core::slice::sort_unstable_by_key,core::slice::<[T]>::sort_unstable_by_key,core::slice::sort_unstable_by_key,core:61113,core/src/slice/mod.rs:3246,/home/chentianyu/nanvix-rust-std-spec-survey/nanvix-rust-std-slice-specgen-2026-08-11/rust-core-slice/mod.rs,/home/chentianyu/nanvix-rust-std-spec-survey/nanvix-rust-std-slice-specgen-2026-08-11/rust-core-slice/mod.rs,primitive_method,"pub fn sort_unstable_by_key<K, F>(&mut self, mut f: F) where F: FnMut(&T) -> K, K: Ord,","<K, F> F: FnMut(&T) -> K, K: Ord,",safe,stable,1.20.0,non-const,Rust,False,False,uncovered,none,planned-new-real-relation-spec,sorting-and-selection,"&mut self, mut f: F","K, K: Ord,",may mutate receiver slice contents; inventory requires old/final frame in generation phase,"Seq permutation, sortedness/order, partition, and comparator-observation helpers",python3 verification/check_inventory.py --modules-csv /home/chentianyu/nanvix-rust-std-spec-survey/nanvix-rust-std-slice-specgen-2026-08-11/results/modules.csv --inventory inventory/slice_exec_fn_inventory.csv --expect-total 132 --expect-existing-vstd 12,generated-new-real-relation-spec-static-revalidated,stable unique canonical core::slice exec API from results/coverage.csv; aliases/private/unstable rows excluded
core::slice::split,core::slice::<[T]>::split,core::slice::split,core:33508,core/src/slice/mod.rs:2247,/home/chentianyu/nanvix-rust-std-spec-survey/nanvix-rust-std-slice-specgen-2026-08-11/rust-core-slice/mod.rs,/home/chentianyu/nanvix-rust-std-spec-survey/nanvix-rust-std-slice-specgen-2026-08-11/rust-core-slice/mod.rs,primitive_method,"pub fn split<F>(&self, pred: F) -> Split<'_, T, F> where F: FnMut(&T) -> bool,","<F> F: FnMut(&T) -> bool,",safe,stable,1.0.0,non-const,Rust,False,False,uncovered,none,planned-new-real-relation-spec,iterator-splitting-and-chunking,"&self, pred: F","Split<'_, T, F>",none; observational or constructor result only,Seq subrange/chunk partition and iterator remaining-sequence helpers,python3 verification/check_inventory.py --modules-csv /home/chentianyu/nanvix-rust-std-spec-survey/nanvix-rust-std-slice-specgen-2026-08-11/results/modules.csv --inventory inventory/slice_exec_fn_inventory.csv --expect-total 132 --expect-existing-vstd 12,generated-new-real-relation-spec-static-revalidated,stable unique canonical core::slice exec API from results/coverage.csv; aliases/private/unstable rows excluded
core::slice::split_at,core::slice::<[T]>::split_at,core::slice::split_at,core:61090,core/src/slice/mod.rs:1955,/home/chentianyu/nanvix-rust-std-spec-survey/nanvix-rust-std-slice-specgen-2026-08-11/rust-core-slice/mod.rs,/home/chentianyu/nanvix-rust-std-spec-survey/nanvix-rust-std-slice-specgen-2026-08-11/rust-core-slice/mod.rs,primitive_method,"pub const fn split_at(&self, mid: usize) -> (&[T], &[T])",none,safe,stable,1.0.0,const,Rust,False,False,existing-vstd,assume_specification:vstd-baseline/std_specs/slice.rs:194:<[T]>::split_at,integrate-existing-vstd-contract,existing-vstd-baseline,"&self, mid: usize","(&[T], &[T])",none; observational or constructor result only,preserve exact vstd Seq/View/subrange/update contract and target binding,python3 verification/check_inventory.py --modules-csv /home/chentianyu/nanvix-rust-std-spec-survey/nanvix-rust-std-slice-specgen-2026-08-11/results/modules.csv --inventory inventory/slice_exec_fn_inventory.csv --expect-total 132 --expect-existing-vstd 12,existing-vstd-contract-integrated-and-static-revalidated,stable unique canonical core::slice exec API from results/coverage.csv; aliases/private/unstable rows excluded
core::slice::split_at_checked,core::slice::<[T]>::split_at_checked,core::slice::split_at_checked,core:61089,core/src/slice/mod.rs:2156,/home/chentianyu/nanvix-rust-std-spec-survey/nanvix-rust-std-slice-specgen-2026-08-11/rust-core-slice/mod.rs,/home/chentianyu/nanvix-rust-std-spec-survey/nanvix-rust-std-slice-specgen-2026-08-11/rust-core-slice/mod.rs,primitive_method,"pub const fn split_at_checked(&self, mid: usize) -> Option<(&[T], &[T])>",none,safe,stable,1.80.0,const,Rust,False,False,uncovered,none,planned-new-real-relation-spec,iterator-splitting-and-chunking,"&self, mid: usize","Option<(&[T], &[T])>",none; observational or constructor result only,Seq subrange/chunk partition and iterator remaining-sequence helpers,python3 verification/check_inventory.py --modules-csv /home/chentianyu/nanvix-rust-std-spec-survey/nanvix-rust-std-slice-specgen-2026-08-11/results/modules.csv --inventory inventory/slice_exec_fn_inventory.csv --expect-total 132 --expect-existing-vstd 12,generated-new-real-relation-spec-static-revalidated,stable unique canonical core::slice exec API from results/coverage.csv; aliases/private/unstable rows excluded
core::slice::split_at_mut,core::slice::<[T]>::split_at_mut,core::slice::split_at_mut,core:61092,core/src/slice/mod.rs:1989,/home/chentianyu/nanvix-rust-std-spec-survey/nanvix-rust-std-slice-specgen-2026-08-11/rust-core-slice/mod.rs,/home/chentianyu/nanvix-rust-std-spec-survey/nanvix-rust-std-slice-specgen-2026-08-11/rust-core-slice/mod.rs,primitive_method,"pub const fn split_at_mut(&mut self, mid: usize) -> (&mut [T], &mut [T])",none,safe,stable,1.0.0,const,Rust,False,False,existing-vstd,assume_specification:vstd-baseline/std_specs/slice.rs:203:<[T]>::split_at_mut,integrate-existing-vstd-contract,existing-vstd-baseline,"&mut self, mid: usize","(&mut [T], &mut [T])",may mutate receiver slice contents; inventory requires old/final frame in generation phase,preserve exact vstd Seq/View/subrange/update contract and target binding,python3 verification/check_inventory.py --modules-csv /home/chentianyu/nanvix-rust-std-spec-survey/nanvix-rust-std-slice-specgen-2026-08-11/results/modules.csv --inventory inventory/slice_exec_fn_inventory.csv --expect-total 132 --expect-existing-vstd 12,existing-vstd-contract-integrated-and-static-revalidated,stable unique canonical core::slice exec API from results/coverage.csv; aliases/private/unstable rows excluded
core::slice::split_at_mut_checked,core::slice::<[T]>::split_at_mut_checked,core::slice::split_at_mut_checked,core:61091,core/src/slice/mod.rs:2195,/home/chentianyu/nanvix-rust-std-spec-survey/nanvix-rust-std-slice-specgen-2026-08-11/rust-core-slice/mod.rs,/home/chentianyu/nanvix-rust-std-spec-survey/nanvix-rust-std-slice-specgen-2026-08-11/rust-core-slice/mod.rs,primitive_method,"pub const fn split_at_mut_checked(&mut self, mid: usize) -> Option<(&mut [T], &mut [T])>",none,safe,stable,1.80.0,const,Rust,False,False,uncovered,none,planned-new-real-relation-spec,iterator-splitting-and-chunking,"&mut self, mid: usize","Option<(&mut [T], &mut [T])>",may mutate receiver slice contents; inventory requires old/final frame in generation phase,Seq subrange/chunk partition and iterator remaining-sequence helpers,python3 verification/check_inventory.py --modules-csv /home/chentianyu/nanvix-rust-std-spec-survey/nanvix-rust-std-slice-specgen-2026-08-11/results/modules.csv --inventory inventory/slice_exec_fn_inventory.csv --expect-total 132 --expect-existing-vstd 12,generated-new-real-relation-spec-static-revalidated,stable unique canonical core::slice exec API from results/coverage.csv; aliases/private/unstable rows excluded
core::slice::split_at_mut_unchecked,core::slice::<[T]>::split_at_mut_unchecked,core::slice::split_at_mut_unchecked,core:61094,core/src/slice/mod.rs:2095,/home/chentianyu/nanvix-rust-std-spec-survey/nanvix-rust-std-slice-specgen-2026-08-11/rust-core-slice/mod.rs,/home/chentianyu/nanvix-rust-std-spec-survey/nanvix-rust-std-slice-specgen-2026-08-11/rust-core-slice/mod.rs,primitive_method,"pub const unsafe fn split_at_mut_unchecked(&mut self, mid: usize) -> (&mut [T], &mut [T])",none,unsafe,stable,1.79.0,const,Rust,False,False,uncovered,none,planned-new-real-relation-spec,iterator-splitting-and-chunking,"&mut self, mid: usize","(&mut [T], &mut [T])",may mutate receiver slice contents; inventory requires old/final frame in generation phase,Seq subrange/chunk partition and iterator remaining-sequence helpers,python3 verification/check_inventory.py --modules-csv /home/chentianyu/nanvix-rust-std-spec-survey/nanvix-rust-std-slice-specgen-2026-08-11/results/modules.csv --inventory inventory/slice_exec_fn_inventory.csv --expect-total 132 --expect-existing-vstd 12,generated-new-real-relation-spec-static-revalidated,stable unique canonical core::slice exec API from results/coverage.csv; aliases/private/unstable rows excluded
core::slice::split_at_unchecked,core::slice::<[T]>::split_at_unchecked,core::slice::split_at_unchecked,core:61093,core/src/slice/mod.rs:2041,/home/chentianyu/nanvix-rust-std-spec-survey/nanvix-rust-std-slice-specgen-2026-08-11/rust-core-slice/mod.rs,/home/chentianyu/nanvix-rust-std-spec-survey/nanvix-rust-std-slice-specgen-2026-08-11/rust-core-slice/mod.rs,primitive_method,"pub const unsafe fn split_at_unchecked(&self, mid: usize) -> (&[T], &[T])",none,unsafe,stable,1.79.0,const,Rust,False,False,uncovered,none,planned-new-real-relation-spec,iterator-splitting-and-chunking,"&self, mid: usize","(&[T], &[T])",none; observational or constructor result only,Seq subrange/chunk partition and iterator remaining-sequence helpers,python3 verification/check_inventory.py --modules-csv /home/chentianyu/nanvix-rust-std-spec-survey/nanvix-rust-std-slice-specgen-2026-08-11/results/modules.csv --inventory inventory/slice_exec_fn_inventory.csv --expect-total 132 --expect-existing-vstd 12,generated-new-real-relation-spec-static-revalidated,stable unique canonical core::slice exec API from results/coverage.csv; aliases/private/unstable rows excluded
core::slice::split_first,core::slice::<[T]>::split_first,core::slice::split_first,core:61058,core/src/slice/mod.rs:198,/home/chentianyu/nanvix-rust-std-spec-survey/nanvix-rust-std-slice-specgen-2026-08-11/rust-core-slice/mod.rs,/home/chentianyu/nanvix-rust-std-spec-survey/nanvix-rust-std-slice-specgen-2026-08-11/rust-core-slice/mod.rs,primitive_method,"pub const fn split_first(&self) -> Option<(&T, &[T])>",none,safe,stable,1.5.0,const,Rust,False,False,uncovered,none,planned-new-real-relation-spec,iterator-splitting-and-chunking,&self,"Option<(&T, &[T])>",none; observational or constructor result only,Seq subrange/chunk partition and iterator remaining-sequence helpers,python3 verification/check_inventory.py --modules-csv /home/chentianyu/nanvix-rust-std-spec-survey/nanvix-rust-std-slice-specgen-2026-08-11/results/modules.csv --inventory inventory/slice_exec_fn_inventory.csv --expect-total 132 --expect-existing-vstd 12,generated-new-real-relation-spec-static-revalidated,stable unique canonical core::slice exec API from results/coverage.csv; aliases/private/unstable rows excluded
core::slice::split_first_chunk,core::slice::<[T]>::split_first_chunk,core::slice::split_first_chunk,core:61066,core/src/slice/mod.rs:387,/home/chentianyu/nanvix-rust-std-spec-survey/nanvix-rust-std-slice-specgen-2026-08-11/rust-core-slice/mod.rs,/home/chentianyu/nanvix-rust-std-spec-survey/nanvix-rust-std-slice-specgen-2026-08-11/rust-core-slice/mod.rs,primitive_method,"pub const fn split_first_chunk<const N: usize>(&self) -> Option<(&[T; N], &[T])>",<const N: usize>,safe,stable,1.77.0,const,Rust,False,False,uncovered,none,planned-new-real-relation-spec,iterator-splitting-and-chunking,&self,"Option<(&[T; N], &[T])>",none; observational or constructor result only,Seq subrange/chunk partition and iterator remaining-sequence helpers,python3 verification/check_inventory.py --modules-csv /home/chentianyu/nanvix-rust-std-spec-survey/nanvix-rust-std-slice-specgen-2026-08-11/results/modules.csv --inventory inventory/slice_exec_fn_inventory.csv --expect-total 132 --expect-existing-vstd 12,generated-new-real-relation-spec-static-revalidated,stable unique canonical core::slice exec API from results/coverage.csv; aliases/private/unstable rows excluded
core::slice::split_first_chunk_mut,core::slice::<[T]>::split_first_chunk_mut,core::slice::split_first_chunk_mut,core:61067,core/src/slice/mod.rs:417,/home/chentianyu/nanvix-rust-std-spec-survey/nanvix-rust-std-slice-specgen-2026-08-11/rust-core-slice/mod.rs,/home/chentianyu/nanvix-rust-std-spec-survey/nanvix-rust-std-slice-specgen-2026-08-11/rust-core-slice/mod.rs,primitive_method,"pub const fn split_first_chunk_mut<const N: usize>( &mut self, ) -> Option<(&mut [T; N], &mut [T])>",<const N: usize>,safe,stable,1.77.0,const,Rust,False,False,uncovered,none,planned-new-real-relation-spec,iterator-splitting-and-chunking,"&mut self,","Option<(&mut [T; N], &mut [T])>",may mutate receiver slice contents; inventory requires old/final frame in generation phase,Seq subrange/chunk partition and iterator remaining-sequence helpers,python3 verification/check_inventory.py --modules-csv /home/chentianyu/nanvix-rust-std-spec-survey/nanvix-rust-std-slice-specgen-2026-08-11/results/modules.csv --inventory inventory/slice_exec_fn_inventory.csv --expect-total 132 --expect-existing-vstd 12,generated-new-real-relation-spec-static-revalidated,stable unique canonical core::slice exec API from results/coverage.csv; aliases/private/unstable rows excluded
core::slice::split_first_mut,core::slice::<[T]>::split_first_mut,core::slice::split_first_mut,core:61059,core/src/slice/mod.rs:220,/home/chentianyu/nanvix-rust-std-spec-survey/nanvix-rust-std-slice-specgen-2026-08-11/rust-core-slice/mod.rs,/home/chentianyu/nanvix-rust-std-spec-survey/nanvix-rust-std-slice-specgen-2026-08-11/rust-core-slice/mod.rs,primitive_method,"pub const fn split_first_mut(&mut self) -> Option<(&mut T, &mut [T])>",none,safe,stable,1.5.0,const,Rust,False,False,uncovered,none,planned-new-real-relation-spec,iterator-splitting-and-chunking,&mut self,"Option<(&mut T, &mut [T])>",may mutate receiver slice contents; inventory requires old/final frame in generation phase,Seq subrange/chunk partition and iterator remaining-sequence helpers,python3 verification/check_inventory.py --modules-csv /home/chentianyu/nanvix-rust-std-spec-survey/nanvix-rust-std-slice-specgen-2026-08-11/results/modules.csv --inventory inventory/slice_exec_fn_inventory.csv --expect-total 132 --expect-existing-vstd 12,generated-new-real-relation-spec-static-revalidated,stable unique canonical core::slice exec API from results/coverage.csv; aliases/private/unstable rows excluded
core::slice::split_inclusive,core::slice::<[T]>::split_inclusive,core::slice::split_inclusive,core:33523,core/src/slice/mod.rs:2305,/home/chentianyu/nanvix-rust-std-spec-survey/nanvix-rust-std-slice-specgen-2026-08-11/rust-core-slice/mod.rs,/home/chentianyu/nanvix-rust-std-spec-survey/nanvix-rust-std-slice-specgen-2026-08-11/rust-core-slice/mod.rs,primitive_method,"pub fn split_inclusive<F>(&self, pred: F) -> SplitInclusive<'_, T, F> where F: FnMut(&T) -> bool,","<F> F: FnMut(&T) -> bool,",safe,stable,1.51.0,non-const,Rust,False,False,uncovered,none,planned-new-real-relation-spec,iterator-splitting-and-chunking,"&self, pred: F","SplitInclusive<'_, T, F>",none; observational or constructor result only,Seq subrange/chunk partition and iterator remaining-sequence helpers,python3 verification/check_inventory.py --modules-csv /home/chentianyu/nanvix-rust-std-spec-survey/nanvix-rust-std-slice-specgen-2026-08-11/results/modules.csv --inventory inventory/slice_exec_fn_inventory.csv --expect-total 132 --expect-existing-vstd 12,generated-new-real-relation-spec-static-revalidated,stable unique canonical core::slice exec API from results/coverage.csv; aliases/private/unstable rows excluded
core::slice::split_inclusive_mut,core::slice::<[T]>::split_inclusive_mut,core::slice::split_inclusive_mut,core:33548,core/src/slice/mod.rs:2329,/home/chentianyu/nanvix-rust-std-spec-survey/nanvix-rust-std-slice-specgen-2026-08-11/rust-core-slice/mod.rs,/home/chentianyu/nanvix-rust-std-spec-survey/nanvix-rust-std-slice-specgen-2026-08-11/rust-core-slice/mod.rs,primitive_method,"pub fn split_inclusive_mut<F>(&mut self, pred: F) -> SplitInclusiveMut<'_, T, F> where F: FnMut(&T) -> bool,","<F> F: FnMut(&T) -> bool,",safe,stable,1.51.0,non-const,Rust,False,False,uncovered,none,planned-new-real-relation-spec,iterator-splitting-and-chunking,"&mut self, pred: F","SplitInclusiveMut<'_, T, F>",may mutate receiver slice contents; inventory requires old/final frame in generation phase,Seq subrange/chunk partition and iterator remaining-sequence helpers,python3 verification/check_inventory.py --modules-csv /home/chentianyu/nanvix-rust-std-spec-survey/nanvix-rust-std-slice-specgen-2026-08-11/results/modules.csv --inventory inventory/slice_exec_fn_inventory.csv --expect-total 132 --expect-existing-vstd 12,generated-new-real-relation-spec-static-revalidated,stable unique canonical core::slice exec API from results/coverage.csv; aliases/private/unstable rows excluded
core::slice::split_last,core::slice::<[T]>::split_last,core::slice::split_last,core:61060,core/src/slice/mod.rs:240,/home/chentianyu/nanvix-rust-std-spec-survey/nanvix-rust-std-slice-specgen-2026-08-11/rust-core-slice/mod.rs,/home/chentianyu/nanvix-rust-std-spec-survey/nanvix-rust-std-slice-specgen-2026-08-11/rust-core-slice/mod.rs,primitive_method,"pub const fn split_last(&self) -> Option<(&T, &[T])>",none,safe,stable,1.5.0,const,Rust,False,False,uncovered,none,planned-new-real-relation-spec,iterator-splitting-and-chunking,&self,"Option<(&T, &[T])>",none; observational or constructor result only,Seq subrange/chunk partition and iterator remaining-sequence helpers,python3 verification/check_inventory.py --modules-csv /home/chentianyu/nanvix-rust-std-spec-survey/nanvix-rust-std-slice-specgen-2026-08-11/results/modules.csv --inventory inventory/slice_exec_fn_inventory.csv --expect-total 132 --expect-existing-vstd 12,generated-new-real-relation-spec-static-revalidated,stable unique canonical core::slice exec API from results/coverage.csv; aliases/private/unstable rows excluded
core::slice::split_last_chunk,core::slice::<[T]>::split_last_chunk,core::slice::split_last_chunk,core:61068,core/src/slice/mod.rs:447,/home/chentianyu/nanvix-rust-std-spec-survey/nanvix-rust-std-slice-specgen-2026-08-11/rust-core-slice/mod.rs,/home/chentianyu/nanvix-rust-std-spec-survey/nanvix-rust-std-slice-specgen-2026-08-11/rust-core-slice/mod.rs,primitive_method,"pub const fn split_last_chunk<const N: usize>(&self) -> Option<(&[T], &[T; N])>",<const N: usize>,safe,stable,1.77.0,const,Rust,False,False,uncovered,none,planned-new-real-relation-spec,iterator-splitting-and-chunking,&self,"Option<(&[T], &[T; N])>",none; observational or constructor result only,Seq subrange/chunk partition and iterator remaining-sequence helpers,python3 verification/check_inventory.py --modules-csv /home/chentianyu/nanvix-rust-std-spec-survey/nanvix-rust-std-slice-specgen-2026-08-11/results/modules.csv --inventory inventory/slice_exec_fn_inventory.csv --expect-total 132 --expect-existing-vstd 12,generated-new-real-relation-spec-static-revalidated,stable unique canonical core::slice exec API from results/coverage.csv; aliases/private/unstable rows excluded
core::slice::split_last_chunk_mut,core::slice::<[T]>::split_last_chunk_mut,core::slice::split_last_chunk_mut,core:61069,core/src/slice/mod.rs:478,/home/chentianyu/nanvix-rust-std-spec-survey/nanvix-rust-std-slice-specgen-2026-08-11/rust-core-slice/mod.rs,/home/chentianyu/nanvix-rust-std-spec-survey/nanvix-rust-std-slice-specgen-2026-08-11/rust-core-slice/mod.rs,primitive_method,"pub const fn split_last_chunk_mut<const N: usize>( &mut self, ) -> Option<(&mut [T], &mut [T; N])>",<const N: usize>,safe,stable,1.77.0,const,Rust,False,False,uncovered,none,planned-new-real-relation-spec,iterator-splitting-and-chunking,"&mut self,","Option<(&mut [T], &mut [T; N])>",may mutate receiver slice contents; inventory requires old/final frame in generation phase,Seq subrange/chunk partition and iterator remaining-sequence helpers,python3 verification/check_inventory.py --modules-csv /home/chentianyu/nanvix-rust-std-spec-survey/nanvix-rust-std-slice-specgen-2026-08-11/results/modules.csv --inventory inventory/slice_exec_fn_inventory.csv --expect-total 132 --expect-existing-vstd 12,generated-new-real-relation-spec-static-revalidated,stable unique canonical core::slice exec API from results/coverage.csv; aliases/private/unstable rows excluded
core::slice::split_last_mut,core::slice::<[T]>::split_last_mut,core::slice::split_last_mut,core:61061,core/src/slice/mod.rs:262,/home/chentianyu/nanvix-rust-std-spec-survey/nanvix-rust-std-slice-specgen-2026-08-11/rust-core-slice/mod.rs,/home/chentianyu/nanvix-rust-std-spec-survey/nanvix-rust-std-slice-specgen-2026-08-11/rust-core-slice/mod.rs,primitive_method,"pub const fn split_last_mut(&mut self) -> Option<(&mut T, &mut [T])>",none,safe,stable,1.5.0,const,Rust,False,False,uncovered,none,planned-new-real-relation-spec,iterator-splitting-and-chunking,&mut self,"Option<(&mut T, &mut [T])>",may mutate receiver slice contents; inventory requires old/final frame in generation phase,Seq subrange/chunk partition and iterator remaining-sequence helpers,python3 verification/check_inventory.py --modules-csv /home/chentianyu/nanvix-rust-std-spec-survey/nanvix-rust-std-slice-specgen-2026-08-11/results/modules.csv --inventory inventory/slice_exec_fn_inventory.csv --expect-total 132 --expect-existing-vstd 12,generated-new-real-relation-spec-static-revalidated,stable unique canonical core::slice exec API from results/coverage.csv; aliases/private/unstable rows excluded
core::slice::split_mut,core::slice::<[T]>::split_mut,core::slice::split_mut,core:33536,core/src/slice/mod.rs:2269,/home/chentianyu/nanvix-rust-std-spec-survey/nanvix-rust-std-slice-specgen-2026-08-11/rust-core-slice/mod.rs,/home/chentianyu/nanvix-rust-std-spec-survey/nanvix-rust-std-slice-specgen-2026-08-11/rust-core-slice/mod.rs,primitive_method,"pub fn split_mut<F>(&mut self, pred: F) -> SplitMut<'_, T, F> where F: FnMut(&T) -> bool,","<F> F: FnMut(&T) -> bool,",safe,stable,1.0.0,non-const,Rust,False,False,uncovered,none,planned-new-real-relation-spec,iterator-splitting-and-chunking,"&mut self, pred: F","SplitMut<'_, T, F>",may mutate receiver slice contents; inventory requires old/final frame in generation phase,Seq subrange/chunk partition and iterator remaining-sequence helpers,python3 verification/check_inventory.py --modules-csv /home/chentianyu/nanvix-rust-std-spec-survey/nanvix-rust-std-slice-specgen-2026-08-11/results/modules.csv --inventory inventory/slice_exec_fn_inventory.csv --expect-total 132 --expect-existing-vstd 12,generated-new-real-relation-spec-static-revalidated,stable unique canonical core::slice exec API from results/coverage.csv; aliases/private/unstable rows excluded
core::slice::split_off,core::slice::<[T]>::split_off,core::slice::split_off,core:61136,core/src/slice/mod.rs:4913,/home/chentianyu/nanvix-rust-std-spec-survey/nanvix-rust-std-slice-specgen-2026-08-11/rust-core-slice/mod.rs,/home/chentianyu/nanvix-rust-std-spec-survey/nanvix-rust-std-slice-specgen-2026-08-11/rust-core-slice/mod.rs,primitive_method,"pub fn split_off<'a, R: OneSidedRange<usize>>( self: &mut &'a Self, range: R, ) -> Option<&'a Self>","<'a, R: OneSidedRange<usize>>",safe,stable,1.87.0,non-const,Rust,False,False,uncovered,none,planned-new-real-relation-spec,iterator-splitting-and-chunking,"self: &mut &'a Self, range: R,",Option<&'a Self>,may mutate receiver slice contents; inventory requires old/final frame in generation phase,Seq subrange/chunk partition and iterator remaining-sequence helpers,python3 verification/check_inventory.py --modules-csv /home/chentianyu/nanvix-rust-std-spec-survey/nanvix-rust-std-slice-specgen-2026-08-11/results/modules.csv --inventory inventory/slice_exec_fn_inventory.csv --expect-total 132 --expect-existing-vstd 12,generated-new-real-relation-spec-static-revalidated,stable unique canonical core::slice exec API from results/coverage.csv; aliases/private/unstable rows excluded
core::slice::split_off_first,core::slice::<[T]>::split_off_first,core::slice::split_off_first,core:61138,core/src/slice/mod.rs:5017,/home/chentianyu/nanvix-rust-std-spec-survey/nanvix-rust-std-slice-specgen-2026-08-11/rust-core-slice/mod.rs,/home/chentianyu/nanvix-rust-std-spec-survey/nanvix-rust-std-slice-specgen-2026-08-11/rust-core-slice/mod.rs,primitive_method,pub const fn split_off_first<'a>(self: &mut &'a Self) -> Option<&'a T>,<'a>,safe,stable,1.87.0,const,Rust,False,False,uncovered,none,planned-new-real-relation-spec,iterator-splitting-and-chunking,self: &mut &'a Self,Option<&'a T>,may mutate receiver slice contents; inventory requires old/final frame in generation phase,Seq subrange/chunk partition and iterator remaining-sequence helpers,python3 verification/check_inventory.py --modules-csv /home/chentianyu/nanvix-rust-std-spec-survey/nanvix-rust-std-slice-specgen-2026-08-11/results/modules.csv --inventory inventory/slice_exec_fn_inventory.csv --expect-total 132 --expect-existing-vstd 12,generated-new-real-relation-spec-static-revalidated,stable unique canonical core::slice exec API from results/coverage.csv; aliases/private/unstable rows excluded
core::slice::split_off_first_mut,core::slice::<[T]>::split_off_first_mut,core::slice::split_off_first_mut,core:61139,core/src/slice/mod.rs:5042,/home/chentianyu/nanvix-rust-std-spec-survey/nanvix-rust-std-slice-specgen-2026-08-11/rust-core-slice/mod.rs,/home/chentianyu/nanvix-rust-std-spec-survey/nanvix-rust-std-slice-specgen-2026-08-11/rust-core-slice/mod.rs,primitive_method,pub const fn split_off_first_mut<'a>(self: &mut &'a mut Self) -> Option<&'a mut T>,<'a>,safe,stable,1.87.0,const,Rust,False,False,uncovered,none,planned-new-real-relation-spec,iterator-splitting-and-chunking,self: &mut &'a mut Self,Option<&'a mut T>,may mutate receiver slice contents; inventory requires old/final frame in generation phase,Seq subrange/chunk partition and iterator remaining-sequence helpers,python3 verification/check_inventory.py --modules-csv /home/chentianyu/nanvix-rust-std-spec-survey/nanvix-rust-std-slice-specgen-2026-08-11/results/modules.csv --inventory inventory/slice_exec_fn_inventory.csv --expect-total 132 --expect-existing-vstd 12,generated-new-real-relation-spec-static-revalidated,stable unique canonical core::slice exec API from results/coverage.csv; aliases/private/unstable rows excluded
core::slice::split_off_last,core::slice::<[T]>::split_off_last,core::slice::split_off_last,core:61140,core/src/slice/mod.rs:5067,/home/chentianyu/nanvix-rust-std-spec-survey/nanvix-rust-std-slice-specgen-2026-08-11/rust-core-slice/mod.rs,/home/chentianyu/nanvix-rust-std-spec-survey/nanvix-rust-std-slice-specgen-2026-08-11/rust-core-slice/mod.rs,primitive_method,pub const fn split_off_last<'a>(self: &mut &'a Self) -> Option<&'a T>,<'a>,safe,stable,1.87.0,const,Rust,False,False,uncovered,none,planned-new-real-relation-spec,iterator-splitting-and-chunking,self: &mut &'a Self,Option<&'a T>,may mutate receiver slice contents; inventory requires old/final frame in generation phase,Seq subrange/chunk partition and iterator remaining-sequence helpers,python3 verification/check_inventory.py --modules-csv /home/chentianyu/nanvix-rust-std-spec-survey/nanvix-rust-std-slice-specgen-2026-08-11/results/modules.csv --inventory inventory/slice_exec_fn_inventory.csv --expect-total 132 --expect-existing-vstd 12,generated-new-real-relation-spec-static-revalidated,stable unique canonical core::slice exec API from results/coverage.csv; aliases/private/unstable rows excluded
core::slice::split_off_last_mut,core::slice::<[T]>::split_off_last_mut,core::slice::split_off_last_mut,core:61141,core/src/slice/mod.rs:5092,/home/chentianyu/nanvix-rust-std-spec-survey/nanvix-rust-std-slice-specgen-2026-08-11/rust-core-slice/mod.rs,/home/chentianyu/nanvix-rust-std-spec-survey/nanvix-rust-std-slice-specgen-2026-08-11/rust-core-slice/mod.rs,primitive_method,pub const fn split_off_last_mut<'a>(self: &mut &'a mut Self) -> Option<&'a mut T>,<'a>,safe,stable,1.87.0,const,Rust,False,False,uncovered,none,planned-new-real-relation-spec,iterator-splitting-and-chunking,self: &mut &'a mut Self,Option<&'a mut T>,may mutate receiver slice contents; inventory requires old/final frame in generation phase,Seq subrange/chunk partition and iterator remaining-sequence helpers,python3 verification/check_inventory.py --modules-csv /home/chentianyu/nanvix-rust-std-spec-survey/nanvix-rust-std-slice-specgen-2026-08-11/results/modules.csv --inventory inventory/slice_exec_fn_inventory.csv --expect-total 132 --expect-existing-vstd 12,generated-new-real-relation-spec-static-revalidated,stable unique canonical core::slice exec API from results/coverage.csv; aliases/private/unstable rows excluded
core::slice::split_off_mut,core::slice::<[T]>::split_off_mut,core::slice::split_off_mut,core:61137,core/src/slice/mod.rs:4979,/home/chentianyu/nanvix-rust-std-spec-survey/nanvix-rust-std-slice-specgen-2026-08-11/rust-core-slice/mod.rs,/home/chentianyu/nanvix-rust-std-spec-survey/nanvix-rust-std-slice-specgen-2026-08-11/rust-core-slice/mod.rs,primitive_method,"pub fn split_off_mut<'a, R: OneSidedRange<usize>>( self: &mut &'a mut Self, range: R, ) -> Option<&'a mut Self>","<'a, R: OneSidedRange<usize>>",safe,stable,1.87.0,non-const,Rust,False,False,uncovered,none,planned-new-real-relation-spec,iterator-splitting-and-chunking,"self: &mut &'a mut Self, range: R,",Option<&'a mut Self>,may mutate receiver slice contents; inventory requires old/final frame in generation phase,Seq subrange/chunk partition and iterator remaining-sequence helpers,python3 verification/check_inventory.py --modules-csv /home/chentianyu/nanvix-rust-std-spec-survey/nanvix-rust-std-slice-specgen-2026-08-11/results/modules.csv --inventory inventory/slice_exec_fn_inventory.csv --expect-total 132 --expect-existing-vstd 12,generated-new-real-relation-spec-static-revalidated,stable unique canonical core::slice exec API from results/coverage.csv; aliases/private/unstable rows excluded
core::slice::splitn,core::slice::<[T]>::splitn,core::slice::splitn,core:33579,core/src/slice/mod.rs:2419,/home/chentianyu/nanvix-rust-std-spec-survey/nanvix-rust-std-slice-specgen-2026-08-11/rust-core-slice/mod.rs,/home/chentianyu/nanvix-rust-std-spec-survey/nanvix-rust-std-slice-specgen-2026-08-11/rust-core-slice/mod.rs,primitive_method,"pub fn splitn<F>(&self, n: usize, pred: F) -> SplitN<'_, T, F> where F: FnMut(&T) -> bool,","<F> F: FnMut(&T) -> bool,",safe,stable,1.0.0,non-const,Rust,False,False,uncovered,none,planned-new-real-relation-spec,iterator-splitting-and-chunking,"&self, n: usize, pred: F","SplitN<'_, T, F>",none; observational or constructor result only,Seq subrange/chunk partition and iterator remaining-sequence helpers,python3 verification/check_inventory.py --modules-csv /home/chentianyu/nanvix-rust-std-spec-survey/nanvix-rust-std-slice-specgen-2026-08-11/results/modules.csv --inventory inventory/slice_exec_fn_inventory.csv --expect-total 132 --expect-existing-vstd 12,generated-new-real-relation-spec-static-revalidated,stable unique canonical core::slice exec API from results/coverage.csv; aliases/private/unstable rows excluded
core::slice::splitn_mut,core::slice::<[T]>::splitn_mut,core::slice::splitn_mut,core:33599,core/src/slice/mod.rs:2445,/home/chentianyu/nanvix-rust-std-spec-survey/nanvix-rust-std-slice-specgen-2026-08-11/rust-core-slice/mod.rs,/home/chentianyu/nanvix-rust-std-spec-survey/nanvix-rust-std-slice-specgen-2026-08-11/rust-core-slice/mod.rs,primitive_method,"pub fn splitn_mut<F>(&mut self, n: usize, pred: F) -> SplitNMut<'_, T, F> where F: FnMut(&T) -> bool,","<F> F: FnMut(&T) -> bool,",safe,stable,1.0.0,non-const,Rust,False,False,uncovered,none,planned-new-real-relation-spec,iterator-splitting-and-chunking,"&mut self, n: usize, pred: F","SplitNMut<'_, T, F>",may mutate receiver slice contents; inventory requires old/final frame in generation phase,Seq subrange/chunk partition and iterator remaining-sequence helpers,python3 verification/check_inventory.py --modules-csv /home/chentianyu/nanvix-rust-std-spec-survey/nanvix-rust-std-slice-specgen-2026-08-11/results/modules.csv --inventory inventory/slice_exec_fn_inventory.csv --expect-total 132 --expect-existing-vstd 12,generated-new-real-relation-spec-static-revalidated,stable unique canonical core::slice exec API from results/coverage.csv; aliases/private/unstable rows excluded
core::slice::starts_with,core::slice::<[T]>::starts_with,core::slice::starts_with,core:61099,core/src/slice/mod.rs:2624,/home/chentianyu/nanvix-rust-std-spec-survey/nanvix-rust-std-slice-specgen-2026-08-11/rust-core-slice/mod.rs,/home/chentianyu/nanvix-rust-std-spec-survey/nanvix-rust-std-slice-specgen-2026-08-11/rust-core-slice/mod.rs,primitive_method,"pub fn starts_with(&self, needle: &[T]) -> bool where T: PartialEq,","T: PartialEq,",safe,stable,1.0.0,non-const,Rust,False,False,uncovered,none,planned-new-real-relation-spec,search-prefix-suffix-ordering,"&self, needle: &[T]",bool,none; observational or constructor result only,"Seq membership, prefix/suffix/subrange, sortedness, and predicate observation helpers",python3 verification/check_inventory.py --modules-csv /home/chentianyu/nanvix-rust-std-spec-survey/nanvix-rust-std-slice-specgen-2026-08-11/results/modules.csv --inventory inventory/slice_exec_fn_inventory.csv --expect-total 132 --expect-existing-vstd 12,generated-new-real-relation-spec-static-revalidated,stable unique canonical core::slice exec API from results/coverage.csv; aliases/private/unstable rows excluded
core::slice::strip_circumfix,core::slice::<[T]>::strip_circumfix,core::slice::strip_circumfix,core:61103,core/src/slice/mod.rs:2763,/home/chentianyu/nanvix-rust-std-spec-survey/nanvix-rust-std-slice-specgen-2026-08-11/rust-core-slice/mod.rs,/home/chentianyu/nanvix-rust-std-spec-survey/nanvix-rust-std-slice-specgen-2026-08-11/rust-core-slice/mod.rs,primitive_method,"pub fn strip_circumfix<S, P>(&self, prefix: &P, suffix: &S) -> Option<&[T]> where T: PartialEq, S: SlicePattern<Item = T> + ?Sized, P: SlicePattern<Item = T> + ?Sized,","<S, P> T: PartialEq, S: SlicePattern<Item = T> + ?Sized, P: SlicePattern<Item = T> + ?Sized,",safe,stable,1.99.0,non-const,Rust,False,False,uncovered,none,planned-new-real-relation-spec,search-prefix-suffix-ordering,"&self, prefix: &P, suffix: &S",Option<&[T]>,none; observational or constructor result only,"Seq membership, prefix/suffix/subrange, sortedness, and predicate observation helpers",python3 verification/check_inventory.py --modules-csv /home/chentianyu/nanvix-rust-std-spec-survey/nanvix-rust-std-slice-specgen-2026-08-11/results/modules.csv --inventory inventory/slice_exec_fn_inventory.csv --expect-total 132 --expect-existing-vstd 12,generated-new-real-relation-spec-static-revalidated,stable unique canonical core::slice exec API from results/coverage.csv; aliases/private/unstable rows excluded
core::slice::strip_prefix,core::slice::<[T]>::strip_prefix,core::slice::strip_prefix,core:61101,core/src/slice/mod.rs:2687,/home/chentianyu/nanvix-rust-std-spec-survey/nanvix-rust-std-slice-specgen-2026-08-11/rust-core-slice/mod.rs,/home/chentianyu/nanvix-rust-std-spec-survey/nanvix-rust-std-slice-specgen-2026-08-11/rust-core-slice/mod.rs,primitive_method,"pub fn strip_prefix<P: SlicePattern<Item = T> + ?Sized>(&self, prefix: &P) -> Option<&[T]> where T: PartialEq,","<P: SlicePattern<Item = T> + ?Sized> T: PartialEq,",safe,stable,1.51.0,non-const,Rust,False,False,uncovered,none,planned-new-real-relation-spec,search-prefix-suffix-ordering,"&self, prefix: &P",Option<&[T]>,none; observational or constructor result only,"Seq membership, prefix/suffix/subrange, sortedness, and predicate observation helpers",python3 verification/check_inventory.py --modules-csv /home/chentianyu/nanvix-rust-std-spec-survey/nanvix-rust-std-slice-specgen-2026-08-11/results/modules.csv --inventory inventory/slice_exec_fn_inventory.csv --expect-total 132 --expect-existing-vstd 12,generated-new-real-relation-spec-static-revalidated,stable unique canonical core::slice exec API from results/coverage.csv; aliases/private/unstable rows excluded
core::slice::strip_suffix,core::slice::<[T]>::strip_suffix,core::slice::strip_suffix,core:61102,core/src/slice/mod.rs:2723,/home/chentianyu/nanvix-rust-std-spec-survey/nanvix-rust-std-slice-specgen-2026-08-11/rust-core-slice/mod.rs,/home/chentianyu/nanvix-rust-std-spec-survey/nanvix-rust-std-slice-specgen-2026-08-11/rust-core-slice/mod.rs,primitive_method,"pub fn strip_suffix<P: SlicePattern<Item = T> + ?Sized>(&self, suffix: &P) -> Option<&[T]> where T: PartialEq,","<P: SlicePattern<Item = T> + ?Sized> T: PartialEq,",safe,stable,1.51.0,non-const,Rust,False,False,uncovered,none,planned-new-real-relation-spec,search-prefix-suffix-ordering,"&self, suffix: &P",Option<&[T]>,none; observational or constructor result only,"Seq membership, prefix/suffix/subrange, sortedness, and predicate observation helpers",python3 verification/check_inventory.py --modules-csv /home/chentianyu/nanvix-rust-std-spec-survey/nanvix-rust-std-slice-specgen-2026-08-11/results/modules.csv --inventory inventory/slice_exec_fn_inventory.csv --expect-total 132 --expect-existing-vstd 12,generated-new-real-relation-spec-static-revalidated,stable unique canonical core::slice exec API from results/coverage.csv; aliases/private/unstable rows excluded
core::slice::subslice_range,core::slice::<[T]>::subslice_range,core::slice::subslice_range,core:61144,core/src/slice/mod.rs:5321,/home/chentianyu/nanvix-rust-std-spec-survey/nanvix-rust-std-slice-specgen-2026-08-11/rust-core-slice/mod.rs,/home/chentianyu/nanvix-rust-std-spec-survey/nanvix-rust-std-slice-specgen-2026-08-11/rust-core-slice/mod.rs,primitive_method,"pub fn subslice_range(&self, subslice: &[T]) -> Option<core::range::Range<usize>>",none,safe,stable,1.99.0,non-const,Rust,False,False,uncovered,none,planned-new-real-relation-spec,raw-pointer-and-provenance,"&self, subslice: &[T]",Option<core::range::Range<usize>>,none; observational or constructor result only,"slice Seq/View plus pointer provenance, length, alignment, and unsafe-domain helpers",python3 verification/check_inventory.py --modules-csv /home/chentianyu/nanvix-rust-std-spec-survey/nanvix-rust-std-slice-specgen-2026-08-11/results/modules.csv --inventory inventory/slice_exec_fn_inventory.csv --expect-total 132 --expect-existing-vstd 12,generated-new-real-relation-spec-static-revalidated,stable unique canonical core::slice exec API from results/coverage.csv; aliases/private/unstable rows excluded
core::slice::swap,core::slice::<[T]>::swap,core::slice::swap,core:61078,core/src/slice/mod.rs:908,/home/chentianyu/nanvix-rust-std-spec-survey/nanvix-rust-std-slice-specgen-2026-08-11/rust-core-slice/mod.rs,/home/chentianyu/nanvix-rust-std-spec-survey/nanvix-rust-std-slice-specgen-2026-08-11/rust-core-slice/mod.rs,primitive_method,"pub const fn swap(&mut self, a: usize, b: usize)",none,safe,stable,1.0.0,const,Rust,False,False,uncovered,none,planned-new-real-relation-spec,mutation-frame-and-permutation,"&mut self, a: usize, b: usize",(),may mutate receiver slice contents; inventory requires old/final frame in generation phase,"old/final Seq update, frame, permutation, and disjointness helpers",python3 verification/check_inventory.py --modules-csv /home/chentianyu/nanvix-rust-std-spec-survey/nanvix-rust-std-slice-specgen-2026-08-11/results/modules.csv --inventory inventory/slice_exec_fn_inventory.csv --expect-total 132 --expect-existing-vstd 12,generated-new-real-relation-spec-static-revalidated,stable unique canonical core::slice exec API from results/coverage.csv; aliases/private/unstable rows excluded
core::slice::swap_with_slice,core::slice::<[T]>::swap_with_slice,core::slice::swap_with_slice,core:61129,core/src/slice/mod.rs:4429,/home/chentianyu/nanvix-rust-std-spec-survey/nanvix-rust-std-slice-specgen-2026-08-11/rust-core-slice/mod.rs,/home/chentianyu/nanvix-rust-std-spec-survey/nanvix-rust-std-slice-specgen-2026-08-11/rust-core-slice/mod.rs,primitive_method,"pub const fn swap_with_slice(&mut self, other: &mut [T])",none,safe,stable,1.27.0,const,Rust,False,False,uncovered,none,planned-new-real-relation-spec,mutation-frame-and-permutation,"&mut self, other: &mut [T]",(),may mutate receiver slice contents; inventory requires old/final frame in generation phase,"old/final Seq update, frame, permutation, and disjointness helpers",python3 verification/check_inventory.py --modules-csv /home/chentianyu/nanvix-rust-std-spec-survey/nanvix-rust-std-slice-specgen-2026-08-11/results/modules.csv --inventory inventory/slice_exec_fn_inventory.csv --expect-total 132 --expect-existing-vstd 12,generated-new-real-relation-spec-static-revalidated,stable unique canonical core::slice exec API from results/coverage.csv; aliases/private/unstable rows excluded
core::slice::trim_ascii,core::slice::<[T]>::trim_ascii,core::slice::trim_ascii,core:61054,core/src/slice/ascii.rs:308,/home/chentianyu/nanvix-rust-std-spec-survey/nanvix-rust-std-slice-specgen-2026-08-11/rust-core-slice/ascii.rs,/home/chentianyu/nanvix-rust-std-spec-survey/nanvix-rust-std-slice-specgen-2026-08-11/rust-core-slice/ascii.rs,primitive_method,pub const fn trim_ascii(&self) -> &[u8],none,safe,stable,1.80.0,const,Rust,False,False,uncovered,none,planned-new-real-relation-spec,ascii-byte-sequence,&self,&[u8],none; observational or constructor result only,"Seq<u8> ASCII classification, case-map, and trim/subrange helpers",python3 verification/check_inventory.py --modules-csv /home/chentianyu/nanvix-rust-std-spec-survey/nanvix-rust-std-slice-specgen-2026-08-11/results/modules.csv --inventory inventory/slice_exec_fn_inventory.csv --expect-total 132 --expect-existing-vstd 12,generated-new-real-relation-spec-static-revalidated,stable unique canonical core::slice exec API from results/coverage.csv; aliases/private/unstable rows excluded
core::slice::trim_ascii_end,core::slice::<[T]>::trim_ascii_end,core::slice::trim_ascii_end,core:61053,core/src/slice/ascii.rs:274,/home/chentianyu/nanvix-rust-std-spec-survey/nanvix-rust-std-slice-specgen-2026-08-11/rust-core-slice/ascii.rs,/home/chentianyu/nanvix-rust-std-spec-survey/nanvix-rust-std-slice-specgen-2026-08-11/rust-core-slice/ascii.rs,primitive_method,pub const fn trim_ascii_end(&self) -> &[u8],none,safe,stable,1.80.0,const,Rust,False,False,uncovered,none,planned-new-real-relation-spec,ascii-byte-sequence,&self,&[u8],none; observational or constructor result only,"Seq<u8> ASCII classification, case-map, and trim/subrange helpers",python3 verification/check_inventory.py --modules-csv /home/chentianyu/nanvix-rust-std-spec-survey/nanvix-rust-std-slice-specgen-2026-08-11/results/modules.csv --inventory inventory/slice_exec_fn_inventory.csv --expect-total 132 --expect-existing-vstd 12,generated-new-real-relation-spec-static-revalidated,stable unique canonical core::slice exec API from results/coverage.csv; aliases/private/unstable rows excluded
core::slice::trim_ascii_start,core::slice::<[T]>::trim_ascii_start,core::slice::trim_ascii_start,core:61051,core/src/slice/ascii.rs:241,/home/chentianyu/nanvix-rust-std-spec-survey/nanvix-rust-std-slice-specgen-2026-08-11/rust-core-slice/ascii.rs,/home/chentianyu/nanvix-rust-std-spec-survey/nanvix-rust-std-slice-specgen-2026-08-11/rust-core-slice/ascii.rs,primitive_method,pub const fn trim_ascii_start(&self) -> &[u8],none,safe,stable,1.80.0,const,Rust,False,False,uncovered,none,planned-new-real-relation-spec,ascii-byte-sequence,&self,&[u8],none; observational or constructor result only,"Seq<u8> ASCII classification, case-map, and trim/subrange helpers",python3 verification/check_inventory.py --modules-csv /home/chentianyu/nanvix-rust-std-spec-survey/nanvix-rust-std-slice-specgen-2026-08-11/results/modules.csv --inventory inventory/slice_exec_fn_inventory.csv --expect-total 132 --expect-existing-vstd 12,generated-new-real-relation-spec-static-revalidated,stable unique canonical core::slice exec API from results/coverage.csv; aliases/private/unstable rows excluded
core::slice::utf8_chunks,core::slice::<[T]>::utf8_chunks,core::slice::utf8_chunks,core:34438,core/src/str/lossy.rs:45,not-copied: outside core/src/slice/** source authority copy,/home/chentianyu/nanvix-rust-std-spec-survey/rust-1.96/library/core/src/str/lossy.rs,primitive_method,pub fn utf8_chunks(&self) -> Utf8Chunks<'_>,none,safe,stable,1.79.0,non-const,Rust,False,False,uncovered,none,planned-new-real-relation-spec,iterator-splitting-and-chunking,&self,Utf8Chunks<'_>,none; observational or constructor result only,Seq subrange/chunk partition and iterator remaining-sequence helpers,python3 verification/check_inventory.py --modules-csv /home/chentianyu/nanvix-rust-std-spec-survey/nanvix-rust-std-slice-specgen-2026-08-11/results/modules.csv --inventory inventory/slice_exec_fn_inventory.csv --expect-total 132 --expect-existing-vstd 12,generated-new-real-relation-spec-static-revalidated,stable unique canonical core::slice exec API from results/coverage.csv; aliases/private/unstable rows excluded
core::slice::windows,core::slice::<[T]>::windows,core::slice::windows,core:29161,core/src/slice/mod.rs:1118,/home/chentianyu/nanvix-rust-std-spec-survey/nanvix-rust-std-slice-specgen-2026-08-11/rust-core-slice/mod.rs,/home/chentianyu/nanvix-rust-std-spec-survey/nanvix-rust-std-slice-specgen-2026-08-11/rust-core-slice/mod.rs,primitive_method,"pub const fn windows(&self, size: usize) -> Windows<'_, T>",none,safe,stable,1.0.0,const,Rust,False,False,uncovered,none,planned-new-real-relation-spec,iterator-splitting-and-chunking,"&self, size: usize","Windows<'_, T>",none; observational or constructor result only,Seq subrange/chunk partition and iterator remaining-sequence helpers,python3 verification/check_inventory.py --modules-csv /home/chentianyu/nanvix-rust-std-spec-survey/nanvix-rust-std-slice-specgen-2026-08-11/results/modules.csv --inventory inventory/slice_exec_fn_inventory.csv --expect-total 132 --expect-existing-vstd 12,generated-new-real-relation-spec-static-revalidated,stable unique canonical core::slice exec API from results/coverage.csv; aliases/private/unstable rows excluded
core::slice::write_clone_of_slice,core::slice::<[T]>::write_clone_of_slice,core::slice::write_clone_of_slice,core:61027,core/src/mem/maybe_uninit.rs:1223,not-copied: outside core/src/slice/** source authority copy,/home/chentianyu/nanvix-rust-std-spec-survey/rust-1.96/library/core/src/mem/maybe_uninit.rs,primitive_method,"pub fn write_clone_of_slice(&mut self, src: &[T]) -> &mut [T] where T: Clone,","T: Clone,",safe,stable,1.93.0,non-const,Rust,False,False,uncovered,none,planned-new-real-relation-spec,maybe-uninit-slice-storage,"&mut self, src: &[T]",&mut [T],may mutate receiver slice contents; inventory requires old/final frame in generation phase,MaybeUninit initialization/raw-storage view plus old/final write-frame helper,python3 verification/check_inventory.py --modules-csv /home/chentianyu/nanvix-rust-std-spec-survey/nanvix-rust-std-slice-specgen-2026-08-11/results/modules.csv --inventory inventory/slice_exec_fn_inventory.csv --expect-total 132 --expect-existing-vstd 12,generated-new-real-relation-spec-static-revalidated,stable unique canonical core::slice exec API from results/coverage.csv; aliases/private/unstable rows excluded
core::slice::write_copy_of_slice,core::slice::<[T]>::write_copy_of_slice,core::slice::write_copy_of_slice,core:61029,core/src/mem/maybe_uninit.rs:1163,not-copied: outside core/src/slice/** source authority copy,/home/chentianyu/nanvix-rust-std-spec-survey/rust-1.96/library/core/src/mem/maybe_uninit.rs,primitive_method,"pub const fn write_copy_of_slice(&mut self, src: &[T]) -> &mut [T] where T: Copy,","T: Copy,",safe,stable,1.93.0,const,Rust,False,False,uncovered,none,planned-new-real-relation-spec,maybe-uninit-slice-storage,"&mut self, src: &[T]",&mut [T],may mutate receiver slice contents; inventory requires old/final frame in generation phase,MaybeUninit initialization/raw-storage view plus old/final write-frame helper,python3 verification/check_inventory.py --modules-csv /home/chentianyu/nanvix-rust-std-spec-survey/nanvix-rust-std-slice-specgen-2026-08-11/results/modules.csv --inventory inventory/slice_exec_fn_inventory.csv --expect-total 132 --expect-existing-vstd 12,generated-new-real-relation-spec-static-revalidated,stable unique canonical core::slice exec API from results/coverage.csv; aliases/private/unstable rows excluded
