id,api_path,raw_target,pre_audit_label,campaign_status,proof_object,body_fidelity,proof_admissibility,strict_verdict,proof_bundle,contains_unrelated_target,trust_level,resolved_source_path,resolved_source_lines,reason
array.rs__L116__a__T__N__as__core__iter__IntoIterator__into_iter,core::iter::IntoIterator::into_iter,<&'a [T; N] as core::iter::IntoIterator>::into_iter,verified,proved,local_surrogate,mechanical_desugaring,target_equivalent_axiom,known_mismatch_or_inadmissible,,False,C,/home/chentianyu/nanvix-rust-std-spec-survey/rust/library/core/src/array/mod.rs,362-368,"Rust implements this concrete array-reference IntoIterator as self.iter(). The surrogate executes the same call through a temporary and ghost block, but axiom_array_iter_model_coherence directly supplies the unsourced array/slice iterator-model equality needed by the target contract."
array.rs__L120__a__T__N__as__core__iter__IntoIterator__into_iter,core::iter::IntoIterator::into_iter,<&'a [T; N] as core::iter::IntoIterator>::into_iter,verified,proved,local_surrogate,mechanical_desugaring,target_equivalent_axiom,known_mismatch_or_inadmissible,,False,C,/home/chentianyu/nanvix-rust-std-spec-survey/rust/library/core/src/array/mod.rs,362-368,"Rust implements this concrete array-reference IntoIterator as self.iter(). The surrogate executes the same call through a temporary and ghost block, but axiom_array_iter_model_coherence directly supplies the unsourced array/slice iterator-model equality needed by the target contract."
array.rs__L143__T__N__as_slice,core::array::as_slice,<[T; N]>::as_slice,verified,proved,local_surrogate,exact_body,ordinary_acyclic,strict_faithful_admissible,,False,B,,,"Executable operations/control flow match the Rust source; differences are receiver/local renaming, qualification, or Verus-only annotations and ghost code."
float.rs__L95__f32__as__Clone__clone,core::clone::Clone::clone,<f32 as Clone>::clone,verified,proved,local_surrogate,mechanical_desugaring,ordinary_acyclic,strict_faithful_admissible,,False,A,/home/chentianyu/nanvix-rust-std-spec-survey/rust/library/core/src/clone.rs,708-733,"impl_clone! is invoked for f32/f64 and expands Clone::clone to `*self`. The source_* body is the same expansion after receiver-to-argument renaming; only specifications/annotations are added, with no axiom or peer dependency."
float.rs__L100__f64__as__Clone__clone,core::clone::Clone::clone,<f64 as Clone>::clone,verified,proved,local_surrogate,mechanical_desugaring,ordinary_acyclic,strict_faithful_admissible,,False,A,/home/chentianyu/nanvix-rust-std-spec-survey/rust/library/core/src/clone.rs,708-733,"impl_clone! is invoked for f32/f64 and expands Clone::clone to `*self`. The source_* body is the same expansion after receiver-to-argument renaming; only specifications/annotations are added, with no axiom or peer dependency."
layout.rs__L77__core__mem__size_of__V,core::mem::size_of,core::mem::size_of::<V>,unverified,proved,local_surrogate,circular_or_target_axiom,circular_or_target_axiom,known_mismatch_or_inadmissible,,False,D,,,An assumed intrinsic/layout bridge directly supplies the target size or alignment semantics.
layout.rs__L85__core__mem__align_of__V,core::mem::align_of,core::mem::align_of::<V>,unverified,proved,local_surrogate,circular_or_target_axiom,circular_or_target_axiom,known_mismatch_or_inadmissible,,False,D,,,An assumed intrinsic/layout bridge directly supplies the target size or alignment semantics.
layout.rs__L93__core__mem__size_of_val__V,core::mem::size_of_val,core::mem::size_of_val::<V>,verified,proved,local_surrogate,circular_or_target_axiom,circular_or_target_axiom,known_mismatch_or_inadmissible,,False,D,,,An assumed intrinsic/layout bridge directly supplies the target size or alignment semantics.
layout.rs__L101__core__mem__align_of_val__V,core::mem::align_of_val,core::mem::align_of_val::<V>,verified,proved,local_surrogate,circular_or_target_axiom,circular_or_target_axiom,known_mismatch_or_inadmissible,,False,C,,,An assumed intrinsic/layout bridge directly supplies the target size or alignment semantics.
raw_ptr.rs__L198__mut__T__as__PartialEq__mut__T__eq,core::cmp::PartialEq::eq,<*mut T as PartialEq<*mut T>>::eq,unverified,proved,local_surrogate,alternate_implementation,target_equivalent_axiom,known_mismatch_or_inadmissible,,False,C,/home/chentianyu/nanvix-rust-std-spec-survey/rust/library/core/src/ptr/mut_ptr.rs,2034-2040,"The concrete *mut T PartialEq::eq body is the builtin expression `*self == *other`. The proof replaces it with `addr() == addr() && metadata() == metadata()`, an equivalent public-method decomposition rather than syntax desugaring. Its assumed metadata specification and axiom equating Metadata PartialEqSpec with mathematical equality supply the essential target semantics."
raw_ptr.rs__L221__const__T__as__PartialEq__const__T__eq,core::cmp::PartialEq::eq,<*const T as PartialEq<*const T>>::eq,unverified,proved,local_surrogate,alternate_implementation,target_equivalent_axiom,known_mismatch_or_inadmissible,,False,C,/home/chentianyu/nanvix-rust-std-spec-survey/rust/library/core/src/ptr/const_ptr.rs,1594-1600,"The concrete *const T PartialEq::eq body is the builtin expression `*self == *other`. The proof replaces it with `addr() == addr() && metadata() == metadata()`, an equivalent public-method decomposition rather than syntax desugaring. Its assumed metadata specification and axiom equating Metadata PartialEqSpec with mathematical equality supply the essential target semantics."
raw_ptr.rs__L401__core__ptr__null,core::ptr::null,core::ptr::null,verified,proved,local_surrogate,exact_body,ordinary_acyclic,strict_faithful_admissible,,False,B,,,"Executable operations/control flow match the Rust source; differences are receiver/local renaming, qualification, or Verus-only annotations and ghost code."
raw_ptr.rs__L403__core__ptr__null,core::ptr::null,core::ptr::null,verified,proved,local_surrogate,exact_body,ordinary_acyclic,strict_faithful_admissible,,False,B,,,"Executable operations/control flow match the Rust source; differences are receiver/local renaming, qualification, or Verus-only annotations and ghost code."
raw_ptr.rs__L422__core__ptr__null_mut,core::ptr::null_mut,core::ptr::null_mut,verified,proved,local_surrogate,exact_body,ordinary_acyclic,strict_faithful_admissible,,False,B,,,"Executable operations/control flow match the Rust source; differences are receiver/local renaming, qualification, or Verus-only annotations and ghost code."
raw_ptr.rs__L424__core__ptr__null_mut,core::ptr::null_mut,core::ptr::null_mut,verified,proved,local_surrogate,exact_body,ordinary_acyclic,strict_faithful_admissible,,False,B,,,"Executable operations/control flow match the Rust source; differences are receiver/local renaming, qualification, or Verus-only annotations and ghost code."
slice.rs__L83__T__len,core::slice::len,<[T]>::len,unverified,proved,local_surrogate,circular_or_target_axiom,circular_or_target_axiom,known_mismatch_or_inadmissible,,False,C,,,A metadata-from-reference axiom directly equates pointer metadata with target slice length.
slice.rs__L93__T__is_empty,core::slice::is_empty,<[T]>::is_empty,verified,proved,local_surrogate,exact_body,ordinary_acyclic,strict_faithful_admissible,,False,B,,,"Executable operations/control flow match the Rust source; differences are receiver/local renaming, qualification, or Verus-only annotations and ghost code."
slice.rs__L133__T__get__I,core::slice::get,<[T]>::get::<I>,unverified,blocked,no_passing_artifact,,,no_passing_artifact,,False,,,,Verus rejects `core::slice::index::SliceIndex::get` as unsupported. Its generic sealed-trait implementation is inaccessible downstream; asserting its result equals `spec_slice_get` would merely restate the target contract.
std_specs__alloc.rs__L15__alloc__boxed__box_assume_init_into_vec_unsafe,alloc::boxed::box_assume_init_into_vec_unsafe,alloc::boxed::box_assume_init_into_vec_unsafe,verified,proved,local_surrogate,mechanical_desugaring,ordinary_acyclic,strict_faithful_admissible,,False,B,/home/chentianyu/nanvix-rust-std-spec-survey/rust/library/alloc/src/boxed.rs,264-268,"The Rust body is `unsafe { (b.assume_init() as Box<[T]>).into_vec() }`; the proof only names the initialized box and unsized box separately. The called Box<[T]>::into_vec is concrete at alloc/src/slice.rs:480-485, so this is an acyclic mechanical expansion."
std_specs__alloc.rs__L26__alloc__intrinsics__write_box_via_move,alloc::intrinsics::write_box_via_move,alloc::intrinsics::write_box_via_move,unverified,proved,local_surrogate,source_unavailable,unresolved,source_unresolved,,False,B,/home/chentianyu/nanvix-rust-std-spec-survey/rust/library/alloc/src/intrinsics.rs,14-15,"Rust 1.96 library source contains only the #[rustc_intrinsic] declaration and no executable Rust body. The proof assignment may describe intended semantics, but fidelity to the compiler intrinsic cannot be established from rust/library."
std_specs__alloc.rs__L36__alloc__boxed__Box__T__new_uninit,alloc::boxed::Box::new_uninit,alloc::boxed::Box::<T>::new_uninit,unverified,proved,local_surrogate,alternate_implementation,not_admissible_under_strict_policy,known_mismatch_or_inadmissible,,False,B,,,The source allocation intrinsic/transmute is replaced by public Box/MaybeUninit construction.
std_specs__bits.rs__L48__u8__trailing_zeros,core::u8::trailing_zeros,u8::trailing_zeros,unverified,proved,local_surrogate,alternate_implementation,target_equivalent_axiom,known_mismatch_or_inadmissible,,False,A,/home/chentianyu/nanvix-rust-std-spec-survey/rust/library/core/src/num/uint_macros.rs; /home/chentianyu/nanvix-rust-std-spec-survey/rust/library/core/src/num/mod.rs,177-179; 583-607 (u8 invocation),"uint_impl! expands u8::trailing_zeros to the single compiler intrinsic call `cttz` (`return intrinsics::cttz(self)`). The source_* wrapper instead calls a hand-written source_core_intrinsics_cttz_u8 scan/recurrence. That is an alternate algorithm, not a mechanical expansion of the intrinsic, and its proof invokes the imported u8_trailing_zeros axiom to establish the target result."
std_specs__bits.rs__L54__u8__trailing_ones,core::u8::trailing_ones,u8::trailing_ones,verified,proved,local_surrogate,mechanical_desugaring,ordinary_acyclic,strict_faithful_admissible,,False,B,/home/chentianyu/nanvix-rust-std-spec-survey/rust/library/core/src/num/uint_macros.rs; /home/chentianyu/nanvix-rust-std-spec-survey/rust/library/core/src/num/mod.rs,224-226; 583-607 (u8 invocation),uint_impl! expands u8::trailing_ones exactly to `(!self).trailing_zeros()`. The source_* body has that same executable expression after receiver-to-argument substitution. Its call to the corresponding zero-count method is a one-way ordinary dependency; no local axiom or back-edge is introduced.
std_specs__bits.rs__L60__u8__leading_zeros,core::u8::leading_zeros,u8::leading_zeros,unverified,proved,local_surrogate,mechanical_desugaring,target_equivalent_axiom,known_mismatch_or_inadmissible,,False,D,/home/chentianyu/nanvix-rust-std-spec-survey/rust/library/core/src/num/uint_macros.rs; /home/chentianyu/nanvix-rust-std-spec-survey/rust/library/core/src/num/mod.rs,153-155; 583-607 (u8 invocation),"uint_impl! expands u8::leading_zeros to `return intrinsics::ctlz(self as u8)`, and source_u8_leading_zeros executes that same intrinsic call; proof blocks are non-executable. Admissibility is not ordinary because axiom_compiler_ctlz_u8 directly supplies the equivalence between the compiler intrinsic result and the target vstd leading-zero specification."
std_specs__bits.rs__L66__u8__leading_ones,core::u8::leading_ones,u8::leading_ones,verified,proved,local_surrogate,mechanical_desugaring,ordinary_acyclic,strict_faithful_admissible,,False,B,/home/chentianyu/nanvix-rust-std-spec-survey/rust/library/core/src/num/uint_macros.rs; /home/chentianyu/nanvix-rust-std-spec-survey/rust/library/core/src/num/mod.rs,200-202; 583-607 (u8 invocation),uint_impl! expands u8::leading_ones exactly to `(!self).leading_zeros()`. The source_* body has that same executable expression after receiver-to-argument substitution. Its call to the corresponding zero-count method is a one-way ordinary dependency; no local axiom or back-edge is introduced.
std_specs__bits.rs__L218__u16__trailing_zeros,core::u16::trailing_zeros,u16::trailing_zeros,unverified,proved,local_surrogate,alternate_implementation,target_equivalent_axiom,known_mismatch_or_inadmissible,,False,A,/home/chentianyu/nanvix-rust-std-spec-survey/rust/library/core/src/num/uint_macros.rs; /home/chentianyu/nanvix-rust-std-spec-survey/rust/library/core/src/num/mod.rs,177-179; 1231-1255 (u16 invocation),"uint_impl! expands u16::trailing_zeros to the single compiler intrinsic call `cttz` (`return intrinsics::cttz(self)`). The source_* wrapper instead calls a hand-written source_core_intrinsics_cttz_u16 scan/recurrence. That is an alternate algorithm, not a mechanical expansion of the intrinsic, and its proof invokes the imported u16_trailing_zeros axiom to establish the target result."
std_specs__bits.rs__L224__u16__trailing_ones,core::u16::trailing_ones,u16::trailing_ones,verified,proved,local_surrogate,mechanical_desugaring,ordinary_acyclic,strict_faithful_admissible,,False,B,/home/chentianyu/nanvix-rust-std-spec-survey/rust/library/core/src/num/uint_macros.rs; /home/chentianyu/nanvix-rust-std-spec-survey/rust/library/core/src/num/mod.rs,224-226; 1231-1255 (u16 invocation),uint_impl! expands u16::trailing_ones exactly to `(!self).trailing_zeros()`. The source_* body has that same executable expression after receiver-to-argument substitution. Its call to the corresponding zero-count method is a one-way ordinary dependency; no local axiom or back-edge is introduced.
std_specs__bits.rs__L230__u16__leading_zeros,core::u16::leading_zeros,u16::leading_zeros,unverified,proved,local_surrogate,alternate_implementation,target_equivalent_axiom,known_mismatch_or_inadmissible,,False,A,/home/chentianyu/nanvix-rust-std-spec-survey/rust/library/core/src/num/uint_macros.rs; /home/chentianyu/nanvix-rust-std-spec-survey/rust/library/core/src/num/mod.rs,153-155; 1231-1255 (u16 invocation),"uint_impl! expands u16::leading_zeros to the single compiler intrinsic call `ctlz` (`return intrinsics::ctlz(self as ActualT)`). The source_* wrapper instead calls a hand-written source_core_intrinsics_ctlz_u16 scan/recurrence. That is an alternate algorithm, not a mechanical expansion of the intrinsic, and its proof invokes the imported u16_leading_zeros axiom to establish the target result."
std_specs__bits.rs__L236__u16__leading_ones,core::u16::leading_ones,u16::leading_ones,verified,proved,local_surrogate,mechanical_desugaring,ordinary_acyclic,strict_faithful_admissible,,False,B,/home/chentianyu/nanvix-rust-std-spec-survey/rust/library/core/src/num/uint_macros.rs; /home/chentianyu/nanvix-rust-std-spec-survey/rust/library/core/src/num/mod.rs,200-202; 1231-1255 (u16 invocation),uint_impl! expands u16::leading_ones exactly to `(!self).leading_zeros()`. The source_* body has that same executable expression after receiver-to-argument substitution. Its call to the corresponding zero-count method is a one-way ordinary dependency; no local axiom or back-edge is introduced.
std_specs__bits.rs__L394__u32__trailing_zeros,core::u32::trailing_zeros,u32::trailing_zeros,unverified,proved,local_surrogate,alternate_implementation,target_equivalent_axiom,known_mismatch_or_inadmissible,,False,A,/home/chentianyu/nanvix-rust-std-spec-survey/rust/library/core/src/num/uint_macros.rs; /home/chentianyu/nanvix-rust-std-spec-survey/rust/library/core/src/num/mod.rs,177-179; 1287-1311 (u32 invocation),"uint_impl! expands u32::trailing_zeros to the single compiler intrinsic call `cttz` (`return intrinsics::cttz(self)`). The source_* wrapper instead calls a hand-written source_core_intrinsics_cttz_u32 scan/recurrence. That is an alternate algorithm, not a mechanical expansion of the intrinsic, and its proof invokes the imported u32_trailing_zeros axiom to establish the target result."
std_specs__bits.rs__L400__u32__trailing_ones,core::u32::trailing_ones,u32::trailing_ones,verified,proved,local_surrogate,mechanical_desugaring,ordinary_acyclic,strict_faithful_admissible,,False,B,/home/chentianyu/nanvix-rust-std-spec-survey/rust/library/core/src/num/uint_macros.rs; /home/chentianyu/nanvix-rust-std-spec-survey/rust/library/core/src/num/mod.rs,224-226; 1287-1311 (u32 invocation),uint_impl! expands u32::trailing_ones exactly to `(!self).trailing_zeros()`. The source_* body has that same executable expression after receiver-to-argument substitution. Its call to the corresponding zero-count method is a one-way ordinary dependency; no local axiom or back-edge is introduced.
std_specs__bits.rs__L406__u32__leading_zeros,core::u32::leading_zeros,u32::leading_zeros,unverified,proved,local_surrogate,alternate_implementation,target_equivalent_axiom,known_mismatch_or_inadmissible,,False,A,/home/chentianyu/nanvix-rust-std-spec-survey/rust/library/core/src/num/uint_macros.rs; /home/chentianyu/nanvix-rust-std-spec-survey/rust/library/core/src/num/mod.rs,153-155; 1287-1311 (u32 invocation),"uint_impl! expands u32::leading_zeros to the single compiler intrinsic call `ctlz` (`return intrinsics::ctlz(self as ActualT)`). The source_* wrapper instead calls a hand-written source_core_intrinsics_ctlz_u32 scan/recurrence. That is an alternate algorithm, not a mechanical expansion of the intrinsic, and its proof invokes the imported u32_leading_zeros axiom to establish the target result."
std_specs__bits.rs__L412__u32__leading_ones,core::u32::leading_ones,u32::leading_ones,verified,proved,local_surrogate,mechanical_desugaring,ordinary_acyclic,strict_faithful_admissible,,False,B,/home/chentianyu/nanvix-rust-std-spec-survey/rust/library/core/src/num/uint_macros.rs; /home/chentianyu/nanvix-rust-std-spec-survey/rust/library/core/src/num/mod.rs,200-202; 1287-1311 (u32 invocation),uint_impl! expands u32::leading_ones exactly to `(!self).leading_zeros()`. The source_* body has that same executable expression after receiver-to-argument substitution. Its call to the corresponding zero-count method is a one-way ordinary dependency; no local axiom or back-edge is introduced.
std_specs__bits.rs__L571__u64__trailing_zeros,core::u64::trailing_zeros,u64::trailing_zeros,unverified,proved,local_surrogate,alternate_implementation,target_equivalent_axiom,known_mismatch_or_inadmissible,,False,A,/home/chentianyu/nanvix-rust-std-spec-survey/rust/library/core/src/num/uint_macros.rs; /home/chentianyu/nanvix-rust-std-spec-survey/rust/library/core/src/num/mod.rs,177-179; 1319-1343 (u64 invocation),"uint_impl! expands u64::trailing_zeros to the single compiler intrinsic call `cttz` (`return intrinsics::cttz(self)`). The source_* wrapper instead calls a hand-written source_core_intrinsics_cttz_u64 scan/recurrence. That is an alternate algorithm, not a mechanical expansion of the intrinsic, and its proof invokes the imported u64_trailing_zeros axiom to establish the target result."
std_specs__bits.rs__L577__u64__trailing_ones,core::u64::trailing_ones,u64::trailing_ones,verified,proved,local_surrogate,mechanical_desugaring,ordinary_acyclic,strict_faithful_admissible,,False,B,/home/chentianyu/nanvix-rust-std-spec-survey/rust/library/core/src/num/uint_macros.rs; /home/chentianyu/nanvix-rust-std-spec-survey/rust/library/core/src/num/mod.rs,224-226; 1319-1343 (u64 invocation),uint_impl! expands u64::trailing_ones exactly to `(!self).trailing_zeros()`. The source_* body has that same executable expression after receiver-to-argument substitution. Its call to the corresponding zero-count method is a one-way ordinary dependency; no local axiom or back-edge is introduced.
std_specs__bits.rs__L583__u64__leading_zeros,core::u64::leading_zeros,u64::leading_zeros,unverified,proved,local_surrogate,alternate_implementation,target_equivalent_axiom,known_mismatch_or_inadmissible,,False,A,/home/chentianyu/nanvix-rust-std-spec-survey/rust/library/core/src/num/uint_macros.rs; /home/chentianyu/nanvix-rust-std-spec-survey/rust/library/core/src/num/mod.rs,153-155; 1319-1343 (u64 invocation),"uint_impl! expands u64::leading_zeros to the single compiler intrinsic call `ctlz` (`return intrinsics::ctlz(self as ActualT)`). The source_* wrapper instead calls a hand-written source_core_intrinsics_ctlz_u64 scan/recurrence. That is an alternate algorithm, not a mechanical expansion of the intrinsic, and its proof invokes the imported u64_leading_zeros axiom to establish the target result."
std_specs__bits.rs__L589__u64__leading_ones,core::u64::leading_ones,u64::leading_ones,verified,proved,local_surrogate,mechanical_desugaring,ordinary_acyclic,strict_faithful_admissible,,False,B,/home/chentianyu/nanvix-rust-std-spec-survey/rust/library/core/src/num/uint_macros.rs; /home/chentianyu/nanvix-rust-std-spec-survey/rust/library/core/src/num/mod.rs,200-202; 1319-1343 (u64 invocation),uint_impl! expands u64::leading_ones exactly to `(!self).leading_zeros()`. The source_* body has that same executable expression after receiver-to-argument substitution. Its call to the corresponding zero-count method is a one-way ordinary dependency; no local axiom or back-edge is introduced.
std_specs__btree.rs__L204__BTreeMap__Key__Value__A__iter,alloc::collections::BTreeMap::iter,"BTreeMap::<Key, Value, A>::iter",unverified,blocked,no_passing_artifact,,,no_passing_artifact,,False,,,,A standalone downstream Verus function cannot copy this control flow or construct btree_map::Iter; any bridge would restate or circularly invoke the target contract.
std_specs__btree.rs__L376__BTreeMap__Key__Value__A__len,alloc::collections::BTreeMap::len,"BTreeMap::<Key, Value, A>::len",unverified,blocked,no_passing_artifact,,,no_passing_artifact,,False,,,,A standalone function cannot access `m.length`. Any representation bridge relating that field to `spec_btree_map_len(m)` would restate the target contract as an axiom.
std_specs__btree.rs__L383__BTreeMap__Key__Value__A__is_empty,alloc::collections::BTreeMap::is_empty,"BTreeMap::<Key, Value, A>::is_empty",unverified,blocked,no_passing_artifact,,,no_passing_artifact,,False,,,,An unconditional bridge from BTreeMap::len() to m@.is_empty() would restate the missing target fact as an axiom.
std_specs__btree.rs__L390__BTreeMap__K__V__A__as__Clone__clone,core::clone::Clone::clone,"<BTreeMap::<
    K,
    V,
    A,
> as Clone>::clone",unverified,blocked,no_passing_artifact,,,no_passing_artifact,,False,,,,"The equality contract is false for arbitrary Clone implementations: cloning a value may change it, so other@ need not equal this@. The source body also depends on private BTreeMap fields and private node types, preventing a meaningful downstream source-faithful proof."
std_specs__btree.rs__L399__BTreeMap__Key__Value__new,alloc::collections::BTreeMap::new,"BTreeMap::<Key, Value>::new",unverified,blocked,no_passing_artifact,,,no_passing_artifact,,False,,,,Verus rejects the source-faithful struct literal as a constructor for an opaque datatype. A downstream axiom connecting that private representation to the empty map view would merely restate the target contract.
std_specs__btree.rs__L404__BTreeMap__K__V__as__core__default__Default__default,core::default::Default::default,"<BTreeMap<K, V> as core::default::Default>::default",verified,proved,local_surrogate,exact_body,ordinary_acyclic,strict_faithful_admissible,,False,B,/home/chentianyu/nanvix-rust-std-spec-survey/rust/library/alloc/src/collections/btree/map.rs,2598-2602,Both the concrete Default impl and source_btree_map_default return BTreeMap::new() with identical executable control flow.
std_specs__btree.rs__L410__BTreeMap__Key__Value__A__insert,alloc::collections::BTreeMap::insert,"BTreeMap::<
    Key,
    Value,
    A,
>::insert",unverified,blocked,no_passing_artifact,,,no_passing_artifact,,False,,,,"Verus rejects Entry, OccupiedEntry, and VacantEntry as unsupported. Modeling the private occupied/vacant representations requires forbidden external_body; an axiom linking their branches to the final map view would restate the missing target behavior."
std_specs__btree.rs__L456__BTreeMap__Key__Value__A__contains_key__Q,alloc::collections::BTreeMap::contains_key,"BTreeMap::<Key, Value, A>::contains_key::<Q>",unverified,blocked,no_passing_artifact,,,no_passing_artifact,,False,,,,"The required generic bridge `maps_borrowed_key_to_value(m, key, value) ==> contains_borrowed_key(m, key)` is a central trusted model axiom that reconstitutes the target's core obligation for arbitrary `Key: Borrow<Q>`. vstd provides no downstream derivation for arbitrary borrowed keys, so accepting it would be Level E rather than an allowed representation fact."
std_specs__btree.rs__L461__BTreeMap__Key__Value__A__contains_key__Q,alloc::collections::BTreeMap::contains_key,"BTreeMap::<Key, Value, A>::contains_key::<Q>",unverified,proved,local_surrogate,exact_body,missing_target_postcondition,known_mismatch_or_inadmissible,,False,B,,,"Executable operations/control flow match the Rust source; differences are receiver/local renaming, qualification, or Verus-only annotations and ghost code. The copied body is exact, but source_btree_map_contains_key has no target ensures clause, so the accepting function does not prove the contract."
std_specs__btree.rs__L504__BTreeMap__Key__Value__A__get__Q,alloc::collections::BTreeMap::get,"BTreeMap::<Key, Value, A>::get::<Q>",unverified,blocked,no_passing_artifact,,,no_passing_artifact,,False,,,,Any bridge from the private search result to m@ and the borrowed-key predicates would restate the target contract as an axiom.
std_specs__btree.rs__L510__BTreeMap__Key__Value__A__get__Q,alloc::collections::BTreeMap::get,"BTreeMap::<Key, Value, A>::get::<Q>",unverified,blocked,no_passing_artifact,,,no_passing_artifact,,False,,,,"Any axiom bridging those private search results to m@, contains_borrowed_key, and maps_borrowed_key_to_value would effectively restate the target contract rather than prove it."
std_specs__btree.rs__L562__BTreeMap__Key__Value__A__remove__Q,alloc::collections::BTreeMap::remove,"BTreeMap::<Key, Value, A>::remove::<Q>",unverified,proved,local_surrogate,mechanical_desugaring,ordinary_acyclic,strict_faithful_admissible,,False,B,,,"remove_entry(...).map(|(_, v)| v) is mechanically expanded to an equivalent match."
std_specs__btree.rs__L567__BTreeMap__Key__Value__A__remove__Q,alloc::collections::BTreeMap::remove,"BTreeMap::<Key, Value, A>::remove::<Q>",unverified,proved,local_surrogate,exact_body,ordinary_acyclic,strict_faithful_admissible,,False,B,,,"Executable operations/control flow match the Rust source; differences are receiver/local renaming, qualification, or Verus-only annotations and ghost code."
std_specs__btree.rs__L579__BTreeMap__Key__Value__A__clear,alloc::collections::BTreeMap::clear,"BTreeMap::<Key, Value, A>::clear",unverified,blocked,no_passing_artifact,,,no_passing_artifact,,False,,,,A standalone downstream function cannot source-faithfully access these fields or construct the private representation. Any bridge proving that those mutations yield an empty view would restate the target contract as an axiom.
std_specs__btree.rs__L609__BTreeMap__Key__Value__A__keys,alloc::collections::BTreeMap::keys,"BTreeMap::<Key, Value, A>::keys",unverified,blocked,no_passing_artifact,,,no_passing_artifact,,False,,,,"A standalone function cannot construct a map-dependent `Keys` from `Iter` without calling the target method. An unsafe layout bridge would still require an axiom equating it with opaque `spec_keys_iter(m)`, restating the target contract."
std_specs__btree.rs__L641__BTreeMap__Key__Value__A__values,alloc::collections::BTreeMap::values,"BTreeMap::<Key, Value, A>::values",unverified,blocked,no_passing_artifact,,,no_passing_artifact,,False,,,,"Verus rejects the source-faithful struct literal as an opaque-datatype constructor. No public API converts `Iter` into `Values`; `Default` is empty and cloning requires an existing `Values`. Calling `BTreeMap::values` is forbidden, while any bridge would restate the target contract."
std_specs__btree.rs__L739__BTreeSet__Key__A__len,alloc::collections::BTreeSet::len,"BTreeSet::<Key, A>::len",unverified,blocked,no_passing_artifact,,,no_passing_artifact,,False,,,,vstd exposes no BTreeSet-to-BTreeMap representation bridge. Any axiom sufficient to replace the inaccessible field access and relate map.len() to spec_btree_set_len would restate the target contract.
std_specs__btree.rs__L746__BTreeSet__Key__A__is_empty,alloc::collections::BTreeSet::is_empty,"BTreeSet::<Key, A>::is_empty",unverified,blocked,no_passing_artifact,,,no_passing_artifact,,False,,,,A standalone proof cannot derive the required unconditional len/view bridge from public vstd facts. Adding it would effectively replace the missing target semantics with a private-representation axiom.
std_specs__btree.rs__L753__BTreeSet__K__A__as__Clone__clone,core::clone::Clone::clone,"<BTreeSet::<K, A> as Clone>::clone",unverified,blocked,no_passing_artifact,,,no_passing_artifact,,False,,,,"`map` and its `SetValZST` representation are private, so the exact body cannot be expressed downstream. More importantly, `K: Clone` alone does not establish that cloned keys equal the originals; an incrementing key clone yields a different cloned set. The supplied unconditional view-equality contract therefore needs a missing clone-law premise, and an axiom providing it would hide the central obligation."
std_specs__btree.rs__L760__BTreeSet__Key__new,alloc::collections::BTreeSet::new,BTreeSet::<Key>::new,unverified,blocked,no_passing_artifact,,,no_passing_artifact,,False,,,,A standalone downstream Verus function cannot express `BTreeSet { map: BTreeMap::new() }`. An axiom relating a replacement construction to the empty set view would restate the target contract rather than prove it.
std_specs__btree.rs__L765__BTreeSet__T__as__core__default__Default__default,core::default::Default::default,<BTreeSet<T> as core::default::Default>::default,verified,proved,local_surrogate,exact_body,ordinary_acyclic,strict_faithful_admissible,,False,B,/home/chentianyu/nanvix-rust-std-spec-survey/rust/library/alloc/src/collections/btree/set.rs,1640-1644,Both the concrete Default impl and source_btree_set_default return BTreeSet::new() with identical executable control flow.
std_specs__btree.rs__L772__BTreeSet__Key__A__insert,alloc::collections::BTreeSet::insert,"BTreeSet::<Key, A>::insert",unverified,blocked,no_passing_artifact,,,no_passing_artifact,,False,,,,"vstd exposes only BTreeSet's abstract Set view, with no bridge to its backing BTreeMap. A bridge sufficient to derive insertion behavior would effectively restate the target contract as an axiom."
std_specs__btree.rs__L809__BTreeSet__Key__A__contains,alloc::collections::BTreeSet::contains,"BTreeSet::<
    Key,
    A,
>::contains",unverified,blocked,no_passing_artifact,,,no_passing_artifact,,False,,,,No public lower-level contract bridges BTreeSet's representation to set_contains_borrowed_key for arbitrary Borrow<Q>; BTreeSet::get also lacks the needed generic Some-to-membership relation and no_unwind guarantee. Adding either bridge would effectively assume the target behavior.
std_specs__btree.rs__L848__BTreeSet__Key__A__get__Q,alloc::collections::BTreeSet::get,"BTreeSet::<Key, A>::get::<Q>",unverified,blocked,no_passing_artifact,,,no_passing_artifact,,False,,,,A downstream standalone Verus function cannot access `self.map`; an axiom sufficient to substitute another search would restate the target contract.
std_specs__btree.rs__L853__BTreeSet__Key__A__get__Q,alloc::collections::BTreeSet::get,"BTreeSet::<Key, A>::get::<Q>",unverified,blocked,no_passing_artifact,,,no_passing_artifact,,False,,,,A downstream source-faithful function cannot project self.map. Any axiom connecting its inaccessible search result to m@ and the generic borrowed-key predicates would restate the target contract.
std_specs__btree.rs__L894__BTreeSet__Key__A__remove__Q,alloc::collections::BTreeSet::remove,"BTreeSet::<
    Key,
    A,
>::remove::<Q>",unverified,blocked,no_passing_artifact,,,no_passing_artifact,,False,,,,"Verus rejects `m.map` with E0616, and vstd exposes no non-circular public operation or representation bridge to prove the required set mutation."
std_specs__btree.rs__L905__BTreeSet__Key__A__clear,alloc::collections::BTreeSet::clear,"BTreeSet::<Key, A>::clear",unverified,blocked,no_passing_artifact,,,no_passing_artifact,,False,,,,"A downstream standalone Verus function cannot access `self.map`; calling `BTreeSet::clear` would circularly invoke the target contract, and any bridge axiom would restate it."
std_specs__btree.rs__L935__BTreeSet__Key__A__iter,alloc::collections::BTreeSet::iter,"BTreeSet::<Key, A>::iter",unverified,blocked,no_passing_artifact,,,no_passing_artifact,,False,,,,`BTreeSet::map` and `btree_set::Iter::iter` are private. No public non-circular API exposes the backing BTreeMap or constructs this iterator; a bridge axiom would restate the target contract.
std_specs__capacity.rs__L37__Vec__T__A__capacity,alloc::vec::Vec::capacity,"Vec::<T, A>::capacity",unverified,blocked,no_passing_artifact,,,no_passing_artifact,,False,,,,Downstream code cannot copy this body. The only public equivalent is the forbidden target call; any representation bridge would restate its contract.
std_specs__capacity.rs__L42__Vec__T__A__reserve_exact,alloc::vec::Vec::reserve_exact,"Vec::<T, A>::reserve_exact",unverified,proved,local_surrogate,alternate_implementation,not_admissible_under_strict_policy,known_mismatch_or_inadmissible,,False,B,,,Private backing-storage calls are replaced with public reserve/shrink APIs or backing-Vec adapters.
std_specs__capacity.rs__L51__Vec__T__A__try_reserve_exact,alloc::vec::Vec::try_reserve_exact,"Vec::<T, A>::try_reserve_exact",unverified,blocked,no_passing_artifact,,,no_passing_artifact,,False,,,,"Any accessible replacement would either call the forbidden target or require an axiom asserting the target's preservation, success, and capacity guarantees."
std_specs__capacity.rs__L60__Vec__T__A__shrink_to_fit,alloc::vec::Vec::shrink_to_fit,"Vec::<T, A>::shrink_to_fit",unverified,proved,local_surrogate,alternate_implementation,not_admissible_under_strict_policy,known_mismatch_or_inadmissible,,False,C,,,Private backing-storage calls are replaced with public reserve/shrink APIs or backing-Vec adapters.
std_specs__capacity.rs__L67__Vec__T__A__shrink_to,alloc::vec::Vec::shrink_to,"Vec::<T, A>::shrink_to",unverified,blocked,no_passing_artifact,,,no_passing_artifact,,False,,,,Public shrink_to_fit is not source-equivalent when min_capacity exceeds len; any sufficient representation axiom would restate the target contract.
std_specs__capacity.rs__L77__String__capacity,alloc::string::String::capacity,String::capacity,unverified,blocked,no_passing_artifact,,,no_passing_artifact,,False,,,,No vstd representation bridge relates String capacity to its inner Vec; adding one would restate the target contract as an axiom.
std_specs__capacity.rs__L82__String__with_capacity,alloc::string::String::with_capacity,String::with_capacity,unverified,preproved,local_surrogate,alternate_implementation,not_admissible_under_strict_policy,known_mismatch_or_inadmissible,capacity_composed.rs,True,B,,,"Source constructs String { vec: Vec::with_capacity(capacity) }; surrogate uses String::new() followed by reserve_exact(capacity), an alternate public-method algorithm."
std_specs__capacity.rs__L88__String__reserve,alloc::string::String::reserve,String::reserve,unverified,blocked,no_passing_artifact,,,no_passing_artifact,,False,,,,"No vstd bridge exposes String's inner Vec, and Vec::reserve lacks the required capacity postcondition. Any sufficient axiom would effectively restate the target contract."
std_specs__capacity.rs__L94__String__reserve_exact,alloc::string::String::reserve_exact,String::reserve_exact,unverified,proved,local_surrogate,alternate_implementation,not_admissible_under_strict_policy,known_mismatch_or_inadmissible,,False,B,,,Private backing-storage calls are replaced with public reserve/shrink APIs or backing-Vec adapters.
std_specs__capacity.rs__L100__String__try_reserve,alloc::string::String::try_reserve,String::try_reserve,unverified,blocked,no_passing_artifact,,,no_passing_artifact,,False,,,,Proving the postcondition would require both a private String-to-Vec representation bridge and a stronger Vec::try_reserve semantic axiom; the latter is not a representation fact and would effectively supply the missing contract.
std_specs__capacity.rs__L107__String__try_reserve_exact,alloc::string::String::try_reserve_exact,String::try_reserve_exact,verified,proved,local_surrogate,alternate_implementation,not_admissible_under_strict_policy,known_mismatch_or_inadmissible,,False,C,,,Private backing-storage calls are replaced with public reserve/shrink APIs or backing-Vec adapters.
std_specs__capacity.rs__L114__String__shrink_to_fit,alloc::string::String::shrink_to_fit,String::shrink_to_fit,unverified,proved,local_surrogate,alternate_implementation,not_admissible_under_strict_policy,known_mismatch_or_inadmissible,,False,B,,,Private backing-storage calls are replaced with public reserve/shrink APIs or backing-Vec adapters.
std_specs__capacity.rs__L121__String__shrink_to,alloc::string::String::shrink_to,String::shrink_to,verified,proved,local_surrogate,alternate_implementation,not_admissible_under_strict_policy,known_mismatch_or_inadmissible,,False,C,,,Private backing-storage calls are replaced with public reserve/shrink APIs or backing-Vec adapters.
std_specs__capacity.rs__L128__VecDeque__T__A__capacity,alloc::collections::VecDeque::capacity,"VecDeque::<T, A>::capacity",unverified,blocked,no_passing_artifact,,,no_passing_artifact,,False,,,,Downstream Verus cannot copy this body. The only public equivalent is the forbidden target call; any representation bridge would restate the target contract.
std_specs__capacity.rs__L135__VecDeque__T__A__try_reserve,alloc::collections::VecDeque::try_reserve,"VecDeque::<T, A>::try_reserve",unverified,blocked,no_passing_artifact,,,no_passing_artifact,,False,,,,"The source accesses private fields `len` and `buf`, private `handle_capacity_increase`, and private `TryReserveErrorKind`. Available public vstd contracts do not connect reserve operations to VecDeque capacity; any sufficient axiom would restate the target contract."
std_specs__capacity.rs__L144__VecDeque__T__A__shrink_to_fit,alloc::collections::VecDeque::shrink_to_fit,"VecDeque::<T, A>::shrink_to_fit",verified,proved,local_surrogate,exact_body,ordinary_acyclic,strict_faithful_admissible,,False,B,,,"Executable operations/control flow match the Rust source; differences are receiver/local renaming, qualification, or Verus-only annotations and ghost code."
std_specs__capacity.rs__L151__VecDeque__T__A__shrink_to,alloc::collections::VecDeque::shrink_to,"VecDeque::<T, A>::shrink_to",unverified,blocked,no_passing_artifact,,,no_passing_artifact,,False,,,,Any bridge sufficient to prove view preservation and capacity bounds would effectively restate the target contract as an axiom.
std_specs__capacity.rs__L161__BinaryHeap__T__A__capacity,alloc::collections::BinaryHeap::capacity,"BinaryHeap::<T, A>::capacity",unverified,blocked,no_passing_artifact,,,no_passing_artifact,,False,,,,Downstream Verus cannot access data. Any bridge to Vec::capacity would restate the target contract as an axiom.
std_specs__capacity.rs__L168__BinaryHeap__T__with_capacity,alloc::collections::BinaryHeap::with_capacity,BinaryHeap::<T>::with_capacity,unverified,preproved,local_surrogate,alternate_implementation,not_admissible_under_strict_policy,known_mismatch_or_inadmissible,capacity_composed.rs,True,B,,,Source constructs BinaryHeap { data: Vec::with_capacity(capacity) }; surrogate uses BinaryHeap::new() followed by reserve_exact(capacity).
std_specs__capacity.rs__L175__BinaryHeap__T__A__reserve,alloc::collections::BinaryHeap::reserve,"BinaryHeap::<T, A>::reserve",unverified,proved,local_surrogate,alternate_implementation,not_admissible_under_strict_policy,known_mismatch_or_inadmissible,,False,B,,,Private backing-storage calls are replaced with public reserve/shrink APIs or backing-Vec adapters.
std_specs__capacity.rs__L184__BinaryHeap__T__A__reserve_exact,alloc::collections::BinaryHeap::reserve_exact,"BinaryHeap::<T, A>::reserve_exact",unverified,proved,local_surrogate,alternate_implementation,not_admissible_under_strict_policy,known_mismatch_or_inadmissible,,False,B,,,Private backing-storage calls are replaced with public reserve/shrink APIs or backing-Vec adapters.
std_specs__capacity.rs__L193__BinaryHeap__T__A__try_reserve,alloc::collections::BinaryHeap::try_reserve,"BinaryHeap::<T, A>::try_reserve",unverified,blocked,no_passing_artifact,,,no_passing_artifact,,False,,,,Any axiom connecting the private `data` Vec to BinaryHeap's view and `spec_capacity` would effectively restate the target contract.
std_specs__capacity.rs__L202__BinaryHeap__T__A__try_reserve_exact,alloc::collections::BinaryHeap::try_reserve_exact,"BinaryHeap::<T, A>::try_reserve_exact",unverified,blocked,no_passing_artifact,,,no_passing_artifact,,False,,,,Any bridge relating the private `data` Vec to BinaryHeap's view and capacity would effectively restate the target contract as an axiom.
std_specs__capacity.rs__L211__BinaryHeap__T__A__shrink_to_fit,alloc::collections::BinaryHeap::shrink_to_fit,"BinaryHeap::<T, A>::shrink_to_fit",unverified,proved,local_surrogate,alternate_implementation,not_admissible_under_strict_policy,known_mismatch_or_inadmissible,,False,B,,,Private backing-storage calls are replaced with public reserve/shrink APIs or backing-Vec adapters.
std_specs__capacity.rs__L220__BinaryHeap__T__A__shrink_to,alloc::collections::BinaryHeap::shrink_to,"BinaryHeap::<T, A>::shrink_to",unverified,blocked,no_passing_artifact,,,no_passing_artifact,,False,,,,No source-faithful public desugaring handles len < min_capacity < capacity; any sufficient representation axiom would effectively restate the target contract.
std_specs__clone.rs__L26__bool__as__Clone__clone,core::clone::Clone::clone,<bool as Clone>::clone,verified,proved,local_surrogate,mechanical_desugaring,ordinary_acyclic,strict_faithful_admissible,,False,A,/home/chentianyu/nanvix-rust-std-spec-survey/rust/library/core/src/clone.rs,708-733,impl_clone! is invoked for this primitive and mechanically expands Clone::clone to `*self`. The source_* body is exactly that expansion after receiver renaming and uses no axiom or peer target.
std_specs__clone.rs__L31__char__as__Clone__clone,core::clone::Clone::clone,<char as Clone>::clone,verified,proved,local_surrogate,mechanical_desugaring,ordinary_acyclic,strict_faithful_admissible,,False,A,/home/chentianyu/nanvix-rust-std-spec-survey/rust/library/core/src/clone.rs,708-733,impl_clone! is invoked for this primitive and mechanically expands Clone::clone to `*self`. The source_* body is exactly that expansion after receiver renaming and uses no axiom or peer target.
std_specs__clone.rs__L37__b__T__as__Clone__clone,core::clone::Clone::clone,<&'b T as Clone>::clone,verified,proved,local_surrogate,mechanical_desugaring,ordinary_acyclic,strict_faithful_admissible,,False,A,/home/chentianyu/nanvix-rust-std-spec-survey/rust/library/core/src/clone.rs,780-785,"The shared-reference Clone body is `*self`. Returning the double-reference argument directly relies only on Rust deref coercion to the declared `&T` return type, a mechanical syntax coercion; the proof is axiom-free and acyclic."
std_specs__clone.rs__L44__T__N__as__Clone__clone,core::clone::Clone::clone,<[T; N] as Clone>::clone,unverified,proved,local_surrogate,alternate_implementation,ordinary_acyclic,known_mismatch_or_inadmissible,,False,B,/home/chentianyu/nanvix-rust-std-spec-survey/rust/library/core/src/array/mod.rs,447-488,"Array Clone calls SpecArrayClone::clone; the default specialization advances a raw pointer inside from_fn, while TrivialClone specializes to ptr::read. The proof always uses index-based array::from_fn and omits specialization, so it is an equivalent alternate implementation rather than the actual body. Its external from_fn contract is an ordinary acyclic dependency, not an axiom for array Clone itself."
std_specs__clone.rs__L61__Tracked__T__as__Clone__clone,core::clone::Clone::clone,<Tracked<T> as Clone>::clone,verified,proved,local_surrogate,source_unavailable,wrong_or_missing_target,known_mismatch_or_inadmissible,,False,A,,,"Exhaustive identifier/impl searches under rust/library found no Tracked type or Clone impl; Rust 1.96 core has no such target. The only matching implementation is Verus-specific builtin code outside the mandated Rust tree, so no Rust 1.96 source body can be resolved and the proof targets a non-std/missing Rust API."
std_specs__clone.rs__L68__Ghost__T__as__Clone__clone,core::clone::Clone::clone,<Ghost<T> as Clone>::clone,verified,proved,local_surrogate,source_unavailable,wrong_or_missing_target,known_mismatch_or_inadmissible,,False,A,,,"Exhaustive identifier/impl searches under rust/library found no Ghost type or Clone impl; Rust 1.96 core has no such target. The only matching implementation is Verus-specific builtin code outside the mandated Rust tree, so no Rust 1.96 source body can be resolved and the proof targets a non-std/missing Rust API."
std_specs__cmp.rs__L250__bool__as__PartialEq__bool__eq,core::cmp::PartialEq::eq,<bool as PartialEq<bool>>::eq,verified,proved,local_surrogate,mechanical_desugaring,ordinary_acyclic,strict_faithful_admissible,,False,A,/home/chentianyu/nanvix-rust-std-spec-survey/rust/library/core/src/cmp.rs,1872-1900,"partial_eq_impl! is invoked for bool and expands eq to `*self == *other`. The source_* body is exactly that macro expansion after receiver renaming, with no target axiom or cyclic call."
std_specs__cmp.rs__L252__bool__as__PartialEq__bool__ne,core::cmp::PartialEq::ne,<bool as PartialEq<bool>>::ne,unverified,proved,local_surrogate,exact_body,ordinary_acyclic,strict_faithful_admissible,,False,B,,,"Executable operations/control flow match the Rust source; differences are receiver/local renaming, qualification, or Verus-only annotations and ghost code."
std_specs__cmp.rs__L279__f32__as__PartialEq__f32__eq,core::cmp::PartialEq::eq,<f32 as PartialEq<f32>>::eq,unverified,proved,local_surrogate,alternate_implementation,target_equivalent_axiom,known_mismatch_or_inadmissible,,False,D,/home/chentianyu/nanvix-rust-std-spec-survey/rust/library/core/src/cmp.rs,1872-1900,"partial_eq_impl! expands f32::eq to the builtin expression `*self == *other`. The proof computes IEEE equality from to_bits, including NaN and signed-zero cases; this is an alternate algorithm, not syntax desugaring. Its axiom_f32_eq_ensures_ieee directly identifies that algorithm with the target eq_ensures contract."
std_specs__cmp.rs__L285__f32__as__PartialEq__f32__ne,core::cmp::PartialEq::ne,<f32 as PartialEq<f32>>::ne,unverified,proved,local_surrogate,circular_or_target_axiom,circular_or_target_axiom,known_mismatch_or_inadmissible,,False,D,,,A floating-point coherence axiom directly connects peer-call results to the target opaque relation.
std_specs__cmp.rs__L290__f32__as__PartialOrd__f32__partial_cmp,core::cmp::PartialOrd::partial_cmp,<f32 as PartialOrd<f32>>::partial_cmp,unverified,proved,local_surrogate,mechanical_desugaring,target_equivalent_axiom,known_mismatch_or_inadmissible,,False,D,/home/chentianyu/nanvix-rust-std-spec-survey/rust/library/core/src/cmp.rs,"1951-1969,1991","partial_ord_impl! expands f32::partial_cmp to a match on `(*self <= *other, *self >= *other)` with the same four results. The proof only hoists those two comparisons into let-bindings, a mechanical transformation. However, the f32_partial_cmp_contract_coherence axiom directly supplies the target partial_cmp_ensures contract."
std_specs__cmp.rs__L295__f32__as__PartialOrd__f32__lt,core::cmp::PartialOrd::lt,<f32 as PartialOrd<f32>>::lt,unverified,proved,local_surrogate,circular_or_target_axiom,circular_or_target_axiom,known_mismatch_or_inadmissible,,False,D,,,A floating-point coherence axiom directly connects peer-call results to the target opaque relation.
std_specs__cmp.rs__L300__f32__as__PartialOrd__f32__le,core::cmp::PartialOrd::le,<f32 as PartialOrd<f32>>::le,unverified,proved,local_surrogate,circular_or_target_axiom,circular_or_target_axiom,known_mismatch_or_inadmissible,,False,D,,,A floating-point coherence axiom directly connects peer-call results to the target opaque relation.
std_specs__cmp.rs__L305__f32__as__PartialOrd__f32__gt,core::cmp::PartialOrd::gt,<f32 as PartialOrd<f32>>::gt,unverified,proved,local_surrogate,circular_or_target_axiom,circular_or_target_axiom,known_mismatch_or_inadmissible,,False,D,,,A floating-point coherence axiom directly connects peer-call results to the target opaque relation.
std_specs__cmp.rs__L310__f32__as__PartialOrd__f32__ge,core::cmp::PartialOrd::ge,<f32 as PartialOrd<f32>>::ge,unverified,proved,local_surrogate,circular_or_target_axiom,circular_or_target_axiom,known_mismatch_or_inadmissible,,False,D,,,A floating-point coherence axiom directly connects peer-call results to the target opaque relation.
std_specs__cmp.rs__L316__f64__as__PartialEq__f64__eq,core::cmp::PartialEq::eq,<f64 as PartialEq<f64>>::eq,unverified,proved,local_surrogate,alternate_implementation,target_equivalent_axiom,known_mismatch_or_inadmissible,,False,D,/home/chentianyu/nanvix-rust-std-spec-survey/rust/library/core/src/cmp.rs,1872-1900,"partial_eq_impl! expands f64::eq to the builtin expression `*self == *other`. The proof computes IEEE equality from to_bits, including NaN and signed-zero cases; this is an alternate algorithm, not syntax desugaring. Its axiom_f64_eq_ensures_ieee directly identifies that algorithm with the target eq_ensures contract."
std_specs__cmp.rs__L322__f64__as__PartialEq__f64__ne,core::cmp::PartialEq::ne,<f64 as PartialEq<f64>>::ne,unverified,proved,local_surrogate,circular_or_target_axiom,circular_or_target_axiom,known_mismatch_or_inadmissible,,False,D,,,A floating-point coherence axiom directly connects peer-call results to the target opaque relation.
std_specs__cmp.rs__L327__f64__as__PartialOrd__f64__partial_cmp,core::cmp::PartialOrd::partial_cmp,<f64 as PartialOrd<f64>>::partial_cmp,unverified,proved,local_surrogate,mechanical_desugaring,target_equivalent_axiom,known_mismatch_or_inadmissible,,False,D,/home/chentianyu/nanvix-rust-std-spec-survey/rust/library/core/src/cmp.rs,"1951-1969,1991","partial_ord_impl! expands f64::partial_cmp to a match on `(*self <= *other, *self >= *other)` with the same four results. The proof only hoists those two comparisons into let-bindings, a mechanical transformation. However, the f64_partial_cmp_contract_coherence axiom directly supplies the target partial_cmp_ensures contract."
std_specs__cmp.rs__L332__f64__as__PartialOrd__f64__lt,core::cmp::PartialOrd::lt,<f64 as PartialOrd<f64>>::lt,unverified,proved,local_surrogate,circular_or_target_axiom,circular_or_target_axiom,known_mismatch_or_inadmissible,,False,D,,,A floating-point coherence axiom directly connects peer-call results to the target opaque relation.
std_specs__cmp.rs__L337__f64__as__PartialOrd__f64__le,core::cmp::PartialOrd::le,<f64 as PartialOrd<f64>>::le,unverified,proved,local_surrogate,circular_or_target_axiom,circular_or_target_axiom,known_mismatch_or_inadmissible,,False,D,,,A floating-point coherence axiom directly connects peer-call results to the target opaque relation.
std_specs__cmp.rs__L342__f64__as__PartialOrd__f64__gt,core::cmp::PartialOrd::gt,<f64 as PartialOrd<f64>>::gt,unverified,proved,local_surrogate,circular_or_target_axiom,circular_or_target_axiom,known_mismatch_or_inadmissible,,False,D,,,A floating-point coherence axiom directly connects peer-call results to the target opaque relation.
std_specs__cmp.rs__L347__f64__as__PartialOrd__f64__ge,core::cmp::PartialOrd::ge,<f64 as PartialOrd<f64>>::ge,unverified,proved,local_surrogate,circular_or_target_axiom,circular_or_target_axiom,known_mismatch_or_inadmissible,,False,D,,,A floating-point coherence axiom directly connects peer-call results to the target opaque relation.
std_specs__cmp.rs__L367__a__A__as__PartialEq__B__eq,core::cmp::PartialEq::eq,<&'a A as PartialEq<&B>>::eq,verified,proved,local_surrogate,exact_body,ordinary_acyclic,strict_faithful_admissible,,False,B,/home/chentianyu/nanvix-rust-std-spec-survey/rust/library/core/src/cmp.rs,2117-2124,"The concrete reference PartialEq::eq body is `PartialEq::eq(*self, *other)`, exactly the executable source_* body after receiver/argument renaming. It calls only the underlying A::eq implementation and is acyclic."
std_specs__cmp.rs__L375__a__A__as__PartialEq__B__ne,core::cmp::PartialEq::ne,<&'a A as PartialEq<&B>>::ne,unverified,proved,local_surrogate,exact_body,ordinary_acyclic,strict_faithful_admissible,,False,B,,,"Executable operations/control flow match the Rust source; differences are receiver/local renaming, qualification, or Verus-only annotations and ghost code."
std_specs__cmp.rs__L396__a__A__as__PartialOrd__B__partial_cmp,core::cmp::PartialOrd::partial_cmp,<&'a A as PartialOrd<&B>>::partial_cmp,verified,proved,local_surrogate,exact_body,ordinary_acyclic,strict_faithful_admissible,,False,B,/home/chentianyu/nanvix-rust-std-spec-survey/rust/library/core/src/cmp.rs,2132-2139,"The concrete reference PartialOrd::partial_cmp body is `PartialOrd::partial_cmp(*self, *other)`, exactly the source_* executable body after receiver renaming. The dependency is solely on the underlying A::partial_cmp and is acyclic."
std_specs__cmp.rs__L404__a__A__as__PartialOrd__B__lt,core::cmp::PartialOrd::lt,<&'a A as PartialOrd<&B>>::lt,unverified,proved,local_surrogate,mechanical_desugaring,ordinary_acyclic,strict_faithful_admissible,,False,B,,,is_some_and is mechanically expanded to an equivalent Option match with the same peer calls.
std_specs__cmp.rs__L412__a__A__as__PartialOrd__B__le,core::cmp::PartialOrd::le,<&'a A as PartialOrd<&B>>::le,unverified,proved,local_surrogate,mechanical_desugaring,ordinary_acyclic,strict_faithful_admissible,,False,B,,,is_some_and is mechanically expanded to an equivalent Option match with the same peer calls.
std_specs__cmp.rs__L420__a__A__as__PartialOrd__B__gt,core::cmp::PartialOrd::gt,<&'a A as PartialOrd<&B>>::gt,unverified,proved,local_surrogate,mechanical_desugaring,ordinary_acyclic,strict_faithful_admissible,,False,B,,,is_some_and is mechanically expanded to an equivalent Option match with the same peer calls.
std_specs__cmp.rs__L428__a__A__as__PartialOrd__B__ge,core::cmp::PartialOrd::ge,<&'a A as PartialOrd<&B>>::ge,unverified,proved,local_surrogate,mechanical_desugaring,ordinary_acyclic,strict_faithful_admissible,,False,B,,,is_some_and is mechanically expanded to an equivalent Option match with the same peer calls.
std_specs__cmp.rs__L446__a__A__as__Ord__cmp,core::cmp::Ord::cmp,<&'a A as Ord>::cmp,verified,proved,local_surrogate,exact_body,ordinary_acyclic,strict_faithful_admissible,,False,B,/home/chentianyu/nanvix-rust-std-spec-survey/rust/library/core/src/cmp.rs,2175-2182,"The concrete reference Ord::cmp body is `Ord::cmp(*self, *other)`, exactly the source_* executable body after receiver renaming. It is an ordinary one-way call to the underlying A::cmp."
std_specs__collections_extra.rs__L46__BinaryHeap__T__new,alloc::collections::BinaryHeap::new,BinaryHeap::<T>::new,unverified,proved,local_surrogate,alternate_implementation,not_admissible_under_strict_policy,known_mismatch_or_inadmissible,,False,B,,,Private collection fields/internal heap operations are replaced by public APIs or local algorithms.
std_specs__collections_extra.rs__L51__BinaryHeap__T__A__len,alloc::collections::BinaryHeap::len,"BinaryHeap::<T, A>::len",unverified,proved,local_surrogate,alternate_implementation,not_admissible_under_strict_policy,known_mismatch_or_inadmissible,,False,B,,,Private collection fields/internal heap operations are replaced by public APIs or local algorithms.
std_specs__collections_extra.rs__L58__BinaryHeap__T__A__is_empty,alloc::collections::BinaryHeap::is_empty,"BinaryHeap::<T, A>::is_empty",verified,preproved,local_surrogate,mechanical_desugaring,ordinary_acyclic,strict_faithful_admissible,collections.rs,True,B,,,Both bodies compute len() == 0; only self-to-argument conversion and proof contracts were added.
std_specs__collections_extra.rs__L65__BinaryHeap__T__A__clear,alloc::collections::BinaryHeap::clear,"BinaryHeap::<T, A>::clear",unverified,blocked,no_passing_artifact,,,no_passing_artifact,,False,,,,Drain has private representation and requires forbidden external_body modeling; copying drain deeper also requires private BinaryHeap fields. Any axiom would merely restate the target behavior.
std_specs__collections_extra.rs__L70__BinaryHeap__T__A__push,alloc::collections::BinaryHeap::push,"BinaryHeap::<T, A>::push",unverified,blocked,no_passing_artifact,,,no_passing_artifact,,False,,,,Downstream Verus cannot copy these private operations. Any bridge strong enough to prove the multiset update would effectively restate the target contract as an axiom.
std_specs__collections_extra.rs__L78__BinaryHeap__T__A__append,alloc::collections::BinaryHeap::append,"BinaryHeap::<T, A>::append",unverified,proved,local_surrogate,alternate_implementation,not_admissible_under_strict_policy,known_mismatch_or_inadmissible,,False,C,,,Private collection fields/internal heap operations are replaced by public APIs or local algorithms.
std_specs__collections_extra.rs__L87__BinaryHeap__T__A__pop,alloc::collections::BinaryHeap::pop,"BinaryHeap::<T, A>::pop",unverified,proved,local_surrogate,alternate_implementation,not_admissible_under_strict_policy,known_mismatch_or_inadmissible,,False,C,,,Private collection fields/internal heap operations are replaced by public APIs or local algorithms.
std_specs__collections_extra.rs__L103__BinaryHeap__T__A__peek,alloc::collections::BinaryHeap::peek,"BinaryHeap::<T, A>::peek",unverified,proved,local_surrogate,alternate_implementation,not_admissible_under_strict_policy,known_mismatch_or_inadmissible,,False,B,,,Private collection fields/internal heap operations are replaced by public APIs or local algorithms.
std_specs__collections_extra.rs__L111__BinaryHeap__T__A__as_slice,alloc::collections::BinaryHeap::as_slice,"BinaryHeap::<T, A>::as_slice",unverified,blocked,no_passing_artifact,,,no_passing_artifact,,False,,,,Downstream Verus cannot access self.data. Any bridge relating another public projection to heap@ would effectively restate the target contract as an axiom.
std_specs__collections_extra.rs__L118__BinaryHeap__T__A__into_vec,alloc::collections::BinaryHeap::into_vec,"BinaryHeap::<T, A>::into_vec",unverified,proved,local_surrogate,exact_body,ordinary_acyclic,strict_faithful_admissible,,False,B,,,"Executable operations/control flow match the Rust source; differences are receiver/local renaming, qualification, or Verus-only annotations and ghost code."
std_specs__collections_extra.rs__L125__BinaryHeap__T__A__into_sorted_vec,alloc::collections::BinaryHeap::into_sorted_vec,"BinaryHeap::<T, A>::into_sorted_vec",unverified,proved,local_surrogate,alternate_implementation,not_admissible_under_strict_policy,known_mismatch_or_inadmissible,,False,B,,,Private collection fields/internal heap operations are replaced by public APIs or local algorithms.
std_specs__collections_extra.rs__L132__LinkedList__T__new,alloc::collections::LinkedList::new,LinkedList::<T>::new,unverified,proved,local_surrogate,alternate_implementation,not_admissible_under_strict_policy,known_mismatch_or_inadmissible,,False,B,,,Private collection fields/internal heap operations are replaced by public APIs or local algorithms.
std_specs__collections_extra.rs__L137__LinkedList__T__A__len,alloc::collections::LinkedList::len,"LinkedList::<T, A>::len",unverified,blocked,no_passing_artifact,,,no_passing_artifact,,False,,,,LinkedList::len cannot be copied outside alloc. The iterator alternative requires a forbidden external_body model; any direct view-length bridge would restate the target contract.
std_specs__collections_extra.rs__L144__LinkedList__T__A__is_empty,alloc::collections::LinkedList::is_empty,"LinkedList::<T, A>::is_empty",unverified,preproved,local_surrogate,alternate_implementation,not_admissible_under_strict_policy,known_mismatch_or_inadmissible,collections.rs,True,B,,,Source tests the private field self.head.is_none(); surrogate replaces it with list.len() == 0.
std_specs__collections_extra.rs__L151__LinkedList__T__A__contains,alloc::collections::LinkedList::contains,"LinkedList::<T, A>::contains",unverified,blocked,no_passing_artifact,,,no_passing_artifact,,False,,,,"vstd exposes no LinkedList iterator/view bridge, and downstream Verus cannot establish one through the private node representation. Adding the needed assumption would hide the central obligation."
std_specs__collections_extra.rs__L161__LinkedList__T__A__clear,alloc::collections::LinkedList::clear,"LinkedList::<T, A>::clear",unverified,blocked,no_passing_artifact,,,no_passing_artifact,,False,,,,"A faithful proof requires private head, tail, len, allocator, and node representation. Public pop operations change control flow and panic behavior; a sufficient representation bridge would merely restate the target contract."
std_specs__collections_extra.rs__L166__LinkedList__T__A__push_front,alloc::collections::LinkedList::push_front,"LinkedList::<T, A>::push_front",verified,proved,local_surrogate,exact_body,ordinary_acyclic,strict_faithful_admissible,,False,B,,,"Executable operations/control flow match the Rust source; differences are receiver/local renaming, qualification, or Verus-only annotations and ghost code."
std_specs__collections_extra.rs__L174__LinkedList__T__A__push_back,alloc::collections::LinkedList::push_back,"LinkedList::<T, A>::push_back",verified,proved,local_surrogate,exact_body,ordinary_acyclic,strict_faithful_admissible,,False,B,,,"Executable operations/control flow match the Rust source; differences are receiver/local renaming, qualification, or Verus-only annotations and ghost code."
std_specs__collections_extra.rs__L182__LinkedList__T__A__pop_front,alloc::collections::LinkedList::pop_front,"LinkedList::<T, A>::pop_front",unverified,blocked,no_passing_artifact,,,no_passing_artifact,,False,,,,Any axiom exposing the helper’s view update and returned element would merely restate the target contract.
std_specs__collections_extra.rs__L191__LinkedList__T__A__pop_back,alloc::collections::LinkedList::pop_back,"LinkedList::<T, A>::pop_back",unverified,blocked,no_passing_artifact,,,no_passing_artifact,,False,,,,"Downstream Verus cannot access pop_back_node, Node::into_element, or the private list representation. Public substitutes change the source control flow; a sufficient axiom would merely restate the target contract."
std_specs__collections_extra.rs__L200__LinkedList__T__A__front,alloc::collections::LinkedList::front,"LinkedList::<T, A>::front",unverified,blocked,no_passing_artifact,,,no_passing_artifact,,False,,,,Replacing the private traversal with iter().next() changes the source implementation and lacks a vstd iterator/view bridge. Any sufficient representation axiom would merely restate the target contract.
std_specs__collections_extra.rs__L208__LinkedList__T__A__back,alloc::collections::LinkedList::back,"LinkedList::<T, A>::back",unverified,blocked,no_passing_artifact,,,no_passing_artifact,,False,,,,Replacing it with iter().next_back() changes the source implementation and lacks a vstd iterator/view bridge. Any sufficient representation axiom would merely restate the target contract.
std_specs__collections_extra.rs__L216__LinkedList__T__append,alloc::collections::LinkedList::append,LinkedList::<T>::append,unverified,blocked,no_passing_artifact,,,no_passing_artifact,,False,,,,A faithful proof requires the private node representation and its ownership/view invariant. Public pop/push substitutes change the implementation’s control flow and complexity; a sufficient representation axiom would effectively restate the target contract.
std_specs__collections_extra.rs__L225__LinkedList__T__A__split_off,alloc::collections::LinkedList::split_off,"LinkedList::<T, A>::split_off",unverified,blocked,no_passing_artifact,,,no_passing_artifact,,False,,,,"Downstream code cannot access self.alloc, IterMut::head/tail, or split_off_after_node. Modeling these with an axiom would restate the target contract."
std_specs__control_flow.rs__L18__Result__T__E__branch,core::fmt::Result::branch,"Result::<T, E>::branch",verified,preproved,local_surrogate,mechanical_desugaring,ordinary_acyclic,strict_faithful_admissible,pure_control_flow.rs,True,A,,,"After resolving the rust-1.96 Result Try impl, source and surrogate have the identical Ok/Err match body."
std_specs__control_flow.rs__L30__Option__T__branch,core::option::Option::branch,Option::<T>::branch,verified,preproved,local_surrogate,mechanical_desugaring,ordinary_acyclic,strict_faithful_admissible,pure_control_flow.rs,True,A,,,"After resolving the rust-1.96 Option Try impl, source and surrogate have the identical Some/None match body."
std_specs__control_flow.rs__L42__Option__T__from_residual,core::option::Option::from_residual,Option::<T>::from_residual,verified,preproved,local_surrogate,mechanical_desugaring,ordinary_acyclic,strict_faithful_admissible,residual.rs,True,C,,,Reachable source behavior is the same None => None arm; surrogate only adds a verifier-required impossible Some(Infallible) proof arm.
std_specs__control_flow.rs__L50__ControlFlow__B__C__is_break,core::ops::ControlFlow::is_break,"ControlFlow::<B, C>::is_break",verified,preproved,local_surrogate,mechanical_desugaring,ordinary_acyclic,strict_faithful_admissible,pure_control_flow.rs,True,A,,,Surrogate directly expands matches! into Break => true and Continue => false.
std_specs__control_flow.rs__L57__ControlFlow__B__C__is_continue,core::ops::ControlFlow::is_continue,"ControlFlow::<B, C>::is_continue",verified,preproved,local_surrogate,mechanical_desugaring,ordinary_acyclic,strict_faithful_admissible,pure_control_flow.rs,True,A,,,Surrogate directly expands matches! into Continue => true and Break => false.
std_specs__control_flow.rs__L64__ControlFlow__B__C__break_value,core::ops::ControlFlow::break_value,"ControlFlow::<B, C>::break_value",verified,preproved,local_surrogate,mechanical_desugaring,ordinary_acyclic,strict_faithful_admissible,pure_control_flow.rs,True,A,,,Executable match arms are identical apart from self-to-argument naming.
std_specs__control_flow.rs__L74__ControlFlow__B__C__continue_value,core::ops::ControlFlow::continue_value,"ControlFlow::<B, C>::continue_value",verified,preproved,local_surrogate,mechanical_desugaring,ordinary_acyclic,strict_faithful_admissible,pure_control_flow.rs,True,A,,,Executable match arms are identical apart from self-to-argument naming.
std_specs__control_flow.rs__L84__ControlFlow__B__C__break_ok,core::ops::ControlFlow::break_ok,"ControlFlow::<B, C>::break_ok",verified,preproved,local_surrogate,mechanical_desugaring,ordinary_acyclic,strict_faithful_admissible,pure_control_flow.rs,True,A,,,Executable match arms are identical apart from self-to-argument naming.
std_specs__control_flow.rs__L94__ControlFlow__B__C__continue_ok,core::ops::ControlFlow::continue_ok,"ControlFlow::<B, C>::continue_ok",verified,preproved,local_surrogate,mechanical_desugaring,ordinary_acyclic,strict_faithful_admissible,pure_control_flow.rs,True,A,,,Executable match arms are identical apart from self-to-argument naming.
std_specs__control_flow.rs__L113__Result__T__F__from_residual,core::fmt::Result::from_residual,"Result::<T, F>::from_residual",verified,preproved,local_surrogate,mechanical_desugaring,ordinary_acyclic,strict_faithful_admissible,residual.rs,True,C,,,Reachable source behavior is the same Err(e) => Err(From::from(e)); surrogate only adds an impossible Ok(Infallible) proof/loop arm.
std_specs__convert.rs__L48__T__as__Into__U__into,core::convert::Into::into,<T as Into<U>>::into,verified,proved,local_surrogate,exact_body,ordinary_acyclic,strict_faithful_admissible,,False,B,/home/chentianyu/nanvix-rust-std-spec-survey/rust/library/core/src/convert/mod.rs,769-782,The concrete blanket Into impl body is U::from(self); the surrogate is identical after receiver-to-argument renaming and proves the called From contract without a cycle or axiom.
std_specs__convert.rs__L101__T__as__TryInto__U__try_into,core::convert::TryInto::try_into,<T as TryInto<U>>::try_into,verified,proved,local_surrogate,exact_body,ordinary_acyclic,strict_faithful_admissible,,False,B,/home/chentianyu/nanvix-rust-std-spec-survey/rust/library/core/src/convert/mod.rs,813-823,The concrete blanket TryInto impl body is U::try_from(self); the surrogate is identical after receiver-to-argument renaming and uses only the called TryFrom contract.
std_specs__convert.rs__L109__T__as__TryFrom__U__try_from,core::convert::TryFrom::try_from,<T as TryFrom<U>>::try_from,unverified,proved,target_mapping_failure,ambiguous_mapping,ambiguous_mapping,known_mismatch_or_inadmissible,,True,B,,,The shared proof defines only source_try_into and contains no local function implementing the TryFrom target.
std_specs__core.rs__L132__core__mem__swap__T,core::mem::swap,core::mem::swap::<T>,unverified,proved,local_surrogate,alternate_implementation,not_admissible_under_strict_policy,known_mismatch_or_inadmissible,,False,C,,,The source intrinsic/internal helper is replaced by a local surrogate implementation.
std_specs__core.rs__L165__core__intrinsics__likely,core::intrinsics::likely,core::intrinsics::likely,verified,proved,local_surrogate,exact_body,ordinary_acyclic,strict_faithful_admissible,,False,A,/home/chentianyu/nanvix-rust-std-spec-survey/rust/library/core/src/intrinsics/mod.rs,435-442,The surrogate reproduces the exact if/else body and the exact empty cold_path body (419); only Verus contracts/attributes are added. No target axiom or cycle is used.
std_specs__core.rs__L170__core__intrinsics__unlikely,core::intrinsics::unlikely,core::intrinsics::unlikely,verified,proved,local_surrogate,alternate_implementation,not_admissible_under_strict_policy,known_mismatch_or_inadmissible,,False,A,,,The source intrinsic/internal helper is replaced by a local surrogate implementation.
std_specs__core.rs__L175__bool__then,core::bool::then,bool::then,unverified,blocked,no_passing_artifact,,,no_passing_artifact,,False,,,,The contract omits `requires b ==> f.requires(())`. Adding it would strengthen the supplied contract; axiomatizing it would hide the obligation.
std_specs__default.rs__L46__Option__T__as__core__default__Default__default,core::default::Default::default,<Option<T> as core::default::Default>::default,verified,proved,local_surrogate,exact_body,ordinary_acyclic,strict_faithful_admissible,,False,A,/home/chentianyu/nanvix-rust-std-spec-survey/rust/library/core/src/option.rs,2300-2314,"Option<T>::default has the concrete body `None`. The source_* executable body is `None`; its extra proof assertion is proof-only, so fidelity is exact and the proof is acyclic."
std_specs__default.rs__L51__a__str__as__core__default__Default__default,core::default::Default::default,<&'a str as core::default::Default>::default,verified,proved,local_surrogate,exact_body,ordinary_acyclic,strict_faithful_admissible,,False,A,/home/chentianyu/nanvix-rust-std-spec-survey/rust/library/core/src/str/mod.rs,3236-3244,"Default for &str has the concrete body `""""`, exactly matching the source_* executable body. No axiom or peer target is used."
std_specs__default.rs__L56__core__marker__PhantomData__T__as__core__default__Default__default,core::default::Default::default,"<core::marker::PhantomData<
    T,
> as core::default::Default>::default",verified,proved,local_surrogate,mechanical_desugaring,ordinary_acyclic,strict_faithful_admissible,,False,A,/home/chentianyu/nanvix-rust-std-spec-survey/rust/library/core/src/marker.rs,857-863,"PhantomData<T>::default returns `Self`. The proof returns the explicitly spelled `PhantomData::<T>`, which is the mechanical expansion of Self in this impl; it is axiom-free and acyclic."
std_specs__default.rs__L63__U__T__as__core__default__Default__default,core::default::Default::default,"<(
    U,
    T,
) as core::default::Default>::default",verified,proved,local_surrogate,mechanical_desugaring,ordinary_acyclic,strict_faithful_admissible,,False,B,/home/chentianyu/nanvix-rust-std-spec-survey/rust/library/core/src/tuple.rs,"12-20,120-130,238","tuple_impls! recursively generates the tuple Default impl with body `($({ let x: T = Default::default(); x },)+)`. The two- or three-element source_* body is exactly that macro expansion, preserving element order and calls, with only proof contracts added and no cycle."
std_specs__default.rs__L72__V__U__T__as__core__default__Default__default,core::default::Default::default,"<(V, U, T) as core::default::Default>::default",verified,proved,local_surrogate,mechanical_desugaring,ordinary_acyclic,strict_faithful_admissible,,False,B,/home/chentianyu/nanvix-rust-std-spec-survey/rust/library/core/src/tuple.rs,"12-20,120-130,238","tuple_impls! recursively generates the tuple Default impl with body `($({ let x: T = Default::default(); x },)+)`. The two- or three-element source_* body is exactly that macro expansion, preserving element order and calls, with only proof contracts added and no cycle."
std_specs__default.rs__L76__V__U__T__as__core__default__Default__default,core::default::Default::default,"<(V, U, T) as core::default::Default>::default",verified,proved,local_surrogate,mechanical_desugaring,ordinary_acyclic,strict_faithful_admissible,,False,B,/home/chentianyu/nanvix-rust-std-spec-survey/rust/library/core/src/tuple.rs,"12-20,120-130,238","tuple_impls! recursively generates the tuple Default impl with body `($({ let x: T = Default::default(); x },)+)`. The two- or three-element source_* body is exactly that macro expansion, preserving element order and calls, with only proof contracts added and no cycle."
std_specs__duration.rs__L152__Duration__new,core::time::Duration::new,Duration::new,unverified,proved,local_surrogate,alternate_implementation,not_admissible_under_strict_policy,known_mismatch_or_inadmissible,,False,B,,,"Private Duration fields or constructors are replaced by public getters, arithmetic, or alternate constructors."
std_specs__duration.rs__L159__Duration__from_secs,core::time::Duration::from_secs,Duration::from_secs,unverified,preproved,local_surrogate,alternate_implementation,not_admissible_under_strict_policy,known_mismatch_or_inadmissible,duration_integer.rs,True,C,,,"Source directly constructs private Duration fields; surrogate calls the public Duration::new(secs, 0)."
std_specs__duration.rs__L164__Duration__from_millis,core::time::Duration::from_millis,Duration::from_millis,unverified,preproved,local_surrogate,alternate_implementation,not_admissible_under_strict_policy,known_mismatch_or_inadmissible,duration_integer.rs,True,C,,,Source constructs Nanoseconds with new_unchecked and a private-field literal; surrogate replaces representation operations with Duration::new.
std_specs__duration.rs__L169__Duration__from_micros,core::time::Duration::from_micros,Duration::from_micros,unverified,preproved,local_surrogate,alternate_implementation,not_admissible_under_strict_policy,known_mismatch_or_inadmissible,duration_integer.rs,True,C,,,Source constructs Nanoseconds with new_unchecked and a private-field literal; surrogate replaces representation operations with Duration::new.
std_specs__duration.rs__L174__Duration__from_nanos,core::time::Duration::from_nanos,Duration::from_nanos,unverified,preproved,local_surrogate,alternate_implementation,not_admissible_under_strict_policy,known_mismatch_or_inadmissible,duration_integer.rs,True,C,,,Source constructs Nanoseconds with new_unchecked and a private-field literal; surrogate replaces representation operations with Duration::new.
std_specs__duration.rs__L179__Duration__from_nanos_u128,core::time::Duration::from_nanos_u128,Duration::from_nanos_u128,unverified,preproved,local_surrogate,alternate_implementation,not_admissible_under_strict_policy,known_mismatch_or_inadmissible,duration_integer.rs,True,C,,,"Source performs checked u64 conversion with a panic branch and private-field construction; surrogate assumes the range, casts, and calls Duration::new."
std_specs__duration.rs__L186__Duration__from_hours,core::time::Duration::from_hours,Duration::from_hours,unverified,preproved,local_surrogate,mechanical_desugaring,ordinary_acyclic,strict_faithful_admissible,,False,C,/home/chentianyu/nanvix-rust-std-spec-survey/rust/library/core/src/time.rs,422-428,"The overflow test, panic branch, multiplication order, and Duration::from_secs call are preserved; panic! is mechanically represented by vpanic! plus a proof-only unreachable assertion. Duration::from_secs is a smaller acyclic std contract."
std_specs__duration.rs__L193__Duration__from_mins,core::time::Duration::from_mins,Duration::from_mins,unverified,preproved,local_surrogate,mechanical_desugaring,ordinary_acyclic,strict_faithful_admissible,,False,C,/home/chentianyu/nanvix-rust-std-spec-survey/rust/library/core/src/time.rs,450-456,"The overflow test, panic branch, multiplication, and Duration::from_secs call are preserved; panic! is mechanically represented by vpanic! plus a proof-only unreachable assertion. Duration::from_secs is a smaller acyclic std contract."
std_specs__duration.rs__L200__Duration__is_zero,core::time::Duration::is_zero,Duration::is_zero,unverified,preproved,local_surrogate,alternate_implementation,not_admissible_under_strict_policy,known_mismatch_or_inadmissible,duration_integer.rs,True,C,,,Source reads private secs and nanos fields; surrogate replaces them with as_secs() and subsec_nanos() calls.
std_specs__duration.rs__L205__Duration__as_secs,core::time::Duration::as_secs,Duration::as_secs,unverified,blocked,no_passing_artifact,,,no_passing_artifact,,False,,,,"A source_duration_as_secs(&Duration) -> u64 function cannot satisfy the supplied constructor contract. Additionally, Duration::secs is private, so copying the actual body downstream would require a prohibited target-restating representation axiom."
std_specs__duration.rs__L210__Duration__as_secs_f32,core::time::Duration::as_secs_f32,Duration::as_secs_f32,unverified,preproved,local_surrogate,circular_or_target_axiom,circular_or_target_axiom,known_mismatch_or_inadmissible,duration_float.rs,True,D,,,Surrogate replaces private-field arithmetic with public accessors and uses RFC cast/add/div axioms to establish target float semantics.
std_specs__duration.rs__L215__Duration__as_secs_f64,core::time::Duration::as_secs_f64,Duration::as_secs_f64,unverified,preproved,local_surrogate,circular_or_target_axiom,circular_or_target_axiom,known_mismatch_or_inadmissible,duration_float.rs,True,D,,,Surrogate replaces private-field arithmetic with public accessors and uses RFC cast/add/div axioms to establish target float semantics.
std_specs__duration.rs__L220__Duration__subsec_millis,core::time::Duration::subsec_millis,Duration::subsec_millis,unverified,proved,local_surrogate,alternate_implementation,not_admissible_under_strict_policy,known_mismatch_or_inadmissible,,False,B,,,"Private Duration fields or constructors are replaced by public getters, arithmetic, or alternate constructors."
std_specs__duration.rs__L225__Duration__subsec_micros,core::time::Duration::subsec_micros,Duration::subsec_micros,unverified,proved,local_surrogate,alternate_implementation,not_admissible_under_strict_policy,known_mismatch_or_inadmissible,,False,B,,,"Private Duration fields or constructors are replaced by public getters, arithmetic, or alternate constructors."
std_specs__duration.rs__L230__Duration__subsec_nanos,core::time::Duration::subsec_nanos,Duration::subsec_nanos,unverified,blocked,no_passing_artifact,,,no_passing_artifact,,False,,,,"The contract is false for the copied body: Duration::new(0, 1) returns 1 from subsec_nanos, while the supplied RHS is 1 / 1_000_000 = 0. The private nanos field also prevents a downstream source-faithful copy without a target-restating axiom."
std_specs__duration.rs__L235__Duration__as_millis,core::time::Duration::as_millis,Duration::as_millis,unverified,preproved,local_surrogate,alternate_implementation,not_admissible_under_strict_policy,known_mismatch_or_inadmissible,duration_integer.rs,True,C,,,Source performs arithmetic on private fields; surrogate replaces nanos-field arithmetic with subsec_millis().
std_specs__duration.rs__L240__Duration__as_micros,core::time::Duration::as_micros,Duration::as_micros,unverified,preproved,local_surrogate,alternate_implementation,not_admissible_under_strict_policy,known_mismatch_or_inadmissible,duration_integer.rs,True,C,,,Source performs arithmetic on private fields; surrogate replaces nanos-field arithmetic with subsec_micros().
std_specs__duration.rs__L245__Duration__as_nanos,core::time::Duration::as_nanos,Duration::as_nanos,unverified,preproved,local_surrogate,alternate_implementation,not_admissible_under_strict_policy,known_mismatch_or_inadmissible,duration_integer.rs,True,C,,,Source performs arithmetic on private fields; surrogate replaces field reads with as_secs() and subsec_nanos().
std_specs__duration.rs__L250__Duration__abs_diff,core::time::Duration::abs_diff,Duration::abs_diff,unverified,preproved,local_surrogate,exact_body,ordinary_acyclic,strict_faithful_admissible,,False,C,/home/chentianyu/nanvix-rust-std-spec-survey/rust/library/core/src/time.rs,650-652,The checked_sub/else/reverse-checked_sub/unwrap executable body is exact. Duration::checked_sub and Option::unwrap are smaller acyclic std contracts; there is no target cycle or target-equivalent axiom.
std_specs__duration.rs__L259__Duration__checked_add,core::time::Duration::checked_add,Duration::checked_add,unverified,preproved,local_surrogate,alternate_implementation,not_admissible_under_strict_policy,known_mismatch_or_inadmissible,duration_integer.rs,True,C,,,"Source adds seconds and nanoseconds component-wise with carry; surrogate converts to u128 total nanoseconds, adds, and reconstructs."
std_specs__duration.rs__L268__Duration__saturating_add,core::time::Duration::saturating_add,Duration::saturating_add,unverified,preproved,local_surrogate,alternate_implementation,not_admissible_under_strict_policy,known_mismatch_or_inadmissible,duration_integer.rs,True,C,,,Source calls self.checked_add and returns Duration::MAX on failure; surrogate calls a local alternate checked-add and explicitly reconstructs MAX.
std_specs__duration.rs__L278__Duration__checked_sub,core::time::Duration::checked_sub,Duration::checked_sub,unverified,preproved,local_surrogate,alternate_implementation,not_admissible_under_strict_policy,known_mismatch_or_inadmissible,duration_integer.rs,True,C,,,Source subtracts seconds and nanoseconds component-wise with borrow; surrogate compares and subtracts u128 total nanoseconds.
std_specs__duration.rs__L286__Duration__saturating_sub,core::time::Duration::saturating_sub,Duration::saturating_sub,unverified,preproved,local_surrogate,alternate_implementation,not_admissible_under_strict_policy,known_mismatch_or_inadmissible,duration_integer.rs,True,C,,,Source calls self.checked_sub and returns Duration::ZERO; surrogate calls a local alternate checked-sub and reconstructs zero.
std_specs__duration.rs__L296__Duration__checked_mul,core::time::Duration::checked_mul,Duration::checked_mul,unverified,preproved,local_surrogate,alternate_implementation,not_admissible_under_strict_policy,known_mismatch_or_inadmissible,duration_integer.rs,True,C,,,Source multiplies nanos and seconds separately and combines extra seconds; surrogate multiplies u128 total nanoseconds.
std_specs__duration.rs__L305__Duration__saturating_mul,core::time::Duration::saturating_mul,Duration::saturating_mul,unverified,preproved,local_surrogate,alternate_implementation,not_admissible_under_strict_policy,known_mismatch_or_inadmissible,duration_integer.rs,True,C,,,Source calls self.checked_mul and returns Duration::MAX; surrogate calls a local alternate checked-mul and reconstructs MAX.
std_specs__duration.rs__L314__Duration__checked_div,core::time::Duration::checked_div,Duration::checked_div,unverified,preproved,local_surrogate,alternate_implementation,not_admissible_under_strict_policy,known_mismatch_or_inadmissible,duration_integer.rs,True,C,,,Source divides components and distributes seconds/nanoseconds remainders; surrogate divides u128 total nanoseconds.
std_specs__duration.rs__L322__Duration__mul_f64,core::time::Duration::mul_f64,Duration::mul_f64,unverified,preproved,local_surrogate,circular_or_target_axiom,circular_or_target_axiom,known_mismatch_or_inadmissible,duration_float.rs,True,D,,,Surrogate replaces self.as_secs_f64() with a local surrogate and relies on an RFC multiplication axiom for target-equivalent arithmetic.
std_specs__duration.rs__L329__Duration__mul_f32,core::time::Duration::mul_f32,Duration::mul_f32,unverified,preproved,local_surrogate,circular_or_target_axiom,circular_or_target_axiom,known_mismatch_or_inadmissible,duration_float.rs,True,D,,,Surrogate replaces self.as_secs_f32() with a local surrogate and relies on an RFC multiplication axiom for target-equivalent arithmetic.
std_specs__duration.rs__L336__Duration__div_f64,core::time::Duration::div_f64,Duration::div_f64,unverified,preproved,local_surrogate,circular_or_target_axiom,circular_or_target_axiom,known_mismatch_or_inadmissible,duration_float.rs,True,D,,,Surrogate replaces self.as_secs_f64() with a local surrogate and relies on an RFC division axiom for target-equivalent arithmetic.
std_specs__duration.rs__L343__Duration__div_f32,core::time::Duration::div_f32,Duration::div_f32,unverified,preproved,local_surrogate,circular_or_target_axiom,circular_or_target_axiom,known_mismatch_or_inadmissible,duration_float.rs,True,D,,,Surrogate replaces self.as_secs_f32() with a local surrogate and relies on an RFC division axiom for target-equivalent arithmetic.
std_specs__duration.rs__L350__Duration__from_secs_f32,core::time::Duration::from_secs_f32,Duration::from_secs_f32,unverified,preproved,local_surrogate,mechanical_desugaring,ordinary_acyclic,strict_faithful_admissible,,False,B,/home/chentianyu/nanvix-rust-std-spec-survey/rust/library/core/src/time.rs,996-1001,The try_from_secs_f32 match and Err panic are preserved exactly; only the panic macro is mechanically adapted for Verus. Duration::try_from_secs_f32 is a smaller acyclic std contract.
std_specs__duration.rs__L357__Duration__from_secs_f64,core::time::Duration::from_secs_f64,Duration::from_secs_f64,unverified,preproved,local_surrogate,alternate_implementation,not_admissible_under_strict_policy,known_mismatch_or_inadmissible,duration_from_secs.rs,True,B,,,Source panics on Err; surrogate requires valid input and replaces the Err branch with assert(false) and a zero-duration return.
std_specs__duration.rs__L364__Duration__try_from_secs_f32,core::time::Duration::try_from_secs_f32,Duration::try_from_secs_f32,unverified,preproved,local_surrogate,circular_or_target_axiom,circular_or_target_axiom,known_mismatch_or_inadmissible,duration_try_from.rs,True,E,,,"Executable macro expansion is near-mechanical, but arithmetic_f32_source_model and comparison axioms directly supply correspondence to the target specification."
std_specs__duration.rs__L379__Duration__try_from_secs_f64,core::time::Duration::try_from_secs_f64,Duration::try_from_secs_f64,unverified,preproved,local_surrogate,circular_or_target_axiom,circular_or_target_axiom,known_mismatch_or_inadmissible,duration_try_from.rs,True,E,,,"Executable macro expansion is near-mechanical, but arithmetic_f64_source_model and comparison axioms directly supply correspondence to the target specification."
std_specs__duration.rs__L394__Duration__div_duration_f32,core::time::Duration::div_duration_f32,Duration::div_duration_f32,unverified,preproved,local_surrogate,circular_or_target_axiom,circular_or_target_axiom,known_mismatch_or_inadmissible,duration_float.rs,True,D,,,Source computes totals from private fields; surrogate uses accessor-based helper functions and ratio/IEEE axioms.
std_specs__duration.rs__L403__Duration__div_duration_f64,core::time::Duration::div_duration_f64,Duration::div_duration_f64,unverified,preproved,local_surrogate,circular_or_target_axiom,circular_or_target_axiom,known_mismatch_or_inadmissible,duration_float.rs,True,D,,,Source computes totals from private fields; surrogate uses accessor-based helper functions and ratio/IEEE axioms.
std_specs__ffi.rs__L159__CStr__count_bytes,core::ffi::CStr::count_bytes,CStr::count_bytes,unverified,preproved,local_surrogate,alternate_implementation,not_admissible_under_strict_policy,known_mismatch_or_inadmissible,ffi.rs,True,B,,,Source computes self.inner.len() - 1; surrogate replaces the private-field computation with value.to_bytes().len().
std_specs__ffi.rs__L164__CStr__is_empty,core::ffi::CStr::is_empty,CStr::is_empty,unverified,preproved,local_surrogate,alternate_implementation,not_admissible_under_strict_policy,known_mismatch_or_inadmissible,ffi.rs,True,B,,,Source performs an unsafe first-byte/terminator test on self.inner; surrogate calls value.to_bytes().is_empty().
std_specs__ffi.rs__L169__CStr__to_bytes,core::ffi::CStr::to_bytes,CStr::to_bytes,verified,proved,local_surrogate,alternate_implementation,not_admissible_under_strict_policy,known_mismatch_or_inadmissible,,False,B,,,"Raw-pointer, memchr, or private CString operations are replaced by local scans, slicing, or public conversions."
std_specs__ffi.rs__L174__CStr__to_bytes_with_nul,core::ffi::CStr::to_bytes_with_nul,CStr::to_bytes_with_nul,unverified,blocked,no_passing_artifact,,,no_passing_artifact,,False,,,,Any representation axiom relating the cast slice to value@.push(0) would merely restate the target contract.
std_specs__ffi.rs__L179__CStr__from_bytes_with_nul,core::ffi::CStr::from_bytes_with_nul,CStr::from_bytes_with_nul,unverified,proved,local_surrogate,alternate_implementation,not_admissible_under_strict_policy,known_mismatch_or_inadmissible,,False,C,,,"Raw-pointer, memchr, or private CString operations are replaced by local scans, slicing, or public conversions."
std_specs__ffi.rs__L189__CStr__from_bytes_until_nul,core::ffi::CStr::from_bytes_until_nul,CStr::from_bytes_until_nul,unverified,proved,local_surrogate,alternate_implementation,not_admissible_under_strict_policy,known_mismatch_or_inadmissible,,False,C,,,"Raw-pointer, memchr, or private CString operations are replaced by local scans, slicing, or public conversions."
std_specs__ffi.rs__L201__CStr__to_str,core::ffi::CStr::to_str,CStr::to_str,verified,proved,local_surrogate,exact_body,ordinary_acyclic,strict_faithful_admissible,,False,B,,,"Executable operations/control flow match the Rust source; differences are receiver/local renaming, qualification, or Verus-only annotations and ghost code."
std_specs__ffi.rs__L210__core__str__Utf8Error__valid_up_to,core::str::Utf8Error::valid_up_to,core::str::Utf8Error::valid_up_to,unverified,blocked,no_passing_artifact,,,no_passing_artifact,,False,,,,"No smaller public API exposes this field. Any bridge would restate the target contract or assume an unstable private layout, so a meaningful downstream source proof is impossible."
std_specs__ffi.rs__L217__core__str__Utf8Error__error_len,core::str::Utf8Error::error_len,core::str::Utf8Error::error_len,unverified,blocked,no_passing_artifact,,,no_passing_artifact,,False,,,,No smaller public API exposes the field. Any bridge would restate the target contract or assume unstable private layout.
std_specs__ffi.rs__L225__CString__as_bytes,alloc::ffi::CString::as_bytes,CString::as_bytes,unverified,preproved,local_surrogate,alternate_implementation,not_admissible_under_strict_policy,known_mismatch_or_inadmissible,ffi.rs,True,B,,,Source performs unchecked slicing of the private inner buffer; surrogate calls as_c_str().to_bytes().
std_specs__ffi.rs__L231__CString__as_bytes_with_nul,alloc::ffi::CString::as_bytes_with_nul,CString::as_bytes_with_nul,unverified,preproved,local_surrogate,alternate_implementation,not_admissible_under_strict_policy,known_mismatch_or_inadmissible,ffi.rs,True,B,,,Source directly borrows &self.inner; surrogate replaces it with as_c_str().to_bytes_with_nul().
std_specs__ffi.rs__L237__CString__as_c_str,alloc::ffi::CString::as_c_str,CString::as_c_str,unverified,proved,local_surrogate,exact_body,target_equivalent_axiom,known_mismatch_or_inadmissible,,False,C,,,"Executable operations/control flow match the Rust source; differences are receiver/local renaming, qualification, or Verus-only annotations and ghost code. The copied body is exact, but axiom_cstring_view_valid supplies an unsourced representation invariant needed for the target postcondition."
std_specs__ffi.rs__L243__CString__into_bytes,alloc::ffi::CString::into_bytes,CString::into_bytes,unverified,proved,local_surrogate,circular_or_target_axiom,circular_or_target_axiom,known_mismatch_or_inadmissible,,False,B,,,"The two CString conversions prove each other through peer contracts, forming a cycle."
std_specs__ffi.rs__L249__CString__into_bytes_with_nul,alloc::ffi::CString::into_bytes_with_nul,CString::into_bytes_with_nul,unverified,proved,local_surrogate,circular_or_target_axiom,circular_or_target_axiom,known_mismatch_or_inadmissible,,False,B,,,"The two CString conversions prove each other through peer contracts, forming a cycle."
std_specs__ffi.rs__L255__CString__into_boxed_c_str,alloc::ffi::CString::into_boxed_c_str,CString::into_boxed_c_str,unverified,proved,local_surrogate,circular_or_target_axiom,circular_or_target_axiom,known_mismatch_or_inadmissible,,False,C,,,Allocation-token and cast axioms directly establish the boxed CStr target semantics.
std_specs__ffi.rs__L261__CString__from_vec_with_nul,alloc::ffi::CString::from_vec_with_nul,CString::from_vec_with_nul,unverified,blocked,no_passing_artifact,,,no_passing_artifact,,False,,,,"No public non-circular constructor exists. Producing either Err branch requires calling the forbidden target or fabricating the private repr, neither yielding a meaningful source-faithful proof."
std_specs__ffi.rs__L272__CString__into_string,alloc::ffi::CString::into_string,CString::into_string,unverified,blocked,no_passing_artifact,,,no_passing_artifact,,False,,,,"IntoStringError has no public constructor; obtaining one requires the forbidden CString::into_string call or fabricating its private representation, so no meaningful source-faithful standalone proof is possible."
std_specs__ffi.rs__L282__FromUtf8Error__as_bytes,alloc::string::FromUtf8Error::as_bytes,FromUtf8Error::as_bytes,unverified,blocked,no_passing_artifact,,,no_passing_artifact,,False,,,,No non-circular public API exposes a borrowed byte slice. Any representation axiom connecting a substitute accessor to error@.bytes would restate the target contract.
std_specs__ffi.rs__L288__FromUtf8Error__into_bytes,alloc::string::FromUtf8Error::into_bytes,FromUtf8Error::into_bytes,unverified,blocked,no_passing_artifact,,,no_passing_artifact,,False,,,,"A faithful implementation requires private-field access. Any mirror, transmute, or representation axiom would fabricate private layout rather than prove the target."
std_specs__ffi.rs__L294__FromUtf8Error__utf8_error,alloc::string::FromUtf8Error::utf8_error,FromUtf8Error::utf8_error,unverified,blocked,no_passing_artifact,,,no_passing_artifact,,False,,,,"No smaller public API or vstd representation bridge exposes this field. Calling `utf8_error` is circular, and any sufficient axiom would merely restate the target contract."
std_specs__ffi.rs__L301__alloc__ffi__NulError__nul_position,alloc::ffi::NulError::nul_position,alloc::ffi::NulError::nul_position,unverified,blocked,no_passing_artifact,,,no_passing_artifact,,False,,,,"Downstream Verus cannot access alloc::ffi::NulError.0, and no smaller public API exposes it. A representation axiom would merely restate the target contract."
std_specs__ffi.rs__L309__alloc__ffi__NulError__into_vec,alloc::ffi::NulError::into_vec,alloc::ffi::NulError::into_vec,unverified,blocked,no_passing_artifact,,,no_passing_artifact,,False,,,,"Any mirror, transmute, or representation axiom would fabricate private layout and effectively restate the target contract."
std_specs__ffi.rs__L316__alloc__ffi__FromVecWithNulError__as_bytes,alloc::ffi::FromVecWithNulError::as_bytes,alloc::ffi::FromVecWithNulError::as_bytes,unverified,blocked,no_passing_artifact,,,no_passing_artifact,,False,,,,Downstream code cannot access `self.bytes`; the only public borrowed accessor is the forbidden target itself. Any bridging axiom would merely restate the target contract.
std_specs__ffi.rs__L324__alloc__ffi__FromVecWithNulError__into_bytes,alloc::ffi::FromVecWithNulError::into_bytes,alloc::ffi::FromVecWithNulError::into_bytes,unverified,blocked,no_passing_artifact,,,no_passing_artifact,,False,,,,"Any mirror, transmute, or representation axiom would fabricate private layout and effectively restate the target contract."
std_specs__ffi.rs__L332__alloc__ffi__IntoStringError__into_cstring,alloc::ffi::IntoStringError::into_cstring,alloc::ffi::IntoStringError::into_cstring,unverified,blocked,no_passing_artifact,,,no_passing_artifact,,False,,,,No smaller non-circular public API exposes `IntoStringError::inner`. Any layout bridge strong enough to prove the result view would merely restate the target contract.
std_specs__ffi.rs__L340__alloc__ffi__IntoStringError__utf8_error,alloc::ffi::IntoStringError::utf8_error,alloc::ffi::IntoStringError::utf8_error,unverified,blocked,no_passing_artifact,,,no_passing_artifact,,False,,,,No smaller non-circular public API exposes the stored error. Any sufficient representation axiom would restate the target contract.
std_specs__hash.rs__L72__DefaultHasher__new,std::collections::hash_map::DefaultHasher::new,DefaultHasher::new,unverified,blocked,no_passing_artifact,,,no_passing_artifact,,False,,,,"`DefaultHasher` has a private tuple field, and vstd exposes only an uninterpreted view with no representation bridge. A downstream Verus function cannot source-faithfully construct this value or prove its view is empty without a circular call or an axiom restating the target contract."
std_specs__hash.rs__L78__DefaultHasher__write,std::collections::hash_map::DefaultHasher::write,DefaultHasher::write,unverified,blocked,no_passing_artifact,,,no_passing_artifact,,False,,,,"`DefaultHasher`'s `SipHasher13` tuple field is private, and vstd exposes no lower-level relation between that hidden state change and `DefaultHasher`'s opaque view. Any bridge axiom would restate the target contract."
std_specs__hash.rs__L84__DefaultHasher__finish,std::collections::hash_map::DefaultHasher::finish,DefaultHasher::finish,unverified,blocked,no_passing_artifact,,,no_passing_artifact,,False,,,,"A standalone downstream Verus function cannot access `DefaultHasher`'s private tuple field. Moreover, vstd exposes only an uninterpreted view and `spec_finish`, with no lower-level bridge from the contained SipHasher result; such an axiom would restate the target contract."
std_specs__hash.rs__L417__HashMap__Key__Value__S__A__iter,std::collections::HashMap::iter,"HashMap::<Key, Value, S, A>::iter",unverified,blocked,no_passing_artifact,,,no_passing_artifact,,False,,,,Downstream Verus rejects the faithful body with E0616. Other public producers call the exact target; any representation axiom would merely restate its contract.
std_specs__hash.rs__L598__HashMap__Key__Value__S__A__len,std::collections::HashMap::len,"HashMap::<Key, Value, S, A>::len",unverified,blocked,no_passing_artifact,,,no_passing_artifact,,False,,,,No representation bridge exposes `base.len()`. Adding one strong enough to prove the result would merely restate the target contract as an axiom.
std_specs__hash.rs__L605__HashMap__Key__Value__S__A__is_empty,std::collections::HashMap::is_empty,"HashMap::<Key, Value, S, A>::is_empty",unverified,blocked,no_passing_artifact,,,no_passing_artifact,,False,,,,No downstream representation bridge relates `base.is_empty()` unconditionally to `m@.is_empty()`; adding one would restate the target contract as an axiom.
std_specs__hash.rs__L612__HashMap__K__V__S__A__as__Clone__clone,core::clone::Clone::clone,"<HashMap::<
    K,
    V,
    S,
    A,
> as Clone>::clone",unverified,blocked,no_passing_artifact,,,no_passing_artifact,,False,,,,"`HashMap::base` is private, so the copied body cannot be expressed downstream. Independently, `K: Clone` does not imply `obeys_key_model::<K>()`; cloned keys may differ, making the unconditional domain-equality contract unprovable without a circular target-strengthening axiom."
std_specs__hash.rs__L625__HashMap__Key__Value__new,std::collections::HashMap::new,"HashMap::<Key, Value>::new",unverified,proved,local_surrogate,exact_body,ordinary_acyclic,strict_faithful_admissible,,False,B,,,"Executable operations/control flow match the Rust source; differences are receiver/local renaming, qualification, or Verus-only annotations and ghost code."
std_specs__hash.rs__L634__HashMap__K__V__S__as__core__default__Default__default,core::default::Default::default,"<HashMap<
    K,
    V,
    S,
> as core::default::Default>::default",unverified,proved,local_surrogate,exact_body,ordinary_acyclic,strict_faithful_admissible,,False,B,/home/chentianyu/nanvix-rust-std-spec-survey/rust/library/std/src/collections/hash/map.rs,1489-1497,The concrete impl is exactly HashMap::with_hasher(Default::default()); the proof copies that call and only adds a helper contract.
std_specs__hash.rs__L643__HashMap__Key__Value__with_capacity,std::collections::HashMap::with_capacity,"HashMap::<Key, Value>::with_capacity",unverified,proved,local_surrogate,exact_body,ordinary_acyclic,strict_faithful_admissible,,False,B,,,"Executable operations/control flow match the Rust source; differences are receiver/local renaming, qualification, or Verus-only annotations and ghost code."
std_specs__hash.rs__L649__HashMap__Key__Value__S__A__reserve,std::collections::HashMap::reserve,"HashMap::<
    Key,
    Value,
    S,
    A,
>::reserve",unverified,blocked,no_passing_artifact,,,no_passing_artifact,,False,,,,"No representation bridge or smaller vstd contract exposes `base.reserve`. Using the target itself is circular, while an axiom asserting view preservation would merely restate the target contract."
std_specs__hash.rs__L659__HashMap__Key__Value__S__A__insert,std::collections::HashMap::insert,"HashMap::<
    Key,
    Value,
    S,
    A,
>::insert",unverified,proved,local_surrogate,alternate_implementation,not_admissible_under_strict_policy,known_mismatch_or_inadmissible,,False,B,,,"The private hash-table base operation is replaced by entry APIs, swaps, or another public operation."
std_specs__hash.rs__L710__HashMap__Key__Value__S__A__contains_key__Q,std::collections::HashMap::contains_key,"HashMap::<Key, Value, S, A>::contains_key::<Q>",unverified,blocked,no_passing_artifact,,,no_passing_artifact,,False,,,,Any bridge for `base.contains_key` would effectively restate the target contract as an axiom.
std_specs__hash.rs__L716__HashMap__Key__Value__S__A__contains_key__Q,std::collections::HashMap::contains_key,"HashMap::<Key, Value, S, A>::contains_key::<Q>",unverified,blocked,no_passing_artifact,,,no_passing_artifact,,False,,,,A representation bridge exposing `base.contains_key` would effectively restate the target behavior as an axiom.
std_specs__hash.rs__L768__HashMap__Key__Value__S__A__get__Q,std::collections::HashMap::get,"HashMap::<Key, Value, S, A>::get::<Q>",unverified,blocked,no_passing_artifact,,,no_passing_artifact,,False,,,,No non-circular representation bridge exposes `base.get`; a sufficient axiom would merely restate the target contract.
std_specs__hash.rs__L775__HashMap__Key__Value__S__A__get__Q,std::collections::HashMap::get,"HashMap::<Key, Value, S, A>::get::<Q>",unverified,blocked,no_passing_artifact,,,no_passing_artifact,,False,,,,No non-circular representation bridge exposes `base.get`; a sufficient axiom would merely restate the target contract.
std_specs__hash.rs__L830__HashMap__Key__Value__S__A__remove__Q,std::collections::HashMap::remove,"HashMap::<Key, Value, S, A>::remove::<Q>",unverified,blocked,no_passing_artifact,,,no_passing_artifact,,False,,,,No non-circular representation bridge exposes `base.remove`; any sufficient axiom would effectively restate the target contract.
std_specs__hash.rs__L836__HashMap__Key__Value__S__A__remove__Q,std::collections::HashMap::remove,"HashMap::<Key, Value, S, A>::remove::<Q>",unverified,proved,local_surrogate,alternate_implementation,not_admissible_under_strict_policy,known_mismatch_or_inadmissible,,False,B,,,"The private hash-table base operation is replaced by entry APIs, swaps, or another public operation."
std_specs__hash.rs__L848__HashMap__Key__Value__S__A__clear,std::collections::HashMap::clear,"HashMap::<Key, Value, S, A>::clear",unverified,blocked,no_passing_artifact,,,no_passing_artifact,,False,,,,Downstream Verus rejects `m.base.clear()` with E0616. Any representation axiom sufficient to prove the empty view would merely restate the target contract.
std_specs__hash.rs__L877__HashMap__Key__Value__S__A__keys,std::collections::HashMap::keys,"HashMap::<Key, Value, S, A>::keys",unverified,blocked,no_passing_artifact,,,no_passing_artifact,,False,,,,The private `Keys::inner` field cannot be constructed outside `std`; any axiom connecting a substitute construction to `spec_keys_iter` would merely restate the target contract.
std_specs__hash.rs__L909__HashMap__Key__Value__S__A__values,std::collections::HashMap::values,"HashMap::<Key, Value, S, A>::values",unverified,blocked,no_passing_artifact,,,no_passing_artifact,,False,,,,Verus rejects the constructor as an opaque datatype. No public source-faithful constructor exists besides the prohibited target call; an axiom connecting a surrogate constructor to `spec_values_iter(m)` would merely restate the target contract.
std_specs__hash.rs__L993__HashSet__Key__S__A__len,std::collections::HashSet::len,"HashSet::<Key, S, A>::len",unverified,blocked,no_passing_artifact,,,no_passing_artifact,,False,,,,No representation bridge exposes `base.len()`. Any sufficient axiom would merely restate the target contract.
std_specs__hash.rs__L1000__HashSet__Key__S__A__is_empty,std::collections::HashSet::is_empty,"HashSet::<Key, S, A>::is_empty",unverified,blocked,no_passing_artifact,,,no_passing_artifact,,False,,,,No unconditional representation bridge connects `base.is_empty()` to `m@.is_empty()`; adding one would restate the target contract as an axiom.
std_specs__hash.rs__L1007__HashSet__Key__new,std::collections::HashSet::new,HashSet::<Key>::new,unverified,proved,local_surrogate,exact_body,ordinary_acyclic,strict_faithful_admissible,,False,B,,,"Executable operations/control flow match the Rust source; differences are receiver/local renaming, qualification, or Verus-only annotations and ghost code."
std_specs__hash.rs__L1012__HashSet__T__S__as__core__default__Default__default,core::default::Default::default,"<HashSet<
    T,
    S,
> as core::default::Default>::default",unverified,proved,local_surrogate,alternate_implementation,ordinary_acyclic,known_mismatch_or_inadmissible,,False,B,/home/chentianyu/nanvix-rust-std-spec-survey/rust/library/std/src/collections/hash/set.rs,1279-1287,"The concrete impl constructs HashSet { base: base::HashSet::with_hasher(Default::default()) }. The proof substitutes public HashSet::with_hasher (defined at lines 246-248) for the private base operation, which strict fidelity explicitly rejects."
std_specs__hash.rs__L1020__HashSet__Key__with_capacity,std::collections::HashSet::with_capacity,HashSet::<Key>::with_capacity,unverified,proved,local_surrogate,exact_body,ordinary_acyclic,strict_faithful_admissible,,False,B,,,"Executable operations/control flow match the Rust source; differences are receiver/local renaming, qualification, or Verus-only annotations and ghost code."
std_specs__hash.rs__L1028__HashSet__Key__S__A__reserve,std::collections::HashSet::reserve,"HashSet::<
    Key,
    S,
    A,
>::reserve",unverified,blocked,no_passing_artifact,,,no_passing_artifact,,False,,,,"No representation bridge or smaller vstd contract exposes `base.reserve`; using HashSet::reserve is circular, while an axiom for view preservation would merely restate the target contract."
std_specs__hash.rs__L1037__HashSet__Key__S__A__insert,std::collections::HashSet::insert,"HashSet::<
    Key,
    S,
    A,
>::insert",unverified,blocked,no_passing_artifact,,,no_passing_artifact,,False,,,,Downstream Verus cannot access the private base field. Any axiom connecting a substitute operation to the HashSet view would restate the target contract.
std_specs__hash.rs__L1079__HashSet__Key__S__A__contains,std::collections::HashSet::contains,"HashSet::<Key, S, A>::contains",unverified,blocked,no_passing_artifact,,,no_passing_artifact,,False,,,,"Any bridge relating a surrogate lookup to set_contains_borrowed_key(m@, k) would restate the target contract as an axiom."
std_specs__hash.rs__L1084__HashSet__Key__S__A__contains,std::collections::HashSet::contains,"HashSet::<Key, S, A>::contains",unverified,blocked,no_passing_artifact,,,no_passing_artifact,,False,,,,"Calling HashSet::contains would be circular; any axiom connecting a surrogate operation to set_contains_borrowed_key(m@, k) would merely restate the target contract."
std_specs__hash.rs__L1124__HashSet__Key__S__A__get__Q,std::collections::HashSet::get,"HashSet::<Key, S, A>::get::<Q>",unverified,blocked,no_passing_artifact,,,no_passing_artifact,,False,,,,Standalone Verus cannot access `self.base`; an axiom strong enough to connect a surrogate lookup to the opaque borrowed-key predicates would merely restate the target contract.
std_specs__hash.rs__L1130__HashSet__Key__S__A__get__Q,std::collections::HashSet::get,"HashSet::<Key, S, A>::get::<Q>",unverified,blocked,no_passing_artifact,,,no_passing_artifact,,False,,,,vstd exposes HashSet only opaquely and provides no bridge from its backing hashbrown set to the generic borrowed-key predicates. Any sufficient axiom would restate the target contract.
std_specs__hash.rs__L1175__HashSet__Key__S__A__remove__Q,std::collections::HashSet::remove,"HashSet::<Key, S, A>::remove::<Q>",unverified,blocked,no_passing_artifact,,,no_passing_artifact,,False,,,,No representation bridge exposes HashSet::base. Any axiom sufficient to transfer the backing set's remove semantics to HashSet's view would effectively restate the target contract.
std_specs__hash.rs__L1180__HashSet__Key__S__A__remove__Q,std::collections::HashSet::remove,"HashSet::<Key, S, A>::remove::<Q>",unverified,blocked,no_passing_artifact,,,no_passing_artifact,,False,,,,"Downstream Verus cannot access `self.base`, and vstd exposes no non-circular representation bridge to its hashbrown backing set. Any sufficient axiom would restate the target contract."
std_specs__hash.rs__L1188__HashSet__Key__S__A__clear,std::collections::HashSet::clear,"HashSet::<Key, S, A>::clear",unverified,blocked,no_passing_artifact,,,no_passing_artifact,,False,,,,Downstream Verus rejects `m.base.clear()` with E0616. Any representation bridge proving the resulting view empty would merely restate the target contract.
std_specs__hash.rs__L1216__HashSet__Key__S__A__iter,std::collections::HashSet::iter,"HashSet::<Key, S, A>::iter",unverified,blocked,no_passing_artifact,,,no_passing_artifact,,False,,,,Downstream Verus rejects the faithful body with E0616. The only public producer delegates to the exact target; any sufficient representation axiom would restate its contract.
std_specs__hash.rs__L1355__HashMap__Key__Value__S__A__entry,std::collections::HashMap::entry,"HashMap::<
    Key,
    Value,
    S,
    A,
>::entry",unverified,blocked,no_passing_artifact,,,no_passing_artifact,,False,,,,"Downstream code cannot access HashMap::base, call rustc_entry, or construct OccupiedEntry/VacantEntry. The only public producer is the forbidden target itself; any bridge axiom would restate its contract."
std_specs__hash.rs__L1371__Entry__key,std::collections::hash_map::Entry::key,Entry::key,verified,proved,local_surrogate,exact_body,ordinary_acyclic,strict_faithful_admissible,,False,B,,,"Executable operations/control flow match the Rust source; differences are receiver/local renaming, qualification, or Verus-only annotations and ghost code."
std_specs__hash.rs__L1378__Entry__or_insert,std::collections::hash_map::Entry::or_insert,Entry::or_insert,verified,proved,local_surrogate,exact_body,ordinary_acyclic,strict_faithful_admissible,,False,B,,,"Executable operations/control flow match the Rust source; differences are receiver/local renaming, qualification, or Verus-only annotations and ghost code."
std_specs__hash.rs__L1390__Entry__insert_entry,std::collections::hash_map::Entry::insert_entry,Entry::insert_entry,verified,proved,local_surrogate,exact_body,ordinary_acyclic,strict_faithful_admissible,,False,B,,,"Executable operations/control flow match the Rust source; differences are receiver/local renaming, qualification, or Verus-only annotations and ghost code."
std_specs__hash.rs__L1406__OccupiedEntry__key,std::collections::hash_map::OccupiedEntry::key,OccupiedEntry::key,unverified,blocked,no_passing_artifact,,,no_passing_artifact,,False,,,,Rust rejects `entry.base.key()` with E0616. Any workaround would call the target or restate its contract as an axiom.
std_specs__hash.rs__L1415__OccupiedEntry__remove_entry,std::collections::hash_map::OccupiedEntry::remove_entry,OccupiedEntry::remove_entry,unverified,blocked,no_passing_artifact,,,no_passing_artifact,,False,,,,A standalone Verus function cannot access `entry.base`. No non-circular public API can recover an owned generic `K`; the only such API is the target itself. Any representation bridge would merely restate the target contract.
std_specs__hash.rs__L1424__OccupiedEntry__get,std::collections::hash_map::OccupiedEntry::get,OccupiedEntry::get,unverified,blocked,no_passing_artifact,,,no_passing_artifact,,False,,,,A representation axiom connecting an extracted private value to `entry.value()` would merely restate the target contract.
std_specs__hash.rs__L1431__OccupiedEntry__get_mut,std::collections::hash_map::OccupiedEntry::get_mut,OccupiedEntry::get_mut,unverified,blocked,no_passing_artifact,,,no_passing_artifact,,False,,,,Verus rejects `entry.base.get_mut()` with E0616. Public alternatives cannot produce the required borrow without calling the target; an axiom would merely restate its contract.
std_specs__hash.rs__L1441__OccupiedEntry__into_mut,std::collections::hash_map::OccupiedEntry::into_mut,OccupiedEntry::into_mut,unverified,blocked,no_passing_artifact,,,no_passing_artifact,,False,,,,"Downstream Verus cannot access `entry.base`. Public `get_mut` cannot yield the required `'a` lifetime, and any representation bridge would effectively restate the target contract."
std_specs__hash.rs__L1449__OccupiedEntry__insert,std::collections::hash_map::OccupiedEntry::insert,OccupiedEntry::insert,unverified,proved,local_surrogate,alternate_implementation,not_admissible_under_strict_policy,known_mismatch_or_inadmissible,,False,B,,,"The private hash-table base operation is replaced by entry APIs, swaps, or another public operation."
std_specs__hash.rs__L1460__OccupiedEntry__remove,std::collections::hash_map::OccupiedEntry::remove,OccupiedEntry::remove,unverified,proved,local_surrogate,alternate_implementation,not_admissible_under_strict_policy,known_mismatch_or_inadmissible,,False,B,,,"The private hash-table base operation is replaced by entry APIs, swaps, or another public operation."
std_specs__hash.rs__L1474__VacantEntry__key,std::collections::hash_map::VacantEntry::key,VacantEntry::key,unverified,blocked,no_passing_artifact,,,no_passing_artifact,,False,,,,Rust rejects `entry.base.key()` with E0616. No public API yields the required reference without calling the target; an axiom would merely restate its contract.
std_specs__hash.rs__L1483__VacantEntry__into_key,std::collections::hash_map::VacantEntry::into_key,VacantEntry::into_key,unverified,blocked,no_passing_artifact,,,no_passing_artifact,,False,,,,Downstream Verus rejects `entry.base.into_key()` with E0616. No non-circular public API extracts the owned generic key; any sufficient representation axiom would restate the target contract.
std_specs__hash.rs__L1491__VacantEntry__insert,std::collections::hash_map::VacantEntry::insert,VacantEntry::insert,unverified,proved,local_surrogate,alternate_implementation,not_admissible_under_strict_policy,known_mismatch_or_inadmissible,,False,B,,,"The private hash-table base operation is replaced by entry APIs, swaps, or another public operation."
std_specs__hash.rs__L1500__VacantEntry__insert_entry,std::collections::hash_map::VacantEntry::insert_entry,VacantEntry::insert_entry,unverified,blocked,no_passing_artifact,,,no_passing_artifact,,False,,,,Downstream Verus cannot access `VacantEntry::base` or construct `OccupiedEntry { base }`. The only public API returning an `OccupiedEntry` is the forbidden target or a circular higher-level wrapper; any representation axiom would restate the contract.
std_specs__iter.rs__L254__I__as__IntoIterator__into_iter,core::iter::IntoIterator::into_iter,<I as IntoIterator>::into_iter,verified,proved,local_surrogate,exact_body,ordinary_acyclic,strict_faithful_admissible,,False,A,/home/chentianyu/nanvix-rust-std-spec-survey/rust/library/core/src/iter/traits/collect.rs,317-325,The concrete Iterator blanket IntoIterator impl returns self unchanged; the surrogate returns its renamed argument unchanged and has no circular assumptions.
std_specs__layout_value.rs__L50__Layout__from_size_align,core::alloc::Layout::from_size_align,Layout::from_size_align,unverified,proved,local_surrogate,alternate_implementation,not_admissible_under_strict_policy,known_mismatch_or_inadmissible,,False,B,,,Private Layout checks/field construction are replaced by public constructors and alternate arithmetic.
std_specs__layout_value.rs__L62__Layout__from_size_align_unchecked,core::alloc::Layout::from_size_align_unchecked,Layout::from_size_align_unchecked,unverified,proved,local_surrogate,alternate_implementation,not_admissible_under_strict_policy,known_mismatch_or_inadmissible,,False,B,,,Private Layout checks/field construction are replaced by public constructors and alternate arithmetic.
std_specs__layout_value.rs__L70__Layout__size,core::alloc::Layout::size,Layout::size,unverified,blocked,no_passing_artifact,,,no_passing_artifact,,False,,,,Downstream Verus cannot evaluate layout.size without calling Layout::size. Any axiom connecting another extractor to layout@.size would merely restate the target contract.
std_specs__layout_value.rs__L75__Layout__align,core::alloc::Layout::align,Layout::align,unverified,blocked,no_passing_artifact,,,no_passing_artifact,,False,,,,"The source body returns alignment, but the supplied postcondition requires layout@.size. For Layout::from_size_align(8, 4), these are 4 and 8 respectively, so the contract is false."
std_specs__layout_value.rs__L80__Layout__new__T,core::alloc::Layout::new,Layout::new::<T>,unverified,proved,local_surrogate,alternate_implementation,not_admissible_under_strict_policy,known_mismatch_or_inadmissible,,False,C,,,Private Layout checks/field construction are replaced by public constructors and alternate arithmetic.
std_specs__layout_value.rs__L85__Layout__for_value__T,core::alloc::Layout::for_value,Layout::for_value::<T>,unverified,blocked,no_passing_artifact,,,no_passing_artifact,,False,,,,"for_value takes &T and depends on value metadata for unsized T; its correct vstd postcondition uses size_of_val_as_usize and align_of_val_as_usize. The supplied no-argument, sized-type contract cannot be proved from this implementation without changing the target."
std_specs__layout_value.rs__L93__Layout__align_to,core::alloc::Layout::align_to,Layout::align_to,unverified,preproved,local_surrogate,alternate_implementation,not_admissible_under_strict_policy,known_mismatch_or_inadmissible,layout.rs,True,C,,,Source uses Alignment::new and private adjust_alignment_to; surrogate compares public align() values and calls Layout::from_size_align.
std_specs__layout_value.rs__L107__Layout__pad_to_align,core::alloc::Layout::pad_to_align,Layout::pad_to_align,unverified,preproved,local_surrogate,alternate_implementation,not_admissible_under_strict_policy,known_mismatch_or_inadmissible,layout.rs,True,C,,,Source uses a private rounding helper and unchecked private constructor; surrogate uses custom checked rounding and public construction.
std_specs__layout_value.rs__L113__Layout__extend,core::alloc::Layout::extend,Layout::extend,unverified,preproved,local_surrogate,alternate_implementation,not_admissible_under_strict_policy,known_mismatch_or_inadmissible,layout.rs,True,C,,,Source uses private alignment/rounding and unchecked_add; surrogate uses custom checked operations plus a trusted fit axiom.
std_specs__layout_value.rs__L143__Layout__extend_packed,core::alloc::Layout::extend_packed,Layout::extend_packed,unverified,preproved,local_surrogate,alternate_implementation,not_admissible_under_strict_policy,known_mismatch_or_inadmissible,layout.rs,True,C,,,Source uses unchecked_add on private fields; surrogate uses checked_add through accessors and a synthetic error path.
std_specs__layout_value.rs__L161__Layout__repeat,core::alloc::Layout::repeat,Layout::repeat,unverified,preproved,local_surrogate,mechanical_desugaring,ordinary_acyclic,strict_faithful_admissible,,False,C,/home/chentianyu/nanvix-rust-std-spec-survey/rust/library/core/src/alloc/layout.rs,429-444,"The proof mechanically rewrites the two let-else constructs as matches while preserving every return, error branch, debug assertion, and call. pad_to_align, repeat_packed, extend_packed, size, and checked_sub are smaller acyclic contracts."
std_specs__layout_value.rs__L197__Layout__repeat_packed,core::alloc::Layout::repeat_packed,Layout::repeat_packed,unverified,preproved,local_surrogate,alternate_implementation,not_admissible_under_strict_policy,known_mismatch_or_inadmissible,layout.rs,True,C,,,Source multiplies the private size and returns Err(LayoutError); surrogate uses accessors/public construction and a synthetic failing constructor.
std_specs__layout_value.rs__L215__Layout__array__T,core::alloc::Layout::array,Layout::array::<T>,unverified,preproved,local_surrogate,alternate_implementation,not_admissible_under_strict_policy,known_mismatch_or_inadmissible,layout.rs,True,C,,,"Source uses a local inner function, private Layout destructuring, threshold division, and unchecked_mul; surrogate delegates to local repeat_packed."
std_specs__location.rs__L26__Location__file,core::panic::Location::file,Location::file,unverified,proved,local_surrogate,circular_or_target_axiom,circular_or_target_axiom,known_mismatch_or_inadmissible,,False,B,,,An assumed private-field adapter directly supplies the target filename representation.
std_specs__location.rs__L31__Location__file_as_c_str,core::panic::Location::file_as_c_str,Location::file_as_c_str,unverified,blocked,no_passing_artifact,,,no_passing_artifact,,False,,,,"Downstream Verus cannot access Location::filename, and Location::file exposes neither the extra byte nor its provenance. Any sufficient bridge axiom would effectively restate the target contract."
std_specs__location.rs__L37__Location__line,core::panic::Location::line,Location::line,unverified,blocked,no_passing_artifact,,,no_passing_artifact,,False,,,,Downstream Verus cannot access location.line. The only public extractor is the forbidden target itself; any sufficient bridge axiom would restate its contract.
std_specs__location.rs__L42__Location__column,core::panic::Location::column,Location::column,unverified,blocked,no_passing_artifact,,,no_passing_artifact,,False,,,,Downstream Verus cannot access location.col. The only public extractor is the forbidden target itself; any sufficient bridge axiom would restate its contract.
std_specs__manually_drop.rs__L30__ManuallyDrop__T__new,core::mem::ManuallyDrop::new,ManuallyDrop::<T>::new,unverified,proved,local_surrogate,circular_or_target_axiom,circular_or_target_axiom,known_mismatch_or_inadmissible,,False,C,,,An assumed private-representation conversion directly supplies the target value.
std_specs__manually_drop.rs__L35__ManuallyDrop__T__into_inner,core::mem::ManuallyDrop::into_inner,ManuallyDrop::<T>::into_inner,unverified,proved,local_surrogate,alternate_implementation,not_admissible_under_strict_policy,known_mismatch_or_inadmissible,,False,B,,,Private ManuallyDrop representation/read operations are replaced by modeled or public pointer operations.
std_specs__manually_drop.rs__L40__ManuallyDrop__T__as__Clone__clone,core::clone::Clone::clone,<ManuallyDrop<T> as Clone>::clone,unverified,proved,local_surrogate,alternate_implementation,ordinary_acyclic,known_mismatch_or_inadmissible,,False,B,/home/chentianyu/nanvix-rust-std-spec-survey/rust/library/core/src/mem/manually_drop.rs; /home/chentianyu/nanvix-rust-std-spec-survey/rust/library/core/src/mem/maybe_dangling.rs,155-160; 69-73,"ManuallyDrop and its private MaybeDangling field both derive Clone; the compiler-generated struct expansion clones `self.value` and reconstructs the same private-field shape. The proof instead dereferences to T, calls T::clone, and rebuilds through ManuallyDrop::new. That private-field-to-public-method rewrite is semantically related but not mechanical source desugaring. The call graph is acyclic and uses no target-equivalent axiom."
std_specs__manually_drop.rs__L47__ManuallyDrop__T__as__Deref__deref,core::ops::Deref::deref,<ManuallyDrop<T> as Deref>::deref,unverified,blocked,no_passing_artifact,,,no_passing_artifact,,False,,,,"`ManuallyDrop::value` and `MaybeDangling::as_ref` are private, while vstd's `view_ref()` is uninterpreted. A downstream bridge would restate the target contract rather than prove it."
std_specs__maybe_uninit.rs__L29__MaybeUninit__T__new,core::mem::MaybeUninit::new,MaybeUninit::<T>::new,unverified,blocked,no_passing_artifact,,,no_passing_artifact,,False,,,,"Downstream Verus cannot access MaybeUninit::value. Its mem_contents model is uninterpreted, and no non-circular public contract establishes Init(val); any representation bridge would restate the target contract as an axiom."
std_specs__maybe_uninit.rs__L34__MaybeUninit__T__uninit,core::mem::MaybeUninit::uninit,MaybeUninit::<T>::uninit,unverified,blocked,no_passing_artifact,,,no_passing_artifact,,False,,,,"Downstream Verus cannot access MaybeUninit::uninit, while mem_contents is uninterpreted. Any representation bridge proving MemContents::Uninit would merely restate the target contract."
std_specs__maybe_uninit.rs__L39__MaybeUninit__T__assume_init,core::mem::MaybeUninit::assume_init,MaybeUninit::<T>::assume_init,unverified,proved,local_surrogate,alternate_implementation,not_admissible_under_strict_policy,known_mismatch_or_inadmissible,,False,B,,,The private-field read is replaced by assume_init_ref and pointer APIs.
std_specs__maybe_uninit.rs__L45__MaybeUninit__T__assume_init_ref,core::mem::MaybeUninit::assume_init_ref,MaybeUninit::<T>::assume_init_ref,unverified,proved,local_surrogate,circular_or_target_axiom,circular_or_target_axiom,known_mismatch_or_inadmissible,,False,C,,,A private-storage PointsTo projection axiom supplies the target reference semantics.
std_specs__maybe_uninit.rs__L51__MaybeUninit__T__assume_init_mut,core::mem::MaybeUninit::assume_init_mut,MaybeUninit::<T>::assume_init_mut,unverified,proved,local_surrogate,circular_or_target_axiom,circular_or_target_axiom,known_mismatch_or_inadmissible,,False,C,,,A private-storage PointsTo projection axiom supplies the target reference semantics.
std_specs__net.rs__L208__Ipv4Addr__new,core::net::Ipv4Addr::new,Ipv4Addr::new,verified,proved,local_surrogate,alternate_implementation,not_admissible_under_strict_policy,known_mismatch_or_inadmissible,,False,B,,,"Private fields, transmute, byte primitives, or direct assignments are replaced by public APIs and arithmetic."
std_specs__net.rs__L213__Ipv4Addr__from_octets,core::net::Ipv4Addr::from_octets,Ipv4Addr::from_octets,unverified,proved,local_surrogate,alternate_implementation,not_admissible_under_strict_policy,known_mismatch_or_inadmissible,,False,B,,,"Private fields, transmute, byte primitives, or direct assignments are replaced by public APIs and arithmetic."
std_specs__net.rs__L218__Ipv4Addr__octets,core::net::Ipv4Addr::octets,Ipv4Addr::octets,unverified,proved,local_surrogate,alternate_implementation,not_admissible_under_strict_policy,known_mismatch_or_inadmissible,,False,B,,,"Private fields, transmute, byte primitives, or direct assignments are replaced by public APIs and arithmetic."
std_specs__net.rs__L223__Ipv4Addr__is_unspecified,core::net::Ipv4Addr::is_unspecified,Ipv4Addr::is_unspecified,verified,preproved,local_surrogate,alternate_implementation,not_admissible_under_strict_policy,known_mismatch_or_inadmissible,net.rs,True,B,,,Source computes u32::from_be_bytes(self.octets) == 0; surrogate calls octets() and tests four bytes with a conjunction.
std_specs__net.rs__L228__Ipv4Addr__is_loopback,core::net::Ipv4Addr::is_loopback,Ipv4Addr::is_loopback,verified,preproved,local_surrogate,mechanical_desugaring,ordinary_acyclic,strict_faithful_admissible,net.rs,True,B,,,Both bodies compute octets()[0] == 127; only receiver-to-argument conversion and proof contracts were added.
std_specs__net.rs__L233__Ipv4Addr__is_private,core::net::Ipv4Addr::is_private,Ipv4Addr::is_private,verified,preproved,local_surrogate,mechanical_desugaring,ordinary_acyclic,strict_faithful_admissible,net.rs,True,B,,,Surrogate is a direct expansion of the source octet-pattern match into the same three short-circuit cases.
std_specs__net.rs__L238__Ipv4Addr__is_link_local,core::net::Ipv4Addr::is_link_local,Ipv4Addr::is_link_local,verified,preproved,local_surrogate,mechanical_desugaring,ordinary_acyclic,strict_faithful_admissible,net.rs,True,B,,,"Surrogate directly expands matches!(octets, [169, 254, ..]) into the equivalent two comparisons."
std_specs__net.rs__L243__Ipv4Addr__is_multicast,core::net::Ipv4Addr::is_multicast,Ipv4Addr::is_multicast,verified,preproved,local_surrogate,mechanical_desugaring,ordinary_acyclic,strict_faithful_admissible,net.rs,True,B,,,Executable expression is unchanged apart from receiver-to-argument conversion.
std_specs__net.rs__L248__Ipv4Addr__is_broadcast,core::net::Ipv4Addr::is_broadcast,Ipv4Addr::is_broadcast,verified,preproved,local_surrogate,alternate_implementation,not_admissible_under_strict_policy,known_mismatch_or_inadmissible,net.rs,True,B,,,Source compares two u32::from_be_bytes computations; surrogate replaces them with four octet-equality tests.
std_specs__net.rs__L253__Ipv4Addr__is_documentation,core::net::Ipv4Addr::is_documentation,Ipv4Addr::is_documentation,verified,preproved,local_surrogate,mechanical_desugaring,ordinary_acyclic,strict_faithful_admissible,net.rs,True,B,,,Surrogate directly expands the three fixed-prefix patterns into equivalent comparisons and disjunctions.
std_specs__net.rs__L258__Ipv4Addr__to_ipv6_compatible,core::net::Ipv4Addr::to_ipv6_compatible,Ipv4Addr::to_ipv6_compatible,verified,preproved,local_surrogate,alternate_implementation,not_admissible_under_strict_policy,known_mismatch_or_inadmissible,net.rs,True,B,,,Source constructs the private Ipv6Addr octets field; surrogate replaces it with Ipv6Addr::from_octets.
std_specs__net.rs__L263__Ipv4Addr__to_ipv6_mapped,core::net::Ipv4Addr::to_ipv6_mapped,Ipv4Addr::to_ipv6_mapped,verified,preproved,local_surrogate,alternate_implementation,not_admissible_under_strict_policy,known_mismatch_or_inadmissible,net.rs,True,B,,,Source constructs the private Ipv6Addr octets field; surrogate replaces it with Ipv6Addr::from_octets.
std_specs__net.rs__L268__Ipv6Addr__from_octets,core::net::Ipv6Addr::from_octets,Ipv6Addr::from_octets,unverified,proved,local_surrogate,alternate_implementation,not_admissible_under_strict_policy,known_mismatch_or_inadmissible,,False,B,,,"Private fields, transmute, byte primitives, or direct assignments are replaced by public APIs and arithmetic."
std_specs__net.rs__L273__Ipv6Addr__octets,core::net::Ipv6Addr::octets,Ipv6Addr::octets,unverified,proved,local_surrogate,alternate_implementation,not_admissible_under_strict_policy,known_mismatch_or_inadmissible,,False,B,,,"Private fields, transmute, byte primitives, or direct assignments are replaced by public APIs and arithmetic."
std_specs__net.rs__L278__Ipv6Addr__is_unspecified,core::net::Ipv6Addr::is_unspecified,Ipv6Addr::is_unspecified,verified,preproved,local_surrogate,alternate_implementation,not_admissible_under_strict_policy,known_mismatch_or_inadmissible,net.rs,True,B,,,Source compares u128::from_be_bytes values; surrogate loops over all 16 octets with early returns.
std_specs__net.rs__L283__Ipv6Addr__is_loopback,core::net::Ipv6Addr::is_loopback,Ipv6Addr::is_loopback,verified,preproved,local_surrogate,alternate_implementation,not_admissible_under_strict_policy,known_mismatch_or_inadmissible,net.rs,True,B,,,Source compares u128::from_be_bytes values; surrogate loops over the first 15 bytes and separately tests the final byte.
std_specs__net.rs__L288__Ipv6Addr__is_multicast,core::net::Ipv6Addr::is_multicast,Ipv6Addr::is_multicast,verified,preproved,local_surrogate,exact_body,ordinary_acyclic,strict_faithful_admissible,,False,B,/home/chentianyu/nanvix-rust-std-spec-survey/rust/library/core/src/net/ip_addr.rs,1942-1944,"The executable segments()[0] mask comparison is exact; the temporary and bit-vector/view facts are proof-only. The segments/view-length facts are smaller acyclic representation contracts, not the target result."
std_specs__net.rs__L293__Ipv6Addr__is_unique_local,core::net::Ipv6Addr::is_unique_local,Ipv6Addr::is_unique_local,verified,preproved,local_surrogate,exact_body,ordinary_acyclic,strict_faithful_admissible,,False,B,/home/chentianyu/nanvix-rust-std-spec-survey/rust/library/core/src/net/ip_addr.rs,1706-1708,The executable segments()[0] mask comparison is exact after introducing a local; all arithmetic and bit-vector steps are proof-only. Ipv6Addr::segments and view facts are smaller acyclic contracts.
std_specs__net.rs__L298__Ipv6Addr__is_unicast_link_local,core::net::Ipv6Addr::is_unicast_link_local,Ipv6Addr::is_unicast_link_local,verified,preproved,local_surrogate,exact_body,ordinary_acyclic,strict_faithful_admissible,,False,B,/home/chentianyu/nanvix-rust-std-spec-survey/rust/library/core/src/net/ip_addr.rs,1784-1786,The executable segments()[0] mask comparison is exact after introducing a local; all range/bit-vector reasoning is proof-only. Ipv6Addr::segments and view facts are smaller acyclic contracts.
std_specs__net.rs__L303__IpAddr__is_ipv4,core::net::IpAddr::is_ipv4,IpAddr::is_ipv4,verified,preproved,local_surrogate,mechanical_desugaring,ordinary_acyclic,strict_faithful_admissible,net_enums.rs,True,B,,,"Surrogate is the direct explicit-match expansion of matches!(self, IpAddr::V4(_))."
std_specs__net.rs__L308__IpAddr__is_ipv6,core::net::IpAddr::is_ipv6,IpAddr::is_ipv6,verified,preproved,local_surrogate,mechanical_desugaring,ordinary_acyclic,strict_faithful_admissible,net_enums.rs,True,B,,,"Surrogate is the direct explicit-match expansion of matches!(self, IpAddr::V6(_))."
std_specs__net.rs__L313__IpAddr__is_unspecified,core::net::IpAddr::is_unspecified,IpAddr::is_unspecified,verified,preproved,local_surrogate,mechanical_desugaring,ordinary_acyclic,strict_faithful_admissible,net_enums.rs,True,B,,,Variant dispatch and delegated method calls are unchanged apart from receiver/binding normalization.
std_specs__net.rs__L318__IpAddr__is_loopback,core::net::IpAddr::is_loopback,IpAddr::is_loopback,verified,preproved,local_surrogate,mechanical_desugaring,ordinary_acyclic,strict_faithful_admissible,net_enums.rs,True,B,,,Variant dispatch and delegated method calls are unchanged apart from receiver/binding normalization.
std_specs__net.rs__L323__IpAddr__is_multicast,core::net::IpAddr::is_multicast,IpAddr::is_multicast,verified,preproved,local_surrogate,mechanical_desugaring,ordinary_acyclic,strict_faithful_admissible,net_enums.rs,True,B,,,Variant dispatch and delegated method calls are unchanged apart from receiver/binding normalization.
std_specs__net.rs__L328__SocketAddrV4__new,core::net::SocketAddrV4::new,SocketAddrV4::new,unverified,blocked,no_passing_artifact,,,no_passing_artifact,,False,,,,"No non-circular public API performs the same construction; alternatives ultimately call SocketAddrV4::new, and a representation axiom would restate its contract. The supplied contract also names IpAddr::is_multicast rather than the target constructor."
std_specs__net.rs__L333__SocketAddrV4__ip,core::net::SocketAddrV4::ip,SocketAddrV4::ip,unverified,blocked,no_passing_artifact,,,no_passing_artifact,,False,,,,"Additionally, a corrected ip proof cannot copy `&self.ip` downstream because `ip` is private and the SocketAddrV4 view is uninterpreted. The only public extractor is the forbidden target itself; a bridge axiom would merely restate its contract."
std_specs__net.rs__L338__SocketAddrV4__set_ip,core::net::SocketAddrV4::set_ip,SocketAddrV4::set_ip,unverified,blocked,no_passing_artifact,,,no_passing_artifact,,False,,,,A mutable unit-returning setter cannot prove the supplied immutable getter postcondition without changing either the target or contract.
std_specs__net.rs__L343__SocketAddrV4__port,core::net::SocketAddrV4::port,SocketAddrV4::port,unverified,blocked,no_passing_artifact,,,no_passing_artifact,,False,,,,A corrected port proof also cannot copy `self.port` downstream because the field is private and the SocketAddrV4 view is uninterpreted. The only public extractor is the forbidden target itself; a bridge axiom would merely restate its contract.
std_specs__net.rs__L348__SocketAddrV4__set_port,core::net::SocketAddrV4::set_port,SocketAddrV4::set_port,unverified,blocked,no_passing_artifact,,,no_passing_artifact,,False,,,,A mutable unit-returning setter cannot prove the supplied immutable getter postcondition without changing either the target or contract.
std_specs__net.rs__L353__SocketAddrV6__new,core::net::SocketAddrV6::new,SocketAddrV6::new,unverified,blocked,no_passing_artifact,,,no_passing_artifact,,False,,,,"No non-circular public API reproduces this construction; alternatives ultimately call SocketAddrV6::new, while a representation axiom would merely restate its contract. The supplied contract is also for SocketAddrV4::set_port, not this target."
std_specs__net.rs__L363__SocketAddrV6__ip,core::net::SocketAddrV6::ip,SocketAddrV6::ip,unverified,blocked,no_passing_artifact,,,no_passing_artifact,,False,,,,A corrected proof also cannot copy `&self.ip` downstream because `ip` is private and the SocketAddrV6 view is uninterpreted. The only public extractor is the forbidden target itself; any sufficient axiom would merely restate its contract.
std_specs__net.rs__L368__SocketAddrV6__set_ip,core::net::SocketAddrV6::set_ip,SocketAddrV6::set_ip,verified,proved,local_surrogate,alternate_implementation,not_admissible_under_strict_policy,known_mismatch_or_inadmissible,,False,B,,,"Private fields, transmute, byte primitives, or direct assignments are replaced by public APIs and arithmetic."
std_specs__net.rs__L378__SocketAddrV6__port,core::net::SocketAddrV6::port,SocketAddrV6::port,unverified,blocked,no_passing_artifact,,,no_passing_artifact,,False,,,,A standalone function cannot access self.port or relate it to address@.port without restating the target contract as an axiom. Calling port directly or through SocketAddr::port would be circular.
std_specs__net.rs__L383__SocketAddrV6__set_port,core::net::SocketAddrV6::set_port,SocketAddrV6::set_port,unverified,blocked,no_passing_artifact,,,no_passing_artifact,,False,,,,"The contract is for SocketAddrV6::port(&self) -> u16, but the target is SocketAddrV6::set_port(&mut self, u16) -> (). A source-faithful setter cannot carry the getter’s result postcondition."
std_specs__net.rs__L393__SocketAddrV6__flowinfo,core::net::SocketAddrV6::flowinfo,SocketAddrV6::flowinfo,unverified,blocked,no_passing_artifact,,,no_passing_artifact,,False,,,,"The signatures and behavior are incompatible. Additionally, flowinfo directly reads a private field unavailable downstream; using the target getter or an equivalent axiom would be circular."
std_specs__net.rs__L398__SocketAddrV6__set_flowinfo,core::net::SocketAddrV6::set_flowinfo,SocketAddrV6::set_flowinfo,verified,proved,local_surrogate,alternate_implementation,not_admissible_under_strict_policy,known_mismatch_or_inadmissible,,False,B,,,"Private fields, transmute, byte primitives, or direct assignments are replaced by public APIs and arithmetic."
std_specs__net.rs__L408__SocketAddrV6__scope_id,core::net::SocketAddrV6::scope_id,SocketAddrV6::scope_id,unverified,blocked,no_passing_artifact,,,no_passing_artifact,,False,,,,"No non-circular public API exposes the field; any sufficient representation axiom would restate the target contract. The supplied contract also describes set_flowinfo, not scope_id."
std_specs__net.rs__L413__SocketAddrV6__set_scope_id,core::net::SocketAddrV6::set_scope_id,SocketAddrV6::set_scope_id,verified,proved,local_surrogate,alternate_implementation,not_admissible_under_strict_policy,known_mismatch_or_inadmissible,,False,B,,,"Private fields, transmute, byte primitives, or direct assignments are replaced by public APIs and arithmetic."
std_specs__net.rs__L423__SocketAddr__new,core::net::SocketAddr::new,SocketAddr::new,verified,preproved,local_surrogate,mechanical_desugaring,ordinary_acyclic,strict_faithful_admissible,socket_addr.rs,True,B,,,Variant dispatch and SocketAddrV4/V6 constructor calls are unchanged; surrogate only introduces temporaries and proof blocks.
std_specs__net.rs__L433__SocketAddr__is_ipv4,core::net::SocketAddr::is_ipv4,SocketAddr::is_ipv4,verified,preproved,local_surrogate,mechanical_desugaring,ordinary_acyclic,strict_faithful_admissible,socket_addr.rs,True,B,,,Surrogate directly expands matches! into the equivalent V4/V6 match.
std_specs__net.rs__L438__SocketAddr__is_ipv6,core::net::SocketAddr::is_ipv6,SocketAddr::is_ipv6,verified,preproved,local_surrogate,mechanical_desugaring,ordinary_acyclic,strict_faithful_admissible,socket_addr.rs,True,B,,,Surrogate directly expands matches! into the equivalent V4/V6 match.
std_specs__net.rs__L443__SocketAddr__ip,core::net::SocketAddr::ip,SocketAddr::ip,verified,preproved,local_surrogate,mechanical_desugaring,ordinary_acyclic,strict_faithful_admissible,socket_addr.rs,True,B,,,Variant dispatch and inner ip() calls are unchanged; surrogate only introduces temporaries and proof blocks.
std_specs__net.rs__L451__SocketAddr__port,core::net::SocketAddr::port,SocketAddr::port,verified,preproved,local_surrogate,mechanical_desugaring,ordinary_acyclic,strict_faithful_admissible,socket_addr.rs,True,B,,,Variant dispatch and inner port() calls are unchanged apart from receiver/binding normalization.
std_specs__net.rs__L459__SocketAddr__set_port,core::net::SocketAddr::set_port,SocketAddr::set_port,verified,preproved,local_surrogate,mechanical_desugaring,ordinary_acyclic,strict_faithful_admissible,socket_addr.rs,True,B,,,Variant dispatch and set_port mutations are unchanged; snapshots and proof blocks are non-executable.
std_specs__net.rs__L469__IpAddr__to_canonical,core::net::IpAddr::to_canonical,IpAddr::to_canonical,verified,preproved,local_surrogate,exact_body,ordinary_acyclic,strict_faithful_admissible,,False,B,/home/chentianyu/nanvix-rust-std-spec-survey/rust/library/core/src/net/ip_addr.rs,497-502,"The two match arms and the call to the original Ipv6Addr::to_canonical method are exact; the length fact is ghost-only. Ipv6Addr::to_canonical is a distinct smaller acyclic std contract, not a peer surrogate."
std_specs__net.rs__L484__Ipv4Addr__from_bits,core::net::Ipv4Addr::from_bits,Ipv4Addr::from_bits,verified,proved,local_surrogate,alternate_implementation,not_admissible_under_strict_policy,known_mismatch_or_inadmissible,,False,B,,,"Private fields, transmute, byte primitives, or direct assignments are replaced by public APIs and arithmetic."
std_specs__net.rs__L494__Ipv4Addr__to_bits,core::net::Ipv4Addr::to_bits,Ipv4Addr::to_bits,verified,proved,local_surrogate,alternate_implementation,not_admissible_under_strict_policy,known_mismatch_or_inadmissible,,False,B,,,"Private fields, transmute, byte primitives, or direct assignments are replaced by public APIs and arithmetic."
std_specs__net.rs__L500__Ipv6Addr__from_bits,core::net::Ipv6Addr::from_bits,Ipv6Addr::from_bits,verified,proved,local_surrogate,alternate_implementation,not_admissible_under_strict_policy,known_mismatch_or_inadmissible,,False,B,,,"Private fields, transmute, byte primitives, or direct assignments are replaced by public APIs and arithmetic."
std_specs__net.rs__L522__Ipv6Addr__from_segments,core::net::Ipv6Addr::from_segments,Ipv6Addr::from_segments,verified,proved,local_surrogate,mechanical_desugaring,ordinary_acyclic,strict_faithful_admissible,,False,B,/home/chentianyu/nanvix-rust-std-spec-survey/rust/library/core/src/net/ip_addr.rs,1535-1538,"The array destructuring pattern is mechanically expanded to eight indexed locals, followed by the same Ipv6Addr::new call in the same order. Ipv6Addr::new is a smaller acyclic std contract."
std_specs__net.rs__L544__Ipv6Addr__new,core::net::Ipv6Addr::new,Ipv6Addr::new,verified,proved,local_surrogate,alternate_implementation,not_admissible_under_strict_policy,known_mismatch_or_inadmissible,,False,B,,,"Private fields, transmute, byte primitives, or direct assignments are replaced by public APIs and arithmetic."
std_specs__net.rs__L575__Ipv6Addr__segments,core::net::Ipv6Addr::segments,Ipv6Addr::segments,verified,proved,local_surrogate,alternate_implementation,not_admissible_under_strict_policy,known_mismatch_or_inadmissible,,False,B,,,"Private fields, transmute, byte primitives, or direct assignments are replaced by public APIs and arithmetic."
std_specs__net.rs__L587__Ipv6Addr__to_bits,core::net::Ipv6Addr::to_bits,Ipv6Addr::to_bits,verified,proved,local_surrogate,alternate_implementation,not_admissible_under_strict_policy,known_mismatch_or_inadmissible,,False,B,,,"Private fields, transmute, byte primitives, or direct assignments are replaced by public APIs and arithmetic."
std_specs__net.rs__L601__Ipv6Addr__to_canonical,core::net::Ipv6Addr::to_canonical,Ipv6Addr::to_canonical,verified,preproved,local_surrogate,mechanical_desugaring,ordinary_acyclic,strict_faithful_admissible,net_enums.rs,True,B,,,Surrogate mechanically rewrites the source if-let into a match with the same to_ipv4_mapped call and results.
std_specs__net.rs__L613__Ipv6Addr__to_ipv4,core::net::Ipv6Addr::to_ipv4,Ipv6Addr::to_ipv4,verified,proved,local_surrogate,alternate_implementation,not_admissible_under_strict_policy,known_mismatch_or_inadmissible,,False,B,,,"Private fields, transmute, byte primitives, or direct assignments are replaced by public APIs and arithmetic."
std_specs__net.rs__L620__Ipv6Addr__to_ipv4_mapped,core::net::Ipv6Addr::to_ipv4_mapped,Ipv6Addr::to_ipv4_mapped,verified,preproved,local_surrogate,mechanical_desugaring,ordinary_acyclic,strict_faithful_admissible,net.rs,True,B,,,Surrogate mechanically expands the source octet-array pattern match into the same prefix tests and Ipv4Addr::new result.
std_specs__net.rs__L631__SocketAddr__set_ip,core::net::SocketAddr::set_ip,SocketAddr::set_ip,verified,preproved,local_surrogate,mechanical_desugaring,ordinary_acyclic,strict_faithful_admissible,,False,B,/home/chentianyu/nanvix-rust-std-spec-survey/rust/library/core/src/net/socket_addr.rs,214-221,"The proof uses match ergonomics instead of explicit &mut/ref mut patterns but preserves the same three arms, same-family setters, and cross-family Self::new(new_ip, port()) assignment. Those called methods are smaller acyclic std contracts."
std_specs__nonzero.rs__L70__NonZero__T__new,core::num::NonZero::new,NonZero::<T>::new,unverified,proved,local_surrogate,circular_or_target_axiom,circular_or_target_axiom,known_mismatch_or_inadmissible,,False,C,,,A niche/transparent-representation axiom directly establishes the target NonZero semantics.
std_specs__nonzero.rs__L82__NonZero__T__new_unchecked,core::num::NonZero::new_unchecked,NonZero::<T>::new_unchecked,unverified,proved,local_surrogate,alternate_implementation,not_admissible_under_strict_policy,known_mismatch_or_inadmissible,,False,B,,,The source unchecked/UB path is replaced with different peer construction or unreachable handling.
std_specs__nonzero.rs__L98__NonZero__T__get,core::num::NonZero::get,NonZero::<T>::get,unverified,proved,local_surrogate,circular_or_target_axiom,circular_or_target_axiom,known_mismatch_or_inadmissible,,False,C,,,A niche/transparent-representation axiom directly establishes the target NonZero semantics.
std_specs__nonzero.rs__L164__NonZero__T__as__Clone__clone,core::clone::Clone::clone,<NonZero<T> as Clone>::clone,verified,proved,local_surrogate,exact_body,ordinary_acyclic,strict_faithful_admissible,,False,A,/home/chentianyu/nanvix-rust-std-spec-survey/rust/library/core/src/num/nonzero.rs,170-180,The concrete NonZero<T> Clone impl has body `*self`. The source_* body is exactly `*nz` after receiver renaming; specifications are proof-only and there is no axiom or peer dependency.
std_specs__ops.rs__L464__f32__as__core__ops__Neg__neg,core::ops::Neg::neg,<f32 as core::ops::Neg>::neg,unverified,proved,local_surrogate,alternate_implementation,target_equivalent_axiom,known_mismatch_or_inadmissible,,False,D,/home/chentianyu/nanvix-rust-std-spec-survey/rust/library/core/src/ops/arith.rs,709-728,"The primitive f32 neg impl macro expands to the builtin operator body `-self`. The proof replaces that body with to_bits/from_bits sign-bit XOR, an alternate algorithm/intrinsic route rather than mechanical syntax desugaring. Its operation-specific axiom concludes the exact neg_ensures target contract, so admissibility depends on a target-equivalent axiom."
std_specs__ops.rs__L469__f32__as__core__ops__Add__add,core::ops::Add::add,<f32 as core::ops::Add>::add,unverified,proved,local_surrogate,alternate_implementation,target_equivalent_axiom,known_mismatch_or_inadmissible,,False,D,/home/chentianyu/nanvix-rust-std-spec-survey/rust/library/core/src/ops/arith.rs,94-113,"The primitive f32 add impl macro expands to the builtin operator body `self + other`. The proof replaces that body with mul_add(1, rhs), an alternate algorithm/intrinsic route rather than mechanical syntax desugaring. Its operation-specific axiom concludes the exact add_ensures target contract, so admissibility depends on a target-equivalent axiom."
std_specs__ops.rs__L474__f32__as__core__ops__Sub__sub,core::ops::Sub::sub,<f32 as core::ops::Sub>::sub,unverified,proved,local_surrogate,alternate_implementation,target_equivalent_axiom,known_mismatch_or_inadmissible,,False,D,/home/chentianyu/nanvix-rust-std-spec-survey/rust/library/core/src/ops/arith.rs,206-225,"The primitive f32 sub impl macro expands to the builtin operator body `self - other`. The proof replaces that body with sign-bit negation followed by Add::add, an alternate algorithm/intrinsic route rather than mechanical syntax desugaring. Its operation-specific axiom concludes the exact sub_ensures target contract, so admissibility depends on a target-equivalent axiom."
std_specs__ops.rs__L479__f32__as__core__ops__Mul__mul,core::ops::Mul::mul,<f32 as core::ops::Mul>::mul,unverified,proved,local_surrogate,alternate_implementation,target_equivalent_axiom,known_mismatch_or_inadmissible,,False,D,/home/chentianyu/nanvix-rust-std-spec-survey/rust/library/core/src/ops/arith.rs,340-359,"The primitive f32 mul impl macro expands to the builtin operator body `self * other`. The proof replaces that body with mul_add with a constructed signed zero, an alternate algorithm/intrinsic route rather than mechanical syntax desugaring. Its operation-specific axiom concludes the exact mul_ensures target contract, so admissibility depends on a target-equivalent axiom."
std_specs__ops.rs__L484__f32__as__core__ops__Div__div,core::ops::Div::div,<f32 as core::ops::Div>::div,unverified,proved,local_surrogate,alternate_implementation,target_equivalent_axiom,known_mismatch_or_inadmissible,,False,D,/home/chentianyu/nanvix-rust-std-spec-survey/rust/library/core/src/ops/arith.rs,507-524,"The primitive f32 div impl macro expands to the builtin operator body `self / other`. The proof replaces that body with a one-lane SIMD simd_div call, an alternate algorithm/intrinsic route rather than mechanical syntax desugaring. Its operation-specific axiom concludes the exact div_ensures target contract, so admissibility depends on a target-equivalent axiom."
std_specs__ops.rs__L489__f64__as__core__ops__Neg__neg,core::ops::Neg::neg,<f64 as core::ops::Neg>::neg,unverified,proved,local_surrogate,alternate_implementation,target_equivalent_axiom,known_mismatch_or_inadmissible,,False,D,/home/chentianyu/nanvix-rust-std-spec-survey/rust/library/core/src/ops/arith.rs,709-728,"The primitive f64 neg impl macro expands to the builtin operator body `-self`. The proof replaces that body with to_bits/from_bits sign-bit XOR, an alternate algorithm/intrinsic route rather than mechanical syntax desugaring. Its operation-specific axiom concludes the exact neg_ensures target contract, so admissibility depends on a target-equivalent axiom."
std_specs__ops.rs__L494__f64__as__core__ops__Add__add,core::ops::Add::add,<f64 as core::ops::Add>::add,unverified,proved,local_surrogate,alternate_implementation,target_equivalent_axiom,known_mismatch_or_inadmissible,,False,D,/home/chentianyu/nanvix-rust-std-spec-survey/rust/library/core/src/ops/arith.rs,94-113,"The primitive f64 add impl macro expands to the builtin operator body `self + other`. The proof replaces that body with mul_add(1, rhs), an alternate algorithm/intrinsic route rather than mechanical syntax desugaring. Its operation-specific axiom concludes the exact add_ensures target contract, so admissibility depends on a target-equivalent axiom."
std_specs__ops.rs__L499__f64__as__core__ops__Sub__sub,core::ops::Sub::sub,<f64 as core::ops::Sub>::sub,unverified,proved,local_surrogate,alternate_implementation,target_equivalent_axiom,known_mismatch_or_inadmissible,,False,D,/home/chentianyu/nanvix-rust-std-spec-survey/rust/library/core/src/ops/arith.rs,206-225,"The primitive f64 sub impl macro expands to the builtin operator body `self - other`. The proof replaces that body with sign-bit negation followed by Add::add, an alternate algorithm/intrinsic route rather than mechanical syntax desugaring. Its operation-specific axiom concludes the exact sub_ensures target contract, so admissibility depends on a target-equivalent axiom."
std_specs__ops.rs__L504__f64__as__core__ops__Mul__mul,core::ops::Mul::mul,<f64 as core::ops::Mul>::mul,unverified,proved,local_surrogate,alternate_implementation,target_equivalent_axiom,known_mismatch_or_inadmissible,,False,D,/home/chentianyu/nanvix-rust-std-spec-survey/rust/library/core/src/ops/arith.rs,340-359,"The primitive f64 mul impl macro expands to the builtin operator body `self * other`. The proof replaces that body with a one-lane SIMD simd_mul call, an alternate algorithm/intrinsic route rather than mechanical syntax desugaring. Its operation-specific axiom concludes the exact mul_ensures target contract, so admissibility depends on a target-equivalent axiom."
std_specs__ops.rs__L509__f64__as__core__ops__Div__div,core::ops::Div::div,<f64 as core::ops::Div>::div,unverified,proved,local_surrogate,alternate_implementation,target_equivalent_axiom,known_mismatch_or_inadmissible,,False,D,/home/chentianyu/nanvix-rust-std-spec-survey/rust/library/core/src/ops/arith.rs,507-524,"The primitive f64 div impl macro expands to the builtin operator body `self / other`. The proof replaces that body with a one-lane SIMD simd_div call, an alternate algorithm/intrinsic route rather than mechanical syntax desugaring. Its operation-specific axiom concludes the exact div_ensures target contract, so admissibility depends on a target-equivalent axiom."
std_specs__option.rs__L123__Option__T__is_some,core::option::Option::is_some,Option::<T>::is_some,verified,proved,local_surrogate,mechanical_desugaring,ordinary_acyclic,strict_faithful_admissible,,False,A,,,A matches! expression is mechanically expanded to the same exhaustive match.
std_specs__option.rs__L136__Option__T__is_none,core::option::Option::is_none,Option::<T>::is_none,verified,proved,local_surrogate,exact_body,ordinary_acyclic,strict_faithful_admissible,,False,B,,,"Executable operations/control flow match the Rust source; differences are receiver/local renaming, qualification, or Verus-only annotations and ghost code."
std_specs__option.rs__L143__Option__T__as_ref,core::option::Option::as_ref,Option::<T>::as_ref,verified,proved,local_surrogate,exact_body,ordinary_acyclic,strict_faithful_admissible,,False,A,,,"Executable operations/control flow match the Rust source; differences are receiver/local renaming, qualification, or Verus-only annotations and ghost code."
std_specs__option.rs__L160__Option__T__unwrap,core::option::Option::unwrap,Option::<T>::unwrap,unverified,proved,local_surrogate,mechanical_desugaring,ordinary_acyclic,strict_faithful_admissible,,False,A,/home/chentianyu/nanvix-rust-std-spec-survey/rust/library/core/src/option.rs,1011-1016,"The Some/None match and call to a locally copied unwrap_failed helper are exact; the helper preserves the source panic text/body (2250-2252), with only Verus panic plumbing and proof preconditions added. No assumed target semantics are used."
std_specs__option.rs__L177__Option__T__unwrap_or,core::option::Option::unwrap_or,Option::<T>::unwrap_or,verified,proved,local_surrogate,exact_body,ordinary_acyclic,strict_faithful_admissible,,False,A,,,"Executable operations/control flow match the Rust source; differences are receiver/local renaming, qualification, or Verus-only annotations and ghost code."
std_specs__option.rs__L193__Option__T__expect,core::option::Option::expect,Option::<T>::expect,unverified,proved,local_surrogate,alternate_implementation,not_admissible_under_strict_policy,known_mismatch_or_inadmissible,,False,A,,,"Raw representation, internal failure helpers, or original method calls are replaced by matches/public APIs/local surrogates."
std_specs__option.rs__L201__Option__T__take,core::option::Option::take,Option::<T>::take,verified,proved,local_surrogate,exact_body,ordinary_acyclic,strict_faithful_admissible,,False,B,,,"Executable operations/control flow match the Rust source; differences are receiver/local renaming, qualification, or Verus-only annotations and ghost code."
std_specs__option.rs__L209__Option__T__map,core::option::Option::map,Option::<T>::map,verified,proved,local_surrogate,exact_body,ordinary_acyclic,strict_faithful_admissible,,False,A,,,"Executable operations/control flow match the Rust source; differences are receiver/local renaming, qualification, or Verus-only annotations and ghost code."
std_specs__option.rs__L219__Option__a__T__cloned,core::option::Option::cloned,Option::<&'a T>::cloned,verified,proved,local_surrogate,exact_body,ordinary_acyclic,strict_faithful_admissible,,False,B,,,"Executable operations/control flow match the Rust source; differences are receiver/local renaming, qualification, or Verus-only annotations and ghost code."
std_specs__option.rs__L227__Option__T__and_then,core::option::Option::and_then,Option::<T>::and_then,verified,proved,local_surrogate,exact_body,ordinary_acyclic,strict_faithful_admissible,,False,A,,,"Executable operations/control flow match the Rust source; differences are receiver/local renaming, qualification, or Verus-only annotations and ghost code."
std_specs__option.rs__L239__Option__T__ok_or_else,core::option::Option::ok_or_else,Option::<T>::ok_or_else,verified,proved,local_surrogate,exact_body,ordinary_acyclic,strict_faithful_admissible,,False,A,,,"Executable operations/control flow match the Rust source; differences are receiver/local renaming, qualification, or Verus-only annotations and ghost code."
std_specs__option.rs__L254__Option__T__unwrap_or_default,core::option::Option::unwrap_or_default,Option::<T>::unwrap_or_default,verified,proved,local_surrogate,exact_body,ordinary_acyclic,strict_faithful_admissible,,False,B,,,"Executable operations/control flow match the Rust source; differences are receiver/local renaming, qualification, or Verus-only annotations and ghost code."
std_specs__option.rs__L263__Option__T__unwrap_or_else,core::option::Option::unwrap_or_else,Option::<T>::unwrap_or_else,verified,proved,local_surrogate,exact_body,ordinary_acyclic,strict_faithful_admissible,,False,A,,,"Executable operations/control flow match the Rust source; differences are receiver/local renaming, qualification, or Verus-only annotations and ghost code."
std_specs__option.rs__L275__Option__T__as__Clone__clone,core::clone::Clone::clone,<Option<T> as Clone>::clone,verified,proved,local_surrogate,mechanical_desugaring,ordinary_acyclic,strict_faithful_admissible,,False,B,/home/chentianyu/nanvix-rust-std-spec-survey/rust/library/core/src/option.rs,2269-2281,The Some/None match and single x.clone() call match Rust exactly; the surrogate only names the cloned value and inserts a ghost assertion from Clone's contract.
std_specs__option.rs__L298__Option__T__as__PartialEq__eq,core::cmp::PartialEq::eq,<Option<T> as PartialEq>::eq,verified,proved,local_surrogate,exact_body,ordinary_acyclic,strict_faithful_admissible,,False,B,/home/chentianyu/nanvix-rust-std-spec-survey/rust/library/core/src/option.rs,2437-2448,All four Option pair match arms and the inner equality operation exactly match the concrete PartialEq impl; proof dependencies are ordinary and acyclic.
std_specs__option.rs__L320__Option__T__as__PartialOrd__partial_cmp,core::cmp::PartialOrd::partial_cmp,<Option<T> as PartialOrd>::partial_cmp,verified,proved,local_surrogate,exact_body,ordinary_acyclic,strict_faithful_admissible,,False,B,/home/chentianyu/nanvix-rust-std-spec-survey/rust/library/core/src/option.rs,2456-2465,All four Option pair match arms and the Some inner partial_cmp call exactly match the concrete PartialOrd impl; proof dependencies are ordinary and acyclic.
std_specs__option.rs__L341__Option__T__as__Ord__cmp,core::cmp::Ord::cmp,<Option<T> as Ord>::cmp,verified,proved,local_surrogate,exact_body,ordinary_acyclic,strict_faithful_admissible,,False,B,/home/chentianyu/nanvix-rust-std-spec-survey/rust/library/core/src/option.rs,2470-2479,All four Option pair match arms and the Some inner cmp call exactly match the concrete Ord impl; proof dependencies are ordinary and acyclic.
std_specs__option.rs__L357__Option__ok_or,core::option::Option::ok_or,Option::ok_or,verified,proved,local_surrogate,exact_body,ordinary_acyclic,strict_faithful_admissible,,False,A,,,"Executable operations/control flow match the Rust source; differences are receiver/local renaming, qualification, or Verus-only annotations and ghost code."
std_specs__option.rs__L363__Option__as_mut,core::option::Option::as_mut,Option::as_mut,verified,proved,local_surrogate,exact_body,ordinary_acyclic,strict_faithful_admissible,,False,A,,,"Executable operations/control flow match the Rust source; differences are receiver/local renaming, qualification, or Verus-only annotations and ghost code."
std_specs__option.rs__L372__Option__as_slice,core::option::Option::as_slice,Option::as_slice,unverified,proved,local_surrogate,alternate_implementation,not_admissible_under_strict_policy,known_mismatch_or_inadmissible,,False,C,,,"Raw representation, internal failure helpers, or original method calls are replaced by matches/public APIs/local surrogates."
std_specs__option.rs__L381__Option__as_mut_slice,core::option::Option::as_mut_slice,Option::as_mut_slice,unverified,proved,local_surrogate,alternate_implementation,not_admissible_under_strict_policy,known_mismatch_or_inadmissible,,False,B,,,"Raw representation, internal failure helpers, or original method calls are replaced by matches/public APIs/local surrogates."
std_specs__option.rs__L395__Option__insert,core::option::Option::insert,Option::insert,unverified,proved,local_surrogate,exact_body,ordinary_acyclic,strict_faithful_admissible,,False,A,/home/chentianyu/nanvix-rust-std-spec-survey/rust/library/core/src/option.rs,1718-1726,The assignment and unsafe as_mut().unwrap_unchecked() return are exact. The explicit unwrap_unchecked specification is a smaller acyclic std contract and does not restate Option::insert.
std_specs__option.rs__L402__Option__get_or_insert,core::option::Option::get_or_insert,Option::get_or_insert,unverified,proved,local_surrogate,alternate_implementation,not_admissible_under_strict_policy,known_mismatch_or_inadmissible,,False,A,,,"Raw representation, internal failure helpers, or original method calls are replaced by matches/public APIs/local surrogates."
std_specs__ordering.rs__L8__Ordering__is_eq,core::cmp::Ordering::is_eq,Ordering::is_eq,unverified,preproved,local_surrogate,alternate_implementation,not_admissible_under_strict_policy,known_mismatch_or_inadmissible,pure_control_flow.rs,True,A,,,Source compares self.as_raw() == 0; surrogate pattern-matches the Equal variant.
std_specs__ordering.rs__L13__Ordering__is_ne,core::cmp::Ordering::is_ne,Ordering::is_ne,unverified,preproved,local_surrogate,alternate_implementation,not_admissible_under_strict_policy,known_mismatch_or_inadmissible,pure_control_flow.rs,True,A,,,Source compares self.as_raw() != 0; surrogate pattern-matches the Equal variant.
std_specs__ordering.rs__L18__Ordering__is_lt,core::cmp::Ordering::is_lt,Ordering::is_lt,unverified,preproved,local_surrogate,alternate_implementation,not_admissible_under_strict_policy,known_mismatch_or_inadmissible,pure_control_flow.rs,True,A,,,Source compares self.as_raw() < 0; surrogate pattern-matches the Less variant.
std_specs__ordering.rs__L23__Ordering__is_gt,core::cmp::Ordering::is_gt,Ordering::is_gt,unverified,preproved,local_surrogate,alternate_implementation,not_admissible_under_strict_policy,known_mismatch_or_inadmissible,pure_control_flow.rs,True,A,,,Source compares self.as_raw() > 0; surrogate pattern-matches the Greater variant.
std_specs__ordering.rs__L28__Ordering__is_le,core::cmp::Ordering::is_le,Ordering::is_le,unverified,preproved,local_surrogate,alternate_implementation,not_admissible_under_strict_policy,known_mismatch_or_inadmissible,pure_control_flow.rs,True,A,,,Source compares self.as_raw() <= 0; surrogate pattern-matches the Greater variant.
std_specs__ordering.rs__L33__Ordering__is_ge,core::cmp::Ordering::is_ge,Ordering::is_ge,unverified,preproved,local_surrogate,alternate_implementation,not_admissible_under_strict_policy,known_mismatch_or_inadmissible,pure_control_flow.rs,True,A,,,Source compares self.as_raw() >= 0; surrogate pattern-matches the Less variant.
std_specs__ordering.rs__L38__Ordering__reverse,core::cmp::Ordering::reverse,Ordering::reverse,verified,preproved,local_surrogate,mechanical_desugaring,ordinary_acyclic,strict_faithful_admissible,pure_control_flow.rs,True,A,,,Source and surrogate execute the identical three-arm match.
std_specs__ordering.rs__L47__Ordering__then,core::cmp::Ordering::then,Ordering::then,verified,preproved,local_surrogate,mechanical_desugaring,ordinary_acyclic,strict_faithful_admissible,pure_control_flow.rs,True,A,,,Source and surrogate execute the identical Equal/other match apart from receiver naming.
std_specs__range.rs__L74__Range__Idx__contains,core::ops::Range::contains,Range::<Idx>::contains,unverified,proved,local_surrogate,alternate_implementation,not_admissible_under_strict_policy,known_mismatch_or_inadmissible,,False,B,,,The target RangeBounds delegation is replaced by an inlined bounds algorithm.
std_specs__range.rs__L82__RangeInclusive__Idx__contains,core::ops::RangeInclusive::contains,RangeInclusive::<Idx>::contains,unverified,proved,local_surrogate,circular_or_target_axiom,circular_or_target_axiom,known_mismatch_or_inadmissible,,False,C,,,An axiom supplies the private RangeInclusive exhausted/end-bound representation.
std_specs__range.rs__L111__RangeInclusive__Idx__new,core::ops::RangeInclusive::new,RangeInclusive::<Idx>::new,unverified,blocked,no_passing_artifact,,,no_passing_artifact,,False,,,,"RangeInclusive's start, end, and exhausted fields are private downstream. The `start..=end` syntax lowers to the forbidden exact target, and axiomatizing another constructor would merely restate the target contract."
std_specs__range.rs__L228__Range__A__as__Iterator__next,core::iter::Iterator::next,<Range<A> as Iterator>::next,unverified,blocked,no_passing_artifact,,,no_passing_artifact,,False,,,,"spec_range_next<A> is uninterpreted with equations only for concrete integer types, and Step::forward_checked has no executable vstd specification. Proving the generic postcondition would require a prohibited target-restating axiom."
std_specs__range.rs__L283__Range__T__as__RangeBounds__T__start_bound,core::ops::RangeBounds::start_bound,<Range<T> as RangeBounds<T>>::start_bound,verified,proved,local_surrogate,exact_body,ordinary_acyclic,strict_faithful_admissible,,False,A,/home/chentianyu/nanvix-rust-std-spec-survey/rust/library/core/src/ops/range.rs,1105-1108,"The concrete Range start_bound body is Included(&self.start), exactly matching the surrogate after receiver renaming."
std_specs__range.rs__L290__Range__T__as__RangeBounds__T__end_bound,core::ops::RangeBounds::end_bound,<Range<T> as RangeBounds<T>>::end_bound,verified,proved,local_surrogate,exact_body,ordinary_acyclic,strict_faithful_admissible,,False,A,/home/chentianyu/nanvix-rust-std-spec-survey/rust/library/core/src/ops/range.rs,1105-1111,"The concrete Range end_bound body is Excluded(&self.end), exactly matching the surrogate after receiver renaming."
std_specs__range.rs__L297__RangeFull__as__RangeBounds__T__start_bound,core::ops::RangeBounds::start_bound,<RangeFull as RangeBounds<T>>::start_bound,verified,proved,local_surrogate,exact_body,ordinary_acyclic,strict_faithful_admissible,,False,A,/home/chentianyu/nanvix-rust-std-spec-survey/rust/library/core/src/ops/range.rs,1048-1051,"The concrete RangeFull start_bound body returns Unbounded, exactly as the surrogate does."
std_specs__range.rs__L304__RangeFull__as__RangeBounds__T__end_bound,core::ops::RangeBounds::end_bound,<RangeFull as RangeBounds<T>>::end_bound,verified,proved,local_surrogate,exact_body,ordinary_acyclic,strict_faithful_admissible,,False,A,/home/chentianyu/nanvix-rust-std-spec-survey/rust/library/core/src/ops/range.rs,1048-1054,"The concrete RangeFull end_bound body returns Unbounded, exactly as the surrogate does."
std_specs__range.rs__L311__RangeFrom__T__as__RangeBounds__T__start_bound,core::ops::RangeBounds::start_bound,<RangeFrom<T> as RangeBounds<T>>::start_bound,verified,proved,local_surrogate,exact_body,ordinary_acyclic,strict_faithful_admissible,,False,A,/home/chentianyu/nanvix-rust-std-spec-survey/rust/library/core/src/ops/range.rs,1067-1070,"The concrete RangeFrom start_bound body is Included(&self.start), exactly matching the surrogate after receiver renaming."
std_specs__range.rs__L318__RangeFrom__T__as__RangeBounds__T__end_bound,core::ops::RangeBounds::end_bound,<RangeFrom<T> as RangeBounds<T>>::end_bound,verified,proved,local_surrogate,exact_body,ordinary_acyclic,strict_faithful_admissible,,False,A,/home/chentianyu/nanvix-rust-std-spec-survey/rust/library/core/src/ops/range.rs,1067-1073,"The concrete RangeFrom end_bound body returns Unbounded, exactly as the surrogate does."
std_specs__range.rs__L325__RangeTo__T__as__RangeBounds__T__start_bound,core::ops::RangeBounds::start_bound,<RangeTo<T> as RangeBounds<T>>::start_bound,verified,proved,local_surrogate,exact_body,ordinary_acyclic,strict_faithful_admissible,,False,A,/home/chentianyu/nanvix-rust-std-spec-survey/rust/library/core/src/ops/range.rs,1086-1089,"The concrete RangeTo start_bound body returns Unbounded, exactly as the surrogate does."
std_specs__range.rs__L332__RangeTo__T__as__RangeBounds__T__end_bound,core::ops::RangeBounds::end_bound,<RangeTo<T> as RangeBounds<T>>::end_bound,verified,proved,local_surrogate,exact_body,ordinary_acyclic,strict_faithful_admissible,,False,A,/home/chentianyu/nanvix-rust-std-spec-survey/rust/library/core/src/ops/range.rs,1086-1092,"The concrete RangeTo end_bound body is Excluded(&self.end), exactly matching the surrogate after receiver renaming."
std_specs__range.rs__L339__RangeInclusive__T__as__RangeBounds__T__start_bound,core::ops::RangeBounds::start_bound,<RangeInclusive<T> as RangeBounds<T>>::start_bound,unverified,proved,local_surrogate,alternate_implementation,target_equivalent_axiom,known_mismatch_or_inadmissible,,False,B,/home/chentianyu/nanvix-rust-std-spec-survey/rust/library/core/src/ops/range.rs,1124-1127,"Rust 1.96 directly borrows the private field with Included(&self.start), while the surrogate instead calls range.start(), changing the executable operation. Its assumed RangeInclusive::start specification directly equates that accessor result with the target model start."
std_specs__range.rs__L346__RangeInclusive__T__as__RangeBounds__T__end_bound,core::ops::RangeBounds::end_bound,<RangeInclusive<T> as RangeBounds<T>>::end_bound,unverified,blocked,no_passing_artifact,,,no_passing_artifact,,False,,,,"The contract is false. After consuming the sole element of 0..=0, the reachable exhausted range has end_bound() == Bound::Excluded(&0), contradicting the unconditional Included postcondition."
std_specs__range.rs__L353__RangeToInclusive__T__as__RangeBounds__T__start_bound,core::ops::RangeBounds::start_bound,<RangeToInclusive<T> as RangeBounds<T>>::start_bound,verified,proved,local_surrogate,exact_body,ordinary_acyclic,strict_faithful_admissible,,False,A,/home/chentianyu/nanvix-rust-std-spec-survey/rust/library/core/src/ops/range.rs,1158-1161,"The concrete RangeToInclusive start_bound body returns Unbounded, exactly as the surrogate does."
std_specs__range.rs__L360__RangeToInclusive__T__as__RangeBounds__T__end_bound,core::ops::RangeBounds::end_bound,<RangeToInclusive<T> as RangeBounds<T>>::end_bound,verified,proved,local_surrogate,exact_body,ordinary_acyclic,strict_faithful_admissible,,False,A,/home/chentianyu/nanvix-rust-std-spec-survey/rust/library/core/src/ops/range.rs,1158-1164,"The concrete RangeToInclusive end_bound body is Included(&self.end), exactly matching the surrogate after receiver renaming."
std_specs__range.rs__L367__Bound__T__Bound__T__as__RangeBounds__T__start_bound,core::ops::RangeBounds::start_bound,"<(Bound<T>, Bound<T>) as RangeBounds<T>>::start_bound",verified,proved,local_surrogate,exact_body,ordinary_acyclic,strict_faithful_admissible,,False,A,/home/chentianyu/nanvix-rust-std-spec-survey/rust/library/core/src/ops/range.rs,1177-1184,The concrete bound-pair start_bound uses the identical three-arm match on the first tuple component.
std_specs__range.rs__L374__Bound__T__Bound__T__as__RangeBounds__T__end_bound,core::ops::RangeBounds::end_bound,"<(Bound<T>, Bound<T>) as RangeBounds<T>>::end_bound",verified,proved,local_surrogate,exact_body,ordinary_acyclic,strict_faithful_admissible,,False,A,/home/chentianyu/nanvix-rust-std-spec-survey/rust/library/core/src/ops/range.rs,1177-1192,The concrete bound-pair end_bound uses the identical three-arm match on the second tuple component.
std_specs__result.rs__L135__Result__T__E__is_ok,core::result::Result::is_ok,"Result::<T, E>::is_ok",verified,proved,local_surrogate,mechanical_desugaring,ordinary_acyclic,strict_faithful_admissible,,False,A,,,A matches! expression is mechanically expanded to the same exhaustive match.
std_specs__result.rs__L148__Result__T__E__is_err,core::result::Result::is_err,"Result::<T, E>::is_err",verified,proved,local_surrogate,exact_body,ordinary_acyclic,strict_faithful_admissible,,False,B,,,"Executable operations/control flow match the Rust source; differences are receiver/local renaming, qualification, or Verus-only annotations and ghost code."
std_specs__result.rs__L155__Result__T__E__as_ref,core::result::Result::as_ref,"Result::<T, E>::as_ref",verified,proved,local_surrogate,exact_body,ordinary_acyclic,strict_faithful_admissible,,False,A,,,"Executable operations/control flow match the Rust source; differences are receiver/local renaming, qualification, or Verus-only annotations and ghost code."
std_specs__result.rs__L177__Result__T__E__unwrap,core::result::Result::unwrap,"Result::<T, E>::unwrap",unverified,proved,local_surrogate,mechanical_desugaring,ordinary_acyclic,strict_faithful_admissible,,False,A,/home/chentianyu/nanvix-rust-std-spec-survey/rust/library/core/src/result.rs,1225-1233,"The Ok/Err match, exact message, and unwrap_failed call are preserved; the source helper bodies (1869-1883) are copied with only mechanical panic-macro/Verus specification adaptation. No target axiom or cycle is present."
std_specs__result.rs__L196__Result__T__E__unwrap_err,core::result::Result::unwrap_err,"Result::<T, E>::unwrap_err",unverified,proved,local_surrogate,mechanical_desugaring,ordinary_acyclic,strict_faithful_admissible,,False,A,/home/chentianyu/nanvix-rust-std-spec-survey/rust/library/core/src/result.rs,1322-1330,"The Ok/Err match, exact message, and unwrap_failed call are preserved; both source helper configurations (1869-1883) are copied with only mechanical panic-macro/Verus specification adaptation. No target axiom or cycle is present."
std_specs__result.rs__L215__Result__T__E__expect,core::result::Result::expect,"Result::<T, E>::expect",unverified,proved,local_surrogate,mechanical_desugaring,ordinary_acyclic,strict_faithful_admissible,,False,A,/home/chentianyu/nanvix-rust-std-spec-survey/rust/library/core/src/result.rs,1177-1185,"The Ok/Err match and unwrap_failed(msg, &e) call are preserved; the applicable source helper (1869-1871) is copied with only mechanical panic-macro/Verus specification adaptation. No target axiom or cycle is present."
std_specs__result.rs__L226__Result__T__E__map,core::result::Result::map,"Result::<T, E>::map",verified,proved,local_surrogate,exact_body,ordinary_acyclic,strict_faithful_admissible,,False,A,,,"Executable operations/control flow match the Rust source; differences are receiver/local renaming, qualification, or Verus-only annotations and ghost code."
std_specs__result.rs__L242__Result__T__E__map_err,core::result::Result::map_err,"Result::<T, E>::map_err",verified,proved,local_surrogate,exact_body,ordinary_acyclic,strict_faithful_admissible,,False,A,,,"Executable operations/control flow match the Rust source; differences are receiver/local renaming, qualification, or Verus-only annotations and ghost code."
std_specs__result.rs__L262__Result__T__E__ok,core::result::Result::ok,"Result::<T, E>::ok",verified,proved,local_surrogate,exact_body,ordinary_acyclic,strict_faithful_admissible,,False,A,,,"Executable operations/control flow match the Rust source; differences are receiver/local renaming, qualification, or Verus-only annotations and ghost code."
std_specs__result.rs__L278__Result__T__E__err,core::result::Result::err,"Result::<T, E>::err",verified,proved,local_surrogate,exact_body,ordinary_acyclic,strict_faithful_admissible,,False,A,,,"Executable operations/control flow match the Rust source; differences are receiver/local renaming, qualification, or Verus-only annotations and ghost code."
std_specs__slice.rs__L44__usize__as__SliceIndex__T__index,core::slice::SliceIndex::index,<usize as SliceIndex<[T]>>::index,verified,proved,local_surrogate,exact_body,ordinary_acyclic,strict_faithful_admissible,,False,A,/home/chentianyu/nanvix-rust-std-spec-survey/rust/library/core/src/slice/index.rs,179-239,"The concrete usize SliceIndex::index body is &(*slice)[self], exactly matching the surrogate after receiver-to-argument renaming."
std_specs__slice.rs__L56__Range__usize__as__SliceIndex__T__index,core::slice::SliceIndex::index,<Range<usize> as SliceIndex<[T]>>::index,unverified,proved,local_surrogate,alternate_implementation,ordinary_acyclic,known_mismatch_or_inadmissible,,False,B,/home/chentianyu/nanvix-rust-std-spec-survey/rust/library/core/src/slice/index.rs,331-415,"Rust uses a checked_sub let-chain followed by the private unsafe get_offset_len_noubcheck helper, or slice_index_fail. The surrogate replaces the raw helper with two split_at calls and rewrites failure handling, which is an equivalent alternate algorithm rather than mechanical desugaring; its proof itself is acyclic."
std_specs__slice.rs__L75__T__as__Index__I__index,core::ops::Index::index,<[T] as Index<I>>::index,verified,proved,local_surrogate,exact_body,ordinary_acyclic,strict_faithful_admissible,,False,B,/home/chentianyu/nanvix-rust-std-spec-survey/rust/library/core/src/slice/index.rs,9-20,"The concrete slice Index impl forwards as index.index(self), exactly matching the surrogate after receiver and parameter renaming."
std_specs__slice.rs__L83__T__N__as__Index__I__index,core::ops::Index::index,<[T; N] as Index<I>>::index,verified,proved,local_surrogate,mechanical_desugaring,ordinary_acyclic,strict_faithful_admissible,,False,B,/home/chentianyu/nanvix-rust-std-spec-survey/rust/library/core/src/array/mod.rs,381-392,"Rust forwards directly with Index::index(self as &[T], index); the surrogate performs the same array-to-slice coercion through a local binding before the identical forwarding call."
std_specs__slice.rs__L92__core__hint__unreachable_unchecked,core::hint::unreachable_unchecked,core::hint::unreachable_unchecked,unverified,proved,local_surrogate,mechanical_desugaring,ordinary_acyclic,strict_faithful_admissible,,False,B,/home/chentianyu/nanvix-rust-std-spec-survey/rust/library/core/src/hint.rs,103-112,"The proof mechanically expands assert_unsafe_precondition! using ub_checks.rs:53-81 and reproduces check_language_ub (96-108), then makes the same intrinsics::unreachable call. The intrinsic contract is a smaller acyclic std contract; ghost-only helper variants do not change reachable target behavior under requires false."
std_specs__slice.rs__L150__T__iter,core::slice::iter,<[T]>::iter,unverified,blocked,no_passing_artifact,,,no_passing_artifact,,False,,,,"Downstream Verus cannot faithfully call or reconstruct `Iter::new`. The public `IntoIterator` producer calls this exact target, and any axiom linking a reconstruction to `spec_slice_iter` would merely restate the target contract."
std_specs__slice.rs__L158__a__T__as__core__iter__IntoIterator__into_iter,core::iter::IntoIterator::into_iter,<&'a [T] as core::iter::IntoIterator>::into_iter,verified,proved,local_surrogate,exact_body,ordinary_acyclic,strict_faithful_admissible,,False,B,/home/chentianyu/nanvix-rust-std-spec-survey/rust/library/core/src/slice/iter.rs,18-25,"The concrete shared-slice IntoIterator impl body is self.iter(), exactly matching the surrogate after receiver-to-argument renaming."
std_specs__slice.rs__L166__T__first,core::slice::first,<[T]>::first,verified,proved,local_surrogate,alternate_implementation,not_admissible_under_strict_policy,known_mismatch_or_inadmissible,,False,B,,,"Slice patterns, raw copy operations, or source panic paths are replaced by indexing, loops, or public slicing."
std_specs__slice.rs__L172__T__last,core::slice::last,<[T]>::last,verified,proved,local_surrogate,alternate_implementation,not_admissible_under_strict_policy,known_mismatch_or_inadmissible,,False,B,,,"Slice patterns, raw copy operations, or source panic paths are replaced by indexing, loops, or public slicing."
std_specs__slice.rs__L179__T__first_mut,core::slice::first_mut,<[T]>::first_mut,verified,proved,local_surrogate,alternate_implementation,not_admissible_under_strict_policy,known_mismatch_or_inadmissible,,False,B,,,"Slice patterns, raw copy operations, or source panic paths are replaced by indexing, loops, or public slicing."
std_specs__slice.rs__L187__T__last_mut,core::slice::last_mut,<[T]>::last_mut,verified,proved,local_surrogate,alternate_implementation,not_admissible_under_strict_policy,known_mismatch_or_inadmissible,,False,B,,,"Slice patterns, raw copy operations, or source panic paths are replaced by indexing, loops, or public slicing."
std_specs__slice.rs__L194__T__split_at,core::slice::split_at,<[T]>::split_at,verified,proved,local_surrogate,mechanical_desugaring,ordinary_acyclic,strict_faithful_admissible,,False,B,/home/chentianyu/nanvix-rust-std-spec-survey/rust/library/core/src/slice/mod.rs,1955-1961,"The split_at_checked match, Some return, None panic, and panic text are preserved; only the panic macro is mechanically adapted. The explicit split_at_checked specification is a smaller acyclic std contract."
std_specs__slice.rs__L203__T__split_at_mut,core::slice::split_at_mut,<[T]>::split_at_mut,verified,proved,local_surrogate,alternate_implementation,not_admissible_under_strict_policy,known_mismatch_or_inadmissible,,False,B,,,"Slice patterns, raw copy operations, or source panic paths are replaced by indexing, loops, or public slicing."
std_specs__slice.rs__L213__T__copy_from_slice,core::slice::copy_from_slice,<[T]>::copy_from_slice,unverified,proved,local_surrogate,alternate_implementation,not_admissible_under_strict_policy,known_mismatch_or_inadmissible,,False,B,,,"Slice patterns, raw copy operations, or source panic paths are replaced by indexing, loops, or public slicing."
std_specs__slice.rs__L243__T__copy_within__R,core::slice::copy_within,<[T]>::copy_within::<R>,unverified,proved,local_surrogate,alternate_implementation,not_admissible_under_strict_policy,known_mismatch_or_inadmissible,,False,B,,,"Slice patterns, raw copy operations, or source panic paths are replaced by indexing, loops, or public slicing."
std_specs__smart_ptrs.rs__L12__T__into_vec,core::slice::into_vec,<[T]>::into_vec,unverified,proved,local_surrogate,mechanical_desugaring,target_equivalent_axiom,known_mismatch_or_inadmissible,,False,C,/home/chentianyu/nanvix-rust-std-spec-survey/rust/library/alloc/src/slice.rs,480-485,"The executable sequence matches: obtain len, consume the Box into raw pointer plus allocator, then Vec::from_raw_parts_in(ptr, len, len, alloc). However axiom_box_slice_token_view and axiom_box_slice_into_vec_parts supply the allocation/view preservation that is effectively the target result relation."
std_specs__smart_ptrs.rs__L17__Box__T__new,alloc::boxed::Box::new,Box::<T>::new,verified,proved,local_surrogate,alternate_implementation,not_admissible_under_strict_policy,known_mismatch_or_inadmissible,,False,B,,,Private allocation/ownership fields and pointer operations are replaced by public APIs and a different algorithm.
std_specs__smart_ptrs.rs__L22__Box__T__as__core__default__Default__default,core::default::Default::default,"<Box<
    T,
> as core::default::Default>::default",verified,proved,local_surrogate,mechanical_desugaring,ordinary_acyclic,strict_faithful_admissible,,False,B,/home/chentianyu/nanvix-rust-std-spec-survey/rust/library/alloc/src/boxed.rs,2010-2028,"The source allocates Box<MaybeUninit<T>>, evaluates T::default(), writes it with ptr::write, and assumes initialization. The proof uses a local value and assignment to MaybeUninit; because MaybeUninit has no destructor, this is a mechanical store desugaring with the same unwind behavior."
std_specs__smart_ptrs.rs__L29__Rc__T__new,alloc::rc::Rc::new,Rc::<T>::new,unverified,proved,local_surrogate,circular_or_target_axiom,circular_or_target_axiom,known_mismatch_or_inadmissible,,False,C,,,An assumed Rc/Arc private-representation constructor directly supplies the target object.
std_specs__smart_ptrs.rs__L34__Rc__T__as__core__default__Default__default,core::default::Default::default,"<Rc<
    T,
> as core::default::Default>::default",unverified,proved,local_surrogate,alternate_implementation,ordinary_acyclic,known_mismatch_or_inadmissible,,False,B,/home/chentianyu/nanvix-rust-std-spec-survey/rust/library/alloc/src/rc.rs,2527-2549,The concrete impl directly allocates RcInner with strong=1 and weak=1 via Box::new_uninit/Box::write/Box::leak and Self::from_inner. The proof replaces all private allocation and counter initialization with Rc::new(T::default()).
std_specs__smart_ptrs.rs__L41__Arc__T__new,alloc::sync::Arc::new,Arc::<T>::new,unverified,proved,local_surrogate,circular_or_target_axiom,circular_or_target_axiom,known_mismatch_or_inadmissible,,False,C,,,An assumed Rc/Arc private-representation constructor directly supplies the target object.
std_specs__smart_ptrs.rs__L46__Arc__T__as__core__default__Default__default,core::default::Default::default,"<Arc<
    T,
> as core::default::Default>::default",unverified,proved,local_surrogate,alternate_implementation,ordinary_acyclic,known_mismatch_or_inadmissible,,False,B,/home/chentianyu/nanvix-rust-std-spec-survey/rust/library/alloc/src/sync.rs,3744-3770,The concrete impl directly builds ArcInner with atomic strong=1 and weak=1 and converts it with Self::from_inner. The proof substitutes Arc::new(T::default()) for those private operations.
std_specs__smart_ptrs.rs__L53__Box__T__A__as__Clone__clone,core::clone::Clone::clone,"<Box<T, A> as Clone>::clone",unverified,proved,local_surrogate,alternate_implementation,ordinary_acyclic,known_mismatch_or_inadmissible,,False,B,/home/chentianyu/nanvix-rust-std-spec-survey/rust/library/alloc/src/boxed.rs,2071-2094,"The source clones allocator field self.1 and invokes CloneToUninit. Its sized helper dispatches through core/src/clone.rs:648-653 to core/src/clone/uninit.rs:12-82, including a TrivialClone bulk-copy specialization. The proof uses public allocator(), T::clone, and MaybeUninit assignment instead of that private/specialized path."
std_specs__smart_ptrs.rs__L60__Rc__T__A__try_unwrap,alloc::rc::Rc::try_unwrap,"Rc::<T, A>::try_unwrap",unverified,proved,local_surrogate,alternate_implementation,not_admissible_under_strict_policy,known_mismatch_or_inadmissible,,False,C,,,Private allocation/ownership fields and pointer operations are replaced by public APIs and a different algorithm.
std_specs__smart_ptrs.rs__L71__Rc__T__A__into_inner,alloc::rc::Rc::into_inner,"Rc::<T, A>::into_inner",verified,proved,local_surrogate,exact_body,ordinary_acyclic,strict_faithful_admissible,,False,B,,,"Executable operations/control flow match the Rust source; differences are receiver/local renaming, qualification, or Verus-only annotations and ghost code."
std_specs__vec.rs__L93__Vec__T__A__len,alloc::vec::Vec::len,"Vec::<T, A>::len",unverified,proved,local_surrogate,alternate_implementation,not_admissible_under_strict_policy,known_mismatch_or_inadmissible,,False,B,,,"Private Vec/RawVec/pointer operations are replaced by public Vec methods, loops, or local surrogates."
std_specs__vec.rs__L100__Vec__T__new,alloc::vec::Vec::new,Vec::<T>::new,verified,proved,local_surrogate,alternate_implementation,not_admissible_under_strict_policy,known_mismatch_or_inadmissible,,False,B,,,"Private Vec/RawVec/pointer operations are replaced by public Vec methods, loops, or local surrogates."
std_specs__vec.rs__L105__Vec__T__as__core__default__Default__default,core::default::Default::default,<Vec<T> as core::default::Default>::default,verified,proved,local_surrogate,exact_body,ordinary_acyclic,strict_faithful_admissible,,False,B,/home/chentianyu/nanvix-rust-std-spec-survey/rust/library/alloc/src/vec/mod.rs,4311-4317,Both bodies return Vec::new() exactly.
std_specs__vec.rs__L110__Vec__T__A__new_in,alloc::vec::Vec::new_in,"Vec::<T, A>::new_in",unverified,proved,local_surrogate,alternate_implementation,not_admissible_under_strict_policy,known_mismatch_or_inadmissible,,False,B,,,"Private Vec/RawVec/pointer operations are replaced by public Vec methods, loops, or local surrogates."
std_specs__vec.rs__L115__Vec__T__with_capacity,alloc::vec::Vec::with_capacity,Vec::<T>::with_capacity,unverified,preproved,local_surrogate,alternate_implementation,not_admissible_under_strict_policy,known_mismatch_or_inadmissible,capacity_composed.rs,True,B,,,"Source calls Self::with_capacity_in(capacity, Global); surrogate uses Vec::new() followed by reserve(capacity)."
std_specs__vec.rs__L120__Vec__T__A__with_capacity_in,alloc::vec::Vec::with_capacity_in,"Vec::<T, A>::with_capacity_in",unverified,proved,local_surrogate,alternate_implementation,not_admissible_under_strict_policy,known_mismatch_or_inadmissible,,False,B,,,"Private Vec/RawVec/pointer operations are replaced by public Vec methods, loops, or local surrogates."
std_specs__vec.rs__L125__Vec__T__A__reserve,alloc::vec::Vec::reserve,"Vec::<T, A>::reserve",unverified,proved,local_surrogate,alternate_implementation,not_admissible_under_strict_policy,known_mismatch_or_inadmissible,,False,B,,,"Private Vec/RawVec/pointer operations are replaced by public Vec methods, loops, or local surrogates."
std_specs__vec.rs__L133__Vec__T__A__try_reserve,alloc::vec::Vec::try_reserve,"Vec::<T, A>::try_reserve",verified,proved,local_surrogate,alternate_implementation,not_admissible_under_strict_policy,known_mismatch_or_inadmissible,,False,B,,,"Private Vec/RawVec/pointer operations are replaced by public Vec methods, loops, or local surrogates."
std_specs__vec.rs__L141__Vec__T__A__push,alloc::vec::Vec::push,"Vec::<T, A>::push",verified,proved,local_surrogate,exact_body,ordinary_acyclic,strict_faithful_admissible,,False,B,,,"Executable operations/control flow match the Rust source; differences are receiver/local renaming, qualification, or Verus-only annotations and ghost code."
std_specs__vec.rs__L146__Vec__T__A__pop,alloc::vec::Vec::pop,"Vec::<T, A>::pop",verified,proved,local_surrogate,alternate_implementation,not_admissible_under_strict_policy,known_mismatch_or_inadmissible,,False,B,,,"Private Vec/RawVec/pointer operations are replaced by public Vec methods, loops, or local surrogates."
std_specs__vec.rs__L154__Vec__T__A__append,alloc::vec::Vec::append,"Vec::<T, A>::append",unverified,proved,local_surrogate,alternate_implementation,not_admissible_under_strict_policy,known_mismatch_or_inadmissible,,False,B,,,"Private Vec/RawVec/pointer operations are replaced by public Vec methods, loops, or local surrogates."
std_specs__vec.rs__L163__Vec__T__A__extend_from_slice,alloc::vec::Vec::extend_from_slice,"Vec::<T, A>::extend_from_slice",verified,proved,local_surrogate,alternate_implementation,not_admissible_under_strict_policy,known_mismatch_or_inadmissible,,False,B,,,"Private Vec/RawVec/pointer operations are replaced by public Vec methods, loops, or local surrogates."
std_specs__vec.rs__L184__Vec__T__A__index,alloc::vec::Vec::index,"Vec::<T, A>::index",unverified,proved,local_surrogate,exact_body,ordinary_acyclic,strict_faithful_admissible,,False,B,/home/chentianyu/nanvix-rust-std-spec-survey/rust/library/alloc/src/vec/mod.rs,3874-3880,"The concrete Index impl and proof both execute Index::index(&**vec, index); only receiver naming and proof annotations differ."
std_specs__vec.rs__L192__Vec__T__A__swap_remove,alloc::vec::Vec::swap_remove,"Vec::<T, A>::swap_remove",unverified,proved,local_surrogate,alternate_implementation,not_admissible_under_strict_policy,known_mismatch_or_inadmissible,,False,B,,,"Private Vec/RawVec/pointer operations are replaced by public Vec methods, loops, or local surrogates."
std_specs__vec.rs__L203__Vec__T__A__insert,alloc::vec::Vec::insert,"Vec::<T, A>::insert",verified,proved,local_surrogate,exact_body,ordinary_acyclic,strict_faithful_admissible,,False,B,,,"Executable operations/control flow match the Rust source; differences are receiver/local renaming, qualification, or Verus-only annotations and ghost code."
std_specs__vec.rs__L214__Vec__T__A__is_empty,alloc::vec::Vec::is_empty,"<Vec<T, A>>::is_empty",verified,proved,local_surrogate,exact_body,ordinary_acyclic,strict_faithful_admissible,,False,B,,,"Executable operations/control flow match the Rust source; differences are receiver/local renaming, qualification, or Verus-only annotations and ghost code."
std_specs__vec.rs__L220__Vec__T__A__remove,alloc::vec::Vec::remove,"Vec::<T, A>::remove",verified,proved,local_surrogate,mechanical_desugaring,ordinary_acyclic,strict_faithful_admissible,,False,B,,,The target try_remove match is preserved; only the nested panic helper is relocated and ghost annotations are added.
std_specs__vec.rs__L231__Vec__T__A__clear,alloc::vec::Vec::clear,"Vec::<T, A>::clear",verified,proved,local_surrogate,alternate_implementation,not_admissible_under_strict_policy,known_mismatch_or_inadmissible,,False,B,,,"Private Vec/RawVec/pointer operations are replaced by public Vec methods, loops, or local surrogates."
std_specs__vec.rs__L236__Vec__T__A__as_slice,alloc::vec::Vec::as_slice,"Vec::<T, A>::as_slice",unverified,proved,local_surrogate,alternate_implementation,not_admissible_under_strict_policy,known_mismatch_or_inadmissible,,False,B,,,"Private Vec/RawVec/pointer operations are replaced by public Vec methods, loops, or local surrogates."
std_specs__vec.rs__L242__Vec__T__A__as_mut_slice,alloc::vec::Vec::as_mut_slice,"Vec::<T, A>::as_mut_slice",unverified,proved,local_surrogate,circular_or_target_axiom,circular_or_target_axiom,known_mismatch_or_inadmissible,,False,C,,,A private Vec buffer synchronization axiom directly supplies the target mutable-slice semantics.
std_specs__vec.rs__L248__Vec__T__A__as__core__ops__Deref__deref,core::ops::Deref::deref,"<Vec<T, A> as core::ops::Deref>::deref",verified,proved,local_surrogate,exact_body,ordinary_acyclic,strict_faithful_admissible,,False,B,/home/chentianyu/nanvix-rust-std-spec-survey/rust/library/alloc/src/vec/mod.rs,3792-3798,Both bodies return self.as_slice() exactly.
std_specs__vec.rs__L255__Vec__T__A__as__core__ops__DerefMut__deref_mut,core::ops::DerefMut::deref_mut,"<Vec<T, A> as core::ops::DerefMut>::deref_mut",verified,proved,local_surrogate,exact_body,ordinary_acyclic,strict_faithful_admissible,,False,B,/home/chentianyu/nanvix-rust-std-spec-survey/rust/library/alloc/src/vec/mod.rs,3803-3807,Both bodies return self.as_mut_slice() exactly.
std_specs__vec.rs__L263__Vec__T__A__split_off,alloc::vec::Vec::split_off,"Vec::<T, A>::split_off",unverified,proved,local_surrogate,alternate_implementation,not_admissible_under_strict_policy,known_mismatch_or_inadmissible,,False,B,,,"Private Vec/RawVec/pointer operations are replaced by public Vec methods, loops, or local surrogates."
std_specs__vec.rs__L278__Vec__T__A__as__Clone__clone,core::clone::Clone::clone,"<Vec<T, A> as Clone>::clone",verified,proved,local_surrogate,alternate_implementation,ordinary_acyclic,known_mismatch_or_inadmissible,,False,B,/home/chentianyu/nanvix-rust-std-spec-survey/rust/library/alloc/src/vec/mod.rs,3815-3827,"The source calls <[T]>::to_vec_in. That helper at alloc/src/slice.rs:396-460 uses spare-capacity writes plus a DropGuard, or a TrivialClone bulk copy. The proof substitutes an indexed clone-and-Vec::push loop, changing the private algorithm and specialization path."
std_specs__vec.rs__L300__Vec__T__A__truncate,alloc::vec::Vec::truncate,"Vec::<T, A>::truncate",unverified,proved,local_surrogate,alternate_implementation,not_admissible_under_strict_policy,known_mismatch_or_inadmissible,,False,B,,,"Private Vec/RawVec/pointer operations are replaced by public Vec methods, loops, or local surrogates."
std_specs__vec.rs__L306__Vec__T__A__resize,alloc::vec::Vec::resize,"Vec::<T, A>::resize",verified,proved,local_surrogate,alternate_implementation,not_admissible_under_strict_policy,known_mismatch_or_inadmissible,,False,B,,,"Private Vec/RawVec/pointer operations are replaced by public Vec methods, loops, or local surrogates."
std_specs__vec.rs__L343__Vec__T__A1__as__PartialEq__Vec__U__A2__eq,core::cmp::PartialEq::eq,"<Vec<T, A1> as PartialEq<Vec<U, A2>>>::eq",unverified,proved,local_surrogate,alternate_implementation,ordinary_acyclic,known_mismatch_or_inadmissible,,False,C,/home/chentianyu/nanvix-rust-std-spec-survey/rust/library/alloc/src/vec/partial_eq.rs,6-22,"The macro expands eq to self[..] == other[..]. Slice equality at core/src/slice/cmp.rs:14-27 dispatches to SlicePartialEq, including the BytewiseEq compare_bytes specialization at lines 146-160. The proof hard-codes only an element-by-element loop, so it is not the full concrete implementation."
std_specs__vec.rs__L409__alloc__vec__from_elem,alloc::vec::from_elem,alloc::vec::from_elem,unverified,proved,local_surrogate,alternate_implementation,ordinary_acyclic,known_mismatch_or_inadmissible,,False,B,/home/chentianyu/nanvix-rust-std-spec-survey/rust/library/alloc/src/vec/mod.rs,3713-3719,"The concrete function dispatches to SpecFromElem. alloc/src/vec/spec_from_elem.rs:8-74 has generic, IsZero, i8, u8, and unit specializations; the generic helper further uses private extend_with at vec/mod.rs:3655-3685. The proof supplies one Vec::push algorithm and misses those paths."
std_specs__vec.rs__L446__Vec__T__A__into_iter,alloc::vec::Vec::into_iter,"Vec::<T, A>::into_iter",unverified,blocked,no_passing_artifact,,,no_passing_artifact,,False,,,,The body accesses private Vec/RawVec fields and constructs IntoIter through private fields. No public non-circular constructor exists; bridging this representation would merely restate the target contract.
std_specs__vec.rs__L457__a__Vec__T__A__as__core__iter__IntoIterator__into_iter,core::iter::IntoIterator::into_iter,"<&'a Vec<T, A> as core::iter::IntoIterator>::into_iter",unverified,proved,local_surrogate,mechanical_desugaring,target_equivalent_axiom,known_mismatch_or_inadmissible,,False,C,/home/chentianyu/nanvix-rust-std-spec-survey/rust/library/alloc/src/vec/mod.rs,3985-3991,self.iter() resolves through Vec deref to slice iteration; the proof makes that autoderef explicit. But axiom_vec_iter_model_coherence directly equates the borrowed-Vec iterator model with the slice iterator model needed for the target postcondition.
std_specs__vecdeque.rs__L71__VecDeque__T__A__index,alloc::collections::vec_deque::VecDeque::index,"VecDeque::<T, A>::index",verified,proved,local_surrogate,exact_body,ordinary_acyclic,strict_faithful_admissible,,False,B,/home/chentianyu/nanvix-rust-std-spec-survey/rust/library/alloc/src/collections/vec_deque/mod.rs,3806-3812,"Both bodies execute get(index).expect(""Out of bounds access"") with the same panic text and control flow."
std_specs__vecdeque.rs__L80__VecDeque__T__A__len,alloc::collections::vec_deque::VecDeque::len,"VecDeque::<T, A>::len",unverified,proved,local_surrogate,alternate_implementation,not_admissible_under_strict_policy,known_mismatch_or_inadmissible,,False,B,,,"Private ring-buffer fields/pointers/copies are replaced by public methods, slices, swaps, or loops."
std_specs__vecdeque.rs__L86__VecDeque__T__new,alloc::collections::vec_deque::VecDeque::new,VecDeque::<T>::new,unverified,proved,local_surrogate,alternate_implementation,not_admissible_under_strict_policy,known_mismatch_or_inadmissible,,False,B,,,"Private ring-buffer fields/pointers/copies are replaced by public methods, slices, swaps, or loops."
std_specs__vecdeque.rs__L91__VecDeque__T__as__core__default__Default__default,core::default::Default::default,<VecDeque<T> as core::default::Default>::default,verified,preproved,local_surrogate,mechanical_desugaring,ordinary_acyclic,strict_faithful_admissible,collections.rs,True,B,,,Concrete Rust impl body is VecDeque::new(); surrogate executes VecDeque::new(). Bulk metadata exposed only the trait declaration.
std_specs__vecdeque.rs__L98__VecDeque__T__with_capacity,alloc::collections::vec_deque::VecDeque::with_capacity,VecDeque::<T>::with_capacity,unverified,preproved,local_surrogate,alternate_implementation,not_admissible_under_strict_policy,known_mismatch_or_inadmissible,capacity_composed.rs,True,B,,,"Source calls Self::with_capacity_in(capacity, Global); surrogate uses VecDeque::new() followed by reserve(capacity)."
std_specs__vecdeque.rs__L103__VecDeque__T__A__reserve,alloc::collections::vec_deque::VecDeque::reserve,"VecDeque::<T, A>::reserve",unverified,proved,local_surrogate,alternate_implementation,not_admissible_under_strict_policy,known_mismatch_or_inadmissible,,False,B,,,"Private ring-buffer fields/pointers/copies are replaced by public methods, slices, swaps, or loops."
std_specs__vecdeque.rs__L111__VecDeque__T__A__reserve_exact,alloc::collections::vec_deque::VecDeque::reserve_exact,"VecDeque::<T, A>::reserve_exact",unverified,proved,local_surrogate,alternate_implementation,not_admissible_under_strict_policy,known_mismatch_or_inadmissible,,False,B,,,"Private ring-buffer fields/pointers/copies are replaced by public methods, slices, swaps, or loops."
std_specs__vecdeque.rs__L119__VecDeque__T__A__try_reserve_exact,alloc::collections::vec_deque::VecDeque::try_reserve_exact,"VecDeque::<T, A>::try_reserve_exact",unverified,proved,local_surrogate,alternate_implementation,not_admissible_under_strict_policy,known_mismatch_or_inadmissible,,False,B,,,"Private ring-buffer fields/pointers/copies are replaced by public methods, slices, swaps, or loops."
std_specs__vecdeque.rs__L127__VecDeque__T__A__push_back,alloc::collections::vec_deque::VecDeque::push_back,"VecDeque::<T, A>::push_back",unverified,proved,local_surrogate,exact_body,ordinary_acyclic,strict_faithful_admissible,,False,B,,,"Executable operations/control flow match the Rust source; differences are receiver/local renaming, qualification, or Verus-only annotations and ghost code."
std_specs__vecdeque.rs__L135__VecDeque__T__A__push_front,alloc::collections::vec_deque::VecDeque::push_front,"VecDeque::<T, A>::push_front",unverified,proved,local_surrogate,exact_body,ordinary_acyclic,strict_faithful_admissible,,False,B,,,"Executable operations/control flow match the Rust source; differences are receiver/local renaming, qualification, or Verus-only annotations and ghost code."
std_specs__vecdeque.rs__L143__VecDeque__T__A__pop_back,alloc::collections::vec_deque::VecDeque::pop_back,"VecDeque::<T, A>::pop_back",unverified,proved,local_surrogate,alternate_implementation,not_admissible_under_strict_policy,known_mismatch_or_inadmissible,,False,B,,,"Private ring-buffer fields/pointers/copies are replaced by public methods, slices, swaps, or loops."
std_specs__vecdeque.rs__L160__VecDeque__T__A__pop_front,alloc::collections::vec_deque::VecDeque::pop_front,"VecDeque::<T, A>::pop_front",unverified,proved,local_surrogate,alternate_implementation,not_admissible_under_strict_policy,known_mismatch_or_inadmissible,,False,B,,,"Private ring-buffer fields/pointers/copies are replaced by public methods, slices, swaps, or loops."
std_specs__vecdeque.rs__L177__VecDeque__T__A__swap_remove_back,alloc::collections::vec_deque::VecDeque::swap_remove_back,"VecDeque::<T, A>::swap_remove_back",verified,preproved,local_surrogate,alternate_implementation,not_admissible_under_strict_policy,known_mismatch_or_inadmissible,vecdeque.rs,True,B,,,Source reads the private field self.len; surrogate replaces it with the public v.len() method before otherwise matching the control flow.
std_specs__vecdeque.rs__L195__VecDeque__T__A__swap_remove_front,alloc::collections::vec_deque::VecDeque::swap_remove_front,"VecDeque::<T, A>::swap_remove_front",verified,preproved,local_surrogate,alternate_implementation,not_admissible_under_strict_policy,known_mismatch_or_inadmissible,vecdeque.rs,True,B,,,Source reads the private field self.len; surrogate replaces it with the public v.len() method before otherwise matching the control flow.
std_specs__vecdeque.rs__L216__VecDeque__T__A__is_empty,alloc::collections::vec_deque::VecDeque::is_empty,"VecDeque::<T, A>::is_empty",verified,preproved,local_surrogate,alternate_implementation,not_admissible_under_strict_policy,known_mismatch_or_inadmissible,collections.rs,True,B,,,Source computes the private field expression self.len == 0; surrogate calls deque.len() == 0.
std_specs__vecdeque.rs__L223__VecDeque__T__A__front,alloc::collections::vec_deque::VecDeque::front,"VecDeque::<T, A>::front",verified,preproved,local_surrogate,mechanical_desugaring,ordinary_acyclic,strict_faithful_admissible,collections.rs,True,B,,,Both bodies call get(0); only receiver-to-argument conversion and proof contracts were added.
std_specs__vecdeque.rs__L230__VecDeque__T__A__back,alloc::collections::vec_deque::VecDeque::back,"VecDeque::<T, A>::back",verified,preproved,local_surrogate,alternate_implementation,not_admissible_under_strict_policy,known_mismatch_or_inadmissible,collections.rs,True,B,,,Source uses private field self.len in get(self.len.wrapping_sub(1)); surrogate replaces it with deque.len().
std_specs__vecdeque.rs__L237__VecDeque__T__A__get,alloc::collections::vec_deque::VecDeque::get,"VecDeque::<T, A>::get",unverified,proved,local_surrogate,alternate_implementation,not_admissible_under_strict_policy,known_mismatch_or_inadmissible,,False,B,,,"Private ring-buffer fields/pointers/copies are replaced by public methods, slices, swaps, or loops."
std_specs__vecdeque.rs__L246__VecDeque__T__A__as_slices,alloc::collections::vec_deque::VecDeque::as_slices,"VecDeque::<T, A>::as_slices",unverified,blocked,no_passing_artifact,,,no_passing_artifact,,False,,,,"Downstream code cannot access `len`, `slice_ranges`, `buffer_range`, or the backing buffer. `iter()` is circular because it calls `as_slices`; other public alternatives lack sufficient vstd contracts. Any required bridge axiom would restate the target contract."
std_specs__vecdeque.rs__L253__VecDeque__T__A__contains,alloc::collections::vec_deque::VecDeque::contains,"VecDeque::<T, A>::contains",verified,proved,local_surrogate,alternate_implementation,not_admissible_under_strict_policy,known_mismatch_or_inadmissible,,False,B,,,"Private ring-buffer fields/pointers/copies are replaced by public methods, slices, swaps, or loops."
std_specs__vecdeque.rs__L263__VecDeque__T__A__rotate_left,alloc::collections::vec_deque::VecDeque::rotate_left,"VecDeque::<T, A>::rotate_left",unverified,proved,local_surrogate,alternate_implementation,not_admissible_under_strict_policy,known_mismatch_or_inadmissible,,False,B,,,"Private ring-buffer fields/pointers/copies are replaced by public methods, slices, swaps, or loops."
std_specs__vecdeque.rs__L276__VecDeque__T__A__rotate_right,alloc::collections::vec_deque::VecDeque::rotate_right,"VecDeque::<T, A>::rotate_right",unverified,proved,local_surrogate,alternate_implementation,not_admissible_under_strict_policy,known_mismatch_or_inadmissible,,False,B,,,"Private ring-buffer fields/pointers/copies are replaced by public methods, slices, swaps, or loops."
std_specs__vecdeque.rs__L288__VecDeque__T__A__swap,alloc::collections::vec_deque::VecDeque::swap,"VecDeque::<T, A>::swap",unverified,proved,local_surrogate,alternate_implementation,not_admissible_under_strict_policy,known_mismatch_or_inadmissible,,False,B,,,"Private ring-buffer fields/pointers/copies are replaced by public methods, slices, swaps, or loops."
std_specs__vecdeque.rs__L303__VecDeque__T__A__append,alloc::collections::vec_deque::VecDeque::append,"VecDeque::<T, A>::append",unverified,proved,local_surrogate,alternate_implementation,not_admissible_under_strict_policy,known_mismatch_or_inadmissible,,False,B,,,"Private ring-buffer fields/pointers/copies are replaced by public methods, slices, swaps, or loops."
std_specs__vecdeque.rs__L312__VecDeque__T__A__insert,alloc::collections::vec_deque::VecDeque::insert,"VecDeque::<T, A>::insert",unverified,proved,local_surrogate,exact_body,ordinary_acyclic,strict_faithful_admissible,,False,B,,,"Executable operations/control flow match the Rust source; differences are receiver/local renaming, qualification, or Verus-only annotations and ghost code."
std_specs__vecdeque.rs__L323__VecDeque__T__A__remove,alloc::collections::vec_deque::VecDeque::remove,"VecDeque::<T, A>::remove",unverified,proved,local_surrogate,alternate_implementation,not_admissible_under_strict_policy,known_mismatch_or_inadmissible,,False,B,,,"Private ring-buffer fields/pointers/copies are replaced by public methods, slices, swaps, or loops."
std_specs__vecdeque.rs__L341__VecDeque__T__A__clear,alloc::collections::vec_deque::VecDeque::clear,"VecDeque::<T, A>::clear",unverified,proved,local_surrogate,alternate_implementation,not_admissible_under_strict_policy,known_mismatch_or_inadmissible,,False,B,,,"Private ring-buffer fields/pointers/copies are replaced by public methods, slices, swaps, or loops."
std_specs__vecdeque.rs__L346__VecDeque__T__A__split_off,alloc::collections::vec_deque::VecDeque::split_off,"VecDeque::<T, A>::split_off",unverified,proved,local_surrogate,alternate_implementation,not_admissible_under_strict_policy,known_mismatch_or_inadmissible,,False,B,,,"Private ring-buffer fields/pointers/copies are replaced by public methods, slices, swaps, or loops."
std_specs__vecdeque.rs__L364__VecDeque__T__A__as__Clone__clone,core::clone::Clone::clone,"<VecDeque<T, A> as Clone>::clone",verified,proved,local_surrogate,alternate_implementation,ordinary_acyclic,known_mismatch_or_inadmissible,,False,B,/home/chentianyu/nanvix-rust-std-spec-survey/rust/library/alloc/src/collections/vec_deque/mod.rs,119-124,The source calls deq.extend(self.iter().cloned()). Extend dispatches through SpecExtend; the TrustedLen path at collections/vec_deque/spec_extend.rs:44-76 reserves once and uses write_iter_wrapping/private writes. The proof replaces it with indexed clone and public push_back calls.
std_specs__vecdeque.rs__L374__VecDeque__T__A__truncate,alloc::collections::vec_deque::VecDeque::truncate,"VecDeque::<T, A>::truncate",unverified,proved,local_surrogate,alternate_implementation,not_admissible_under_strict_policy,known_mismatch_or_inadmissible,,False,B,,,"Private ring-buffer fields/pointers/copies are replaced by public methods, slices, swaps, or loops."
std_specs__vecdeque.rs__L383__VecDeque__T__A__resize,alloc::collections::vec_deque::VecDeque::resize,"VecDeque::<T, A>::resize",verified,proved,local_surrogate,alternate_implementation,not_admissible_under_strict_policy,known_mismatch_or_inadmissible,,False,B,,,"Private ring-buffer fields/pointers/copies are replaced by public methods, slices, swaps, or loops."
std_specs__vecdeque.rs__L471__VecDeque__T__A__iter,alloc::collections::vec_deque::VecDeque::iter,"VecDeque::<T, A>::iter",unverified,blocked,no_passing_artifact,,,no_passing_artifact,,False,,,,Downstream Verus cannot call or reconstruct `Iter::new`. Public alternatives either call this target or lack a sound link to `spec_iter`; adding such an axiom would merely restate the target contract.
string.rs__L85__str__is_ascii,core::str::is_ascii,str::is_ascii,verified,proved,local_surrogate,exact_body,ordinary_acyclic,strict_faithful_admissible,,False,B,,,"Executable operations/control flow match the Rust source; differences are receiver/local renaming, qualification, or Verus-only annotations and ghost code."
string.rs__L94__str__to_owned,core::str::to_owned,str::to_owned,verified,proved,local_surrogate,mechanical_desugaring,ordinary_acyclic,strict_faithful_admissible,,False,B,/home/chentianyu/nanvix-rust-std-spec-survey/rust/library/alloc/src/str.rs,246-252,The concrete expression is unsafe String::from_utf8_unchecked(self.as_bytes().to_owned()). The proof only introduces locals and ghost UTF-8 reasoning while retaining the identical executable helper calls; slice ToOwned is concrete at alloc/src/slice.rs:838-843.
string.rs__L100__str__as_bytes,core::str::as_bytes,str::as_bytes,unverified,proved,local_surrogate,circular_or_target_axiom,circular_or_target_axiom,known_mismatch_or_inadmissible,,False,C,,,A str/byte-slice representation axiom directly establishes the target view.
string.rs__L107__str__len,core::str::len,str::len,verified,proved,local_surrogate,exact_body,ordinary_acyclic,strict_faithful_admissible,,False,B,,,"Executable operations/control flow match the Rust source; differences are receiver/local renaming, qualification, or Verus-only annotations and ghost code."
string.rs__L114__str__is_empty,core::str::is_empty,str::is_empty,verified,proved,local_surrogate,alternate_implementation,not_admissible_under_strict_policy,known_mismatch_or_inadmissible,,False,B,,,"Private String/str backing access or internal calls are replaced by public byte APIs, local surrogates, arithmetic, or different failure handling."
string.rs__L121__str__is_char_boundary,core::str::is_char_boundary,str::is_char_boundary,verified,proved,local_surrogate,alternate_implementation,not_admissible_under_strict_policy,known_mismatch_or_inadmissible,,False,B,,,"Private String/str backing access or internal calls are replaced by public byte APIs, local surrogates, arithmetic, or different failure handling."
string.rs__L127__str__split_at,core::str::split_at,str::split_at,verified,proved,local_surrogate,alternate_implementation,not_admissible_under_strict_policy,known_mismatch_or_inadmissible,,False,B,,,"Private String/str backing access or internal calls are replaced by public byte APIs, local surrogates, arithmetic, or different failure handling."
string.rs__L136__str__from_utf8_unchecked,core::str::from_utf8_unchecked,str::from_utf8_unchecked,unverified,proved,local_surrogate,circular_or_target_axiom,circular_or_target_axiom,known_mismatch_or_inadmissible,,False,C,,,A str/byte-slice representation axiom directly establishes the target view.
string.rs__L158__T__as__ToString__to_string,alloc::string::ToString::to_string,<T as ToString>::to_string,unverified,blocked,no_passing_artifact,,,no_passing_artifact,,False,,,,The generic vstd predicate is uninterpreted and has no formatting bridge. Proving it downstream would require a prohibited target-restating axiom.
string.rs__L332__String__as_str,alloc::string::String::as_str,String::as_str,verified,proved,local_surrogate,alternate_implementation,not_admissible_under_strict_policy,known_mismatch_or_inadmissible,,False,B,,,"Private String/str backing access or internal calls are replaced by public byte APIs, local surrogates, arithmetic, or different failure handling."
string.rs__L339__String__as__core__ops__Deref__deref,core::ops::Deref::deref,<String as core::ops::Deref>::deref,verified,proved,local_surrogate,exact_body,ordinary_acyclic,strict_faithful_admissible,,False,B,/home/chentianyu/nanvix-rust-std-spec-survey/rust/library/alloc/src/string.rs,2845-2851,Both bodies return self.as_str() exactly.
string.rs__L345__String__as__Clone__clone,core::clone::Clone::clone,<String as Clone>::clone,unverified,blocked,no_passing_artifact,,,no_passing_artifact,,False,,,,"`String::vec` is private. Public reconstruction proves only `res@ == s@`, not the required opaque equality `res == s`; bridging them would restate the target contract as an axiom."
string.rs__L351__String__as__PartialEq__eq,core::cmp::PartialEq::eq,<String as PartialEq>::eq,unverified,proved,local_surrogate,alternate_implementation,ordinary_acyclic,known_mismatch_or_inadmissible,,False,C,/home/chentianyu/nanvix-rust-std-spec-survey/rust/library/alloc/src/string.rs,350-355,"derive(PartialEq) compares the sole vec field through Vec<u8>::eq. That macro-generated impl is at alloc/src/vec/partial_eq.rs:6-22 and reaches the BytewiseEq compare_bytes specialization in core/src/slice/cmp.rs:146-160. The proof substitutes a manual byte loop, changing the concrete algorithm."
string.rs__L357__String__new,alloc::string::String::new,String::new,unverified,proved,local_surrogate,alternate_implementation,not_admissible_under_strict_policy,known_mismatch_or_inadmissible,,False,B,,,"Private String/str backing access or internal calls are replaced by public byte APIs, local surrogates, arithmetic, or different failure handling."
string.rs__L363__String__as__core__default__Default__default,core::default::Default::default,<String as core::default::Default>::default,verified,proved,local_surrogate,exact_body,ordinary_acyclic,strict_faithful_admissible,,False,B,/home/chentianyu/nanvix-rust-std-spec-survey/rust/library/alloc/src/string.rs,2727-2732,Both bodies return String::new() exactly.
string.rs__L452__str__chars,core::str::chars,str::chars,unverified,blocked,no_passing_artifact,,,no_passing_artifact,,False,,,,No public non-circular constructor exists. A transmute bridge proving equality to `spec_iter` and the iterator laws would merely restate the target contract.
