canonical_path,representative_display_path,modules,kinds,stability,declaration_count,source_locations,has_approximate_alias
alloc::alloc::alloc,alloc::alloc::alloc,alloc::alloc;std::alloc,free_function,stable,1,alloc/src/alloc.rs:95,False
alloc::alloc::alloc_zeroed,alloc::alloc::alloc_zeroed,alloc::alloc;std::alloc,free_function,stable,1,alloc/src/alloc.rs:192,False
alloc::alloc::dealloc,alloc::alloc::dealloc,alloc::alloc;std::alloc,free_function,stable,1,alloc/src/alloc.rs:120,False
alloc::alloc::handle_alloc_error,alloc::alloc::handle_alloc_error,alloc::alloc;std::alloc,free_function,stable,1,alloc/src/alloc.rs:543,False
alloc::alloc::realloc,alloc::alloc::realloc,alloc::alloc;std::alloc,free_function,stable,1,alloc/src/alloc.rs:147,False
alloc::borrow::Cow::into_owned,alloc::borrow::Cow::into_owned,alloc::borrow;std::borrow,inherent_method,stable,1,alloc/src/borrow.rs:331,False
alloc::borrow::Cow::to_mut,alloc::borrow::Cow::to_mut,alloc::borrow;std::borrow,inherent_method,stable,1,alloc/src/borrow.rs:283,False
alloc::borrow::ToOwned::clone_into,alloc::borrow::ToOwned::clone_into,alloc::borrow;std::borrow,trait_method,stable,1,alloc/src/borrow.rs:66,False
alloc::borrow::ToOwned::to_owned,alloc::borrow::ToOwned::to_owned,alloc::borrow;std::borrow,trait_method,stable,1,alloc/src/borrow.rs:48,False
alloc::boxed::Box::as_mut_ptr,alloc::boxed::Box::as_mut_ptr,alloc::boxed,inherent_method,stable,1,alloc/src/boxed.rs:1787,False
alloc::boxed::Box::as_ptr,alloc::boxed::Box::as_ptr,alloc::boxed,inherent_method,stable,1,alloc/src/boxed.rs:1836,False
alloc::boxed::Box::assume_init,alloc::boxed::Box::assume_init,alloc::boxed,inherent_method,stable,2,alloc/src/boxed.rs:1201;alloc/src/boxed.rs:1270,False
alloc::boxed::Box::downcast,alloc::boxed::Box::downcast,alloc::boxed,inherent_method,stable,3,alloc/src/boxed/convert.rs:333;alloc/src/boxed/convert.rs:392;alloc/src/boxed/convert.rs:451,False
alloc::boxed::Box::from_raw,alloc::boxed::Box::from_raw,alloc::boxed,inherent_method,stable,1,alloc/src/boxed.rs:1324,False
alloc::boxed::Box::into_pin,alloc::boxed::Box::into_pin,alloc::boxed,inherent_method,stable,1,alloc/src/boxed.rs:1980,False
alloc::boxed::Box::into_raw,alloc::boxed::Box::into_raw,alloc::boxed,inherent_method,stable,1,alloc/src/boxed.rs:1434,False
alloc::boxed::Box::leak,alloc::boxed::Box::leak,alloc::boxed,inherent_method,stable,1,alloc/src/boxed.rs:1940,False
alloc::boxed::Box::new_uninit_slice,alloc::boxed::Box::new_uninit_slice,alloc::boxed,inherent_method,stable,1,alloc/src/boxed.rs:918,False
alloc::boxed::Box::new_zeroed,alloc::boxed::Box::new_zeroed,alloc::boxed,inherent_method,stable,1,alloc/src/boxed.rs:342,False
alloc::boxed::Box::new_zeroed_slice,alloc::boxed::Box::new_zeroed_slice,alloc::boxed,inherent_method,stable,1,alloc/src/boxed.rs:941,False
alloc::boxed::Box::pin,alloc::boxed::Box::pin,alloc::boxed,inherent_method,stable,1,alloc/src/boxed.rs:357,False
alloc::boxed::Box::write,alloc::boxed::Box::write,alloc::boxed,inherent_method,stable,1,alloc/src/boxed.rs:1235,False
alloc::boxed::BoxedArrayIntoIter::as_mut_slice,alloc::boxed::BoxedArrayIntoIter::as_mut_slice,alloc::boxed,inherent_method,stable,1,alloc/src/boxed/iter.rs:248,False
alloc::boxed::BoxedArrayIntoIter::as_slice,alloc::boxed::BoxedArrayIntoIter::as_slice,alloc::boxed,inherent_method,stable,1,alloc/src/boxed/iter.rs:242,False
alloc::collections::BTreeMap::append,alloc::collections::BTreeMap::append,alloc::collections;alloc::collections::btree_map;std::collections,inherent_method,stable,1,alloc/src/collections/btree/map.rs:1236,False
alloc::collections::BTreeMap::entry,alloc::collections::BTreeMap::entry,alloc::collections;alloc::collections::btree_map;std::collections,inherent_method,stable,1,alloc/src/collections/btree/map.rs:1501,False
alloc::collections::BTreeMap::extract_if,alloc::collections::BTreeMap::extract_if,alloc::collections;alloc::collections::btree_map;std::collections,inherent_method,stable,1,alloc/src/collections/btree/map.rs:1624,False
alloc::collections::BTreeMap::first_entry,alloc::collections::BTreeMap::first_entry,alloc::collections;alloc::collections::btree_map;std::collections,inherent_method,stable,1,alloc/src/collections/btree/map.rs:838,False
alloc::collections::BTreeMap::first_key_value,alloc::collections::BTreeMap::first_key_value,alloc::collections;alloc::collections::btree_map;std::collections,inherent_method,stable,1,alloc/src/collections/btree/map.rs:810,False
alloc::collections::BTreeMap::get_key_value,alloc::collections::BTreeMap::get_key_value,alloc::collections;alloc::collections::btree_map;std::collections,inherent_method,stable,1,alloc/src/collections/btree/map.rs:783,False
alloc::collections::BTreeMap::get_mut,alloc::collections::BTreeMap::get_mut,alloc::collections;alloc::collections::btree_map;std::collections,inherent_method,stable,1,alloc/src/collections/btree/map.rs:1006,False
alloc::collections::BTreeMap::into_keys,alloc::collections::BTreeMap::into_keys,alloc::collections;alloc::collections::btree_map;std::collections,inherent_method,stable,1,alloc/src/collections/btree/map.rs:1682,False
alloc::collections::BTreeMap::into_values,alloc::collections::BTreeMap::into_values,alloc::collections;alloc::collections::btree_map;std::collections,inherent_method,stable,1,alloc/src/collections/btree/map.rs:1704,False
alloc::collections::BTreeMap::iter_mut,alloc::collections::BTreeMap::iter_mut,alloc::collections;alloc::collections::btree_map;std::collections,inherent_method,stable,1,alloc/src/collections/btree/map.rs:2734,False
alloc::collections::BTreeMap::last_entry,alloc::collections::BTreeMap::last_entry,alloc::collections;alloc::collections::btree_map;std::collections,inherent_method,stable,1,alloc/src/collections/btree/map.rs:921,False
alloc::collections::BTreeMap::last_key_value,alloc::collections::BTreeMap::last_key_value,alloc::collections;alloc::collections::btree_map;std::collections,inherent_method,stable,1,alloc/src/collections/btree/map.rs:893,False
alloc::collections::BTreeMap::pop_first,alloc::collections::BTreeMap::pop_first,alloc::collections;alloc::collections::btree_map;std::collections,inherent_method,stable,1,alloc/src/collections/btree/map.rs:872,False
alloc::collections::BTreeMap::pop_last,alloc::collections::BTreeMap::pop_last,alloc::collections;alloc::collections::btree_map;std::collections,inherent_method,stable,1,alloc/src/collections/btree/map.rs:955,False
alloc::collections::BTreeMap::range,alloc::collections::BTreeMap::range,alloc::collections;alloc::collections::btree_map;std::collections,inherent_method,stable,1,alloc/src/collections/btree/map.rs:1429,False
alloc::collections::BTreeMap::range_mut,alloc::collections::BTreeMap::range_mut,alloc::collections;alloc::collections::btree_map;std::collections,inherent_method,stable,1,alloc/src/collections/btree/map.rs:1469,False
alloc::collections::BTreeMap::remove_entry,alloc::collections::BTreeMap::remove_entry,alloc::collections;alloc::collections::btree_map;std::collections,inherent_method,stable,1,alloc/src/collections/btree/map.rs:1154,False
alloc::collections::BTreeMap::retain,alloc::collections::BTreeMap::retain,alloc::collections;alloc::collections::btree_map;std::collections,inherent_method,stable,1,alloc/src/collections/btree/map.rs:1192,False
alloc::collections::BTreeMap::split_off,alloc::collections::BTreeMap::split_off,alloc::collections;alloc::collections::btree_map;std::collections,inherent_method,stable,1,alloc/src/collections/btree/map.rs:1561,False
alloc::collections::BTreeMap::values_mut,alloc::collections::BTreeMap::values_mut,alloc::collections;alloc::collections::btree_map;std::collections,inherent_method,stable,1,alloc/src/collections/btree/map.rs:2802,False
alloc::collections::BTreeSet::append,alloc::collections::BTreeSet::append,alloc::collections;alloc::collections::btree_set;std::collections,inherent_method,stable,1,alloc/src/collections/btree/set.rs:1139,False
alloc::collections::BTreeSet::difference,alloc::collections::BTreeSet::difference,alloc::collections;alloc::collections::btree_set;std::collections,inherent_method,stable,1,alloc/src/collections/btree/set.rs:428,False
alloc::collections::BTreeSet::extract_if,alloc::collections::BTreeSet::extract_if,alloc::collections;alloc::collections::btree_set;std::collections,inherent_method,stable,1,alloc/src/collections/btree/set.rs:1218,False
alloc::collections::BTreeSet::first,alloc::collections::BTreeSet::first,alloc::collections;alloc::collections::btree_set;std::collections,inherent_method,stable,1,alloc/src/collections/btree/set.rs:792,False
alloc::collections::BTreeSet::intersection,alloc::collections::BTreeSet::intersection,alloc::collections;alloc::collections::btree_set;std::collections,inherent_method,stable,1,alloc/src/collections/btree/set.rs:516,False
alloc::collections::BTreeSet::is_disjoint,alloc::collections::BTreeSet::is_disjoint,alloc::collections;alloc::collections::btree_set;std::collections,inherent_method,stable,1,alloc/src/collections/btree/set.rs:658,False
alloc::collections::BTreeSet::is_subset,alloc::collections::BTreeSet::is_subset,alloc::collections;alloc::collections::btree_set;std::collections,inherent_method,stable,1,alloc/src/collections/btree/set.rs:684,False
alloc::collections::BTreeSet::is_superset,alloc::collections::BTreeSet::is_superset,alloc::collections;alloc::collections::btree_set;std::collections,inherent_method,stable,1,alloc/src/collections/btree/set.rs:765,False
alloc::collections::BTreeSet::last,alloc::collections::BTreeSet::last,alloc::collections;alloc::collections::btree_set;std::collections,inherent_method,stable,1,alloc/src/collections/btree/set.rs:819,False
alloc::collections::BTreeSet::pop_first,alloc::collections::BTreeSet::pop_first,alloc::collections;alloc::collections::btree_set;std::collections,inherent_method,stable,1,alloc/src/collections/btree/set.rs:843,False
alloc::collections::BTreeSet::pop_last,alloc::collections::BTreeSet::pop_last,alloc::collections;alloc::collections::btree_set;std::collections,inherent_method,stable,1,alloc/src/collections/btree/set.rs:867,False
alloc::collections::BTreeSet::range,alloc::collections::BTreeSet::range,alloc::collections;alloc::collections::btree_set;std::collections,inherent_method,stable,1,alloc/src/collections/btree/set.rs:398,False
alloc::collections::BTreeSet::replace,alloc::collections::BTreeSet::replace,alloc::collections;alloc::collections::btree_set;std::collections,inherent_method,stable,1,alloc/src/collections/btree/set.rs:924,False
alloc::collections::BTreeSet::retain,alloc::collections::BTreeSet::retain,alloc::collections;alloc::collections::btree_set;std::collections,inherent_method,stable,1,alloc/src/collections/btree/set.rs:1102,False
alloc::collections::BTreeSet::split_off,alloc::collections::BTreeSet::split_off,alloc::collections;alloc::collections::btree_set;std::collections,inherent_method,stable,1,alloc/src/collections/btree/set.rs:1177,False
alloc::collections::BTreeSet::symmetric_difference,alloc::collections::BTreeSet::symmetric_difference,alloc::collections;alloc::collections::btree_set;std::collections,inherent_method,stable,1,alloc/src/collections/btree/set.rs:485,False
alloc::collections::BTreeSet::take,alloc::collections::BTreeSet::take,alloc::collections;alloc::collections::btree_set;std::collections,inherent_method,stable,1,alloc/src/collections/btree/set.rs:1078,False
alloc::collections::BTreeSet::union,alloc::collections::BTreeSet::union,alloc::collections;alloc::collections::btree_set;std::collections,inherent_method,stable,1,alloc/src/collections/btree/set.rs:563,False
alloc::collections::BinaryHeap::drain,alloc::collections::BinaryHeap::drain,alloc::collections;std::collections,inherent_method,stable,1,alloc/src/collections/binary_heap/mod.rs:1496,False
alloc::collections::BinaryHeap::iter,alloc::collections::BinaryHeap::iter,alloc::collections;std::collections,inherent_method,stable,1,alloc/src/collections/binary_heap/mod.rs:1100,False
alloc::collections::BinaryHeap::peek_mut,alloc::collections::BinaryHeap::peek_mut,alloc::collections;std::collections,inherent_method,stable,1,alloc/src/collections/binary_heap/mod.rs:651,False
alloc::collections::BinaryHeap::retain,alloc::collections::BinaryHeap::retain,alloc::collections;std::collections,inherent_method,stable,1,alloc/src/collections/binary_heap/mod.rs:1061,False
alloc::collections::LinkedList::back_mut,alloc::collections::LinkedList::back_mut,alloc::collections;alloc::collections::linked_list;std::collections,inherent_method,stable,1,alloc/src/collections/linked_list.rs:824,False
alloc::collections::LinkedList::extract_if,alloc::collections::LinkedList::extract_if,alloc::collections;alloc::collections::linked_list;std::collections,inherent_method,stable,1,alloc/src/collections/linked_list.rs:1164,False
alloc::collections::LinkedList::front_mut,alloc::collections::LinkedList::front_mut,alloc::collections;alloc::collections::linked_list;std::collections,inherent_method,stable,1,alloc/src/collections/linked_list.rs:773,False
alloc::collections::LinkedList::iter,alloc::collections::LinkedList::iter,alloc::collections;alloc::collections::linked_list;std::collections,inherent_method,stable,1,alloc/src/collections/linked_list.rs:540,False
alloc::collections::LinkedList::iter_mut,alloc::collections::LinkedList::iter_mut,alloc::collections;alloc::collections::linked_list;std::collections,inherent_method,stable,1,alloc/src/collections/linked_list.rs:569,False
alloc::collections::LinkedList::push_back_mut,alloc::collections::LinkedList::push_back_mut,alloc::collections;alloc::collections::linked_list;std::collections,inherent_method,stable,1,alloc/src/collections/linked_list.rs:938,False
alloc::collections::LinkedList::push_front_mut,alloc::collections::LinkedList::push_front_mut,alloc::collections;alloc::collections::linked_list;std::collections,inherent_method,stable,1,alloc/src/collections/linked_list.rs:867,False
alloc::collections::VecDeque::as_mut_slices,alloc::collections::VecDeque::as_mut_slices,alloc::collections;alloc::collections::vec_deque;std::collections,inherent_method,stable,1,alloc/src/collections/vec_deque/mod.rs:1682,False
alloc::collections::VecDeque::back_mut,alloc::collections::VecDeque::back_mut,alloc::collections;alloc::collections::vec_deque;std::collections,inherent_method,stable,1,alloc/src/collections/vec_deque/mod.rs:2113,False
alloc::collections::VecDeque::binary_search,alloc::collections::VecDeque::binary_search,alloc::collections;alloc::collections::vec_deque;std::collections,inherent_method,stable,1,alloc/src/collections/vec_deque/mod.rs:3201,False
alloc::collections::VecDeque::binary_search_by,alloc::collections::VecDeque::binary_search_by,alloc::collections;alloc::collections::vec_deque;std::collections,inherent_method,stable,1,alloc/src/collections/vec_deque/mod.rs:3247,False
alloc::collections::VecDeque::binary_search_by_key,alloc::collections::VecDeque::binary_search_by_key,alloc::collections;alloc::collections::vec_deque;std::collections,inherent_method,stable,1,alloc/src/collections/vec_deque/mod.rs:3305,False
alloc::collections::VecDeque::drain,alloc::collections::VecDeque::drain,alloc::collections;alloc::collections::vec_deque;std::collections,inherent_method,stable,1,alloc/src/collections/vec_deque/mod.rs:1878,False
alloc::collections::VecDeque::front_mut,alloc::collections::VecDeque::front_mut,alloc::collections;alloc::collections::vec_deque;std::collections,inherent_method,stable,1,alloc/src/collections/vec_deque/mod.rs:2068,False
alloc::collections::VecDeque::get_mut,alloc::collections::VecDeque::get_mut,alloc::collections;alloc::collections::vec_deque;std::collections,inherent_method,stable,1,alloc/src/collections/vec_deque/mod.rs:996,False
alloc::collections::VecDeque::insert_mut,alloc::collections::VecDeque::insert_mut,alloc::collections;alloc::collections::vec_deque;std::collections,inherent_method,stable,1,alloc/src/collections/vec_deque/mod.rs:2500,False
alloc::collections::VecDeque::iter_mut,alloc::collections::VecDeque::iter_mut,alloc::collections;alloc::collections::vec_deque;std::collections,inherent_method,stable,1,alloc/src/collections/vec_deque/mod.rs:1592,False
alloc::collections::VecDeque::make_contiguous,alloc::collections::VecDeque::make_contiguous,alloc::collections;alloc::collections::vec_deque;std::collections,inherent_method,stable,1,alloc/src/collections/vec_deque/mod.rs:2896,False
alloc::collections::VecDeque::partition_point,alloc::collections::VecDeque::partition_point,alloc::collections;alloc::collections::vec_deque;std::collections,inherent_method,stable,1,alloc/src/collections/vec_deque/mod.rs:3357,False
alloc::collections::VecDeque::pop_back_if,alloc::collections::VecDeque::pop_back_if,alloc::collections;alloc::collections::vec_deque;std::collections,inherent_method,stable,1,alloc/src/collections/vec_deque/mod.rs:2214,False
alloc::collections::VecDeque::pop_front_if,alloc::collections::VecDeque::pop_front_if,alloc::collections;alloc::collections::vec_deque;std::collections,inherent_method,stable,1,alloc/src/collections/vec_deque/mod.rs:2192,False
alloc::collections::VecDeque::push_back_mut,alloc::collections::VecDeque::push_back_mut,alloc::collections;alloc::collections::vec_deque;std::collections,inherent_method,stable,1,alloc/src/collections/vec_deque/mod.rs:2293,False
alloc::collections::VecDeque::push_front_mut,alloc::collections::VecDeque::push_front_mut,alloc::collections;alloc::collections::vec_deque;std::collections,inherent_method,stable,1,alloc/src/collections/vec_deque/mod.rs:2250,False
alloc::collections::VecDeque::range,alloc::collections::VecDeque::range,alloc::collections;alloc::collections::vec_deque;std::collections,inherent_method,stable,1,alloc/src/collections/vec_deque/mod.rs:1789,False
alloc::collections::VecDeque::range_mut,alloc::collections::VecDeque::range_mut,alloc::collections;alloc::collections::vec_deque;std::collections,inherent_method,stable,1,alloc/src/collections/vec_deque/mod.rs:1829,False
alloc::collections::VecDeque::resize_with,alloc::collections::VecDeque::resize_with,alloc::collections;alloc::collections::vec_deque;std::collections,inherent_method,stable,1,alloc/src/collections/vec_deque/mod.rs:2830,False
alloc::collections::VecDeque::retain,alloc::collections::VecDeque::retain,alloc::collections;alloc::collections::vec_deque;std::collections,inherent_method,stable,1,alloc/src/collections/vec_deque/mod.rs:2725,False
alloc::collections::VecDeque::retain_mut,alloc::collections::VecDeque::retain_mut,alloc::collections;alloc::collections::vec_deque;std::collections,inherent_method,stable,1,alloc/src/collections/vec_deque/mod.rs:2754,False
alloc::collections::btree_map::Entry::and_modify,alloc::collections::btree_map::Entry::and_modify,alloc::collections::btree_map,inherent_method,stable,1,alloc/src/collections/btree/map/entry.rs:310,False
alloc::collections::btree_map::Entry::insert_entry,alloc::collections::btree_map::Entry::insert_entry,alloc::collections::btree_map,inherent_method,stable,1,alloc/src/collections/btree/map/entry.rs:337,False
alloc::collections::btree_map::Entry::key,alloc::collections::btree_map::Entry::key,alloc::collections::btree_map,inherent_method,stable,1,alloc/src/collections/btree/map/entry.rs:282,False
alloc::collections::btree_map::Entry::or_default,alloc::collections::btree_map::Entry::or_default,alloc::collections::btree_map,inherent_method,stable,1,alloc/src/collections/btree/map/entry.rs:363,False
alloc::collections::btree_map::Entry::or_insert,alloc::collections::btree_map::Entry::or_insert,alloc::collections::btree_map,inherent_method,stable,1,alloc/src/collections/btree/map/entry.rs:144,False
alloc::collections::btree_map::Entry::or_insert_with,alloc::collections::btree_map::Entry::or_insert_with,alloc::collections::btree_map,inherent_method,stable,1,alloc/src/collections/btree/map/entry.rs:167,False
alloc::collections::btree_map::Entry::or_insert_with_key,alloc::collections::btree_map::Entry::or_insert_with_key,alloc::collections::btree_map,inherent_method,stable,1,alloc/src/collections/btree/map/entry.rs:228,False
alloc::collections::btree_map::OccupiedEntry::get,alloc::collections::btree_map::OccupiedEntry::get,alloc::collections::btree_map,inherent_method,stable,1,alloc/src/collections/btree/map/entry.rs:546,False
alloc::collections::btree_map::OccupiedEntry::get_mut,alloc::collections::btree_map::OccupiedEntry::get_mut,alloc::collections::btree_map,inherent_method,stable,1,alloc/src/collections/btree/map/entry.rs:577,False
alloc::collections::btree_map::OccupiedEntry::insert,alloc::collections::btree_map::OccupiedEntry::insert,alloc::collections::btree_map,inherent_method,stable,1,alloc/src/collections/btree/map/entry.rs:627,False
alloc::collections::btree_map::OccupiedEntry::into_mut,alloc::collections::btree_map::OccupiedEntry::into_mut,alloc::collections::btree_map,inherent_method,stable,1,alloc/src/collections/btree/map/entry.rs:604,False
alloc::collections::btree_map::OccupiedEntry::key,alloc::collections::btree_map::OccupiedEntry::key,alloc::collections::btree_map,inherent_method,stable,1,alloc/src/collections/btree/map/entry.rs:496,False
alloc::collections::btree_map::OccupiedEntry::remove,alloc::collections::btree_map::OccupiedEntry::remove,alloc::collections::btree_map,inherent_method,stable,1,alloc/src/collections/btree/map/entry.rs:650,False
alloc::collections::btree_map::OccupiedEntry::remove_entry,alloc::collections::btree_map::OccupiedEntry::remove_entry,alloc::collections::btree_map,inherent_method,stable,1,alloc/src/collections/btree/map/entry.rs:525,False
alloc::collections::btree_map::VacantEntry::insert,alloc::collections::btree_map::VacantEntry::insert,alloc::collections::btree_map,inherent_method,stable,1,alloc/src/collections/btree/map/entry.rs:425,False
alloc::collections::btree_map::VacantEntry::insert_entry,alloc::collections::btree_map::VacantEntry::insert_entry,alloc::collections::btree_map,inherent_method,stable,1,alloc/src/collections/btree/map/entry.rs:447,False
alloc::collections::btree_map::VacantEntry::into_key,alloc::collections::btree_map::VacantEntry::into_key,alloc::collections::btree_map,inherent_method,stable,1,alloc/src/collections/btree/map/entry.rs:403,False
alloc::collections::btree_map::VacantEntry::key,alloc::collections::btree_map::VacantEntry::key,alloc::collections::btree_map,inherent_method,stable,1,alloc/src/collections/btree/map/entry.rs:384,False
alloc::ffi::CString::from_raw,alloc::ffi::CString::from_raw,alloc::ffi;std::ffi,inherent_method,stable,1,alloc/src/ffi/c_str.rs:402,False
alloc::ffi::CString::from_vec_unchecked,alloc::ffi::CString::from_vec_unchecked,alloc::ffi;std::ffi,inherent_method,stable,1,alloc/src/ffi/c_str.rs:340,False
alloc::ffi::CString::from_vec_with_nul_unchecked,alloc::ffi::CString::from_vec_with_nul_unchecked,alloc::ffi;std::ffi,inherent_method,stable,1,alloc/src/ffi/c_str.rs:635,False
alloc::ffi::CString::into_raw,alloc::ffi::CString::into_raw,alloc::ffi;std::ffi,inherent_method,stable,1,alloc/src/ffi/c_str.rs:455,False
alloc::ffi::CString::new,alloc::ffi::CString::new,alloc::ffi;std::ffi,inherent_method,stable,1,alloc/src/ffi/c_str.rs:257,False
alloc::fmt::format,alloc::fmt::format,alloc::fmt;std::fmt,free_function,stable,1,alloc/src/fmt.rs:649,False
alloc::rc::Rc::as_ptr,alloc::rc::Rc::as_ptr,alloc::rc;std::rc,inherent_method,stable,1,alloc/src/rc.rs:1669,False
alloc::rc::Rc::assume_init,alloc::rc::Rc::assume_init,alloc::rc;std::rc,inherent_method,stable,2,alloc/src/rc.rs:1302;alloc/src/rc.rs:1438,False
alloc::rc::Rc::decrement_strong_count,alloc::rc::Rc::decrement_strong_count,alloc::rc;std::rc,inherent_method,stable,1,alloc/src/rc.rs:1606,False
alloc::rc::Rc::downcast,alloc::rc::Rc::downcast,alloc::rc;std::rc,inherent_method,stable,1,alloc/src/rc.rs:2181,False
alloc::rc::Rc::downgrade,alloc::rc::Rc::downgrade,alloc::rc;std::rc,inherent_method,stable,1,alloc/src/rc.rs:1772,False
alloc::rc::Rc::from_raw,alloc::rc::Rc::from_raw,alloc::rc;std::rc,inherent_method,stable,1,alloc/src/rc.rs:1511,False
alloc::rc::Rc::get_mut,alloc::rc::Rc::get_mut,alloc::rc;std::rc,inherent_method,stable,1,alloc/src/rc.rs:1936,False
alloc::rc::Rc::increment_strong_count,alloc::rc::Rc::increment_strong_count,alloc::rc;std::rc,inherent_method,stable,1,alloc/src/rc.rs:1569,False
alloc::rc::Rc::into_raw,alloc::rc::Rc::into_raw,alloc::rc;std::rc,inherent_method,stable,1,alloc/src/rc.rs:1534,False
alloc::rc::Rc::make_mut,alloc::rc::Rc::make_mut,alloc::rc;std::rc,inherent_method,stable,1,alloc/src/rc.rs:2084,False
alloc::rc::Rc::new_cyclic,alloc::rc::Rc::new_cyclic,alloc::rc;std::rc,inherent_method,stable,1,alloc/src/rc.rs:485,False
alloc::rc::Rc::new_uninit,alloc::rc::Rc::new_uninit,alloc::rc;std::rc,inherent_method,stable,1,alloc/src/rc.rs:511,False
alloc::rc::Rc::new_uninit_slice,alloc::rc::Rc::new_uninit_slice,alloc::rc;std::rc,inherent_method,stable,1,alloc/src/rc.rs:1133,False
alloc::rc::Rc::new_zeroed,alloc::rc::Rc::new_zeroed,alloc::rc;std::rc,inherent_method,stable,1,alloc/src/rc.rs:542,False
alloc::rc::Rc::new_zeroed_slice,alloc::rc::Rc::new_zeroed_slice,alloc::rc;std::rc,inherent_method,stable,1,alloc/src/rc.rs:1158,False
alloc::rc::Rc::pin,alloc::rc::Rc::pin,alloc::rc;std::rc,inherent_method,stable,1,alloc/src/rc.rs:647,False
alloc::rc::Rc::ptr_eq,alloc::rc::Rc::ptr_eq,alloc::rc;std::rc,inherent_method,stable,1,alloc/src/rc.rs:2025,False
alloc::rc::Rc::strong_count,alloc::rc::Rc::strong_count,alloc::rc;std::rc,inherent_method,stable,1,alloc/src/rc.rs:1814,False
alloc::rc::Rc::unwrap_or_clone,alloc::rc::Rc::unwrap_or_clone,alloc::rc;std::rc,inherent_method,stable,1,alloc/src/rc.rs:2155,False
alloc::rc::Rc::weak_count,alloc::rc::Rc::weak_count,alloc::rc;std::rc,inherent_method,stable,1,alloc/src/rc.rs:1796,False
alloc::rc::Weak::as_ptr,alloc::rc::Weak::as_ptr,alloc::rc;std::rc,inherent_method,stable,1,alloc/src/rc.rs:3392,False
alloc::rc::Weak::from_raw,alloc::rc::Weak::from_raw,alloc::rc;std::rc,inherent_method,stable,1,alloc/src/rc.rs:3319,False
alloc::rc::Weak::into_raw,alloc::rc::Weak::into_raw,alloc::rc;std::rc,inherent_method,stable,1,alloc/src/rc.rs:3352,False
alloc::rc::Weak::new,alloc::rc::Weak::new,alloc::rc;std::rc,inherent_method,stable,1,alloc/src/rc.rs:3236,False
alloc::rc::Weak::ptr_eq,alloc::rc::Weak::ptr_eq,alloc::rc;std::rc,inherent_method,stable,1,alloc/src/rc.rs:3643,False
alloc::rc::Weak::strong_count,alloc::rc::Weak::strong_count,alloc::rc;std::rc,inherent_method,stable,1,alloc/src/rc.rs:3563,False
alloc::rc::Weak::upgrade,alloc::rc::Weak::upgrade,alloc::rc;std::rc,inherent_method,stable,1,alloc/src/rc.rs:3542,False
alloc::rc::Weak::weak_count,alloc::rc::Weak::weak_count,alloc::rc;std::rc,inherent_method,stable,1,alloc/src/rc.rs:3572,False
alloc::str::from_boxed_utf8_unchecked,std::str::from_boxed_utf8_unchecked,std::str,free_function,stable,1,alloc/src/str.rs:895,False
alloc::string::Drain::as_str,alloc::string::Drain::as_str,alloc::string;std::string,inherent_method,stable,1,alloc/src/string.rs:3569,False
alloc::string::String::as_bytes,alloc::string::String::as_bytes,alloc::string;std::string,inherent_method,stable,1,alloc/src/string.rs:1450,False
alloc::string::String::as_mut_str,alloc::string::String::as_mut_str,alloc::string;std::string,inherent_method,stable,1,alloc/src/string.rs:1080,False
alloc::string::String::as_mut_vec,alloc::string::String::as_mut_vec,alloc::string;std::string,inherent_method,stable,1,alloc/src/string.rs:1841,False
alloc::string::String::clear,alloc::string::String::clear,alloc::string;std::string,inherent_method,stable,1,alloc/src/string.rs:1941,False
alloc::string::String::drain,alloc::string::String::drain,alloc::string;std::string,inherent_method,stable,1,alloc/src/string.rs:1980,False
alloc::string::String::extend_from_within,alloc::string::String::extend_from_within,alloc::string;std::string,inherent_method,stable,1,alloc/src/string.rs:1152,False
alloc::string::String::from_raw_parts,alloc::string::String::from_raw_parts,alloc::string;std::string,inherent_method,stable,1,alloc/src/string.rs:985,False
alloc::string::String::from_utf16,alloc::string::String::from_utf16,alloc::string;std::string,inherent_method,stable,1,alloc/src/string.rs:725,False
alloc::string::String::from_utf16_lossy,alloc::string::String::from_utf16_lossy,alloc::string;std::string,inherent_method,stable,1,alloc/src/string.rs:764,False
alloc::string::String::from_utf16be,alloc::string::String::from_utf16be,alloc::string;std::string,inherent_method,stable,1,alloc/src/string.rs:864,False
alloc::string::String::from_utf16be_lossy,alloc::string::String::from_utf16be_lossy,alloc::string;std::string,inherent_method,stable,1,alloc/src/string.rs:902,False
alloc::string::String::from_utf16le,alloc::string::String::from_utf16le,alloc::string;std::string,inherent_method,stable,1,alloc/src/string.rs:791,False
alloc::string::String::from_utf16le_lossy,alloc::string::String::from_utf16le_lossy,alloc::string;std::string,inherent_method,stable,1,alloc/src/string.rs:829,False
alloc::string::String::from_utf8,alloc::string::String::from_utf8,alloc::string;std::string,inherent_method,stable,1,alloc/src/string.rs:569,False
alloc::string::String::from_utf8_lossy,alloc::string::String::from_utf8_lossy,alloc::string;std::string,inherent_method,stable,1,alloc/src/string.rs:628,False
alloc::string::String::from_utf8_unchecked,alloc::string::String::from_utf8_unchecked,alloc::string;std::string,inherent_method,stable,1,alloc/src/string.rs:1018,False
alloc::string::String::insert,alloc::string::String::insert,alloc::string;std::string,inherent_method,stable,1,alloc/src/string.rs:1731,False
alloc::string::String::insert_str,alloc::string::String::insert_str,alloc::string;std::string,inherent_method,stable,1,alloc/src/string.rs:1788,False
alloc::string::String::into_boxed_str,alloc::string::String::into_boxed_str,alloc::string;std::string,inherent_method,stable,1,alloc/src/string.rs:2179,False
alloc::string::String::into_bytes,alloc::string::String::into_bytes,alloc::string;std::string,inherent_method,stable,1,alloc/src/string.rs:1039,False
alloc::string::String::into_raw_parts,alloc::string::String::into_raw_parts,alloc::string;std::string,inherent_method,stable,1,alloc/src/string.rs:943,False
alloc::string::String::is_empty,alloc::string::String::is_empty,alloc::string;std::string,inherent_method,stable,1,alloc/src/string.rs:1885,False
alloc::string::String::leak,alloc::string::String::leak,alloc::string;std::string,inherent_method,stable,1,alloc/src/string.rs:2210,False
alloc::string::String::len,alloc::string::String::len,alloc::string;std::string,inherent_method,stable,1,alloc/src/string.rs:1865,False
alloc::string::String::pop,alloc::string::String::pop,alloc::string;std::string,inherent_method,stable,1,alloc/src/string.rs:1502,False
alloc::string::String::push,alloc::string::String::push,alloc::string;std::string,inherent_method,stable,1,alloc/src/string.rs:1421,False
alloc::string::String::push_str,alloc::string::String::push_str,alloc::string;std::string,inherent_method,stable,1,alloc/src/string.rs:1106,False
alloc::string::String::remove,alloc::string::String::remove,alloc::string;std::string,inherent_method,stable,1,alloc/src/string.rs:1535,False
alloc::string::String::replace_range,alloc::string::String::replace_range,alloc::string;std::string,inherent_method,stable,1,alloc/src/string.rs:2080,False
alloc::string::String::retain,alloc::string::String::retain,alloc::string;std::string,inherent_method,stable,1,alloc/src/string.rs:1649,False
alloc::string::String::split_off,alloc::string::String::split_off,alloc::string;std::string,inherent_method,stable,1,alloc/src/string.rs:1917,False
alloc::string::String::truncate,alloc::string::String::truncate,alloc::string;std::string,inherent_method,stable,1,alloc/src/string.rs:1478,False
alloc::sync::Arc::as_ptr,alloc::sync::Arc::as_ptr,alloc::sync;std::sync,inherent_method,stable,1,alloc/src/sync.rs:1830,False
alloc::sync::Arc::assume_init,alloc::sync::Arc::assume_init,alloc::sync;std::sync,inherent_method,stable,2,alloc/src/sync.rs:1454;alloc/src/sync.rs:1591,False
alloc::sync::Arc::decrement_strong_count,alloc::sync::Arc::decrement_strong_count,alloc::sync;std::sync,inherent_method,stable,1,alloc/src/sync.rs:1766,False
alloc::sync::Arc::downcast,alloc::sync::Arc::downcast,alloc::sync;std::sync,inherent_method,stable,1,alloc/src/sync.rs:2903,False
alloc::sync::Arc::downgrade,alloc::sync::Arc::downgrade,alloc::sync;std::sync,inherent_method,stable,1,alloc/src/sync.rs:1936,False
alloc::sync::Arc::from_raw,alloc::sync::Arc::from_raw,alloc::sync;std::sync,inherent_method,stable,1,alloc/src/sync.rs:1664,False
alloc::sync::Arc::get_mut,alloc::sync::Arc::get_mut,alloc::sync;std::sync,inherent_method,stable,1,alloc/src/sync.rs:2639,False
alloc::sync::Arc::increment_strong_count,alloc::sync::Arc::increment_strong_count,alloc::sync;std::sync,inherent_method,stable,1,alloc/src/sync.rs:1726,False
alloc::sync::Arc::into_inner,alloc::sync::Arc::into_inner,alloc::sync;std::sync,inherent_method,stable,1,alloc/src/sync.rs:1230,False
alloc::sync::Arc::into_raw,alloc::sync::Arc::into_raw,alloc::sync;std::sync,inherent_method,stable,1,alloc/src/sync.rs:1687,False
alloc::sync::Arc::make_mut,alloc::sync::Arc::make_mut,alloc::sync;std::sync,inherent_method,stable,1,alloc/src/sync.rs:2515,False
alloc::sync::Arc::new_cyclic,alloc::sync::Arc::new_cyclic,alloc::sync;std::sync,inherent_method,stable,1,alloc/src/sync.rs:493,False
alloc::sync::Arc::new_uninit,alloc::sync::Arc::new_uninit,alloc::sync;std::sync,inherent_method,stable,1,alloc/src/sync.rs:520,False
alloc::sync::Arc::new_uninit_slice,alloc::sync::Arc::new_uninit_slice,alloc::sync;std::sync,inherent_method,stable,1,alloc/src/sync.rs:1282,False
alloc::sync::Arc::new_zeroed,alloc::sync::Arc::new_zeroed,alloc::sync;std::sync,inherent_method,stable,1,alloc/src/sync.rs:552,False
alloc::sync::Arc::new_zeroed_slice,alloc::sync::Arc::new_zeroed_slice,alloc::sync;std::sync,inherent_method,stable,1,alloc/src/sync.rs:1308,False
alloc::sync::Arc::pin,alloc::sync::Arc::pin,alloc::sync;std::sync,inherent_method,stable,1,alloc/src/sync.rs:567,False
alloc::sync::Arc::ptr_eq,alloc::sync::Arc::ptr_eq,alloc::sync;std::sync,inherent_method,stable,1,alloc/src/sync.rs:2166,False
alloc::sync::Arc::strong_count,alloc::sync::Arc::strong_count,alloc::sync;std::sync,inherent_method,stable,1,alloc/src/sync.rs:2026,False
alloc::sync::Arc::try_unwrap,alloc::sync::Arc::try_unwrap,alloc::sync;std::sync,inherent_method,stable,1,alloc/src/sync.rs:1115,False
alloc::sync::Arc::unwrap_or_clone,alloc::sync::Arc::unwrap_or_clone,alloc::sync;std::sync,inherent_method,stable,1,alloc/src/sync.rs:2607,False
alloc::sync::Arc::weak_count,alloc::sync::Arc::weak_count,alloc::sync;std::sync,inherent_method,stable,1,alloc/src/sync.rs:1996,False
alloc::sync::Weak::as_ptr,alloc::sync::Weak::as_ptr,alloc::sync;std::sync,inherent_method,stable,1,alloc/src/sync.rs:3128,False
alloc::sync::Weak::from_raw,alloc::sync::Weak::from_raw,alloc::sync;std::sync,inherent_method,stable,1,alloc/src/sync.rs:3055,False
alloc::sync::Weak::into_raw,alloc::sync::Weak::into_raw,alloc::sync;std::sync,inherent_method,stable,1,alloc/src/sync.rs:3088,False
alloc::sync::Weak::new,alloc::sync::Weak::new,alloc::sync;std::sync,inherent_method,stable,1,alloc/src/sync.rs:2974,False
alloc::sync::Weak::ptr_eq,alloc::sync::Weak::ptr_eq,alloc::sync;std::sync,inherent_method,stable,1,alloc/src/sync.rs:3410,False
alloc::sync::Weak::strong_count,alloc::sync::Weak::strong_count,alloc::sync;std::sync,inherent_method,stable,1,alloc/src/sync.rs:3315,False
alloc::sync::Weak::upgrade,alloc::sync::Weak::upgrade,alloc::sync;std::sync,inherent_method,stable,1,alloc/src/sync.rs:3279,False
alloc::sync::Weak::weak_count,alloc::sync::Weak::weak_count,alloc::sync;std::sync,inherent_method,stable,1,alloc/src/sync.rs:3332,False
alloc::vec::Drain::as_slice,alloc::vec::Drain::as_slice,alloc::vec;std::vec,inherent_method,stable,1,alloc/src/vec/drain.rs:56,False
alloc::vec::IntoIter::as_mut_slice,alloc::vec::IntoIter::as_mut_slice,alloc::vec;std::vec,inherent_method,stable,1,alloc/src/vec/into_iter.rs:106,False
alloc::vec::IntoIter::as_slice,alloc::vec::IntoIter::as_slice,alloc::vec;std::vec,inherent_method,stable,1,alloc/src/vec/into_iter.rs:88,False
alloc::vec::Vec::as_mut_ptr,alloc::vec::Vec::as_mut_ptr,alloc::vec;std::vec,inherent_method,stable,1,alloc/src/vec/mod.rs:2058,False
alloc::vec::Vec::as_ptr,alloc::vec::Vec::as_ptr,alloc::vec;std::vec,inherent_method,stable,1,alloc/src/vec/mod.rs:1974,False
alloc::vec::Vec::dedup,alloc::vec::Vec::dedup,alloc::vec;std::vec,inherent_method,stable,1,alloc/src/vec/mod.rs:3704,False
alloc::vec::Vec::dedup_by,alloc::vec::Vec::dedup_by,alloc::vec;std::vec,inherent_method,stable,1,alloc/src/vec/mod.rs:2651,False
alloc::vec::Vec::dedup_by_key,alloc::vec::Vec::dedup_by_key,alloc::vec;std::vec,inherent_method,stable,1,alloc/src/vec/mod.rs:2624,False
alloc::vec::Vec::drain,alloc::vec::Vec::drain,alloc::vec;std::vec,inherent_method,stable,1,alloc/src/vec/mod.rs:2985,False
alloc::vec::Vec::extend_from_within,alloc::vec::Vec::extend_from_within,alloc::vec;std::vec,inherent_method,stable,1,alloc/src/vec/mod.rs:3597,False
alloc::vec::Vec::extract_if,alloc::vec::Vec::extract_if,alloc::vec;std::vec,inherent_method,stable,1,alloc/src/vec/mod.rs:4224,False
alloc::vec::Vec::from_raw_parts,alloc::vec::Vec::from_raw_parts,alloc::vec;std::vec,inherent_method,stable,1,alloc/src/vec/mod.rs:642,False
alloc::vec::Vec::insert_mut,alloc::vec::Vec::insert_mut,alloc::vec;std::vec,inherent_method,stable,1,alloc/src/vec/mod.rs:2340,False
alloc::vec::Vec::into_boxed_slice,alloc::vec::Vec::into_boxed_slice,alloc::vec;std::vec,inherent_method,stable,1,alloc/src/vec/mod.rs:1731,False
alloc::vec::Vec::into_flattened,alloc::vec::Vec::into_flattened,alloc::vec;std::vec,inherent_method,stable,1,alloc/src/vec/mod.rs:3633,False
alloc::vec::Vec::into_raw_parts,alloc::vec::Vec::into_raw_parts,alloc::vec;std::vec,inherent_method,stable,1,alloc/src/vec/mod.rs:840,False
alloc::vec::Vec::leak,alloc::vec::Vec::leak,alloc::vec;std::vec,inherent_method,stable,1,alloc/src/vec/mod.rs:3224,False
alloc::vec::Vec::pop_if,alloc::vec::Vec::pop_if,alloc::vec;std::vec,inherent_method,stable,1,alloc/src/vec/mod.rs:2880,False
alloc::vec::Vec::push_mut,alloc::vec::Vec::push_mut,alloc::vec;std::vec,inherent_method,stable,1,alloc/src/vec/mod.rs:1033,False
alloc::vec::Vec::resize_with,alloc::vec::Vec::resize_with,alloc::vec;std::vec,inherent_method,stable,1,alloc/src/vec/mod.rs:3182,False
alloc::vec::Vec::retain,alloc::vec::Vec::retain,alloc::vec;std::vec,inherent_method,stable,1,alloc/src/vec/mod.rs:2488,False
alloc::vec::Vec::retain_mut,alloc::vec::Vec::retain_mut,alloc::vec;std::vec,inherent_method,stable,1,alloc/src/vec/mod.rs:2514,False
alloc::vec::Vec::set_len,alloc::vec::Vec::set_len,alloc::vec;std::vec,inherent_method,stable,1,alloc/src/vec/mod.rs:2224,False
alloc::vec::Vec::spare_capacity_mut,alloc::vec::Vec::spare_capacity_mut,alloc::vec;std::vec,inherent_method,stable,1,alloc/src/vec/mod.rs:3262,False
alloc::vec::Vec::splice,alloc::vec::Vec::splice,alloc::vec;std::vec,inherent_method,stable,1,alloc/src/vec/mod.rs:4141,False
core::alloc::GlobalAlloc::alloc,alloc::alloc::GlobalAlloc::alloc,alloc::alloc;core::alloc;std::alloc,trait_method,stable,1,core/src/alloc/global.rs:178,False
core::alloc::GlobalAlloc::alloc_zeroed,alloc::alloc::GlobalAlloc::alloc_zeroed,alloc::alloc;core::alloc;std::alloc,trait_method,stable,1,core/src/alloc/global.rs:216,False
core::alloc::GlobalAlloc::dealloc,alloc::alloc::GlobalAlloc::dealloc,alloc::alloc;core::alloc;std::alloc,trait_method,stable,1,core/src/alloc/global.rs:193,False
core::alloc::GlobalAlloc::realloc,alloc::alloc::GlobalAlloc::realloc,alloc::alloc;core::alloc;std::alloc,trait_method,stable,1,core/src/alloc/global.rs:286,False
core::alloc::Layout::dangling_ptr,alloc::alloc::Layout::dangling_ptr,alloc::alloc;core::alloc;std::alloc,inherent_method,stable,1,core/src/alloc/layout.rs:270,False
core::array::IntoIter::as_mut_slice,core::array::IntoIter::as_mut_slice,core::array,inherent_method,stable,1,core/src/array/iter.rs:228,False
core::array::IntoIter::as_slice,core::array::IntoIter::as_slice,core::array,inherent_method,stable,1,core/src/array/iter.rs:220,False
core::array::IntoIter::new,core::array::IntoIter::new,core::array,inherent_method,stable,1,core/src/array/iter.rs:85,False
core::array::as_mut_slice,core::array::<[T; N]>::as_mut_slice,core::array,primitive_method,stable,1,core/src/array/mod.rs:658,False
core::array::each_mut,core::array::<[T; N]>::each_mut,core::array,primitive_method,stable,1,core/src/array/mod.rs:719,False
core::array::each_ref,core::array::<[T; N]>::each_ref,core::array,primitive_method,stable,1,core/src/array/mod.rs:688,False
core::array::from_fn,core::array::from_fn,core::array,free_function,stable,1,core/src/array/mod.rs:110,False
core::array::from_mut,core::array::from_mut,core::array,free_function,stable,1,core/src/array/mod.rs:175,False
core::array::from_ref,core::array::from_ref,core::array,free_function,stable,1,core/src/array/mod.rs:167,False
core::array::map,core::array::<[T; N]>::map,core::array,primitive_method,stable,1,core/src/array/mod.rs:592,False
core::array::repeat,core::array::repeat,core::array,free_function,stable,1,core/src/array/mod.rs:54,False
core::borrow::Borrow::borrow,alloc::borrow::Borrow::borrow,alloc::borrow;std::borrow,trait_method,stable,1,core/src/borrow.rs:179,False
core::borrow::BorrowMut::borrow_mut,alloc::borrow::BorrowMut::borrow_mut,alloc::borrow;std::borrow,trait_method,stable,1,core/src/borrow.rs:207,False
core::cell::Cell::as_array_of_cells,core::cell::Cell::as_array_of_cells,core::cell;std::cell,inherent_method,stable,1,core/src/cell.rs:752,False
core::cell::Cell::as_ptr,core::cell::Cell::as_ptr,core::cell;std::cell,inherent_method,stable,1,core/src/cell.rs:600,False
core::cell::Cell::as_slice_of_cells,core::cell::Cell::as_slice_of_cells,core::cell;std::cell,inherent_method,stable,1,core/src/cell.rs:732,False
core::cell::Cell::from_mut,core::cell::Cell::from_mut,core::cell;std::cell,inherent_method,stable,1,core/src/cell.rs:649,False
core::cell::Cell::get,core::cell::Cell::get,core::cell;std::cell,inherent_method,stable,1,core/src/cell.rs:552,False
core::cell::Cell::get_mut,core::cell::Cell::get_mut,core::cell;std::cell,inherent_method,stable,1,core/src/cell.rs:629,False
core::cell::Cell::into_inner,core::cell::Cell::into_inner,core::cell;std::cell,inherent_method,stable,1,core/src/cell.rs:531,False
core::cell::Cell::new,core::cell::Cell::new,core::cell;std::cell,inherent_method,stable,1,core/src/cell.rs:414,False
core::cell::Cell::replace,core::cell::Cell::replace,core::cell;std::cell,inherent_method,stable,1,core/src/cell.rs:510,False
core::cell::Cell::set,core::cell::Cell::set,core::cell;std::cell,inherent_method,stable,1,core/src/cell.rs:433,False
core::cell::Cell::swap,core::cell::Cell::swap,core::cell;std::cell,inherent_method,stable,1,core/src/cell.rs:465,False
core::cell::Cell::take,core::cell::Cell::take,core::cell;std::cell,inherent_method,stable,1,core/src/cell.rs:671,False
core::cell::Cell::update,core::cell::Cell::update,core::cell;std::cell,inherent_method,stable,1,core/src/cell.rs:573,False
core::cell::LazyCell::force,core::cell::LazyCell::force,core::cell;std::cell,inherent_method,stable,1,core/src/cell/lazy.rs:138,False
core::cell::LazyCell::force_mut,core::cell::LazyCell::force_mut,core::cell;std::cell,inherent_method,stable,1,core/src/cell/lazy.rs:179,False
core::cell::LazyCell::get,core::cell::LazyCell::get,core::cell;std::cell,inherent_method,stable,1,core/src/cell/lazy.rs:301,False
core::cell::LazyCell::get_mut,core::cell::LazyCell::get_mut,core::cell;std::cell,inherent_method,stable,1,core/src/cell/lazy.rs:277,False
core::cell::LazyCell::new,core::cell::LazyCell::new,core::cell;std::cell,inherent_method,stable,1,core/src/cell/lazy.rs:75,False
core::cell::OnceCell::get,core::cell::OnceCell::get,core::cell;std::cell,inherent_method,stable,1,core/src/cell/once.rs:55,False
core::cell::OnceCell::get_mut,core::cell::OnceCell::get_mut,core::cell;std::cell,inherent_method,stable,1,core/src/cell/once.rs:65,False
core::cell::OnceCell::get_or_init,core::cell::OnceCell::get_or_init,core::cell;std::cell,inherent_method,stable,1,core/src/cell/once.rs:163,False
core::cell::OnceCell::into_inner,core::cell::OnceCell::into_inner,core::cell;std::cell,inherent_method,stable,1,core/src/cell/once.rs:323,False
core::cell::OnceCell::new,core::cell::OnceCell::new,core::cell;std::cell,inherent_method,stable,1,core/src/cell/once.rs:46,False
core::cell::OnceCell::set,core::cell::OnceCell::set,core::cell;std::cell,inherent_method,stable,1,core/src/cell/once.rs:92,False
core::cell::OnceCell::take,core::cell::OnceCell::take,core::cell;std::cell,inherent_method,stable,1,core/src/cell/once.rs:350,False
core::cell::Ref::clone,core::cell::Ref::clone,core::cell;std::cell,inherent_method,stable,1,core/src/cell.rs:1650,False
core::cell::Ref::filter_map,core::cell::Ref::filter_map,core::cell;std::cell,inherent_method,stable,1,core/src/cell.rs:1703,False
core::cell::Ref::map,core::cell::Ref::map,core::cell;std::cell,inherent_method,stable,1,core/src/cell.rs:1674,False
core::cell::Ref::map_split,core::cell::Ref::map_split,core::cell;std::cell,inherent_method,stable,1,core/src/cell.rs:1776,False
core::cell::RefCell::as_ptr,core::cell::RefCell::as_ptr,core::cell;std::cell,inherent_method,stable,1,core/src/cell.rs:1292,False
core::cell::RefCell::borrow,core::cell::RefCell::borrow,core::cell;std::cell,inherent_method,stable,1,core/src/cell.rs:1121,False
core::cell::RefCell::borrow_mut,core::cell::RefCell::borrow_mut,core::cell;std::cell,inherent_method,stable,1,core/src/cell.rs:1221,False
core::cell::RefCell::get_mut,core::cell::RefCell::get_mut,core::cell;std::cell,inherent_method,stable,1,core/src/cell.rs:1330,False
core::cell::RefCell::into_inner,core::cell::RefCell::into_inner,core::cell;std::cell,inherent_method,stable,1,core/src/cell.rs:995,False
core::cell::RefCell::new,core::cell::RefCell::new,core::cell;std::cell,inherent_method,stable,1,core/src/cell.rs:971,False
core::cell::RefCell::replace,core::cell::RefCell::replace,core::cell;std::cell,inherent_method,stable,1,core/src/cell.rs:1025,False
core::cell::RefCell::replace_with,core::cell::RefCell::replace_with,core::cell;std::cell,inherent_method,stable,1,core/src/cell.rs:1049,False
core::cell::RefCell::swap,core::cell::RefCell::swap,core::cell;std::cell,inherent_method,stable,1,core/src/cell.rs:1079,False
core::cell::RefCell::take,core::cell::RefCell::take,core::cell;std::cell,inherent_method,stable,1,core/src/cell.rs:1430,False
core::cell::RefCell::try_borrow,core::cell::RefCell::try_borrow,core::cell;std::cell,inherent_method,stable,1,core/src/cell.rs:1158,False
core::cell::RefCell::try_borrow_mut,core::cell::RefCell::try_borrow_mut,core::cell;std::cell,inherent_method,stable,1,core/src/cell.rs:1255,False
core::cell::RefCell::try_borrow_unguarded,core::cell::RefCell::try_borrow_unguarded,core::cell;std::cell,inherent_method,stable,1,core/src/cell.rs:1392,False
core::cell::RefMut::filter_map,core::cell::RefMut::filter_map,core::cell;std::cell,inherent_method,stable,1,core/src/cell.rs:1899,False
core::cell::RefMut::map,core::cell::RefMut::map,core::cell;std::cell,inherent_method,stable,1,core/src/cell.rs:1861,False
core::cell::RefMut::map_split,core::cell::RefMut::map_split,core::cell;std::cell,inherent_method,stable,1,core/src/cell.rs:1994,False
core::cell::UnsafeCell::from_mut,core::cell::UnsafeCell::from_mut,core::cell;std::cell,inherent_method,stable,1,core/src/cell.rs:2417,False
core::cell::UnsafeCell::get,core::cell::UnsafeCell::get,core::cell;std::cell,inherent_method,stable,1,core/src/cell.rs:2443,False
core::cell::UnsafeCell::get_mut,core::cell::UnsafeCell::get_mut,core::cell;std::cell,inherent_method,stable,1,core/src/cell.rs:2468,False
core::cell::UnsafeCell::into_inner,core::cell::UnsafeCell::into_inner,core::cell;std::cell,inherent_method,stable,1,core/src/cell.rs:2365,False
core::cell::UnsafeCell::new,core::cell::UnsafeCell::new,core::cell;std::cell,inherent_method,stable,1,core/src/cell.rs:2346,False
core::cell::UnsafeCell::raw_get,core::cell::UnsafeCell::raw_get,core::cell;std::cell,inherent_method,stable,1,core/src/cell.rs:2503,False
core::clone::Clone::clone_from,core::prelude::v1::Clone::clone_from,core::prelude::v1,trait_method,stable,1,core/src/clone.rs:245,False
core::cmp::Ordering::then_with,core::cmp::Ordering::then_with,core::cmp;std::cmp,inherent_method,stable,1,core/src/cmp.rs:653,False
core::cmp::max,core::cmp::max,core::cmp;std::cmp,free_function,stable,1,core/src/cmp.rs:1681,False
core::cmp::max_by,core::cmp::max_by,core::cmp;std::cmp,free_function,stable,1,core/src/cmp.rs:1712,False
core::cmp::max_by_key,core::cmp::max_by_key,core::cmp;std::cmp,free_function,stable,1,core/src/cmp.rs:1742,False
core::cmp::min,core::cmp::min,core::cmp;std::cmp,free_function,stable,1,core/src/cmp.rs:1574,False
core::cmp::min_by,core::cmp::min_by,core::cmp;std::cmp,free_function,stable,1,core/src/cmp.rs:1605,False
core::cmp::min_by_key,core::cmp::min_by_key,core::cmp;std::cmp,free_function,stable,1,core/src/cmp.rs:1635,False
core::convert::AsMut::as_mut,core::convert::AsMut::as_mut,core::convert;core::prelude::v1,trait_method,stable,1,core/src/convert/mod.rs:376,False
core::convert::AsRef::as_ref,core::convert::AsRef::as_ref,core::convert;core::prelude::v1,trait_method,stable,1,core/src/convert/mod.rs:224,False
core::convert::identity,core::convert::identity,core::convert,free_function,stable,1,core/src/convert/mod.rs:106,False
core::error::Error::cause,core::error::Error::cause,core::error;std::error,trait_method,stable,1,core/src/error.rs:147,False
core::error::Error::description,core::error::Error::description,core::error;std::error,trait_method,stable,1,core/src/error.rs:137,False
core::error::Error::source,core::error::Error::source,core::error;std::error,trait_method,stable,1,core/src/error.rs:111,False
core::ffi::CStr::as_ptr,core::ffi::CStr::as_ptr,core::ffi;std::ffi,inherent_method,stable,1,core/src/ffi/c_str.rs:484,False
core::ffi::CStr::from_bytes_with_nul_unchecked,core::ffi::CStr::from_bytes_with_nul_unchecked,core::ffi;std::ffi,inherent_method,stable,1,core/src/ffi/c_str.rs:389,False
core::ffi::CStr::from_ptr,core::ffi::CStr::from_ptr,core::ffi;std::ffi,inherent_method,stable,1,core/src/ffi/c_str.rs:254,False
core::fmt::Arguments::as_str,alloc::fmt::Arguments::as_str,alloc::fmt;core::fmt;std::fmt,inherent_method,stable,1,core/src/fmt/mod.rs:871,False
core::fmt::Binary::fmt,alloc::fmt::Binary::fmt,alloc::fmt;core::fmt;std::fmt,trait_method,stable,1,core/src/fmt/mod.rs:1325,False
core::fmt::Debug::fmt,alloc::fmt::Debug::fmt,alloc::fmt;core::fmt;std::fmt,trait_method,stable,1,core/src/fmt/mod.rs:1084,False
core::fmt::DebugList::entries,alloc::fmt::DebugList::entries,alloc::fmt;core::fmt;std::fmt,inherent_method,stable,1,core/src/fmt/builders.rs:782,False
core::fmt::DebugList::entry,alloc::fmt::DebugList::entry,alloc::fmt;core::fmt;std::fmt,inherent_method,stable,1,core/src/fmt/builders.rs:740,False
core::fmt::DebugList::finish,alloc::fmt::DebugList::finish,alloc::fmt;core::fmt;std::fmt,inherent_method,stable,1,core/src/fmt/builders.rs:863,False
core::fmt::DebugList::finish_non_exhaustive,alloc::fmt::DebugList::finish_non_exhaustive,alloc::fmt;core::fmt;std::fmt,inherent_method,stable,1,core/src/fmt/builders.rs:822,False
core::fmt::DebugMap::entries,alloc::fmt::DebugMap::entries,alloc::fmt;core::fmt;std::fmt,inherent_method,stable,1,core/src/fmt/builders.rs:1105,False
core::fmt::DebugMap::entry,alloc::fmt::DebugMap::entry,alloc::fmt;core::fmt;std::fmt,inherent_method,stable,1,core/src/fmt/builders.rs:935,False
core::fmt::DebugMap::finish,alloc::fmt::DebugMap::finish,alloc::fmt;core::fmt;std::fmt,inherent_method,stable,1,core/src/fmt/builders.rs:1199,False
core::fmt::DebugMap::finish_non_exhaustive,alloc::fmt::DebugMap::finish_non_exhaustive,alloc::fmt;core::fmt;std::fmt,inherent_method,stable,1,core/src/fmt/builders.rs:1150,False
core::fmt::DebugMap::key,alloc::fmt::DebugMap::key,alloc::fmt;core::fmt;std::fmt,inherent_method,stable,1,core/src/fmt/builders.rs:971,False
core::fmt::DebugMap::value,alloc::fmt::DebugMap::value,alloc::fmt;core::fmt;std::fmt,inherent_method,stable,1,core/src/fmt/builders.rs:1047,False
core::fmt::DebugSet::entries,alloc::fmt::DebugSet::entries,alloc::fmt;core::fmt;std::fmt,inherent_method,stable,1,core/src/fmt/builders.rs:590,False
core::fmt::DebugSet::entry,alloc::fmt::DebugSet::entry,alloc::fmt;core::fmt;std::fmt,inherent_method,stable,1,core/src/fmt/builders.rs:548,False
core::fmt::DebugSet::finish,alloc::fmt::DebugSet::finish,alloc::fmt;core::fmt;std::fmt,inherent_method,stable,1,core/src/fmt/builders.rs:672,False
core::fmt::DebugSet::finish_non_exhaustive,alloc::fmt::DebugSet::finish_non_exhaustive,alloc::fmt;core::fmt;std::fmt,inherent_method,stable,1,core/src/fmt/builders.rs:630,False
core::fmt::DebugStruct::field,alloc::fmt::DebugStruct::field,alloc::fmt;core::fmt;std::fmt,inherent_method,stable,1,core/src/fmt/builders.rs:132,False
core::fmt::DebugStruct::finish,alloc::fmt::DebugStruct::finish,alloc::fmt;core::fmt;std::fmt,inherent_method,stable,1,core/src/fmt/builders.rs:244,False
core::fmt::DebugStruct::finish_non_exhaustive,alloc::fmt::DebugStruct::finish_non_exhaustive,alloc::fmt;core::fmt;std::fmt,inherent_method,stable,1,core/src/fmt/builders.rs:197,False
core::fmt::DebugTuple::field,alloc::fmt::DebugTuple::field,alloc::fmt;core::fmt;std::fmt,inherent_method,stable,1,core/src/fmt/builders.rs:329,False
core::fmt::DebugTuple::finish,alloc::fmt::DebugTuple::finish,alloc::fmt;core::fmt;std::fmt,inherent_method,stable,1,core/src/fmt/builders.rs:431,False
core::fmt::DebugTuple::finish_non_exhaustive,alloc::fmt::DebugTuple::finish_non_exhaustive,alloc::fmt;core::fmt;std::fmt,inherent_method,stable,1,core/src/fmt/builders.rs:387,False
core::fmt::Display::fmt,alloc::fmt::Display::fmt,alloc::fmt;core::fmt;std::fmt,trait_method,stable,1,core/src/fmt/mod.rs:1212,False
core::fmt::Formatter::align,alloc::fmt::Formatter::align,alloc::fmt;core::fmt;std::fmt,inherent_method,stable,1,core/src/fmt/mod.rs:2214,False
core::fmt::Formatter::alternate,alloc::fmt::Formatter::alternate,alloc::fmt;core::fmt;std::fmt,inherent_method,stable,1,core/src/fmt/mod.rs:2372,False
core::fmt::Formatter::debug_list,alloc::fmt::Formatter::debug_list,alloc::fmt;core::fmt;std::fmt,inherent_method,stable,1,core/src/fmt/mod.rs:2737,False
core::fmt::Formatter::debug_map,alloc::fmt::Formatter::debug_map,alloc::fmt;core::fmt;std::fmt,inherent_method,stable,1,core/src/fmt/mod.rs:2821,False
core::fmt::Formatter::debug_set,alloc::fmt::Formatter::debug_set,alloc::fmt;core::fmt;std::fmt,inherent_method,stable,1,core/src/fmt/mod.rs:2795,False
core::fmt::Formatter::debug_struct,alloc::fmt::Formatter::debug_struct,alloc::fmt;core::fmt;std::fmt,inherent_method,stable,1,core/src/fmt/mod.rs:2448,False
core::fmt::Formatter::debug_tuple,alloc::fmt::Formatter::debug_tuple,alloc::fmt;core::fmt;std::fmt,inherent_method,stable,1,core/src/fmt/mod.rs:2607,False
core::fmt::Formatter::fill,alloc::fmt::Formatter::fill,alloc::fmt;core::fmt;std::fmt,inherent_method,stable,1,core/src/fmt/mod.rs:2179,False
core::fmt::Formatter::flags,alloc::fmt::Formatter::flags,alloc::fmt;core::fmt;std::fmt,inherent_method,stable,1,core/src/fmt/mod.rs:2144,False
core::fmt::Formatter::pad,alloc::fmt::Formatter::pad,alloc::fmt;core::fmt;std::fmt,inherent_method,stable,1,core/src/fmt/mod.rs:1910,False
core::fmt::Formatter::pad_integral,alloc::fmt::Formatter::pad_integral,alloc::fmt;core::fmt;std::fmt,inherent_method,stable,1,core/src/fmt/mod.rs:1826,False
core::fmt::Formatter::precision,alloc::fmt::Formatter::precision,alloc::fmt;core::fmt;std::fmt,inherent_method,stable,1,core/src/fmt/mod.rs:2279,False
core::fmt::Formatter::sign_aware_zero_pad,alloc::fmt::Formatter::sign_aware_zero_pad,alloc::fmt;core::fmt;std::fmt,inherent_method,stable,1,core/src/fmt/mod.rs:2398,False
core::fmt::Formatter::sign_minus,alloc::fmt::Formatter::sign_minus,alloc::fmt;core::fmt;std::fmt,inherent_method,stable,1,core/src/fmt/mod.rs:2344,False
core::fmt::Formatter::sign_plus,alloc::fmt::Formatter::sign_plus,alloc::fmt;core::fmt;std::fmt,inherent_method,stable,1,core/src/fmt/mod.rs:2315,False
core::fmt::Formatter::width,alloc::fmt::Formatter::width,alloc::fmt;core::fmt;std::fmt,inherent_method,stable,1,core/src/fmt/mod.rs:2244,False
core::fmt::Formatter::write_fmt,alloc::fmt::Formatter::write_fmt,alloc::fmt;core::fmt;std::fmt,inherent_method,stable,1,core/src/fmt/mod.rs:2128,False
core::fmt::Formatter::write_str,alloc::fmt::Formatter::write_str,alloc::fmt;core::fmt;std::fmt,inherent_method,stable,1,core/src/fmt/mod.rs:2099,False
core::fmt::LowerExp::fmt,alloc::fmt::LowerExp::fmt,alloc::fmt;core::fmt;std::fmt,trait_method,stable,1,core/src/fmt/mod.rs:1545,False
core::fmt::LowerHex::fmt,alloc::fmt::LowerHex::fmt,alloc::fmt;core::fmt;std::fmt,trait_method,stable,1,core/src/fmt/mod.rs:1380,False
core::fmt::NumBuffer::new,core::fmt::NumBuffer::new,core::fmt,inherent_method,stable,1,core/src/fmt/num_buffer.rs:76,False
core::fmt::Octal::fmt,alloc::fmt::Octal::fmt,alloc::fmt;core::fmt;std::fmt,trait_method,stable,1,core/src/fmt/mod.rs:1266,False
core::fmt::Pointer::fmt,alloc::fmt::Pointer::fmt,alloc::fmt;core::fmt;std::fmt,trait_method,stable,1,core/src/fmt/mod.rs:1494,False
core::fmt::Result::and,alloc::fmt::Result::and,alloc::fmt;core::fmt;std::fmt,inherent_method,stable,1,core/src/result.rs:1440,True
core::fmt::Result::and_then,alloc::fmt::Result::and_then,alloc::fmt;core::fmt;std::fmt,inherent_method,stable,1,core/src/result.rs:1486,True
core::fmt::Result::as_deref,alloc::fmt::Result::as_deref,alloc::fmt;core::fmt;std::fmt,inherent_method,stable,1,core/src/result.rs:1044,True
core::fmt::Result::as_deref_mut,alloc::fmt::Result::as_deref_mut,alloc::fmt;core::fmt;std::fmt,inherent_method,stable,1,core/src/result.rs:1072,True
core::fmt::Result::as_mut,alloc::fmt::Result::as_mut,alloc::fmt;core::fmt;std::fmt,inherent_method,stable,1,core/src/result.rs:798,True
core::fmt::Result::as_ref,alloc::fmt::Result::as_ref,alloc::fmt;core::fmt;std::fmt,inherent_method,stable,1,core/src/result.rs:768,True
core::fmt::Result::cloned,alloc::fmt::Result::cloned,alloc::fmt;core::fmt;std::fmt,inherent_method,stable,2,core/src/result.rs:1740;core/src/result.rs:1791,True
core::fmt::Result::copied,alloc::fmt::Result::copied,alloc::fmt;core::fmt;std::fmt,inherent_method,stable,2,core/src/result.rs:1714;core/src/result.rs:1765,True
core::fmt::Result::err,alloc::fmt::Result::err,alloc::fmt;core::fmt;std::fmt,inherent_method,stable,1,core/src/result.rs:736,True
core::fmt::Result::expect,alloc::fmt::Result::expect,alloc::fmt;core::fmt;std::fmt,inherent_method,stable,1,core/src/result.rs:1177,True
core::fmt::Result::expect_err,alloc::fmt::Result::expect_err,alloc::fmt;core::fmt;std::fmt,inherent_method,stable,1,core/src/result.rs:1291,True
core::fmt::Result::flatten,alloc::fmt::Result::flatten,alloc::fmt;core::fmt;std::fmt,inherent_method,stable,1,core/src/result.rs:1855,True
core::fmt::Result::inspect,alloc::fmt::Result::inspect,alloc::fmt;core::fmt;std::fmt,inherent_method,stable,1,core/src/result.rs:986,True
core::fmt::Result::inspect_err,alloc::fmt::Result::inspect_err,alloc::fmt;core::fmt;std::fmt,inherent_method,stable,1,core/src/result.rs:1014,True
core::fmt::Result::is_err,alloc::fmt::Result::is_err,alloc::fmt;core::fmt;std::fmt,inherent_method,stable,1,core/src/result.rs:646,True
core::fmt::Result::is_err_and,alloc::fmt::Result::is_err_and,alloc::fmt;core::fmt;std::fmt,inherent_method,stable,1,core/src/result.rs:674,True
core::fmt::Result::is_ok,alloc::fmt::Result::is_ok,alloc::fmt;core::fmt;std::fmt,inherent_method,stable,1,core/src/result.rs:593,True
core::fmt::Result::is_ok_and,alloc::fmt::Result::is_ok_and,alloc::fmt;core::fmt;std::fmt,inherent_method,stable,1,core/src/result.rs:619,True
core::fmt::Result::iter,alloc::fmt::Result::iter,alloc::fmt;core::fmt;std::fmt,inherent_method,stable,1,core/src/result.rs:1099,True
core::fmt::Result::iter_mut,alloc::fmt::Result::iter_mut,alloc::fmt;core::fmt;std::fmt,inherent_method,stable,1,core/src/result.rs:1123,True
core::fmt::Result::map,alloc::fmt::Result::map,alloc::fmt;core::fmt;std::fmt,inherent_method,stable,1,core/src/result.rs:831,True
core::fmt::Result::map_err,alloc::fmt::Result::map_err,alloc::fmt;core::fmt;std::fmt,inherent_method,stable,1,core/src/result.rs:960,True
core::fmt::Result::map_or,alloc::fmt::Result::map_or,alloc::fmt;core::fmt;std::fmt,inherent_method,stable,1,core/src/result.rs:863,True
core::fmt::Result::map_or_default,alloc::fmt::Result::map_or_default,alloc::fmt;core::fmt;std::fmt,inherent_method,stable,1,core/src/result.rs:926,True
core::fmt::Result::map_or_else,alloc::fmt::Result::map_or_else,alloc::fmt;core::fmt;std::fmt,inherent_method,stable,1,core/src/result.rs:897,True
core::fmt::Result::ok,alloc::fmt::Result::ok,alloc::fmt;core::fmt;std::fmt,inherent_method,stable,1,core/src/result.rs:708,True
core::fmt::Result::or,alloc::fmt::Result::or,alloc::fmt;core::fmt;std::fmt,inherent_method,stable,1,core/src/result.rs:1526,True
core::fmt::Result::or_else,alloc::fmt::Result::or_else,alloc::fmt;core::fmt;std::fmt,inherent_method,stable,1,core/src/result.rs:1557,True
core::fmt::Result::transpose,alloc::fmt::Result::transpose,alloc::fmt;core::fmt;std::fmt,inherent_method,stable,1,core/src/result.rs:1819,True
core::fmt::Result::unwrap,alloc::fmt::Result::unwrap,alloc::fmt;core::fmt;std::fmt,inherent_method,stable,1,core/src/result.rs:1225,True
core::fmt::Result::unwrap_err,alloc::fmt::Result::unwrap_err,alloc::fmt;core::fmt;std::fmt,inherent_method,stable,1,core/src/result.rs:1322,True
core::fmt::Result::unwrap_err_unchecked,alloc::fmt::Result::unwrap_err_unchecked,alloc::fmt;core::fmt;std::fmt,inherent_method,stable,1,core/src/result.rs:1684,True
core::fmt::Result::unwrap_or,alloc::fmt::Result::unwrap_or,alloc::fmt;core::fmt;std::fmt,inherent_method,stable,1,core/src/result.rs:1588,True
core::fmt::Result::unwrap_or_default,alloc::fmt::Result::unwrap_or_default,alloc::fmt;core::fmt;std::fmt,inherent_method,stable,1,core/src/result.rs:1263,True
core::fmt::Result::unwrap_or_else,alloc::fmt::Result::unwrap_or_else,alloc::fmt;core::fmt;std::fmt,inherent_method,stable,1,core/src/result.rs:1614,True
core::fmt::Result::unwrap_unchecked,alloc::fmt::Result::unwrap_unchecked,alloc::fmt;core::fmt;std::fmt,inherent_method,stable,1,core/src/result.rs:1648,True
core::fmt::UpperExp::fmt,alloc::fmt::UpperExp::fmt,alloc::fmt;core::fmt;std::fmt,trait_method,stable,1,core/src/fmt/mod.rs:1596,False
core::fmt::UpperHex::fmt,alloc::fmt::UpperHex::fmt,alloc::fmt;core::fmt;std::fmt,trait_method,stable,1,core/src/fmt/mod.rs:1435,False
core::fmt::Write::write_char,alloc::fmt::Write::write_char,alloc::fmt;core::fmt;std::fmt,trait_method,stable,1,core/src/fmt/mod.rs:185,False
core::fmt::Write::write_fmt,alloc::fmt::Write::write_fmt,alloc::fmt;core::fmt;std::fmt,trait_method,stable,1,core/src/fmt/mod.rs:214,False
core::fmt::Write::write_str,alloc::fmt::Write::write_str,alloc::fmt;core::fmt;std::fmt,trait_method,stable,1,core/src/fmt/mod.rs:156,False
core::fmt::from_fn,alloc::fmt::from_fn,alloc::fmt;core::fmt;std::fmt,free_function,stable,1,core/src/fmt/builders.rs:1232,False
core::fmt::write,alloc::fmt::write,alloc::fmt;core::fmt;std::fmt,free_function,stable,1,core/src/fmt/mod.rs:1631,False
core::future::Future::poll,std::future::Future::poll,std::future,trait_method,stable,1,core/src/future/future.rs:113,False
core::future::IntoFuture::into_future,std::future::IntoFuture::into_future,std::future,trait_method,stable,1,core/src/future/into_future.rs:134,False
core::future::Ready::into_inner,std::future::Ready::into_inner,std::future,inherent_method,stable,1,core/src/future/ready.rs:45,False
core::future::pending,std::future::pending,std::future,free_function,stable,1,core/src/future/pending.rs:33,False
core::future::poll_fn,std::future::poll_fn,std::future,free_function,stable,1,core/src/future/poll_fn.rs:115,False
core::future::ready,std::future::ready,std::future,free_function,stable,1,core/src/future/ready.rs:67,False
core::hint::assert_unchecked,core::hint::assert_unchecked,core::hint,free_function,stable,1,core/src/hint.rs:202,False
core::hint::black_box,core::hint::black_box,core::hint,free_function,stable,1,core/src/hint.rs:490,False
core::hint::cold_path,core::hint::cold_path,core::hint,free_function,stable,1,core/src/hint.rs:784,False
core::hint::select_unpredictable,core::hint::select_unpredictable,core::hint,free_function,stable,1,core/src/hint.rs:832,False
core::hint::spin_loop,core::hint::spin_loop,core::hint,free_function,stable,1,core/src/hint.rs:270,False
core::intrinsics::copy,core::intrinsics::copy,core::intrinsics,free_function,stable,1,core/src/intrinsics/mod.rs:3054,False
core::intrinsics::copy_nonoverlapping,core::intrinsics::copy_nonoverlapping,core::intrinsics,free_function,stable,1,core/src/intrinsics/mod.rs:3043,False
core::intrinsics::transmute,core::intrinsics::transmute,core::intrinsics;core::mem;std::mem,free_function,stable,1,core/src/intrinsics/mod.rs:843,False
core::intrinsics::write_bytes,core::intrinsics::write_bytes,core::intrinsics,free_function,stable,1,core/src/intrinsics/mod.rs:3065,False
core::io::Chain::get_mut,std::io::Chain::get_mut,std::io,inherent_method,stable,1,core/src/io/util.rs:281,False
core::io::Chain::get_ref,std::io::Chain::get_ref,std::io,inherent_method,stable,1,core/src/io/util.rs:254,False
core::io::Chain::into_inner,std::io::Chain::into_inner,std::io,inherent_method,stable,1,core/src/io/util.rs:227,False
core::io::Cursor::get_mut,std::io::Cursor::get_mut,std::io,inherent_method,stable,1,core/src/io/cursor.rs:159,False
core::io::Cursor::get_ref,std::io::Cursor::get_ref,std::io,inherent_method,stable,1,core/src/io/cursor.rs:137,False
core::io::Cursor::into_inner,std::io::Cursor::into_inner,std::io,inherent_method,stable,1,core/src/io/cursor.rs:118,False
core::io::Cursor::new,std::io::Cursor::new,std::io,inherent_method,stable,1,core/src/io/cursor.rs:100,False
core::io::Cursor::position,std::io::Cursor::position,std::io,inherent_method,stable,1,core/src/io/cursor.rs:184,False
core::io::Cursor::set_position,std::io::Cursor::set_position,std::io,inherent_method,stable,1,core/src/io/cursor.rs:207,False
core::io::Error::get_mut,std::io::Error::get_mut,std::io,inherent_method,stable,1,core/src/io/error.rs:433,False
core::io::Error::get_ref,std::io::Error::get_ref,std::io,inherent_method,stable,1,core/src/io/error.rs:358,False
core::io::Error::kind,std::io::Error::kind,std::io,inherent_method,stable,1,core/src/io/error.rs:472,False
core::io::Error::raw_os_error,std::io::Error::raw_os_error,std::io,inherent_method,stable,1,core/src/io/error.rs:319,False
core::io::IoSlice::advance,std::io::IoSlice::advance,std::io,inherent_method,stable,1,core/src/io/io_slice.rs:241,False
core::io::IoSlice::advance_slices,std::io::IoSlice::advance_slices,std::io,inherent_method,stable,1,core/src/io/io_slice.rs:279,False
core::io::IoSlice::new,std::io::IoSlice::new,std::io,inherent_method,stable,1,core/src/io/io_slice.rs:213,False
core::io::IoSliceMut::advance,std::io::IoSliceMut::advance,std::io,inherent_method,stable,1,core/src/io/io_slice.rs:82,False
core::io::IoSliceMut::advance_slices,std::io::IoSliceMut::advance_slices,std::io,inherent_method,stable,1,core/src/io/io_slice.rs:121,False
core::io::IoSliceMut::new,std::io::IoSliceMut::new,std::io,inherent_method,stable,1,core/src/io/io_slice.rs:54,False
core::io::Result::and,std::io::Result::and,std::io,inherent_method,stable,1,core/src/result.rs:1440,True
core::io::Result::and_then,std::io::Result::and_then,std::io,inherent_method,stable,1,core/src/result.rs:1486,True
core::io::Result::as_deref,std::io::Result::as_deref,std::io,inherent_method,stable,1,core/src/result.rs:1044,True
core::io::Result::as_deref_mut,std::io::Result::as_deref_mut,std::io,inherent_method,stable,1,core/src/result.rs:1072,True
core::io::Result::as_mut,std::io::Result::as_mut,std::io,inherent_method,stable,1,core/src/result.rs:798,True
core::io::Result::as_ref,std::io::Result::as_ref,std::io,inherent_method,stable,1,core/src/result.rs:768,True
core::io::Result::cloned,std::io::Result::cloned,std::io,inherent_method,stable,2,core/src/result.rs:1740;core/src/result.rs:1791,True
core::io::Result::copied,std::io::Result::copied,std::io,inherent_method,stable,2,core/src/result.rs:1714;core/src/result.rs:1765,True
core::io::Result::err,std::io::Result::err,std::io,inherent_method,stable,1,core/src/result.rs:736,True
core::io::Result::expect,std::io::Result::expect,std::io,inherent_method,stable,1,core/src/result.rs:1177,True
core::io::Result::expect_err,std::io::Result::expect_err,std::io,inherent_method,stable,1,core/src/result.rs:1291,True
core::io::Result::flatten,std::io::Result::flatten,std::io,inherent_method,stable,1,core/src/result.rs:1855,True
core::io::Result::inspect,std::io::Result::inspect,std::io,inherent_method,stable,1,core/src/result.rs:986,True
core::io::Result::inspect_err,std::io::Result::inspect_err,std::io,inherent_method,stable,1,core/src/result.rs:1014,True
core::io::Result::is_err,std::io::Result::is_err,std::io,inherent_method,stable,1,core/src/result.rs:646,True
core::io::Result::is_err_and,std::io::Result::is_err_and,std::io,inherent_method,stable,1,core/src/result.rs:674,True
core::io::Result::is_ok,std::io::Result::is_ok,std::io,inherent_method,stable,1,core/src/result.rs:593,True
core::io::Result::is_ok_and,std::io::Result::is_ok_and,std::io,inherent_method,stable,1,core/src/result.rs:619,True
core::io::Result::iter,std::io::Result::iter,std::io,inherent_method,stable,1,core/src/result.rs:1099,True
core::io::Result::iter_mut,std::io::Result::iter_mut,std::io,inherent_method,stable,1,core/src/result.rs:1123,True
core::io::Result::map,std::io::Result::map,std::io,inherent_method,stable,1,core/src/result.rs:831,True
core::io::Result::map_err,std::io::Result::map_err,std::io,inherent_method,stable,1,core/src/result.rs:960,True
core::io::Result::map_or,std::io::Result::map_or,std::io,inherent_method,stable,1,core/src/result.rs:863,True
core::io::Result::map_or_default,std::io::Result::map_or_default,std::io,inherent_method,stable,1,core/src/result.rs:926,True
core::io::Result::map_or_else,std::io::Result::map_or_else,std::io,inherent_method,stable,1,core/src/result.rs:897,True
core::io::Result::ok,std::io::Result::ok,std::io,inherent_method,stable,1,core/src/result.rs:708,True
core::io::Result::or,std::io::Result::or,std::io,inherent_method,stable,1,core/src/result.rs:1526,True
core::io::Result::or_else,std::io::Result::or_else,std::io,inherent_method,stable,1,core/src/result.rs:1557,True
core::io::Result::transpose,std::io::Result::transpose,std::io,inherent_method,stable,1,core/src/result.rs:1819,True
core::io::Result::unwrap,std::io::Result::unwrap,std::io,inherent_method,stable,1,core/src/result.rs:1225,True
core::io::Result::unwrap_err,std::io::Result::unwrap_err,std::io,inherent_method,stable,1,core/src/result.rs:1322,True
core::io::Result::unwrap_err_unchecked,std::io::Result::unwrap_err_unchecked,std::io,inherent_method,stable,1,core/src/result.rs:1684,True
core::io::Result::unwrap_or,std::io::Result::unwrap_or,std::io,inherent_method,stable,1,core/src/result.rs:1588,True
core::io::Result::unwrap_or_default,std::io::Result::unwrap_or_default,std::io,inherent_method,stable,1,core/src/result.rs:1263,True
core::io::Result::unwrap_or_else,std::io::Result::unwrap_or_else,std::io,inherent_method,stable,1,core/src/result.rs:1614,True
core::io::Result::unwrap_unchecked,std::io::Result::unwrap_unchecked,std::io,inherent_method,stable,1,core/src/result.rs:1648,True
core::io::Seek::rewind,std::io::Seek::rewind,std::io,trait_method,stable,1,core/src/io/seek.rs:77,False
core::io::Seek::seek,std::io::Seek::seek,std::io,trait_method,stable,1,core/src/io/seek.rs:45,False
core::io::Seek::seek_relative,std::io::Seek::seek_relative,std::io,trait_method,stable,1,core/src/io/seek.rs:171,False
core::io::Seek::stream_position,std::io::Seek::stream_position,std::io,trait_method,stable,1,core/src/io/seek.rs:145,False
core::io::Take::get_mut,std::io::Take::get_mut,std::io,inherent_method,stable,1,core/src/io/util.rs:480,False
core::io::Take::get_ref,std::io::Take::get_ref,std::io,inherent_method,stable,1,core/src/io/util.rs:451,False
core::io::Take::into_inner,std::io::Take::into_inner,std::io,inherent_method,stable,1,core/src/io/util.rs:422,False
core::io::Take::limit,std::io::Take::limit,std::io,inherent_method,stable,1,core/src/io/util.rs:361,False
core::io::Take::set_limit,std::io::Take::set_limit,std::io,inherent_method,stable,1,core/src/io/util.rs:396,False
core::io::empty,std::io::empty,std::io,free_function,stable,1,core/src/io/util.rs:78,False
core::io::repeat,std::io::repeat,std::io,free_function,stable,1,core/src/io/util.rs:125,False
core::io::sink,std::io::sink,std::io,free_function,stable,1,core/src/io/util.rs:165,False
core::iter::DoubleEndedIterator::nth_back,core::prelude::v1::DoubleEndedIterator::nth_back,core::prelude::v1;std::iter,trait_method,stable,1,core/src/iter/traits/double_ended.rs:243,False
core::iter::DoubleEndedIterator::rfind,core::prelude::v1::DoubleEndedIterator::rfind,core::prelude::v1;std::iter,trait_method,stable,1,core/src/iter/traits/double_ended.rs:419,False
core::iter::DoubleEndedIterator::rfold,core::prelude::v1::DoubleEndedIterator::rfold,core::prelude::v1;std::iter,trait_method,stable,1,core/src/iter/traits/double_ended.rs:353,False
core::iter::DoubleEndedIterator::try_rfold,core::prelude::v1::DoubleEndedIterator::try_rfold,core::prelude::v1;std::iter,trait_method,stable,1,core/src/iter/traits/double_ended.rs:282,False
core::iter::ExactSizeIterator::len,core::prelude::v1::ExactSizeIterator::len,core::prelude::v1;std::iter,trait_method,stable,1,core/src/iter/traits/exact_size.rs:116,False
core::iter::Extend::extend,core::prelude::v1::Extend::extend,core::prelude::v1;std::iter,trait_method,stable,1,core/src/iter/traits/collect.rs:416,False
core::iter::Iterator::by_ref,core::prelude::v1::Iterator::by_ref,core::prelude::v1;std::iter,trait_method,stable,1,core/src/iter/traits/iterator.rs:1954,False
core::iter::Iterator::chain,core::prelude::v1::Iterator::chain,core::prelude::v1;std::iter,trait_method,stable,1,core/src/iter/traits/iterator.rs:510,False
core::iter::Iterator::cloned,core::prelude::v1::Iterator::cloned,core::prelude::v1;std::iter,trait_method,stable,1,core/src/iter/traits/iterator.rs:3559,False
core::iter::Iterator::cmp,core::prelude::v1::Iterator::cmp,core::prelude::v1;std::iter,trait_method,stable,1,core/src/iter/traits/iterator.rs:3723,False
core::iter::Iterator::copied,core::prelude::v1::Iterator::copied,core::prelude::v1;std::iter,trait_method,stable,1,core/src/iter/traits/iterator.rs:3511,False
core::iter::Iterator::count,core::prelude::v1::Iterator::count,core::prelude::v1;std::iter,trait_method,stable,1,core/src/iter/traits/iterator.rs:224,False
core::iter::Iterator::cycle,core::prelude::v1::Iterator::cycle,core::prelude::v1;std::iter,trait_method,stable,1,core/src/iter/traits/iterator.rs:3590,False
core::iter::Iterator::enumerate,core::prelude::v1::Iterator::enumerate,core::prelude::v1;std::iter,trait_method,stable,1,core/src/iter/traits/iterator.rs:1044,False
core::iter::Iterator::eq,core::prelude::v1::Iterator::eq,core::prelude::v1;std::iter,trait_method,stable,1,core/src/iter/traits/iterator.rs:3879,False
core::iter::Iterator::filter,core::prelude::v1::Iterator::filter,core::prelude::v1;std::iter,trait_method,stable,1,core/src/iter/traits/iterator.rs:952,False
core::iter::Iterator::filter_map,core::prelude::v1::Iterator::filter_map,core::prelude::v1;std::iter,trait_method,stable,1,core/src/iter/traits/iterator.rs:997,False
core::iter::Iterator::find_map,core::prelude::v1::Iterator::find_map,core::prelude::v1;std::iter,trait_method,stable,1,core/src/iter/traits/iterator.rs:2991,False
core::iter::Iterator::flat_map,core::prelude::v1::Iterator::flat_map,core::prelude::v1;std::iter,trait_method,stable,1,core/src/iter/traits/iterator.rs:1533,False
core::iter::Iterator::flatten,core::prelude::v1::Iterator::flatten,core::prelude::v1;std::iter,trait_method,stable,1,core/src/iter/traits/iterator.rs:1617,False
core::iter::Iterator::fold,core::prelude::v1::Iterator::fold,core::prelude::v1;std::iter,trait_method,stable,1,core/src/iter/traits/iterator.rs:2664,False
core::iter::Iterator::for_each,core::prelude::v1::Iterator::for_each,core::prelude::v1;std::iter,trait_method,stable,1,core/src/iter/traits/iterator.rs:877,False
core::iter::Iterator::fuse,core::prelude::v1::Iterator::fuse,core::prelude::v1;std::iter,trait_method,stable,1,core/src/iter/traits/iterator.rs:1833,False
core::iter::Iterator::ge,core::prelude::v1::Iterator::ge,core::prelude::v1;std::iter,trait_method,stable,1,core/src/iter/traits/iterator.rs:4021,False
core::iter::Iterator::gt,core::prelude::v1::Iterator::gt,core::prelude::v1;std::iter,trait_method,stable,1,core/src/iter/traits/iterator.rs:3999,False
core::iter::Iterator::inspect,core::prelude::v1::Iterator::inspect,core::prelude::v1;std::iter,trait_method,stable,1,core/src/iter/traits/iterator.rs:1917,False
core::iter::Iterator::is_sorted,core::prelude::v1::Iterator::is_sorted,core::prelude::v1;std::iter,trait_method,stable,1,core/src/iter/traits/iterator.rs:4051,False
core::iter::Iterator::is_sorted_by,core::prelude::v1::Iterator::is_sorted_by,core::prelude::v1;std::iter,trait_method,stable,1,core/src/iter/traits/iterator.rs:4078,False
core::iter::Iterator::is_sorted_by_key,core::prelude::v1::Iterator::is_sorted_by_key,core::prelude::v1;std::iter,trait_method,stable,1,core/src/iter/traits/iterator.rs:4123,False
core::iter::Iterator::last,core::prelude::v1::Iterator::last,core::prelude::v1;std::iter,trait_method,stable,1,core/src/iter/traits/iterator.rs:257,False
core::iter::Iterator::le,core::prelude::v1::Iterator::le,core::prelude::v1;std::iter,trait_method,stable,1,core/src/iter/traits/iterator.rs:3977,False
core::iter::Iterator::lt,core::prelude::v1::Iterator::lt,core::prelude::v1;std::iter,trait_method,stable,1,core/src/iter/traits/iterator.rs:3955,False
core::iter::Iterator::map,core::prelude::v1::Iterator::map,core::prelude::v1;std::iter,trait_method,stable,1,core/src/iter/traits/iterator.rs:831,False
core::iter::Iterator::map_while,core::prelude::v1::Iterator::map_while,core::prelude::v1;std::iter,trait_method,stable,1,core/src/iter/traits/iterator.rs:1346,False
core::iter::Iterator::max,core::prelude::v1::Iterator::max,core::prelude::v1;std::iter,trait_method,stable,1,core/src/iter/traits/iterator.rs:3250,False
core::iter::Iterator::max_by,core::prelude::v1::Iterator::max_by,core::prelude::v1;std::iter,trait_method,stable,1,core/src/iter/traits/iterator.rs:3344,False
core::iter::Iterator::max_by_key,core::prelude::v1::Iterator::max_by_key,core::prelude::v1;std::iter,trait_method,stable,1,core/src/iter/traits/iterator.rs:3310,False
core::iter::Iterator::min,core::prelude::v1::Iterator::min,core::prelude::v1;std::iter,trait_method,stable,1,core/src/iter/traits/iterator.rs:3287,False
core::iter::Iterator::min_by,core::prelude::v1::Iterator::min_by,core::prelude::v1;std::iter,trait_method,stable,1,core/src/iter/traits/iterator.rs:3406,False
core::iter::Iterator::min_by_key,core::prelude::v1::Iterator::min_by_key,core::prelude::v1;std::iter,trait_method,stable,1,core/src/iter/traits/iterator.rs:3372,False
core::iter::Iterator::ne,core::prelude::v1::Iterator::ne,core::prelude::v1;std::iter,trait_method,stable,1,core/src/iter/traits/iterator.rs:3933,False
core::iter::Iterator::nth,core::prelude::v1::Iterator::nth,core::prelude::v1;std::iter,trait_method,stable,1,core/src/iter/traits/iterator.rs:388,False
core::iter::Iterator::partial_cmp,core::prelude::v1::Iterator::partial_cmp,core::prelude::v1;std::iter,trait_method,stable,1,core/src/iter/traits/iterator.rs:3808,False
core::iter::Iterator::partition,core::prelude::v1::Iterator::partition,core::prelude::v1;std::iter,trait_method,stable,1,core/src/iter/traits/iterator.rs:2271,False
core::iter::Iterator::peekable,core::prelude::v1::Iterator::peekable,core::prelude::v1;std::iter,trait_method,stable,1,core/src/iter/traits/iterator.rs:1115,False
core::iter::Iterator::position,core::prelude::v1::Iterator::position,core::prelude::v1;std::iter,trait_method,stable,1,core/src/iter/traits/iterator.rs:3134,False
core::iter::Iterator::product,core::prelude::v1::Iterator::product,core::prelude::v1;std::iter,trait_method,stable,1,core/src/iter/traits/iterator.rs:3701,False
core::iter::Iterator::reduce,core::prelude::v1::Iterator::reduce,core::prelude::v1;std::iter,trait_method,stable,1,core/src/iter/traits/iterator.rs:2701,False
core::iter::Iterator::rposition,core::prelude::v1::Iterator::rposition,core::prelude::v1;std::iter,trait_method,stable,1,core/src/iter/traits/iterator.rs:3200,False
core::iter::Iterator::scan,core::prelude::v1::Iterator::scan,core::prelude::v1;std::iter,trait_method,stable,1,core/src/iter/traits/iterator.rs:1494,False
core::iter::Iterator::size_hint,core::prelude::v1::Iterator::size_hint,core::prelude::v1;std::iter,trait_method,stable,1,core/src/iter/traits/iterator.rs:189,False
core::iter::Iterator::skip,core::prelude::v1::Iterator::skip,core::prelude::v1;std::iter,trait_method,stable,1,core/src/iter/traits/iterator.rs:1375,False
core::iter::Iterator::skip_while,core::prelude::v1::Iterator::skip_while,core::prelude::v1;std::iter,trait_method,stable,1,core/src/iter/traits/iterator.rs:1180,False
core::iter::Iterator::step_by,core::prelude::v1::Iterator::step_by,core::prelude::v1;std::iter,trait_method,stable,1,core/src/iter/traits/iterator.rs:439,False
core::iter::Iterator::sum,core::prelude::v1::Iterator::sum,core::prelude::v1;std::iter,trait_method,stable,1,core/src/iter/traits/iterator.rs:3669,False
core::iter::Iterator::take,core::prelude::v1::Iterator::take,core::prelude::v1;std::iter,trait_method,stable,1,core/src/iter/traits/iterator.rs:1447,False
core::iter::Iterator::take_while,core::prelude::v1::Iterator::take_while,core::prelude::v1;std::iter,trait_method,stable,1,core/src/iter/traits/iterator.rs:1258,False
core::iter::Iterator::try_fold,core::prelude::v1::Iterator::try_fold,core::prelude::v1;std::iter,trait_method,stable,1,core/src/iter/traits/iterator.rs:2486,False
core::iter::Iterator::try_for_each,core::prelude::v1::Iterator::try_for_each,core::prelude::v1;std::iter,trait_method,stable,1,core/src/iter/traits/iterator.rs:2545,False
core::iter::Iterator::unzip,core::prelude::v1::Iterator::unzip,core::prelude::v1;std::iter,trait_method,stable,1,core/src/iter/traits/iterator.rs:3480,False
core::iter::Iterator::zip,core::prelude::v1::Iterator::zip,core::prelude::v1;std::iter,trait_method,stable,1,core/src/iter/traits/iterator.rs:629,False
core::iter::Peekable::next_if,std::iter::Peekable::next_if,std::iter,inherent_method,stable,1,core/src/iter/adapters/peekable.rs:287,False
core::iter::Peekable::next_if_eq,std::iter::Peekable::next_if_eq,std::iter,inherent_method,stable,1,core/src/iter/adapters/peekable.rs:313,False
core::iter::Peekable::next_if_map,std::iter::Peekable::next_if_map,std::iter,inherent_method,stable,1,core/src/iter/adapters/peekable.rs:410,False
core::iter::Peekable::next_if_map_mut,std::iter::Peekable::next_if_map_mut,std::iter,inherent_method,stable,1,core/src/iter/adapters/peekable.rs:447,False
core::iter::Peekable::peek,std::iter::Peekable::peek,std::iter,inherent_method,stable,1,core/src/iter/adapters/peekable.rs:216,False
core::iter::Peekable::peek_mut,std::iter::Peekable::peek_mut,std::iter,inherent_method,stable,1,core/src/iter/adapters/peekable.rs:256,False
core::iter::Product::product,std::iter::Product::product,std::iter,trait_method,stable,1,core/src/iter/traits/accum.rs:44,False
core::iter::Sum::sum,std::iter::Sum::sum,std::iter,trait_method,stable,1,core/src/iter/traits/accum.rs:22,False
core::iter::chain,std::iter::chain,std::iter,free_function,stable,1,core/src/iter/adapters/chain.rs:64,False
core::iter::empty,std::iter::empty,std::iter,free_function,stable,1,core/src/iter/sources/empty.rs:20,False
core::iter::from_fn,std::iter::from_fn,std::iter,free_function,stable,1,core/src/iter/sources/from_fn.rs:45,False
core::iter::once,std::iter::once,std::iter,free_function,stable,1,core/src/iter/sources/once.rs:56,False
core::iter::once_with,std::iter::once_with,std::iter,free_function,stable,1,core/src/iter/sources/once_with.rs:61,False
core::iter::repeat,std::iter::repeat,std::iter,free_function,stable,1,core/src/iter/sources/repeat.rs:64,False
core::iter::repeat_n,std::iter::repeat_n,std::iter,free_function,stable,1,core/src/iter/sources/repeat_n.rs:59,False
core::iter::repeat_with,std::iter::repeat_with,std::iter,free_function,stable,1,core/src/iter/sources/repeat_with.rs:65,False
core::iter::successors,std::iter::successors,std::iter,free_function,stable,1,core/src/iter/sources/successors.rs:22,False
core::iter::zip,std::iter::zip,std::iter,free_function,stable,1,core/src/iter/adapters/zip.rs:65,False
core::mem::ManuallyDrop::drop,core::mem::ManuallyDrop::drop,core::mem;std::mem,inherent_method,stable,1,core/src/mem/manually_drop.rs:257,False
core::mem::ManuallyDrop::take,core::mem::ManuallyDrop::take,core::mem;std::mem,inherent_method,stable,1,core/src/mem/manually_drop.rs:224,False
core::mem::MaybeUninit::as_mut_ptr,core::mem::MaybeUninit::as_mut_ptr,core::mem;std::mem,inherent_method,stable,1,core/src/mem/maybe_uninit.rs:659,False
core::mem::MaybeUninit::as_ptr,core::mem::MaybeUninit::as_ptr,core::mem;std::mem,inherent_method,stable,1,core/src/mem/maybe_uninit.rs:617,False
core::mem::MaybeUninit::assume_init_drop,core::mem::MaybeUninit::assume_init_drop,core::mem;std::mem,inherent_method,stable,1,core/src/mem/maybe_uninit.rs:826,False
core::mem::MaybeUninit::assume_init_read,core::mem::MaybeUninit::assume_init_read,core::mem;std::mem,inherent_method,stable,1,core/src/mem/maybe_uninit.rs:794,False
core::mem::MaybeUninit::write,core::mem::MaybeUninit::write,core::mem;std::mem,inherent_method,stable,1,core/src/mem/maybe_uninit.rs:574,False
core::mem::MaybeUninit::zeroed,core::mem::MaybeUninit::zeroed,core::mem;std::mem,inherent_method,stable,1,core/src/mem/maybe_uninit.rs:480,False
core::mem::discriminant,core::mem::discriminant,core::mem;std::mem,free_function,stable,1,core/src/mem/mod.rs:1404,False
core::mem::drop,core::mem::drop,core::mem;core::prelude::v1;std::mem,free_function,stable,1,core/src/mem/mod.rs:1038,False
core::mem::forget,core::mem::forget,core::mem;std::mem,free_function,stable,1,core/src/mem/mod.rs:190,False
core::mem::min_align_of,core::mem::min_align_of,core::mem;std::mem,free_function,stable,1,core/src/mem/mod.rs:489,False
core::mem::min_align_of_val,core::mem::min_align_of_val,core::mem;std::mem,free_function,stable,1,core/src/mem/mod.rs:512,False
core::mem::needs_drop,core::mem::needs_drop,core::mem;std::mem,free_function,stable,1,core/src/mem/mod.rs:699,False
core::mem::replace,core::mem::replace,core::mem;std::mem,free_function,stable,1,core/src/mem/mod.rs:954,False
core::mem::take,core::mem::take,core::mem;std::mem,free_function,stable,1,core/src/mem/mod.rs:887,False
core::mem::transmute_copy,core::mem::transmute_copy,core::mem;std::mem,free_function,stable,1,core/src/mem/mod.rs:1138,False
core::mem::uninitialized,core::mem::uninitialized,core::mem;std::mem,free_function,stable,1,core/src/mem/mod.rs:785,False
core::mem::zeroed,core::mem::zeroed,core::mem;std::mem,free_function,stable,1,core/src/mem/mod.rs:748,False
core::ops::AddAssign::add_assign,core::ops::AddAssign::add_assign,core::ops;std::ops,trait_method,stable,1,core/src/ops/arith.rs:779,False
core::ops::BitAnd::bitand,core::ops::BitAnd::bitand,core::ops;std::ops,trait_method,stable,1,core/src/ops/bit.rs:167,False
core::ops::BitAndAssign::bitand_assign,core::ops::BitAndAssign::bitand_assign,core::ops;std::ops,trait_method,stable,1,core/src/ops/bit.rs:739,False
core::ops::BitOr::bitor,core::ops::BitOr::bitor,core::ops;std::ops,trait_method,stable,1,core/src/ops/bit.rs:271,False
core::ops::BitOrAssign::bitor_assign,core::ops::BitOrAssign::bitor_assign,core::ops;std::ops,trait_method,stable,1,core/src/ops/bit.rs:814,False
core::ops::BitXor::bitxor,core::ops::BitXor::bitxor,core::ops;std::ops,trait_method,stable,1,core/src/ops/bit.rs:375,False
core::ops::BitXorAssign::bitxor_assign,core::ops::BitXorAssign::bitxor_assign,core::ops;std::ops,trait_method,stable,1,core/src/ops/bit.rs:889,False
core::ops::Bound::as_ref,core::ops::Bound::as_ref,core::ops;std::ops,inherent_method,stable,1,core/src/ops/range.rs:709,False
core::ops::Bound::cloned,core::ops::Bound::cloned,core::ops;std::ops,inherent_method,stable,1,core/src/ops/range.rs:803,False
core::ops::Bound::map,core::ops::Bound::map,core::ops;std::ops,inherent_method,stable,1,core/src/ops/range.rs:751,False
core::ops::ControlFlow::map_break,core::ops::ControlFlow::map_break,core::ops;std::ops,inherent_method,stable,1,core/src/ops/control_flow.rs:280,False
core::ops::ControlFlow::map_continue,core::ops::ControlFlow::map_continue,core::ops;std::ops,inherent_method,stable,1,core/src/ops/control_flow.rs:392,False
core::ops::DivAssign::div_assign,core::ops::DivAssign::div_assign,core::ops;std::ops,trait_method,stable,1,core/src/ops/arith.rs:974,False
core::ops::Drop::drop,core::ops::Drop::drop,core::ops;core::prelude::v1;std::ops,trait_method,stable,1,core/src/ops/drop.rs:243,False
core::ops::IndexMut::index_mut,core::ops::IndexMut::index_mut,core::ops;std::ops,trait_method,stable,1,core/src/ops/index.rs:179,False
core::ops::MulAssign::mul_assign,core::ops::MulAssign::mul_assign,core::ops;std::ops,trait_method,stable,1,core/src/ops/arith.rs:912,False
core::ops::Not::not,core::ops::Not::not,core::ops;std::ops,trait_method,stable,1,core/src/ops/bit.rs:52,False
core::ops::Range::is_empty,core::ops::Range::is_empty,core::ops;std::ops,inherent_method,stable,1,core/src/ops/range.rs:151,False
core::ops::RangeBounds::contains,core::ops::RangeBounds::contains,core::ops;std::ops,trait_method,stable,1,core/src/ops/range.rs:868,False
core::ops::RangeFrom::contains,core::ops::RangeFrom::contains,core::ops;std::ops,inherent_method,stable,1,core/src/ops/range.rs:229,False
core::ops::RangeInclusive::end,core::ops::RangeInclusive::end,core::ops;std::ops,inherent_method,stable,1,core/src/ops/range.rs:440,False
core::ops::RangeInclusive::into_inner,core::ops::RangeInclusive::into_inner,core::ops;std::ops,inherent_method,stable,1,core/src/ops/range.rs:457,False
core::ops::RangeInclusive::is_empty,core::ops::RangeInclusive::is_empty,core::ops;std::ops,inherent_method,stable,1,core/src/ops/range.rs:559,False
core::ops::RangeInclusive::start,core::ops::RangeInclusive::start,core::ops;std::ops,inherent_method,stable,1,core/src/ops/range.rs:415,False
core::ops::RangeTo::contains,core::ops::RangeTo::contains,core::ops;std::ops,inherent_method,stable,1,core/src/ops/range.rs:313,False
core::ops::RangeToInclusive::contains,core::ops::RangeToInclusive::contains,core::ops;std::ops,inherent_method,stable,1,core/src/ops/range.rs:642,False
core::ops::Rem::rem,core::ops::Rem::rem,core::ops;std::ops,trait_method,stable,1,core/src/ops/arith.rs:584,False
core::ops::RemAssign::rem_assign,core::ops::RemAssign::rem_assign,core::ops;std::ops,trait_method,stable,1,core/src/ops/arith.rs:1039,False
core::ops::Shl::shl,core::ops::Shl::shl,core::ops;std::ops,trait_method,stable,1,core/src/ops/bit.rs:476,False
core::ops::ShlAssign::shl_assign,core::ops::ShlAssign::shl_assign,core::ops;std::ops,trait_method,stable,1,core/src/ops/bit.rs:954,False
core::ops::Shr::shr,core::ops::Shr::shr,core::ops;std::ops,trait_method,stable,1,core/src/ops/bit.rs:599,False
core::ops::ShrAssign::shr_assign,core::ops::ShrAssign::shr_assign,core::ops;std::ops,trait_method,stable,1,core/src/ops/bit.rs:1041,False
core::ops::SubAssign::sub_assign,core::ops::SubAssign::sub_assign,core::ops;std::ops,trait_method,stable,1,core/src/ops/arith.rs:850,False
core::option::Option::and,core::prelude::v1::Option::and,core::prelude::v1,inherent_method,stable,1,core/src/option.rs:1493,False
core::option::Option::as_deref,core::prelude::v1::Option::as_deref,core::prelude::v1,inherent_method,stable,1,core/src/option.rs:1386,False
core::option::Option::as_deref_mut,core::prelude::v1::Option::as_deref_mut,core::prelude::v1,inherent_method,stable,1,core/src/option.rs:1410,False
core::option::Option::as_pin_mut,core::prelude::v1::Option::as_pin_mut,core::prelude::v1,inherent_method,stable,1,core/src/option.rs:795,False
core::option::Option::as_pin_ref,core::prelude::v1::Option::as_pin_ref,core::prelude::v1,inherent_method,stable,1,core/src/option.rs:778,False
core::option::Option::copied,core::prelude::v1::Option::copied,core::prelude::v1,inherent_method,stable,2,core/src/option.rs:2134;core/src/option.rs:2184,False
core::option::Option::filter,core::prelude::v1::Option::filter,core::prelude::v1,inherent_method,stable,1,core/src/option.rs:1574,False
core::option::Option::flatten,core::prelude::v1::Option::flatten,core::prelude::v1,inherent_method,stable,1,core/src/option.rs:2937,False
core::option::Option::get_or_insert_default,core::prelude::v1::Option::get_or_insert_default,core::prelude::v1,inherent_method,stable,1,core/src/option.rs:1778,False
core::option::Option::get_or_insert_with,core::prelude::v1::Option::get_or_insert_with,core::prelude::v1,inherent_method,stable,1,core/src/option.rs:1805,False
core::option::Option::inspect,core::prelude::v1::Option::inspect,core::prelude::v1,inherent_method,stable,1,core/src/option.rs:1189,False
core::option::Option::is_none_or,core::prelude::v1::Option::is_none_or,core::prelude::v1,inherent_method,stable,1,core/src/option.rs:708,False
core::option::Option::is_some_and,core::prelude::v1::Option::is_some_and,core::prelude::v1,inherent_method,stable,1,core/src/option.rs:659,False
core::option::Option::iter,core::prelude::v1::Option::iter,core::prelude::v1,inherent_method,stable,1,core/src/option.rs:1434,False
core::option::Option::iter_mut,core::prelude::v1::Option::iter_mut,core::prelude::v1,inherent_method,stable,1,core/src/option.rs:1455,False
core::option::Option::map_or,core::prelude::v1::Option::map_or,core::prelude::v1,inherent_method,stable,1,core/src/option.rs:1222,False
core::option::Option::map_or_default,core::prelude::v1::Option::map_or_default,core::prelude::v1,inherent_method,stable,1,core/src/option.rs:1298,False
core::option::Option::map_or_else,core::prelude::v1::Option::map_or_else,core::prelude::v1,inherent_method,stable,1,core/src/option.rs:1269,False
core::option::Option::or,core::prelude::v1::Option::or,core::prelude::v1,inherent_method,stable,1,core/src/option.rs:1617,False
core::option::Option::or_else,core::prelude::v1::Option::or_else,core::prelude::v1,inherent_method,stable,1,core/src/option.rs:1643,False
core::option::Option::replace,core::prelude::v1::Option::replace,core::prelude::v1,inherent_method,stable,1,core/src/option.rs:1958,False
core::option::Option::take_if,core::prelude::v1::Option::take_if,core::prelude::v1,inherent_method,stable,1,core/src/option.rs:1931,False
core::option::Option::transpose,core::prelude::v1::Option::transpose,core::prelude::v1,inherent_method,stable,1,core/src/option.rs:2237,False
core::option::Option::unwrap_unchecked,core::prelude::v1::Option::unwrap_unchecked,core::prelude::v1,inherent_method,stable,1,core/src/option.rs:1126,False
core::option::Option::unzip,core::prelude::v1::Option::unzip,core::prelude::v1,inherent_method,stable,1,core/src/option.rs:2110,False
core::option::Option::xor,core::prelude::v1::Option::xor,core::prelude::v1,inherent_method,stable,1,core/src/option.rs:1680,False
core::option::Option::zip,core::prelude::v1::Option::zip,core::prelude::v1,inherent_method,stable,1,core/src/option.rs:1979,False
core::panic::Location::caller,core::panic::Location::caller,core::panic;std::panic,inherent_method,stable,1,core/src/panic/location.rs:180,False
core::panic::PanicInfo::location,core::panic::PanicInfo::location,core::panic,inherent_method,stable,1,core/src/panic/panic_info.rs:91,False
core::panic::PanicInfo::message,core::panic::PanicInfo::message,core::panic,inherent_method,stable,1,core/src/panic/panic_info.rs:61,False
core::panic::PanicInfo::payload,core::panic::PanicInfo::payload,core::panic,inherent_method,stable,1,core/src/panic/panic_info.rs:110,False
core::panic::PanicMessage::as_str,core::panic::PanicMessage::as_str,core::panic,inherent_method,stable,1,core/src/panic/panic_info.rs:171,False
core::pin::Pin::as_deref_mut,core::pin::Pin::as_deref_mut,core::pin;std::pin,inherent_method,stable,1,core/src/pin.rs:1428,False
core::pin::Pin::as_mut,core::pin::Pin::as_mut,core::pin;std::pin,inherent_method,stable,1,core/src/pin.rs:1409,False
core::pin::Pin::as_ref,core::pin::Pin::as_ref,core::pin;std::pin,inherent_method,stable,1,core/src/pin.rs:1361,False
core::pin::Pin::get_mut,core::pin::Pin::get_mut,core::pin;std::pin,inherent_method,stable,1,core/src/pin.rs:1596,False
core::pin::Pin::get_ref,core::pin::Pin::get_ref,core::pin;std::pin,inherent_method,stable,1,core/src/pin.rs:1568,False
core::pin::Pin::get_unchecked_mut,core::pin::Pin::get_unchecked_mut,core::pin;std::pin,inherent_method,stable,1,core/src/pin.rs:1617,False
core::pin::Pin::into_inner,core::pin::Pin::into_inner,core::pin;std::pin,inherent_method,stable,1,core/src/pin.rs:1210,False
core::pin::Pin::into_inner_unchecked,core::pin::Pin::into_inner_unchecked,core::pin;std::pin,inherent_method,stable,1,core/src/pin.rs:1512,False
core::pin::Pin::into_ref,core::pin::Pin::into_ref,core::pin;std::pin,inherent_method,stable,1,core/src/pin.rs:1579,False
core::pin::Pin::map_unchecked,core::pin::Pin::map_unchecked,core::pin;std::pin,inherent_method,stable,1,core/src/pin.rs:1534,False
core::pin::Pin::map_unchecked_mut,core::pin::Pin::map_unchecked_mut,core::pin;std::pin,inherent_method,stable,1,core/src/pin.rs:1638,False
core::pin::Pin::new,core::pin::Pin::new,core::pin;std::pin,inherent_method,stable,1,core/src/pin.rs:1181,False
core::pin::Pin::new_unchecked,core::pin::Pin::new_unchecked,core::pin;std::pin,inherent_method,stable,1,core/src/pin.rs:1347,False
core::pin::Pin::set,core::pin::Pin::set,core::pin;std::pin,inherent_method,stable,1,core/src/pin.rs:1481,False
core::pin::Pin::static_mut,core::pin::Pin::static_mut,core::pin;std::pin,inherent_method,stable,1,core/src/pin.rs:1674,False
core::pin::Pin::static_ref,core::pin::Pin::static_ref,core::pin;std::pin,inherent_method,stable,1,core/src/pin.rs:1660,False
core::ptr::NonNull::add,core::ptr::NonNull::add,core::ptr;std::ptr,inherent_method,stable,1,core/src/ptr/non_null.rs:606,False
core::ptr::NonNull::addr,core::ptr::NonNull::addr,core::ptr;std::ptr,inherent_method,stable,1,core/src/ptr/non_null.rs:330,False
core::ptr::NonNull::align_offset,core::ptr::NonNull::align_offset,core::ptr;std::ptr,inherent_method,stable,1,core/src/ptr/non_null.rs:1225,False
core::ptr::NonNull::as_mut,core::ptr::NonNull::as_mut,core::ptr;std::ptr,inherent_method,stable,1,core/src/ptr/non_null.rs:475,False
core::ptr::NonNull::as_ptr,core::ptr::NonNull::as_ptr,core::ptr;std::ptr,inherent_method,stable,1,core/src/ptr/non_null.rs:398,False
core::ptr::NonNull::as_ref,core::ptr::NonNull::as_ref,core::ptr;std::ptr,inherent_method,stable,1,core/src/ptr/non_null.rs:437,False
core::ptr::NonNull::byte_add,core::ptr::NonNull::byte_add,core::ptr;std::ptr,inherent_method,stable,1,core/src/ptr/non_null.rs:632,False
core::ptr::NonNull::byte_offset,core::ptr::NonNull::byte_offset,core::ptr;std::ptr,inherent_method,stable,1,core/src/ptr/non_null.rs:577,False
core::ptr::NonNull::byte_offset_from,core::ptr::NonNull::byte_offset_from,core::ptr;std::ptr,inherent_method,stable,1,core/src/ptr/non_null.rs:811,False
core::ptr::NonNull::byte_offset_from_unsigned,core::ptr::NonNull::byte_offset_from_unsigned,core::ptr;std::ptr,inherent_method,stable,1,core/src/ptr/non_null.rs:903,False
core::ptr::NonNull::byte_sub,core::ptr::NonNull::byte_sub,core::ptr;std::ptr,inherent_method,stable,1,core/src/ptr/non_null.rs:692,False
core::ptr::NonNull::cast,core::ptr::NonNull::cast,core::ptr;std::ptr,inherent_method,stable,1,core/src/ptr/non_null.rs:499,False
core::ptr::NonNull::copy_from,core::ptr::NonNull::copy_from,core::ptr;std::ptr,inherent_method,stable,1,core/src/ptr/non_null.rs:1019,False
core::ptr::NonNull::copy_from_nonoverlapping,core::ptr::NonNull::copy_from_nonoverlapping,core::ptr;std::ptr,inherent_method,stable,1,core/src/ptr/non_null.rs:1039,False
core::ptr::NonNull::copy_to,core::ptr::NonNull::copy_to,core::ptr;std::ptr,inherent_method,stable,1,core/src/ptr/non_null.rs:979,False
core::ptr::NonNull::copy_to_nonoverlapping,core::ptr::NonNull::copy_to_nonoverlapping,core::ptr;std::ptr,inherent_method,stable,1,core/src/ptr/non_null.rs:999,False
core::ptr::NonNull::dangling,core::ptr::NonNull::dangling,core::ptr;std::ptr,inherent_method,stable,1,core/src/ptr/non_null.rs:126,False
core::ptr::NonNull::drop_in_place,core::ptr::NonNull::drop_in_place,core::ptr;std::ptr,inherent_method,stable,1,core/src/ptr/non_null.rs:1055,False
core::ptr::NonNull::expose_provenance,core::ptr::NonNull::expose_provenance,core::ptr;std::ptr,inherent_method,stable,1,core/src/ptr/non_null.rs:343,False
core::ptr::NonNull::from_mut,core::ptr::NonNull::from_mut,core::ptr;std::ptr,inherent_method,stable,1,core/src/ptr/non_null.rs:288,False
core::ptr::NonNull::from_ref,core::ptr::NonNull::from_ref,core::ptr;std::ptr,inherent_method,stable,1,core/src/ptr/non_null.rs:279,False
core::ptr::NonNull::is_aligned,core::ptr::NonNull::is_aligned,core::ptr;std::ptr,inherent_method,stable,1,core/src/ptr/non_null.rs:1259,False
core::ptr::NonNull::is_empty,core::ptr::NonNull::is_empty,core::ptr;std::ptr,inherent_method,stable,1,core/src/ptr/non_null.rs:1423,False
core::ptr::NonNull::len,core::ptr::NonNull::len,core::ptr;std::ptr,inherent_method,stable,1,core/src/ptr/non_null.rs:1405,False
core::ptr::NonNull::map_addr,core::ptr::NonNull::map_addr,core::ptr;std::ptr,inherent_method,stable,1,core/src/ptr/non_null.rs:372,False
core::ptr::NonNull::new,core::ptr::NonNull::new,core::ptr;std::ptr,inherent_method,stable,1,core/src/ptr/non_null.rs:266,False
core::ptr::NonNull::new_unchecked,core::ptr::NonNull::new_unchecked,core::ptr;std::ptr,inherent_method,stable,1,core/src/ptr/non_null.rs:230,False
core::ptr::NonNull::offset,core::ptr::NonNull::offset,core::ptr;std::ptr,inherent_method,stable,1,core/src/ptr/non_null.rs:551,False
core::ptr::NonNull::offset_from,core::ptr::NonNull::offset_from,core::ptr;std::ptr,inherent_method,stable,1,core/src/ptr/non_null.rs:790,False
core::ptr::NonNull::offset_from_unsigned,core::ptr::NonNull::offset_from_unsigned,core::ptr;std::ptr,inherent_method,stable,1,core/src/ptr/non_null.rs:881,False
core::ptr::NonNull::read,core::ptr::NonNull::read,core::ptr;std::ptr,inherent_method,stable,1,core/src/ptr/non_null.rs:918,False
core::ptr::NonNull::read_unaligned,core::ptr::NonNull::read_unaligned,core::ptr;std::ptr,inherent_method,stable,1,core/src/ptr/non_null.rs:959,False
core::ptr::NonNull::read_volatile,core::ptr::NonNull::read_volatile,core::ptr;std::ptr,inherent_method,stable,1,core/src/ptr/non_null.rs:939,False
core::ptr::NonNull::replace,core::ptr::NonNull::replace,core::ptr;std::ptr,inherent_method,stable,1,core/src/ptr/non_null.rs:1150,False
core::ptr::NonNull::slice_from_raw_parts,core::ptr::NonNull::slice_from_raw_parts,core::ptr;std::ptr,inherent_method,stable,1,core/src/ptr/non_null.rs:1381,False
core::ptr::NonNull::sub,core::ptr::NonNull::sub,core::ptr;std::ptr,inherent_method,stable,1,core/src/ptr/non_null.rs:661,False
core::ptr::NonNull::swap,core::ptr::NonNull::swap,core::ptr;std::ptr,inherent_method,stable,1,core/src/ptr/non_null.rs:1168,False
core::ptr::NonNull::with_addr,core::ptr::NonNull::with_addr,core::ptr;std::ptr,inherent_method,stable,1,core/src/ptr/non_null.rs:358,False
core::ptr::NonNull::with_exposed_provenance,core::ptr::NonNull::with_exposed_provenance,core::ptr;std::ptr,inherent_method,stable,1,core/src/ptr/non_null.rs:140,False
core::ptr::NonNull::without_provenance,core::ptr::NonNull::without_provenance,core::ptr;std::ptr,inherent_method,stable,1,core/src/ptr/non_null.rs:98,False
core::ptr::NonNull::write,core::ptr::NonNull::write,core::ptr;std::ptr,inherent_method,stable,1,core/src/ptr/non_null.rs:1073,False
core::ptr::NonNull::write_bytes,core::ptr::NonNull::write_bytes,core::ptr;std::ptr,inherent_method,stable,1,core/src/ptr/non_null.rs:1092,False
core::ptr::NonNull::write_unaligned,core::ptr::NonNull::write_unaligned,core::ptr;std::ptr,inherent_method,stable,1,core/src/ptr/non_null.rs:1133,False
core::ptr::NonNull::write_volatile,core::ptr::NonNull::write_volatile,core::ptr;std::ptr,inherent_method,stable,1,core/src/ptr/non_null.rs:1113,False
core::ptr::add,core::ptr::<*const/*mut T>::add,core::ptr;std::ptr,primitive_method,stable,2,core/src/ptr/const_ptr.rs:838;core/src/ptr/mut_ptr.rs:936,False
core::ptr::addr,core::ptr::<*const/*mut T>::addr,core::ptr;std::ptr,primitive_method,stable,2,core/src/ptr/const_ptr.rs:153;core/src/ptr/mut_ptr.rs:144,False
core::ptr::addr_eq,core::ptr::addr_eq,core::ptr;std::ptr,free_function,stable,1,core/src/ptr/mod.rs:2499,False
core::ptr::align_offset,core::ptr::<*const/*mut T>::align_offset,core::ptr;std::ptr,primitive_method,stable,2,core/src/ptr/const_ptr.rs:1276;core/src/ptr/mut_ptr.rs:1539,False
core::ptr::as_array,core::ptr::<*const/*mut T>::as_array,core::ptr;std::ptr,primitive_method,stable,1,core/src/ptr/const_ptr.rs:1488,False
core::ptr::as_mut,core::ptr::<*const/*mut T>::as_mut,core::ptr;std::ptr,primitive_method,stable,1,core/src/ptr/mut_ptr.rs:588,False
core::ptr::as_mut_array,core::ptr::<*const/*mut T>::as_mut_array,core::ptr;std::ptr,primitive_method,stable,1,core/src/ptr/mut_ptr.rs:1747,False
core::ptr::as_mut_unchecked,core::ptr::<*const/*mut T>::as_mut_unchecked,core::ptr;std::ptr,primitive_method,stable,1,core/src/ptr/mut_ptr.rs:623,False
core::ptr::as_ref,core::ptr::<*const/*mut T>::as_ref,core::ptr;std::ptr,primitive_method,stable,2,core/src/ptr/const_ptr.rs:267;core/src/ptr/mut_ptr.rs:263,False
core::ptr::as_ref_unchecked,core::ptr::<*const/*mut T>::as_ref_unchecked,core::ptr;std::ptr,primitive_method,stable,2,core/src/ptr/const_ptr.rs:298;core/src/ptr/mut_ptr.rs:296,False
core::ptr::byte_add,core::ptr::<*const/*mut T>::byte_add,core::ptr;std::ptr,primitive_method,stable,2,core/src/ptr/const_ptr.rs:890;core/src/ptr/mut_ptr.rs:988,False
core::ptr::byte_offset,core::ptr::<*const/*mut T>::byte_offset,core::ptr;std::ptr,primitive_method,stable,2,core/src/ptr/const_ptr.rs:407;core/src/ptr/mut_ptr.rs:412,False
core::ptr::byte_offset_from,core::ptr::<*const/*mut T>::byte_offset_from,core::ptr;std::ptr,primitive_method,stable,2,core/src/ptr/const_ptr.rs:640;core/src/ptr/mut_ptr.rs:819,False
core::ptr::byte_offset_from_unsigned,core::ptr::<*const/*mut T>::byte_offset_from_unsigned,core::ptr;std::ptr,primitive_method,stable,2,core/src/ptr/const_ptr.rs:751;core/src/ptr/mut_ptr.rs:909,False
core::ptr::byte_sub,core::ptr::<*const/*mut T>::byte_sub,core::ptr;std::ptr,primitive_method,stable,2,core/src/ptr/const_ptr.rs:975;core/src/ptr/mut_ptr.rs:1073,False
core::ptr::cast,core::ptr::<*const/*mut T>::cast,core::ptr;std::ptr,primitive_method,stable,2,core/src/ptr/const_ptr.rs:48;core/src/ptr/mut_ptr.rs:31,False
core::ptr::cast_const,core::ptr::<*const/*mut T>::cast_const,core::ptr;std::ptr,primitive_method,stable,1,core/src/ptr/mut_ptr.rs:134,False
core::ptr::cast_mut,core::ptr::<*const/*mut T>::cast_mut,core::ptr;std::ptr,primitive_method,stable,1,core/src/ptr/const_ptr.rs:145,False
core::ptr::copy,core::ptr::copy,core::ptr;std::ptr,free_function,stable,1,core/src/ptr/mod.rs:625,False
core::ptr::copy_from,core::ptr::<*const/*mut T>::copy_from,core::ptr;std::ptr,primitive_method,stable,1,core/src/ptr/mut_ptr.rs:1341,False
core::ptr::copy_from_nonoverlapping,core::ptr::<*const/*mut T>::copy_from_nonoverlapping,core::ptr;std::ptr,primitive_method,stable,1,core/src/ptr/mut_ptr.rs:1361,False
core::ptr::copy_nonoverlapping,core::ptr::copy_nonoverlapping,core::ptr;std::ptr,free_function,stable,1,core/src/ptr/mod.rs:528,False
core::ptr::copy_to,core::ptr::<*const/*mut T>::copy_to,core::ptr;std::ptr,primitive_method,stable,2,core/src/ptr/const_ptr.rs:1209;core/src/ptr/mut_ptr.rs:1301,False
core::ptr::copy_to_nonoverlapping,core::ptr::<*const/*mut T>::copy_to_nonoverlapping,core::ptr;std::ptr,primitive_method,stable,2,core/src/ptr/const_ptr.rs:1229;core/src/ptr/mut_ptr.rs:1321,False
core::ptr::dangling,core::ptr::dangling,core::ptr;std::ptr,free_function,stable,1,core/src/ptr/mod.rs:916,False
core::ptr::dangling_mut,core::ptr::dangling_mut,core::ptr;std::ptr,free_function,stable,1,core/src/ptr/mod.rs:961,False
core::ptr::drop_in_place,core::ptr::<*const/*mut T>::drop_in_place,core::ptr;std::ptr,free_function;primitive_method,stable,2,core/src/ptr/mod.rs:806;core/src/ptr/mut_ptr.rs:1377,False
core::ptr::eq,core::ptr::eq,core::ptr;std::ptr,free_function,stable,1,core/src/ptr/mod.rs:2475,False
core::ptr::expose_provenance,core::ptr::<*const/*mut T>::expose_provenance,core::ptr;std::ptr,primitive_method,stable,2,core/src/ptr/const_ptr.rs:187;core/src/ptr/mut_ptr.rs:178,False
core::ptr::fn_addr_eq,core::ptr::fn_addr_eq,core::ptr;std::ptr,free_function,stable,1,core/src/ptr/mod.rs:2552,False
core::ptr::from_mut,core::ptr::from_mut,core::ptr;std::ptr,free_function,stable,1,core/src/ptr/mod.rs:1150,False
core::ptr::from_ref,core::ptr::from_ref,core::ptr;std::ptr,free_function,stable,1,core/src/ptr/mod.rs:1100,False
core::ptr::hash,core::ptr::hash,core::ptr;std::ptr,free_function,stable,1,core/src/ptr/mod.rs:2582,False
core::ptr::is_aligned,core::ptr::<*const/*mut T>::is_aligned,core::ptr;std::ptr,primitive_method,stable,2,core/src/ptr/const_ptr.rs:1314;core/src/ptr/mut_ptr.rs:1580,False
core::ptr::is_empty,core::ptr::<*const/*mut T>::is_empty,core::ptr;std::ptr,primitive_method,stable,2,core/src/ptr/const_ptr.rs:1458;core/src/ptr/mut_ptr.rs:1736,False
core::ptr::is_null,core::ptr::<*const/*mut T>::is_null,core::ptr;std::ptr,primitive_method,stable,2,core/src/ptr/const_ptr.rs:22;core/src/ptr/mut_ptr.rs:22,False
core::ptr::len,core::ptr::<*const/*mut T>::len,core::ptr;std::ptr,primitive_method,stable,2,core/src/ptr/const_ptr.rs:1441;core/src/ptr/mut_ptr.rs:1719,False
core::ptr::map_addr,core::ptr::<*const/*mut T>::map_addr,core::ptr;std::ptr,primitive_method,stable,2,core/src/ptr/const_ptr.rs:224;core/src/ptr/mut_ptr.rs:215,False
core::ptr::offset,core::ptr::<*const/*mut T>::offset,core::ptr;std::ptr,primitive_method,stable,2,core/src/ptr/const_ptr.rs:354;core/src/ptr/mut_ptr.rs:357,False
core::ptr::offset_from,core::ptr::<*const/*mut T>::offset_from,core::ptr;std::ptr,primitive_method,stable,2,core/src/ptr/const_ptr.rs:617;core/src/ptr/mut_ptr.rs:798,False
core::ptr::offset_from_unsigned,core::ptr::<*const/*mut T>::offset_from_unsigned,core::ptr;std::ptr,primitive_method,stable,2,core/src/ptr/const_ptr.rs:706;core/src/ptr/mut_ptr.rs:887,False
core::ptr::read,core::ptr::<*const/*mut T>::read,core::ptr;std::ptr,free_function;primitive_method,stable,3,core/src/ptr/const_ptr.rs:1148;core/src/ptr/mod.rs:1692;core/src/ptr/mut_ptr.rs:1240,False
core::ptr::read_unaligned,core::ptr::<*const/*mut T>::read_unaligned,core::ptr;std::ptr,free_function;primitive_method,stable,3,core/src/ptr/const_ptr.rs:1189;core/src/ptr/mod.rs:1810;core/src/ptr/mut_ptr.rs:1281,False
core::ptr::read_volatile,core::ptr::<*const/*mut T>::read_volatile,core::ptr;std::ptr,free_function;primitive_method,stable,3,core/src/ptr/const_ptr.rs:1169;core/src/ptr/mod.rs:2121;core/src/ptr/mut_ptr.rs:1261,False
core::ptr::replace,core::ptr::<*const/*mut T>::replace,core::ptr;std::ptr,free_function;primitive_method,stable,2,core/src/ptr/mod.rs:1557;core/src/ptr/mut_ptr.rs:1472,False
core::ptr::slice_from_raw_parts,core::ptr::slice_from_raw_parts,core::ptr;std::ptr,free_function,stable,1,core/src/ptr/mod.rs:1189,False
core::ptr::slice_from_raw_parts_mut,core::ptr::slice_from_raw_parts_mut,core::ptr;std::ptr,free_function,stable,1,core/src/ptr/mod.rs:1235,False
core::ptr::sub,core::ptr::<*const/*mut T>::sub,core::ptr;std::ptr,primitive_method,stable,2,core/src/ptr/const_ptr.rs:917;core/src/ptr/mut_ptr.rs:1015,False
core::ptr::swap,core::ptr::<*const/*mut T>::swap,core::ptr;std::ptr,free_function;primitive_method,stable,2,core/src/ptr/mod.rs:1314;core/src/ptr/mut_ptr.rs:1490,False
core::ptr::swap_nonoverlapping,core::ptr::swap_nonoverlapping,core::ptr;std::ptr,free_function,stable,1,core/src/ptr/mod.rs:1378,False
core::ptr::with_addr,core::ptr::<*const/*mut T>::with_addr,core::ptr;std::ptr,primitive_method,stable,2,core/src/ptr/const_ptr.rs:205;core/src/ptr/mut_ptr.rs:196,False
core::ptr::with_exposed_provenance,core::ptr::with_exposed_provenance,core::ptr;std::ptr,free_function,stable,1,core/src/ptr/mod.rs:1002,False
core::ptr::with_exposed_provenance_mut,core::ptr::with_exposed_provenance_mut,core::ptr;std::ptr,free_function,stable,1,core/src/ptr/mod.rs:1043,False
core::ptr::without_provenance,core::ptr::without_provenance,core::ptr;std::ptr,free_function,stable,1,core/src/ptr/mod.rs:899,False
core::ptr::without_provenance_mut,core::ptr::without_provenance_mut,core::ptr;std::ptr,free_function,stable,1,core/src/ptr/mod.rs:939,False
core::ptr::wrapping_add,core::ptr::<*const/*mut T>::wrapping_add,core::ptr;std::ptr,primitive_method,stable,2,core/src/ptr/const_ptr.rs:1035;core/src/ptr/mut_ptr.rs:1130,False
core::ptr::wrapping_byte_add,core::ptr::<*const/*mut T>::wrapping_byte_add,core::ptr;std::ptr,primitive_method,stable,2,core/src/ptr/const_ptr.rs:1055;core/src/ptr/mut_ptr.rs:1150,False
core::ptr::wrapping_byte_offset,core::ptr::<*const/*mut T>::wrapping_byte_offset,core::ptr;std::ptr,primitive_method,stable,2,core/src/ptr/const_ptr.rs:490;core/src/ptr/mut_ptr.rs:492,False
core::ptr::wrapping_byte_sub,core::ptr::<*const/*mut T>::wrapping_byte_sub,core::ptr;std::ptr,primitive_method,stable,2,core/src/ptr/const_ptr.rs:1134;core/src/ptr/mut_ptr.rs:1226,False
core::ptr::wrapping_offset,core::ptr::<*const/*mut T>::wrapping_offset,core::ptr;std::ptr,primitive_method,stable,2,core/src/ptr/const_ptr.rs:468;core/src/ptr/mut_ptr.rs:470,False
core::ptr::wrapping_sub,core::ptr::<*const/*mut T>::wrapping_sub,core::ptr;std::ptr,primitive_method,stable,2,core/src/ptr/const_ptr.rs:1114;core/src/ptr/mut_ptr.rs:1206,False
core::ptr::write,core::ptr::<*const/*mut T>::write,core::ptr;std::ptr,free_function;primitive_method,stable,2,core/src/ptr/mod.rs:1916;core/src/ptr/mut_ptr.rs:1395,False
core::ptr::write_bytes,core::ptr::<*const/*mut T>::write_bytes,core::ptr;std::ptr,free_function;primitive_method,stable,2,core/src/ptr/mod.rs:699;core/src/ptr/mut_ptr.rs:1414,False
core::ptr::write_unaligned,core::ptr::<*const/*mut T>::write_unaligned,core::ptr;std::ptr,free_function;primitive_method,stable,2,core/src/ptr/mod.rs:2020;core/src/ptr/mut_ptr.rs:1455,False
core::ptr::write_volatile,core::ptr::<*const/*mut T>::write_volatile,core::ptr;std::ptr,free_function;primitive_method,stable,2,core/src/ptr/mod.rs:2223;core/src/ptr/mut_ptr.rs:1435,False
core::result::Result::and,core::prelude::v1::Result::and,core::prelude::v1;core::result;std::result,inherent_method,stable,1,core/src/result.rs:1440,False
core::result::Result::and_then,core::prelude::v1::Result::and_then,core::prelude::v1;core::result;std::result,inherent_method,stable,1,core/src/result.rs:1486,False
core::result::Result::as_deref,core::prelude::v1::Result::as_deref,core::prelude::v1;core::result;std::result,inherent_method,stable,1,core/src/result.rs:1044,False
core::result::Result::as_deref_mut,core::prelude::v1::Result::as_deref_mut,core::prelude::v1;core::result;std::result,inherent_method,stable,1,core/src/result.rs:1072,False
core::result::Result::as_mut,core::prelude::v1::Result::as_mut,core::prelude::v1;core::result;std::result,inherent_method,stable,1,core/src/result.rs:798,False
core::result::Result::cloned,core::prelude::v1::Result::cloned,core::prelude::v1;core::result;std::result,inherent_method,stable,2,core/src/result.rs:1740;core/src/result.rs:1791,False
core::result::Result::copied,core::prelude::v1::Result::copied,core::prelude::v1;core::result;std::result,inherent_method,stable,2,core/src/result.rs:1714;core/src/result.rs:1765,False
core::result::Result::expect_err,core::prelude::v1::Result::expect_err,core::prelude::v1;core::result;std::result,inherent_method,stable,1,core/src/result.rs:1291,False
core::result::Result::flatten,core::prelude::v1::Result::flatten,core::prelude::v1;core::result;std::result,inherent_method,stable,1,core/src/result.rs:1855,False
core::result::Result::inspect,core::prelude::v1::Result::inspect,core::prelude::v1;core::result;std::result,inherent_method,stable,1,core/src/result.rs:986,False
core::result::Result::inspect_err,core::prelude::v1::Result::inspect_err,core::prelude::v1;core::result;std::result,inherent_method,stable,1,core/src/result.rs:1014,False
core::result::Result::is_err_and,core::prelude::v1::Result::is_err_and,core::prelude::v1;core::result;std::result,inherent_method,stable,1,core/src/result.rs:674,False
core::result::Result::is_ok_and,core::prelude::v1::Result::is_ok_and,core::prelude::v1;core::result;std::result,inherent_method,stable,1,core/src/result.rs:619,False
core::result::Result::iter,core::prelude::v1::Result::iter,core::prelude::v1;core::result;std::result,inherent_method,stable,1,core/src/result.rs:1099,False
core::result::Result::iter_mut,core::prelude::v1::Result::iter_mut,core::prelude::v1;core::result;std::result,inherent_method,stable,1,core/src/result.rs:1123,False
core::result::Result::map_or,core::prelude::v1::Result::map_or,core::prelude::v1;core::result;std::result,inherent_method,stable,1,core/src/result.rs:863,False
core::result::Result::map_or_default,core::prelude::v1::Result::map_or_default,core::prelude::v1;core::result;std::result,inherent_method,stable,1,core/src/result.rs:926,False
core::result::Result::map_or_else,core::prelude::v1::Result::map_or_else,core::prelude::v1;core::result;std::result,inherent_method,stable,1,core/src/result.rs:897,False
core::result::Result::or,core::prelude::v1::Result::or,core::prelude::v1;core::result;std::result,inherent_method,stable,1,core/src/result.rs:1526,False
core::result::Result::or_else,core::prelude::v1::Result::or_else,core::prelude::v1;core::result;std::result,inherent_method,stable,1,core/src/result.rs:1557,False
core::result::Result::transpose,core::prelude::v1::Result::transpose,core::prelude::v1;core::result;std::result,inherent_method,stable,1,core/src/result.rs:1819,False
core::result::Result::unwrap_err_unchecked,core::prelude::v1::Result::unwrap_err_unchecked,core::prelude::v1;core::result;std::result,inherent_method,stable,1,core/src/result.rs:1684,False
core::result::Result::unwrap_or,core::prelude::v1::Result::unwrap_or,core::prelude::v1;core::result;std::result,inherent_method,stable,1,core/src/result.rs:1588,False
core::result::Result::unwrap_or_default,core::prelude::v1::Result::unwrap_or_default,core::prelude::v1;core::result;std::result,inherent_method,stable,1,core/src/result.rs:1263,False
core::result::Result::unwrap_or_else,core::prelude::v1::Result::unwrap_or_else,core::prelude::v1;core::result;std::result,inherent_method,stable,1,core/src/result.rs:1614,False
core::result::Result::unwrap_unchecked,core::prelude::v1::Result::unwrap_unchecked,core::prelude::v1;core::result;std::result,inherent_method,stable,1,core/src/result.rs:1648,False
core::slice::ChunksExact::remainder,core::slice::ChunksExact::remainder,core::slice;std::slice,inherent_method,stable,1,core/src/slice/iter.rs:1876,False
core::slice::ChunksExactMut::into_remainder,core::slice::ChunksExactMut::into_remainder,core::slice;std::slice,inherent_method,stable,1,core/src/slice/iter.rs:2039,False
core::slice::Iter::as_slice,core::slice::Iter::as_slice,core::slice;std::slice,inherent_method,stable,1,core/src/slice/iter.rs:135,False
core::slice::IterMut::as_slice,core::slice::IterMut::as_slice,core::slice;std::slice,inherent_method,stable,1,core/src/slice/iter.rs:311,False
core::slice::IterMut::into_slice,core::slice::IterMut::into_slice,core::slice;std::slice,inherent_method,stable,1,core/src/slice/iter.rs:274,False
core::slice::RChunksExact::remainder,core::slice::RChunksExact::remainder,core::slice;std::slice,inherent_method,stable,1,core/src/slice/iter.rs:2686,False
core::slice::RChunksExactMut::into_remainder,core::slice::RChunksExactMut::into_remainder,core::slice;std::slice,inherent_method,stable,1,core/src/slice/iter.rs:2855,False
core::slice::align_to,core::slice::<[T]>::align_to,core::slice;std::slice,primitive_method,stable,1,core/src/slice/mod.rs:4506,False
core::slice::align_to_mut,core::slice::<[T]>::align_to_mut,core::slice;std::slice,primitive_method,stable,1,core/src/slice/mod.rs:4571,False
core::slice::array_windows,core::slice::<[T]>::array_windows,core::slice;std::slice,primitive_method,stable,1,core/src/slice/mod.rs:1649,False
core::slice::as_array,core::slice::<[T]>::as_array,core::slice;std::slice,primitive_method,stable,1,core/src/slice/mod.rs:853,False
core::slice::as_chunks,core::slice::<[T]>::as_chunks,core::slice;std::slice,primitive_method,stable,1,core/src/slice/mod.rs:1399,False
core::slice::as_chunks_mut,core::slice::<[T]>::as_chunks_mut,core::slice;std::slice,primitive_method,stable,1,core/src/slice/mod.rs:1555,False
core::slice::as_chunks_unchecked,core::slice::<[T]>::as_chunks_unchecked,core::slice;std::slice,primitive_method,stable,1,core/src/slice/mod.rs:1341,False
core::slice::as_chunks_unchecked_mut,core::slice::<[T]>::as_chunks_unchecked_mut,core::slice;std::slice,primitive_method,stable,1,core/src/slice/mod.rs:1501,False
core::slice::as_flattened,core::slice::<[T]>::as_flattened,core::slice;std::slice,primitive_method,stable,1,core/src/slice/mod.rs:5451,False
core::slice::as_flattened_mut,core::slice::<[T]>::as_flattened_mut,core::slice;std::slice,primitive_method,stable,1,core/src/slice/mod.rs:5493,False
core::slice::as_mut_array,core::slice::<[T]>::as_mut_array,core::slice;std::slice,primitive_method,stable,1,core/src/slice/mod.rs:872,False
core::slice::as_mut_ptr,core::slice::<[T]>::as_mut_ptr,core::slice;std::slice,primitive_method,stable,1,core/src/slice/mod.rs:760,False
core::slice::as_mut_ptr_range,core::slice::<[T]>::as_mut_ptr_range,core::slice;std::slice,primitive_method,stable,1,core/src/slice/mod.rs:839,False
core::slice::as_ptr,core::slice::<[T]>::as_ptr,core::slice;std::slice,primitive_method,stable,1,core/src/slice/mod.rs:728,False
core::slice::as_ptr_range,core::slice::<[T]>::as_ptr_range,core::slice;std::slice,primitive_method,stable,1,core/src/slice/mod.rs:796,False
core::slice::as_rchunks,core::slice::<[T]>::as_rchunks,core::slice;std::slice,primitive_method,stable,1,core/src/slice/mod.rs:1446,False
core::slice::as_rchunks_mut,core::slice::<[T]>::as_rchunks_mut,core::slice;std::slice,primitive_method,stable,1,core/src/slice/mod.rs:1608,False
core::slice::assume_init_drop,core::slice::<[T]>::assume_init_drop,core::slice;std::slice,primitive_method,stable,1,core/src/mem/maybe_uninit.rs:1487,False
core::slice::assume_init_mut,core::slice::<[T]>::assume_init_mut,core::slice;std::slice,primitive_method,stable,1,core/src/mem/maybe_uninit.rs:1528,False
core::slice::assume_init_ref,core::slice::<[T]>::assume_init_ref,core::slice;std::slice,primitive_method,stable,1,core/src/mem/maybe_uninit.rs:1509,False
core::slice::binary_search,core::slice::<[T]>::binary_search,core::slice;std::slice,primitive_method,stable,1,core/src/slice/mod.rs:2925,False
core::slice::binary_search_by,core::slice::<[T]>::binary_search_by,core::slice;std::slice,primitive_method,stable,1,core/src/slice/mod.rs:2976,False
core::slice::binary_search_by_key,core::slice::<[T]>::binary_search_by_key,core::slice;std::slice,primitive_method,stable,1,core/src/slice/mod.rs:3077,False
core::slice::chunk_by,core::slice::<[T]>::chunk_by,core::slice;std::slice,primitive_method,stable,1,core/src/slice/mod.rs:1867,False
core::slice::chunk_by_mut,core::slice::<[T]>::chunk_by_mut,core::slice;std::slice,primitive_method,stable,1,core/src/slice/mod.rs:1909,False
core::slice::chunks,core::slice::<[T]>::chunks,core::slice;std::slice,primitive_method,stable,1,core/src/slice/mod.rs:1158,False
core::slice::chunks_exact,core::slice::<[T]>::chunks_exact,core::slice;std::slice,primitive_method,stable,1,core/src/slice/mod.rs:1245,False
core::slice::chunks_exact_mut,core::slice::<[T]>::chunks_exact_mut,core::slice;std::slice,primitive_method,stable,1,core/src/slice/mod.rs:1293,False
core::slice::chunks_mut,core::slice::<[T]>::chunks_mut,core::slice;std::slice,primitive_method,stable,1,core/src/slice/mod.rs:1202,False
core::slice::clone_from_slice,core::slice::<[T]>::clone_from_slice,core::slice;std::slice,primitive_method,stable,1,core/src/slice/mod.rs:4260,False
core::slice::contains,core::slice::<[T]>::contains,core::slice;std::slice,primitive_method,stable,1,core/src/slice/mod.rs:2594,False
core::slice::element_offset,core::slice::<[T]>::element_offset,core::slice;std::slice,primitive_method,stable,1,core/src/slice/mod.rs:5267,False
core::slice::ends_with,core::slice::<[T]>::ends_with,core::slice;std::slice,primitive_method,stable,1,core/src/slice/mod.rs:2655,False
core::slice::eq_ignore_ascii_case,core::slice::<[T]>::eq_ignore_ascii_case,core::slice;std::slice,primitive_method,stable,1,core/src/slice/ascii.rs:60,False
core::slice::escape_ascii,core::slice::<[T]>::escape_ascii,core::slice;std::slice,primitive_method,stable,1,core/src/slice/ascii.rs:218,False
core::slice::fill,core::slice::<[T]>::fill,core::slice;std::slice,primitive_method,stable,1,core/src/slice/mod.rs:4172,False
core::slice::fill_with,core::slice::<[T]>::fill_with,core::slice;std::slice,primitive_method,stable,1,core/src/slice/mod.rs:4196,False
core::slice::first_chunk,core::slice::<[T]>::first_chunk,core::slice;std::slice,primitive_method,stable,1,core/src/slice/mod.rs:327,False
core::slice::first_chunk_mut,core::slice::<[T]>::first_chunk_mut,core::slice;std::slice,primitive_method,stable,1,core/src/slice/mod.rs:357,False
core::slice::from_mut,core::slice::from_mut,core::slice;std::slice,free_function,stable,1,core/src/slice/raw.rs:211,False
core::slice::from_raw_parts,core::slice::from_raw_parts,core::slice;std::slice,free_function,stable,1,core/src/slice/raw.rs:124,False
core::slice::from_raw_parts_mut,core::slice::from_raw_parts_mut,core::slice;std::slice,free_function,stable,1,core/src/slice/raw.rs:179,False
core::slice::from_ref,core::slice::from_ref,core::slice;std::slice,free_function,stable,1,core/src/slice/raw.rs:203,False
core::slice::get_disjoint_mut,core::slice::<[T]>::get_disjoint_mut,core::slice;std::slice,primitive_method,stable,1,core/src/slice/mod.rs:5216,False
core::slice::get_disjoint_unchecked_mut,core::slice::<[T]>::get_disjoint_unchecked_mut,core::slice;std::slice,primitive_method,stable,1,core/src/slice/mod.rs:5149,False
core::slice::get_mut,core::slice::<[T]>::get_mut,core::slice;std::slice,primitive_method,stable,1,core/src/slice/mod.rs:600,False
core::slice::get_unchecked,core::slice::<[T]>::get_unchecked,core::slice;std::slice,primitive_method,stable,1,core/src/slice/mod.rs:640,False
core::slice::get_unchecked_mut,core::slice::<[T]>::get_unchecked_mut,core::slice;std::slice,primitive_method,stable,1,core/src/slice/mod.rs:686,False
core::slice::is_ascii,core::slice::<[T]>::is_ascii,core::slice;std::slice,primitive_method,stable,1,core/src/slice/ascii.rs:18,False
core::slice::is_sorted,core::slice::<[T]>::is_sorted,core::slice;std::slice,primitive_method,stable,1,core/src/slice/mod.rs:4735,False
core::slice::is_sorted_by,core::slice::<[T]>::is_sorted_by,core::slice;std::slice,primitive_method,stable,1,core/src/slice/mod.rs:4778,False
core::slice::is_sorted_by_key,core::slice::<[T]>::is_sorted_by_key,core::slice;std::slice,primitive_method,stable,1,core/src/slice/mod.rs:4802,False
core::slice::iter_mut,core::slice::<[T]>::iter_mut,core::slice;std::slice,primitive_method,stable,1,core/src/slice/mod.rs:1063,False
core::slice::last_chunk,core::slice::<[T]>::last_chunk,core::slice;std::slice,primitive_method,stable,1,core/src/slice/mod.rs:509,False
core::slice::last_chunk_mut,core::slice::<[T]>::last_chunk_mut,core::slice;std::slice,primitive_method,stable,1,core/src/slice/mod.rs:539,False
core::slice::make_ascii_lowercase,core::slice::<[T]>::make_ascii_lowercase,core::slice;std::slice,primitive_method,stable,1,core/src/slice/ascii.rs:195,False
core::slice::make_ascii_uppercase,core::slice::<[T]>::make_ascii_uppercase,core::slice;std::slice,primitive_method,stable,1,core/src/slice/ascii.rs:173,False
core::slice::partition_point,core::slice::<[T]>::partition_point,core::slice;std::slice,primitive_method,stable,1,core/src/slice/mod.rs:4861,False
core::slice::rchunks,core::slice::<[T]>::rchunks,core::slice;std::slice,primitive_method,stable,1,core/src/slice/mod.rs:1689,False
core::slice::rchunks_exact,core::slice::<[T]>::rchunks_exact,core::slice;std::slice,primitive_method,stable,1,core/src/slice/mod.rs:1778,False
core::slice::rchunks_exact_mut,core::slice::<[T]>::rchunks_exact_mut,core::slice;std::slice,primitive_method,stable,1,core/src/slice/mod.rs:1827,False
core::slice::rchunks_mut,core::slice::<[T]>::rchunks_mut,core::slice;std::slice,primitive_method,stable,1,core/src/slice/mod.rs:1733,False
core::slice::reverse,core::slice::<[T]>::reverse,core::slice;std::slice,primitive_method,stable,1,core/src/slice/mod.rs:981,False
core::slice::rotate_left,core::slice::<[T]>::rotate_left,core::slice;std::slice,primitive_method,stable,1,core/src/slice/mod.rs:3890,False
core::slice::rotate_right,core::slice::<[T]>::rotate_right,core::slice;std::slice,primitive_method,stable,1,core/src/slice/mod.rs:3936,False
core::slice::rsplit,core::slice::<[T]>::rsplit,core::slice;std::slice,primitive_method,stable,1,core/src/slice/mod.rs:2365,False
core::slice::rsplit_mut,core::slice::<[T]>::rsplit_mut,core::slice;std::slice,primitive_method,stable,1,core/src/slice/mod.rs:2391,False
core::slice::rsplitn,core::slice::<[T]>::rsplitn,core::slice;std::slice,primitive_method,stable,1,core/src/slice/mod.rs:2474,False
core::slice::rsplitn_mut,core::slice::<[T]>::rsplitn_mut,core::slice;std::slice,primitive_method,stable,1,core/src/slice/mod.rs:2501,False
core::slice::select_nth_unstable,core::slice::<[T]>::select_nth_unstable,core::slice;std::slice,primitive_method,stable,1,core/src/slice/mod.rs:3522,False
core::slice::select_nth_unstable_by,core::slice::<[T]>::select_nth_unstable_by,core::slice;std::slice,primitive_method,stable,1,core/src/slice/mod.rs:3587,False
core::slice::select_nth_unstable_by_key,core::slice::<[T]>::select_nth_unstable_by_key,core::slice;std::slice,primitive_method,stable,1,core/src/slice/mod.rs:3654,False
core::slice::sort_unstable,core::slice::<[T]>::sort_unstable,core::slice;std::slice,primitive_method,stable,1,core/src/slice/mod.rs:3139,False
core::slice::sort_unstable_by,core::slice::<[T]>::sort_unstable_by,core::slice;std::slice,primitive_method,stable,1,core/src/slice/mod.rs:3194,False
core::slice::sort_unstable_by_key,core::slice::<[T]>::sort_unstable_by_key,core::slice;std::slice,primitive_method,stable,1,core/src/slice/mod.rs:3246,False
core::slice::split,core::slice::<[T]>::split,core::slice;std::slice,primitive_method,stable,1,core/src/slice/mod.rs:2247,False
core::slice::split_at_checked,core::slice::<[T]>::split_at_checked,core::slice;std::slice,primitive_method,stable,1,core/src/slice/mod.rs:2156,False
core::slice::split_at_mut_checked,core::slice::<[T]>::split_at_mut_checked,core::slice;std::slice,primitive_method,stable,1,core/src/slice/mod.rs:2195,False
core::slice::split_at_mut_unchecked,core::slice::<[T]>::split_at_mut_unchecked,core::slice;std::slice,primitive_method,stable,1,core/src/slice/mod.rs:2095,False
core::slice::split_at_unchecked,core::slice::<[T]>::split_at_unchecked,core::slice;std::slice,primitive_method,stable,1,core/src/slice/mod.rs:2041,False
core::slice::split_first,core::slice::<[T]>::split_first,core::slice;std::slice,primitive_method,stable,1,core/src/slice/mod.rs:198,False
core::slice::split_first_chunk,core::slice::<[T]>::split_first_chunk,core::slice;std::slice,primitive_method,stable,1,core/src/slice/mod.rs:387,False
core::slice::split_first_chunk_mut,core::slice::<[T]>::split_first_chunk_mut,core::slice;std::slice,primitive_method,stable,1,core/src/slice/mod.rs:417,False
core::slice::split_first_mut,core::slice::<[T]>::split_first_mut,core::slice;std::slice,primitive_method,stable,1,core/src/slice/mod.rs:220,False
core::slice::split_inclusive,core::slice::<[T]>::split_inclusive,core::slice;std::slice,primitive_method,stable,1,core/src/slice/mod.rs:2305,False
core::slice::split_inclusive_mut,core::slice::<[T]>::split_inclusive_mut,core::slice;std::slice,primitive_method,stable,1,core/src/slice/mod.rs:2329,False
core::slice::split_last,core::slice::<[T]>::split_last,core::slice;std::slice,primitive_method,stable,1,core/src/slice/mod.rs:240,False
core::slice::split_last_chunk,core::slice::<[T]>::split_last_chunk,core::slice;std::slice,primitive_method,stable,1,core/src/slice/mod.rs:447,False
core::slice::split_last_chunk_mut,core::slice::<[T]>::split_last_chunk_mut,core::slice;std::slice,primitive_method,stable,1,core/src/slice/mod.rs:478,False
core::slice::split_last_mut,core::slice::<[T]>::split_last_mut,core::slice;std::slice,primitive_method,stable,1,core/src/slice/mod.rs:262,False
core::slice::split_mut,core::slice::<[T]>::split_mut,core::slice;std::slice,primitive_method,stable,1,core/src/slice/mod.rs:2269,False
core::slice::split_off,core::slice::<[T]>::split_off,core::slice;std::slice,primitive_method,stable,1,core/src/slice/mod.rs:4913,False
core::slice::split_off_first,core::slice::<[T]>::split_off_first,core::slice;std::slice,primitive_method,stable,1,core/src/slice/mod.rs:5017,False
core::slice::split_off_first_mut,core::slice::<[T]>::split_off_first_mut,core::slice;std::slice,primitive_method,stable,1,core/src/slice/mod.rs:5042,False
core::slice::split_off_last,core::slice::<[T]>::split_off_last,core::slice;std::slice,primitive_method,stable,1,core/src/slice/mod.rs:5067,False
core::slice::split_off_last_mut,core::slice::<[T]>::split_off_last_mut,core::slice;std::slice,primitive_method,stable,1,core/src/slice/mod.rs:5092,False
core::slice::split_off_mut,core::slice::<[T]>::split_off_mut,core::slice;std::slice,primitive_method,stable,1,core/src/slice/mod.rs:4979,False
core::slice::splitn,core::slice::<[T]>::splitn,core::slice;std::slice,primitive_method,stable,1,core/src/slice/mod.rs:2419,False
core::slice::splitn_mut,core::slice::<[T]>::splitn_mut,core::slice;std::slice,primitive_method,stable,1,core/src/slice/mod.rs:2445,False
core::slice::starts_with,core::slice::<[T]>::starts_with,core::slice;std::slice,primitive_method,stable,1,core/src/slice/mod.rs:2624,False
core::slice::strip_circumfix,core::slice::<[T]>::strip_circumfix,core::slice;std::slice,primitive_method,stable,1,core/src/slice/mod.rs:2763,False
core::slice::strip_prefix,core::slice::<[T]>::strip_prefix,core::slice;std::slice,primitive_method,stable,1,core/src/slice/mod.rs:2687,False
core::slice::strip_suffix,core::slice::<[T]>::strip_suffix,core::slice;std::slice,primitive_method,stable,1,core/src/slice/mod.rs:2723,False
core::slice::subslice_range,core::slice::<[T]>::subslice_range,core::slice;std::slice,primitive_method,stable,1,core/src/slice/mod.rs:5321,False
core::slice::swap,core::slice::<[T]>::swap,core::slice;std::slice,primitive_method,stable,1,core/src/slice/mod.rs:908,False
core::slice::swap_with_slice,core::slice::<[T]>::swap_with_slice,core::slice;std::slice,primitive_method,stable,1,core/src/slice/mod.rs:4429,False
core::slice::trim_ascii,core::slice::<[T]>::trim_ascii,core::slice;std::slice,primitive_method,stable,1,core/src/slice/ascii.rs:308,False
core::slice::trim_ascii_end,core::slice::<[T]>::trim_ascii_end,core::slice;std::slice,primitive_method,stable,1,core/src/slice/ascii.rs:274,False
core::slice::trim_ascii_start,core::slice::<[T]>::trim_ascii_start,core::slice;std::slice,primitive_method,stable,1,core/src/slice/ascii.rs:241,False
core::slice::utf8_chunks,core::slice::<[T]>::utf8_chunks,core::slice;std::slice,primitive_method,stable,1,core/src/str/lossy.rs:45,False
core::slice::windows,core::slice::<[T]>::windows,core::slice;std::slice,primitive_method,stable,1,core/src/slice/mod.rs:1118,False
core::slice::write_clone_of_slice,core::slice::<[T]>::write_clone_of_slice,core::slice;std::slice,primitive_method,stable,1,core/src/mem/maybe_uninit.rs:1223,False
core::slice::write_copy_of_slice,core::slice::<[T]>::write_copy_of_slice,core::slice;std::slice,primitive_method,stable,1,core/src/mem/maybe_uninit.rs:1163,False
core::str::CharIndices::as_str,core::str::CharIndices::as_str,core::str;std::str,inherent_method,stable,1,core/src/str/iter.rs:234,False
core::str::CharIndices::offset,core::str::CharIndices::offset,core::str;std::str,inherent_method,stable,1,core/src/str/iter.rs:270,False
core::str::Chars::as_str,core::str::Chars::as_str,core::str;std::str,inherent_method,stable,1,core/src/str/iter.rs:156,False
core::str::FromStr::from_str,core::str::FromStr::from_str,core::str;std::str,trait_method,stable,1,core/src/str/traits.rs:893,False
core::str::Utf8Chunk::invalid,core::str::Utf8Chunk::invalid,core::str;std::str,inherent_method,stable,1,core/src/str/lossy.rs:104,False
core::str::Utf8Chunk::valid,core::str::Utf8Chunk::valid,core::str;std::str,inherent_method,stable,1,core/src/str/lossy.rs:84,False
core::str::as_bytes_mut,core::str::<str>::as_bytes_mut,core::str;std::str,primitive_method,stable,1,core/src/str/mod.rs:558,False
core::str::as_mut_ptr,core::str::<str>::as_mut_ptr,core::str;std::str,primitive_method,stable,1,core/src/str/mod.rs:608,False
core::str::as_ptr,core::str::<str>::as_ptr,core::str;std::str,primitive_method,stable,1,core/src/str/mod.rs:589,False
core::str::bytes,core::str::<str>::bytes,core::str;std::str,primitive_method,stable,1,core/src/str/mod.rs:1158,False
core::str::ceil_char_boundary,core::str::<str>::ceil_char_boundary,core::str;std::str,primitive_method,stable,1,core/src/str/mod.rs:480,False
core::str::char_indices,core::str::<str>::char_indices,core::str;std::str,primitive_method,stable,1,core/src/str/mod.rs:1135,False
core::str::contains,core::str::<str>::contains,core::str;std::str,primitive_method,stable,1,core/src/str/mod.rs:1382,False
core::str::encode_utf16,core::str::<str>::encode_utf16,core::str;std::str,primitive_method,stable,1,core/src/str/mod.rs:1357,False
core::str::ends_with,core::str::<str>::ends_with,core::str;std::str,primitive_method,stable,1,core/src/str/mod.rs:1445,False
core::str::eq_ignore_ascii_case,core::str::<str>::eq_ignore_ascii_case,core::str;std::str,primitive_method,stable,1,core/src/str/mod.rs:2859,False
core::str::escape_debug,core::str::<str>::escape_debug,core::str;std::str,primitive_method,stable,1,core/src/str/mod.rs:3094,False
core::str::escape_default,core::str::<str>::escape_default,core::str;std::str,primitive_method,stable,1,core/src/str/mod.rs:3140,False
core::str::escape_unicode,core::str::<str>::escape_unicode,core::str;std::str,primitive_method,stable,1,core/src/str/mod.rs:3178,False
core::str::find,core::str::<str>::find,core::str;std::str,primitive_method,stable,1,core/src/str/mod.rs:1496,False
core::str::floor_char_boundary,core::str::<str>::floor_char_boundary,core::str;std::str,primitive_method,stable,1,core/src/str/mod.rs:423,False
core::str::from_utf8,core::str::<str>::from_utf8,core::str;std::str,free_function;primitive_method,stable,2,core/src/str/converts.rs:89;core/src/str/mod.rs:252,False
core::str::from_utf8_mut,core::str::<str>::from_utf8_mut,core::str;std::str,free_function;primitive_method,stable,2,core/src/str/converts.rs:135;core/src/str/mod.rs:285,False
core::str::from_utf8_unchecked_mut,core::str::<str>::from_utf8_unchecked_mut,core::str;std::str,free_function;primitive_method,stable,2,core/src/str/converts.rs:208;core/src/str/mod.rs:342,False
core::str::get,core::str::<str>::get,core::str;std::str,primitive_method,stable,1,core/src/str/mod.rs:634,False
core::str::get_mut,core::str::<str>::get_mut,core::str;std::str,primitive_method,stable,1,core/src/str/mod.rs:667,False
core::str::get_unchecked,core::str::<str>::get_unchecked,core::str;std::str,primitive_method,stable,1,core/src/str/mod.rs:699,False
core::str::get_unchecked_mut,core::str::<str>::get_unchecked_mut,core::str;std::str,primitive_method,stable,1,core/src/str/mod.rs:734,False
core::str::lines,core::str::<str>::lines,core::str;std::str,primitive_method,stable,1,core/src/str/mod.rs:1328,False
core::str::lines_any,core::str::<str>::lines_any,core::str;std::str,primitive_method,stable,1,core/src/str/mod.rs:1337,False
core::str::make_ascii_lowercase,core::str::<str>::make_ascii_lowercase,core::str;std::str,primitive_method,stable,1,core/src/str/mod.rs:2966,False
core::str::make_ascii_uppercase,core::str::<str>::make_ascii_uppercase,core::str;std::str,primitive_method,stable,1,core/src/str/mod.rs:2938,False
core::str::match_indices,core::str::<str>::match_indices,core::str;std::str,primitive_method,stable,1,core/src/str/mod.rs:2122,False
core::str::matches,core::str::<str>::matches,core::str;std::str,primitive_method,stable,1,core/src/str/mod.rs:2044,False
core::str::parse,core::str::<str>::parse,core::str;std::str,primitive_method,stable,1,core/src/str/mod.rs:2781,False
core::str::rfind,core::str::<str>::rfind,core::str;std::str,primitive_method,stable,1,core/src/str/mod.rs:1542,False
core::str::rmatch_indices,core::str::<str>::rmatch_indices,core::str;std::str,primitive_method,stable,1,core/src/str/mod.rs:2162,False
core::str::rmatches,core::str::<str>::rmatches,core::str;std::str,primitive_method,stable,1,core/src/str/mod.rs:2078,False
core::str::rsplit,core::str::<str>::rsplit,core::str;std::str,primitive_method,stable,1,core/src/str/mod.rs:1766,False
core::str::rsplit_once,core::str::<str>::rsplit_once,core::str;std::str,primitive_method,stable,1,core/src/str/mod.rs:2004,False
core::str::rsplit_terminator,core::str::<str>::rsplit_terminator,core::str;std::str,primitive_method,stable,1,core/src/str/mod.rs:1861,False
core::str::rsplitn,core::str::<str>::rsplitn,core::str;std::str,primitive_method,stable,1,core/src/str/mod.rs:1965,False
core::str::slice_mut_unchecked,core::str::<str>::slice_mut_unchecked,core::str;std::str,primitive_method,stable,1,core/src/str/mod.rs:819,False
core::str::slice_unchecked,core::str::<str>::slice_unchecked,core::str;std::str,primitive_method,stable,1,core/src/str/mod.rs:785,False
core::str::split,core::str::<str>::split,core::str;std::str,primitive_method,stable,1,core/src/str/mod.rs:1670,False
core::str::split_ascii_whitespace,core::str::<str>::split_ascii_whitespace,core::str;std::str,primitive_method,stable,1,core/src/str/mod.rs:1264,False
core::str::split_at_checked,core::str::<str>::split_at_checked,core::str;std::str,primitive_method,stable,1,core/src/str/mod.rs:940,False
core::str::split_at_mut,core::str::<str>::split_at_mut,core::str;std::str,primitive_method,stable,1,core/src/str/mod.rs:900,False
core::str::split_at_mut_checked,core::str::<str>::split_at_mut_checked,core::str;std::str,primitive_method,stable,1,core/src/str/mod.rs:981,False
core::str::split_inclusive,core::str::<str>::split_inclusive,core::str;std::str,primitive_method,stable,1,core/src/str/mod.rs:1711,False
core::str::split_once,core::str::<str>::split_once,core::str;std::str,primitive_method,stable,1,core/src/str/mod.rs:1985,False
core::str::split_terminator,core::str::<str>::split_terminator,core::str;std::str,primitive_method,stable,1,core/src/str/mod.rs:1815,False
core::str::split_whitespace,core::str::<str>::split_whitespace,core::str;std::str,primitive_method,stable,1,core/src/str/mod.rs:1210,False
core::str::splitn,core::str::<str>::splitn,core::str;std::str,primitive_method,stable,1,core/src/str/mod.rs:1916,False
core::str::starts_with,core::str::<str>::starts_with,core::str;std::str,primitive_method,stable,1,core/src/str/mod.rs:1420,False
core::str::strip_circumfix,core::str::<str>::strip_circumfix,core::str;std::str,primitive_method,stable,1,core/src/str/mod.rs:2523,False
core::str::strip_prefix,core::str::<str>::strip_prefix,core::str;std::str,primitive_method,stable,1,core/src/str/mod.rs:2458,False
core::str::strip_suffix,core::str::<str>::strip_suffix,core::str;std::str,primitive_method,stable,1,core/src/str/mod.rs:2486,False
core::str::substr_range,core::str::<str>::substr_range,core::str;std::str,primitive_method,stable,1,core/src/str/mod.rs:3211,False
core::str::trim,core::str::<str>::trim,core::str;std::str,primitive_method,stable,1,core/src/str/mod.rs:2186,False
core::str::trim_ascii,core::str::<str>::trim_ascii,core::str;std::str,primitive_method,stable,1,core/src/str/mod.rs:3051,False
core::str::trim_ascii_end,core::str::<str>::trim_ascii_end,core::str;std::str,primitive_method,stable,1,core/src/str/mod.rs:3022,False
core::str::trim_ascii_start,core::str::<str>::trim_ascii_start,core::str;std::str,primitive_method,stable,1,core/src/str/mod.rs:2994,False
core::str::trim_end,core::str::<str>::trim_end,core::str;std::str,primitive_method,stable,1,core/src/str/mod.rs:2264,False
core::str::trim_end_matches,core::str::<str>::trim_end_matches,core::str;std::str,primitive_method,stable,1,core/src/str/mod.rs:2643,False
core::str::trim_left,core::str::<str>::trim_left,core::str;std::str,primitive_method,stable,1,core/src/str/mod.rs:2304,False
core::str::trim_left_matches,core::str::<str>::trim_left_matches,core::str;std::str,primitive_method,stable,1,core/src/str/mod.rs:2687,False
core::str::trim_matches,core::str::<str>::trim_matches,core::str;std::str,primitive_method,stable,1,core/src/str/mod.rs:2377,False
core::str::trim_right,core::str::<str>::trim_right,core::str;std::str,primitive_method,stable,1,core/src/str/mod.rs:2344,False
core::str::trim_right_matches,core::str::<str>::trim_right_matches,core::str;std::str,primitive_method,stable,1,core/src/str/mod.rs:2730,False
core::str::trim_start,core::str::<str>::trim_start,core::str;std::str,primitive_method,stable,1,core/src/str/mod.rs:2225,False
core::str::trim_start_matches,core::str::<str>::trim_start_matches,core::str;std::str,primitive_method,stable,1,core/src/str/mod.rs:2424,False
core::sync::atomic::Atomic::as_ptr,core::sync::atomic::Atomic::as_ptr,core::sync::atomic;std::sync::atomic,inherent_method,stable,12,core/src/sync/atomic.rs:1302;core/src/sync/atomic.rs:2488;core/src/sync/atomic.rs:3608;core/src/sync/atomic.rs:3626;core/src/sync/atomic.rs:3644;core/src/sync/atomic.rs:3662;core/src/sync/atomic.rs:3680;core/src/sync/atomic.rs:3698;core/src/sync/atomic.rs:3716;core/src/sync/atomic.rs:3734;core/src/sync/atomic.rs:3851,False
core::sync::atomic::Atomic::compare_and_swap,core::sync::atomic::Atomic::compare_and_swap,core::sync::atomic;std::sync::atomic,inherent_method,stable,12,core/src/sync/atomic.rs:1846;core/src/sync/atomic.rs:3608;core/src/sync/atomic.rs:3626;core/src/sync/atomic.rs:3644;core/src/sync/atomic.rs:3662;core/src/sync/atomic.rs:3680;core/src/sync/atomic.rs:3698;core/src/sync/atomic.rs:3716;core/src/sync/atomic.rs:3734;core/src/sync/atomic.rs:3851;core/src/sync/atomic.rs:860,False
core::sync::atomic::Atomic::compare_exchange,core::sync::atomic::Atomic::compare_exchange,core::sync::atomic;std::sync::atomic,inherent_method,stable,12,core/src/sync/atomic.rs:1901;core/src/sync/atomic.rs:3608;core/src/sync/atomic.rs:3626;core/src/sync/atomic.rs:3644;core/src/sync/atomic.rs:3662;core/src/sync/atomic.rs:3680;core/src/sync/atomic.rs:3698;core/src/sync/atomic.rs:3716;core/src/sync/atomic.rs:3734;core/src/sync/atomic.rs:3851;core/src/sync/atomic.rs:922,False
core::sync::atomic::Atomic::compare_exchange_weak,core::sync::atomic::Atomic::compare_exchange_weak,core::sync::atomic;std::sync::atomic,inherent_method,stable,12,core/src/sync/atomic.rs:1024;core/src/sync/atomic.rs:1965;core/src/sync/atomic.rs:3608;core/src/sync/atomic.rs:3626;core/src/sync/atomic.rs:3644;core/src/sync/atomic.rs:3662;core/src/sync/atomic.rs:3680;core/src/sync/atomic.rs:3698;core/src/sync/atomic.rs:3716;core/src/sync/atomic.rs:3734;core/src/sync/atomic.rs:3851,False
core::sync::atomic::Atomic::fetch_add,core::sync::atomic::Atomic::fetch_add,core::sync::atomic;std::sync::atomic,inherent_method,stable,10,core/src/sync/atomic.rs:3608;core/src/sync/atomic.rs:3626;core/src/sync/atomic.rs:3644;core/src/sync/atomic.rs:3662;core/src/sync/atomic.rs:3680;core/src/sync/atomic.rs:3698;core/src/sync/atomic.rs:3716;core/src/sync/atomic.rs:3734;core/src/sync/atomic.rs:3851,False
core::sync::atomic::Atomic::fetch_and,core::sync::atomic::Atomic::fetch_and,core::sync::atomic;std::sync::atomic,inherent_method,stable,12,core/src/sync/atomic.rs:1087;core/src/sync/atomic.rs:2400;core/src/sync/atomic.rs:3608;core/src/sync/atomic.rs:3626;core/src/sync/atomic.rs:3644;core/src/sync/atomic.rs:3662;core/src/sync/atomic.rs:3680;core/src/sync/atomic.rs:3698;core/src/sync/atomic.rs:3716;core/src/sync/atomic.rs:3734;core/src/sync/atomic.rs:3851,False
core::sync::atomic::Atomic::fetch_byte_add,core::sync::atomic::Atomic::fetch_byte_add,core::sync::atomic;std::sync::atomic,inherent_method,stable,1,core/src/sync/atomic.rs:2263,False
core::sync::atomic::Atomic::fetch_byte_sub,core::sync::atomic::Atomic::fetch_byte_sub,core::sync::atomic;std::sync::atomic,inherent_method,stable,1,core/src/sync/atomic.rs:2299,False
core::sync::atomic::Atomic::fetch_max,core::sync::atomic::Atomic::fetch_max,core::sync::atomic;std::sync::atomic,inherent_method,stable,10,core/src/sync/atomic.rs:3608;core/src/sync/atomic.rs:3626;core/src/sync/atomic.rs:3644;core/src/sync/atomic.rs:3662;core/src/sync/atomic.rs:3680;core/src/sync/atomic.rs:3698;core/src/sync/atomic.rs:3716;core/src/sync/atomic.rs:3734;core/src/sync/atomic.rs:3851,False
core::sync::atomic::Atomic::fetch_min,core::sync::atomic::Atomic::fetch_min,core::sync::atomic;std::sync::atomic,inherent_method,stable,10,core/src/sync/atomic.rs:3608;core/src/sync/atomic.rs:3626;core/src/sync/atomic.rs:3644;core/src/sync/atomic.rs:3662;core/src/sync/atomic.rs:3680;core/src/sync/atomic.rs:3698;core/src/sync/atomic.rs:3716;core/src/sync/atomic.rs:3734;core/src/sync/atomic.rs:3851,False
core::sync::atomic::Atomic::fetch_nand,core::sync::atomic::Atomic::fetch_nand,core::sync::atomic;std::sync::atomic,inherent_method,stable,11,core/src/sync/atomic.rs:1130;core/src/sync/atomic.rs:3608;core/src/sync/atomic.rs:3626;core/src/sync/atomic.rs:3644;core/src/sync/atomic.rs:3662;core/src/sync/atomic.rs:3680;core/src/sync/atomic.rs:3698;core/src/sync/atomic.rs:3716;core/src/sync/atomic.rs:3734;core/src/sync/atomic.rs:3851,False
core::sync::atomic::Atomic::fetch_not,core::sync::atomic::Atomic::fetch_not,core::sync::atomic;std::sync::atomic,inherent_method,stable,1,core/src/sync/atomic.rs:1263,False
core::sync::atomic::Atomic::fetch_or,core::sync::atomic::Atomic::fetch_or,core::sync::atomic;std::sync::atomic,inherent_method,stable,12,core/src/sync/atomic.rs:1183;core/src/sync/atomic.rs:2350;core/src/sync/atomic.rs:3608;core/src/sync/atomic.rs:3626;core/src/sync/atomic.rs:3644;core/src/sync/atomic.rs:3662;core/src/sync/atomic.rs:3680;core/src/sync/atomic.rs:3698;core/src/sync/atomic.rs:3716;core/src/sync/atomic.rs:3734;core/src/sync/atomic.rs:3851,False
core::sync::atomic::Atomic::fetch_ptr_add,core::sync::atomic::Atomic::fetch_ptr_add,core::sync::atomic;std::sync::atomic,inherent_method,stable,1,core/src/sync/atomic.rs:2183,False
core::sync::atomic::Atomic::fetch_ptr_sub,core::sync::atomic::Atomic::fetch_ptr_sub,core::sync::atomic;std::sync::atomic,inherent_method,stable,1,core/src/sync/atomic.rs:2228,False
core::sync::atomic::Atomic::fetch_sub,core::sync::atomic::Atomic::fetch_sub,core::sync::atomic;std::sync::atomic,inherent_method,stable,10,core/src/sync/atomic.rs:3608;core/src/sync/atomic.rs:3626;core/src/sync/atomic.rs:3644;core/src/sync/atomic.rs:3662;core/src/sync/atomic.rs:3680;core/src/sync/atomic.rs:3698;core/src/sync/atomic.rs:3716;core/src/sync/atomic.rs:3734;core/src/sync/atomic.rs:3851,False
core::sync::atomic::Atomic::fetch_update,core::sync::atomic::Atomic::fetch_update,core::sync::atomic;std::sync::atomic,inherent_method,stable,12,core/src/sync/atomic.rs:1317;core/src/sync/atomic.rs:1990;core/src/sync/atomic.rs:3608;core/src/sync/atomic.rs:3626;core/src/sync/atomic.rs:3644;core/src/sync/atomic.rs:3662;core/src/sync/atomic.rs:3680;core/src/sync/atomic.rs:3698;core/src/sync/atomic.rs:3716;core/src/sync/atomic.rs:3734;core/src/sync/atomic.rs:3851,False
core::sync::atomic::Atomic::fetch_xor,core::sync::atomic::Atomic::fetch_xor,core::sync::atomic;std::sync::atomic,inherent_method,stable,12,core/src/sync/atomic.rs:1225;core/src/sync/atomic.rs:2448;core/src/sync/atomic.rs:3608;core/src/sync/atomic.rs:3626;core/src/sync/atomic.rs:3644;core/src/sync/atomic.rs:3662;core/src/sync/atomic.rs:3680;core/src/sync/atomic.rs:3698;core/src/sync/atomic.rs:3716;core/src/sync/atomic.rs:3734;core/src/sync/atomic.rs:3851,False
core::sync::atomic::Atomic::from_mut,core::sync::atomic::Atomic::from_mut,core::sync::atomic;std::sync::atomic,inherent_method,stable,12,core/src/sync/atomic.rs:1589;core/src/sync/atomic.rs:3608;core/src/sync/atomic.rs:3626;core/src/sync/atomic.rs:3644;core/src/sync/atomic.rs:3662;core/src/sync/atomic.rs:3680;core/src/sync/atomic.rs:3698;core/src/sync/atomic.rs:3716;core/src/sync/atomic.rs:3734;core/src/sync/atomic.rs:3851;core/src/sync/atomic.rs:621,False
core::sync::atomic::Atomic::from_mut_slice,core::sync::atomic::Atomic::from_mut_slice,core::sync::atomic;std::sync::atomic,inherent_method,stable,12,core/src/sync/atomic.rs:1666;core/src/sync/atomic.rs:3608;core/src/sync/atomic.rs:3626;core/src/sync/atomic.rs:3644;core/src/sync/atomic.rs:3662;core/src/sync/atomic.rs:3680;core/src/sync/atomic.rs:3698;core/src/sync/atomic.rs:3716;core/src/sync/atomic.rs:3734;core/src/sync/atomic.rs:3851;core/src/sync/atomic.rs:679,False
core::sync::atomic::Atomic::from_ptr,core::sync::atomic::Atomic::from_ptr,core::sync::atomic;std::sync::atomic,inherent_method,stable,12,core/src/sync/atomic.rs:1523;core/src/sync/atomic.rs:3608;core/src/sync/atomic.rs:3626;core/src/sync/atomic.rs:3644;core/src/sync/atomic.rs:3662;core/src/sync/atomic.rs:3680;core/src/sync/atomic.rs:3698;core/src/sync/atomic.rs:3716;core/src/sync/atomic.rs:3734;core/src/sync/atomic.rs:3851;core/src/sync/atomic.rs:579,False
core::sync::atomic::Atomic::get_mut,core::sync::atomic::Atomic::get_mut,core::sync::atomic;std::sync::atomic,inherent_method,stable,12,core/src/sync/atomic.rs:1564;core/src/sync/atomic.rs:3608;core/src/sync/atomic.rs:3626;core/src/sync/atomic.rs:3644;core/src/sync/atomic.rs:3662;core/src/sync/atomic.rs:3680;core/src/sync/atomic.rs:3698;core/src/sync/atomic.rs:3716;core/src/sync/atomic.rs:3734;core/src/sync/atomic.rs:3851;core/src/sync/atomic.rs:601,False
core::sync::atomic::Atomic::get_mut_slice,core::sync::atomic::Atomic::get_mut_slice,core::sync::atomic;std::sync::atomic,inherent_method,stable,12,core/src/sync/atomic.rs:1632;core/src/sync/atomic.rs:3608;core/src/sync/atomic.rs:3626;core/src/sync/atomic.rs:3644;core/src/sync/atomic.rs:3662;core/src/sync/atomic.rs:3680;core/src/sync/atomic.rs:3698;core/src/sync/atomic.rs:3716;core/src/sync/atomic.rs:3734;core/src/sync/atomic.rs:3851;core/src/sync/atomic.rs:655,False
core::sync::atomic::Atomic::into_inner,core::sync::atomic::Atomic::into_inner,core::sync::atomic;std::sync::atomic,inherent_method,stable,12,core/src/sync/atomic.rs:1691;core/src/sync/atomic.rs:3608;core/src/sync/atomic.rs:3626;core/src/sync/atomic.rs:3644;core/src/sync/atomic.rs:3662;core/src/sync/atomic.rs:3680;core/src/sync/atomic.rs:3698;core/src/sync/atomic.rs:3716;core/src/sync/atomic.rs:3734;core/src/sync/atomic.rs:3851;core/src/sync/atomic.rs:701,False
core::sync::atomic::Atomic::load,core::sync::atomic::Atomic::load,core::sync::atomic;std::sync::atomic,inherent_method,stable,12,core/src/sync/atomic.rs:1719;core/src/sync/atomic.rs:3608;core/src/sync/atomic.rs:3626;core/src/sync/atomic.rs:3644;core/src/sync/atomic.rs:3662;core/src/sync/atomic.rs:3680;core/src/sync/atomic.rs:3698;core/src/sync/atomic.rs:3716;core/src/sync/atomic.rs:3734;core/src/sync/atomic.rs:3851;core/src/sync/atomic.rs:730,False
core::sync::atomic::Atomic::new,core::sync::atomic::Atomic::new,core::sync::atomic;std::sync::atomic,inherent_method,stable,12,core/src/sync/atomic.rs:1475;core/src/sync/atomic.rs:3608;core/src/sync/atomic.rs:3626;core/src/sync/atomic.rs:3644;core/src/sync/atomic.rs:3662;core/src/sync/atomic.rs:3680;core/src/sync/atomic.rs:3698;core/src/sync/atomic.rs:3716;core/src/sync/atomic.rs:3734;core/src/sync/atomic.rs:3851;core/src/sync/atomic.rs:531,False
core::sync::atomic::Atomic::store,core::sync::atomic::Atomic::store,core::sync::atomic;std::sync::atomic,inherent_method,stable,12,core/src/sync/atomic.rs:1749;core/src/sync/atomic.rs:3608;core/src/sync/atomic.rs:3626;core/src/sync/atomic.rs:3644;core/src/sync/atomic.rs:3662;core/src/sync/atomic.rs:3680;core/src/sync/atomic.rs:3698;core/src/sync/atomic.rs:3716;core/src/sync/atomic.rs:3734;core/src/sync/atomic.rs:3851;core/src/sync/atomic.rs:759,False
core::sync::atomic::Atomic::swap,core::sync::atomic::Atomic::swap,core::sync::atomic;std::sync::atomic,inherent_method,stable,12,core/src/sync/atomic.rs:1783;core/src/sync/atomic.rs:3608;core/src/sync/atomic.rs:3626;core/src/sync/atomic.rs:3644;core/src/sync/atomic.rs:3662;core/src/sync/atomic.rs:3680;core/src/sync/atomic.rs:3698;core/src/sync/atomic.rs:3716;core/src/sync/atomic.rs:3734;core/src/sync/atomic.rs:3851;core/src/sync/atomic.rs:792,False
core::sync::atomic::Atomic::try_update,core::sync::atomic::Atomic::try_update,core::sync::atomic;std::sync::atomic,inherent_method,stable,12,core/src/sync/atomic.rs:1381;core/src/sync/atomic.rs:2063;core/src/sync/atomic.rs:3608;core/src/sync/atomic.rs:3626;core/src/sync/atomic.rs:3644;core/src/sync/atomic.rs:3662;core/src/sync/atomic.rs:3680;core/src/sync/atomic.rs:3698;core/src/sync/atomic.rs:3716;core/src/sync/atomic.rs:3734;core/src/sync/atomic.rs:3851,False
core::sync::atomic::Atomic::update,core::sync::atomic::Atomic::update,core::sync::atomic;std::sync::atomic,inherent_method,stable,12,core/src/sync/atomic.rs:1444;core/src/sync/atomic.rs:2131;core/src/sync/atomic.rs:3608;core/src/sync/atomic.rs:3626;core/src/sync/atomic.rs:3644;core/src/sync/atomic.rs:3662;core/src/sync/atomic.rs:3680;core/src/sync/atomic.rs:3698;core/src/sync/atomic.rs:3716;core/src/sync/atomic.rs:3734;core/src/sync/atomic.rs:3851,False
core::sync::atomic::AtomicBool::as_ptr,core::sync::atomic::AtomicBool::as_ptr,core::sync::atomic;std::sync::atomic,inherent_method,stable,1,core/src/sync/atomic.rs:1302,False
core::sync::atomic::AtomicBool::compare_and_swap,core::sync::atomic::AtomicBool::compare_and_swap,core::sync::atomic;std::sync::atomic,inherent_method,stable,1,core/src/sync/atomic.rs:860,False
core::sync::atomic::AtomicBool::fetch_not,core::sync::atomic::AtomicBool::fetch_not,core::sync::atomic;std::sync::atomic,inherent_method,stable,1,core/src/sync/atomic.rs:1263,False
core::sync::atomic::AtomicBool::fetch_update,core::sync::atomic::AtomicBool::fetch_update,core::sync::atomic;std::sync::atomic,inherent_method,stable,1,core/src/sync/atomic.rs:1317,False
core::sync::atomic::AtomicBool::from_mut,core::sync::atomic::AtomicBool::from_mut,core::sync::atomic;std::sync::atomic,inherent_method,stable,1,core/src/sync/atomic.rs:621,False
core::sync::atomic::AtomicBool::from_mut_slice,core::sync::atomic::AtomicBool::from_mut_slice,core::sync::atomic;std::sync::atomic,inherent_method,stable,1,core/src/sync/atomic.rs:679,False
core::sync::atomic::AtomicBool::from_ptr,core::sync::atomic::AtomicBool::from_ptr,core::sync::atomic;std::sync::atomic,inherent_method,stable,1,core/src/sync/atomic.rs:579,False
core::sync::atomic::AtomicBool::get_mut,core::sync::atomic::AtomicBool::get_mut,core::sync::atomic;std::sync::atomic,inherent_method,stable,1,core/src/sync/atomic.rs:601,False
core::sync::atomic::AtomicBool::get_mut_slice,core::sync::atomic::AtomicBool::get_mut_slice,core::sync::atomic;std::sync::atomic,inherent_method,stable,1,core/src/sync/atomic.rs:655,False
core::sync::atomic::AtomicBool::into_inner,core::sync::atomic::AtomicBool::into_inner,core::sync::atomic;std::sync::atomic,inherent_method,stable,1,core/src/sync/atomic.rs:701,False
core::sync::atomic::AtomicBool::try_update,core::sync::atomic::AtomicBool::try_update,core::sync::atomic;std::sync::atomic,inherent_method,stable,1,core/src/sync/atomic.rs:1381,False
core::sync::atomic::AtomicBool::update,core::sync::atomic::AtomicBool::update,core::sync::atomic;std::sync::atomic,inherent_method,stable,1,core/src/sync/atomic.rs:1444,False
core::sync::atomic::AtomicI16::as_ptr,core::sync::atomic::AtomicI16::as_ptr,core::sync::atomic;std::sync::atomic,inherent_method,stable,1,core/src/sync/atomic.rs:3644,False
core::sync::atomic::AtomicI16::compare_and_swap,core::sync::atomic::AtomicI16::compare_and_swap,core::sync::atomic;std::sync::atomic,inherent_method,stable,1,core/src/sync/atomic.rs:3644,False
core::sync::atomic::AtomicI16::fetch_update,core::sync::atomic::AtomicI16::fetch_update,core::sync::atomic;std::sync::atomic,inherent_method,stable,1,core/src/sync/atomic.rs:3644,False
core::sync::atomic::AtomicI16::from_mut,core::sync::atomic::AtomicI16::from_mut,core::sync::atomic;std::sync::atomic,inherent_method,stable,1,core/src/sync/atomic.rs:3644,False
core::sync::atomic::AtomicI16::from_mut_slice,core::sync::atomic::AtomicI16::from_mut_slice,core::sync::atomic;std::sync::atomic,inherent_method,stable,1,core/src/sync/atomic.rs:3644,False
core::sync::atomic::AtomicI16::from_ptr,core::sync::atomic::AtomicI16::from_ptr,core::sync::atomic;std::sync::atomic,inherent_method,stable,1,core/src/sync/atomic.rs:3644,False
core::sync::atomic::AtomicI16::get_mut,core::sync::atomic::AtomicI16::get_mut,core::sync::atomic;std::sync::atomic,inherent_method,stable,1,core/src/sync/atomic.rs:3644,False
core::sync::atomic::AtomicI16::get_mut_slice,core::sync::atomic::AtomicI16::get_mut_slice,core::sync::atomic;std::sync::atomic,inherent_method,stable,1,core/src/sync/atomic.rs:3644,False
core::sync::atomic::AtomicI16::into_inner,core::sync::atomic::AtomicI16::into_inner,core::sync::atomic;std::sync::atomic,inherent_method,stable,1,core/src/sync/atomic.rs:3644,False
core::sync::atomic::AtomicI16::try_update,core::sync::atomic::AtomicI16::try_update,core::sync::atomic;std::sync::atomic,inherent_method,stable,1,core/src/sync/atomic.rs:3644,False
core::sync::atomic::AtomicI16::update,core::sync::atomic::AtomicI16::update,core::sync::atomic;std::sync::atomic,inherent_method,stable,1,core/src/sync/atomic.rs:3644,False
core::sync::atomic::AtomicI32::as_ptr,core::sync::atomic::AtomicI32::as_ptr,core::sync::atomic;std::sync::atomic,inherent_method,stable,1,core/src/sync/atomic.rs:3680,False
core::sync::atomic::AtomicI32::compare_and_swap,core::sync::atomic::AtomicI32::compare_and_swap,core::sync::atomic;std::sync::atomic,inherent_method,stable,1,core/src/sync/atomic.rs:3680,False
core::sync::atomic::AtomicI32::fetch_update,core::sync::atomic::AtomicI32::fetch_update,core::sync::atomic;std::sync::atomic,inherent_method,stable,1,core/src/sync/atomic.rs:3680,False
core::sync::atomic::AtomicI32::from_mut,core::sync::atomic::AtomicI32::from_mut,core::sync::atomic;std::sync::atomic,inherent_method,stable,1,core/src/sync/atomic.rs:3680,False
core::sync::atomic::AtomicI32::from_mut_slice,core::sync::atomic::AtomicI32::from_mut_slice,core::sync::atomic;std::sync::atomic,inherent_method,stable,1,core/src/sync/atomic.rs:3680,False
core::sync::atomic::AtomicI32::from_ptr,core::sync::atomic::AtomicI32::from_ptr,core::sync::atomic;std::sync::atomic,inherent_method,stable,1,core/src/sync/atomic.rs:3680,False
core::sync::atomic::AtomicI32::get_mut,core::sync::atomic::AtomicI32::get_mut,core::sync::atomic;std::sync::atomic,inherent_method,stable,1,core/src/sync/atomic.rs:3680,False
core::sync::atomic::AtomicI32::get_mut_slice,core::sync::atomic::AtomicI32::get_mut_slice,core::sync::atomic;std::sync::atomic,inherent_method,stable,1,core/src/sync/atomic.rs:3680,False
core::sync::atomic::AtomicI32::into_inner,core::sync::atomic::AtomicI32::into_inner,core::sync::atomic;std::sync::atomic,inherent_method,stable,1,core/src/sync/atomic.rs:3680,False
core::sync::atomic::AtomicI32::try_update,core::sync::atomic::AtomicI32::try_update,core::sync::atomic;std::sync::atomic,inherent_method,stable,1,core/src/sync/atomic.rs:3680,False
core::sync::atomic::AtomicI32::update,core::sync::atomic::AtomicI32::update,core::sync::atomic;std::sync::atomic,inherent_method,stable,1,core/src/sync/atomic.rs:3680,False
core::sync::atomic::AtomicI64::as_ptr,core::sync::atomic::AtomicI64::as_ptr,core::sync::atomic;std::sync::atomic,inherent_method,stable,1,core/src/sync/atomic.rs:3716,False
core::sync::atomic::AtomicI64::compare_and_swap,core::sync::atomic::AtomicI64::compare_and_swap,core::sync::atomic;std::sync::atomic,inherent_method,stable,1,core/src/sync/atomic.rs:3716,False
core::sync::atomic::AtomicI64::fetch_update,core::sync::atomic::AtomicI64::fetch_update,core::sync::atomic;std::sync::atomic,inherent_method,stable,1,core/src/sync/atomic.rs:3716,False
core::sync::atomic::AtomicI64::from_mut,core::sync::atomic::AtomicI64::from_mut,core::sync::atomic;std::sync::atomic,inherent_method,stable,1,core/src/sync/atomic.rs:3716,False
core::sync::atomic::AtomicI64::from_mut_slice,core::sync::atomic::AtomicI64::from_mut_slice,core::sync::atomic;std::sync::atomic,inherent_method,stable,1,core/src/sync/atomic.rs:3716,False
core::sync::atomic::AtomicI64::from_ptr,core::sync::atomic::AtomicI64::from_ptr,core::sync::atomic;std::sync::atomic,inherent_method,stable,1,core/src/sync/atomic.rs:3716,False
core::sync::atomic::AtomicI64::get_mut,core::sync::atomic::AtomicI64::get_mut,core::sync::atomic;std::sync::atomic,inherent_method,stable,1,core/src/sync/atomic.rs:3716,False
core::sync::atomic::AtomicI64::get_mut_slice,core::sync::atomic::AtomicI64::get_mut_slice,core::sync::atomic;std::sync::atomic,inherent_method,stable,1,core/src/sync/atomic.rs:3716,False
core::sync::atomic::AtomicI64::into_inner,core::sync::atomic::AtomicI64::into_inner,core::sync::atomic;std::sync::atomic,inherent_method,stable,1,core/src/sync/atomic.rs:3716,False
core::sync::atomic::AtomicI64::try_update,core::sync::atomic::AtomicI64::try_update,core::sync::atomic;std::sync::atomic,inherent_method,stable,1,core/src/sync/atomic.rs:3716,False
core::sync::atomic::AtomicI64::update,core::sync::atomic::AtomicI64::update,core::sync::atomic;std::sync::atomic,inherent_method,stable,1,core/src/sync/atomic.rs:3716,False
core::sync::atomic::AtomicI8::as_ptr,core::sync::atomic::AtomicI8::as_ptr,core::sync::atomic;std::sync::atomic,inherent_method,stable,1,core/src/sync/atomic.rs:3608,False
core::sync::atomic::AtomicI8::compare_and_swap,core::sync::atomic::AtomicI8::compare_and_swap,core::sync::atomic;std::sync::atomic,inherent_method,stable,1,core/src/sync/atomic.rs:3608,False
core::sync::atomic::AtomicI8::fetch_update,core::sync::atomic::AtomicI8::fetch_update,core::sync::atomic;std::sync::atomic,inherent_method,stable,1,core/src/sync/atomic.rs:3608,False
core::sync::atomic::AtomicI8::from_mut,core::sync::atomic::AtomicI8::from_mut,core::sync::atomic;std::sync::atomic,inherent_method,stable,1,core/src/sync/atomic.rs:3608,False
core::sync::atomic::AtomicI8::from_mut_slice,core::sync::atomic::AtomicI8::from_mut_slice,core::sync::atomic;std::sync::atomic,inherent_method,stable,1,core/src/sync/atomic.rs:3608,False
core::sync::atomic::AtomicI8::from_ptr,core::sync::atomic::AtomicI8::from_ptr,core::sync::atomic;std::sync::atomic,inherent_method,stable,1,core/src/sync/atomic.rs:3608,False
core::sync::atomic::AtomicI8::get_mut,core::sync::atomic::AtomicI8::get_mut,core::sync::atomic;std::sync::atomic,inherent_method,stable,1,core/src/sync/atomic.rs:3608,False
core::sync::atomic::AtomicI8::get_mut_slice,core::sync::atomic::AtomicI8::get_mut_slice,core::sync::atomic;std::sync::atomic,inherent_method,stable,1,core/src/sync/atomic.rs:3608,False
core::sync::atomic::AtomicI8::into_inner,core::sync::atomic::AtomicI8::into_inner,core::sync::atomic;std::sync::atomic,inherent_method,stable,1,core/src/sync/atomic.rs:3608,False
core::sync::atomic::AtomicI8::try_update,core::sync::atomic::AtomicI8::try_update,core::sync::atomic;std::sync::atomic,inherent_method,stable,1,core/src/sync/atomic.rs:3608,False
core::sync::atomic::AtomicI8::update,core::sync::atomic::AtomicI8::update,core::sync::atomic;std::sync::atomic,inherent_method,stable,1,core/src/sync/atomic.rs:3608,False
core::sync::atomic::AtomicIsize::as_ptr,core::sync::atomic::AtomicIsize::as_ptr,core::sync::atomic;std::sync::atomic,inherent_method,stable,1,core/src/sync/atomic.rs:3851,False
core::sync::atomic::AtomicIsize::compare_and_swap,core::sync::atomic::AtomicIsize::compare_and_swap,core::sync::atomic;std::sync::atomic,inherent_method,stable,1,core/src/sync/atomic.rs:3851,False
core::sync::atomic::AtomicIsize::fetch_update,core::sync::atomic::AtomicIsize::fetch_update,core::sync::atomic;std::sync::atomic,inherent_method,stable,1,core/src/sync/atomic.rs:3851,False
core::sync::atomic::AtomicIsize::from_mut,core::sync::atomic::AtomicIsize::from_mut,core::sync::atomic;std::sync::atomic,inherent_method,stable,1,core/src/sync/atomic.rs:3851,False
core::sync::atomic::AtomicIsize::from_mut_slice,core::sync::atomic::AtomicIsize::from_mut_slice,core::sync::atomic;std::sync::atomic,inherent_method,stable,1,core/src/sync/atomic.rs:3851,False
core::sync::atomic::AtomicIsize::from_ptr,core::sync::atomic::AtomicIsize::from_ptr,core::sync::atomic;std::sync::atomic,inherent_method,stable,1,core/src/sync/atomic.rs:3851,False
core::sync::atomic::AtomicIsize::get_mut,core::sync::atomic::AtomicIsize::get_mut,core::sync::atomic;std::sync::atomic,inherent_method,stable,1,core/src/sync/atomic.rs:3851,False
core::sync::atomic::AtomicIsize::get_mut_slice,core::sync::atomic::AtomicIsize::get_mut_slice,core::sync::atomic;std::sync::atomic,inherent_method,stable,1,core/src/sync/atomic.rs:3851,False
core::sync::atomic::AtomicIsize::into_inner,core::sync::atomic::AtomicIsize::into_inner,core::sync::atomic;std::sync::atomic,inherent_method,stable,1,core/src/sync/atomic.rs:3851,False
core::sync::atomic::AtomicIsize::try_update,core::sync::atomic::AtomicIsize::try_update,core::sync::atomic;std::sync::atomic,inherent_method,stable,1,core/src/sync/atomic.rs:3851,False
core::sync::atomic::AtomicIsize::update,core::sync::atomic::AtomicIsize::update,core::sync::atomic;std::sync::atomic,inherent_method,stable,1,core/src/sync/atomic.rs:3851,False
core::sync::atomic::AtomicPtr::as_ptr,core::sync::atomic::AtomicPtr::as_ptr,core::sync::atomic;std::sync::atomic,inherent_method,stable,1,core/src/sync/atomic.rs:2488,False
core::sync::atomic::AtomicPtr::compare_and_swap,core::sync::atomic::AtomicPtr::compare_and_swap,core::sync::atomic;std::sync::atomic,inherent_method,stable,1,core/src/sync/atomic.rs:1846,False
core::sync::atomic::AtomicPtr::compare_exchange,core::sync::atomic::AtomicPtr::compare_exchange,core::sync::atomic;std::sync::atomic,inherent_method,stable,1,core/src/sync/atomic.rs:1901,False
core::sync::atomic::AtomicPtr::compare_exchange_weak,core::sync::atomic::AtomicPtr::compare_exchange_weak,core::sync::atomic;std::sync::atomic,inherent_method,stable,1,core/src/sync/atomic.rs:1965,False
core::sync::atomic::AtomicPtr::fetch_and,core::sync::atomic::AtomicPtr::fetch_and,core::sync::atomic;std::sync::atomic,inherent_method,stable,1,core/src/sync/atomic.rs:2400,False
core::sync::atomic::AtomicPtr::fetch_byte_add,core::sync::atomic::AtomicPtr::fetch_byte_add,core::sync::atomic;std::sync::atomic,inherent_method,stable,1,core/src/sync/atomic.rs:2263,False
core::sync::atomic::AtomicPtr::fetch_byte_sub,core::sync::atomic::AtomicPtr::fetch_byte_sub,core::sync::atomic;std::sync::atomic,inherent_method,stable,1,core/src/sync/atomic.rs:2299,False
core::sync::atomic::AtomicPtr::fetch_or,core::sync::atomic::AtomicPtr::fetch_or,core::sync::atomic;std::sync::atomic,inherent_method,stable,1,core/src/sync/atomic.rs:2350,False
core::sync::atomic::AtomicPtr::fetch_ptr_add,core::sync::atomic::AtomicPtr::fetch_ptr_add,core::sync::atomic;std::sync::atomic,inherent_method,stable,1,core/src/sync/atomic.rs:2183,False
core::sync::atomic::AtomicPtr::fetch_ptr_sub,core::sync::atomic::AtomicPtr::fetch_ptr_sub,core::sync::atomic;std::sync::atomic,inherent_method,stable,1,core/src/sync/atomic.rs:2228,False
core::sync::atomic::AtomicPtr::fetch_update,core::sync::atomic::AtomicPtr::fetch_update,core::sync::atomic;std::sync::atomic,inherent_method,stable,1,core/src/sync/atomic.rs:1990,False
core::sync::atomic::AtomicPtr::fetch_xor,core::sync::atomic::AtomicPtr::fetch_xor,core::sync::atomic;std::sync::atomic,inherent_method,stable,1,core/src/sync/atomic.rs:2448,False
core::sync::atomic::AtomicPtr::from_mut,core::sync::atomic::AtomicPtr::from_mut,core::sync::atomic;std::sync::atomic,inherent_method,stable,1,core/src/sync/atomic.rs:1589,False
core::sync::atomic::AtomicPtr::from_mut_slice,core::sync::atomic::AtomicPtr::from_mut_slice,core::sync::atomic;std::sync::atomic,inherent_method,stable,1,core/src/sync/atomic.rs:1666,False
core::sync::atomic::AtomicPtr::from_ptr,core::sync::atomic::AtomicPtr::from_ptr,core::sync::atomic;std::sync::atomic,inherent_method,stable,1,core/src/sync/atomic.rs:1523,False
core::sync::atomic::AtomicPtr::get_mut,core::sync::atomic::AtomicPtr::get_mut,core::sync::atomic;std::sync::atomic,inherent_method,stable,1,core/src/sync/atomic.rs:1564,False
core::sync::atomic::AtomicPtr::get_mut_slice,core::sync::atomic::AtomicPtr::get_mut_slice,core::sync::atomic;std::sync::atomic,inherent_method,stable,1,core/src/sync/atomic.rs:1632,False
core::sync::atomic::AtomicPtr::into_inner,core::sync::atomic::AtomicPtr::into_inner,core::sync::atomic;std::sync::atomic,inherent_method,stable,1,core/src/sync/atomic.rs:1691,False
core::sync::atomic::AtomicPtr::load,core::sync::atomic::AtomicPtr::load,core::sync::atomic;std::sync::atomic,inherent_method,stable,1,core/src/sync/atomic.rs:1719,False
core::sync::atomic::AtomicPtr::new,core::sync::atomic::AtomicPtr::new,core::sync::atomic;std::sync::atomic,inherent_method,stable,1,core/src/sync/atomic.rs:1475,False
core::sync::atomic::AtomicPtr::store,core::sync::atomic::AtomicPtr::store,core::sync::atomic;std::sync::atomic,inherent_method,stable,1,core/src/sync/atomic.rs:1749,False
core::sync::atomic::AtomicPtr::swap,core::sync::atomic::AtomicPtr::swap,core::sync::atomic;std::sync::atomic,inherent_method,stable,1,core/src/sync/atomic.rs:1783,False
core::sync::atomic::AtomicPtr::try_update,core::sync::atomic::AtomicPtr::try_update,core::sync::atomic;std::sync::atomic,inherent_method,stable,1,core/src/sync/atomic.rs:2063,False
core::sync::atomic::AtomicPtr::update,core::sync::atomic::AtomicPtr::update,core::sync::atomic;std::sync::atomic,inherent_method,stable,1,core/src/sync/atomic.rs:2131,False
core::sync::atomic::AtomicU16::as_ptr,core::sync::atomic::AtomicU16::as_ptr,core::sync::atomic;std::sync::atomic,inherent_method,stable,1,core/src/sync/atomic.rs:3662,False
core::sync::atomic::AtomicU16::compare_and_swap,core::sync::atomic::AtomicU16::compare_and_swap,core::sync::atomic;std::sync::atomic,inherent_method,stable,1,core/src/sync/atomic.rs:3662,False
core::sync::atomic::AtomicU16::fetch_update,core::sync::atomic::AtomicU16::fetch_update,core::sync::atomic;std::sync::atomic,inherent_method,stable,1,core/src/sync/atomic.rs:3662,False
core::sync::atomic::AtomicU16::from_mut,core::sync::atomic::AtomicU16::from_mut,core::sync::atomic;std::sync::atomic,inherent_method,stable,1,core/src/sync/atomic.rs:3662,False
core::sync::atomic::AtomicU16::from_mut_slice,core::sync::atomic::AtomicU16::from_mut_slice,core::sync::atomic;std::sync::atomic,inherent_method,stable,1,core/src/sync/atomic.rs:3662,False
core::sync::atomic::AtomicU16::from_ptr,core::sync::atomic::AtomicU16::from_ptr,core::sync::atomic;std::sync::atomic,inherent_method,stable,1,core/src/sync/atomic.rs:3662,False
core::sync::atomic::AtomicU16::get_mut,core::sync::atomic::AtomicU16::get_mut,core::sync::atomic;std::sync::atomic,inherent_method,stable,1,core/src/sync/atomic.rs:3662,False
core::sync::atomic::AtomicU16::get_mut_slice,core::sync::atomic::AtomicU16::get_mut_slice,core::sync::atomic;std::sync::atomic,inherent_method,stable,1,core/src/sync/atomic.rs:3662,False
core::sync::atomic::AtomicU16::into_inner,core::sync::atomic::AtomicU16::into_inner,core::sync::atomic;std::sync::atomic,inherent_method,stable,1,core/src/sync/atomic.rs:3662,False
core::sync::atomic::AtomicU16::try_update,core::sync::atomic::AtomicU16::try_update,core::sync::atomic;std::sync::atomic,inherent_method,stable,1,core/src/sync/atomic.rs:3662,False
core::sync::atomic::AtomicU16::update,core::sync::atomic::AtomicU16::update,core::sync::atomic;std::sync::atomic,inherent_method,stable,1,core/src/sync/atomic.rs:3662,False
core::sync::atomic::AtomicU32::as_ptr,core::sync::atomic::AtomicU32::as_ptr,core::sync::atomic;std::sync::atomic,inherent_method,stable,1,core/src/sync/atomic.rs:3698,False
core::sync::atomic::AtomicU32::compare_and_swap,core::sync::atomic::AtomicU32::compare_and_swap,core::sync::atomic;std::sync::atomic,inherent_method,stable,1,core/src/sync/atomic.rs:3698,False
core::sync::atomic::AtomicU32::fetch_update,core::sync::atomic::AtomicU32::fetch_update,core::sync::atomic;std::sync::atomic,inherent_method,stable,1,core/src/sync/atomic.rs:3698,False
core::sync::atomic::AtomicU32::from_mut,core::sync::atomic::AtomicU32::from_mut,core::sync::atomic;std::sync::atomic,inherent_method,stable,1,core/src/sync/atomic.rs:3698,False
core::sync::atomic::AtomicU32::from_mut_slice,core::sync::atomic::AtomicU32::from_mut_slice,core::sync::atomic;std::sync::atomic,inherent_method,stable,1,core/src/sync/atomic.rs:3698,False
core::sync::atomic::AtomicU32::from_ptr,core::sync::atomic::AtomicU32::from_ptr,core::sync::atomic;std::sync::atomic,inherent_method,stable,1,core/src/sync/atomic.rs:3698,False
core::sync::atomic::AtomicU32::get_mut,core::sync::atomic::AtomicU32::get_mut,core::sync::atomic;std::sync::atomic,inherent_method,stable,1,core/src/sync/atomic.rs:3698,False
core::sync::atomic::AtomicU32::get_mut_slice,core::sync::atomic::AtomicU32::get_mut_slice,core::sync::atomic;std::sync::atomic,inherent_method,stable,1,core/src/sync/atomic.rs:3698,False
core::sync::atomic::AtomicU32::into_inner,core::sync::atomic::AtomicU32::into_inner,core::sync::atomic;std::sync::atomic,inherent_method,stable,1,core/src/sync/atomic.rs:3698,False
core::sync::atomic::AtomicU32::try_update,core::sync::atomic::AtomicU32::try_update,core::sync::atomic;std::sync::atomic,inherent_method,stable,1,core/src/sync/atomic.rs:3698,False
core::sync::atomic::AtomicU32::update,core::sync::atomic::AtomicU32::update,core::sync::atomic;std::sync::atomic,inherent_method,stable,1,core/src/sync/atomic.rs:3698,False
core::sync::atomic::AtomicU64::as_ptr,core::sync::atomic::AtomicU64::as_ptr,core::sync::atomic;std::sync::atomic,inherent_method,stable,1,core/src/sync/atomic.rs:3734,False
core::sync::atomic::AtomicU64::compare_and_swap,core::sync::atomic::AtomicU64::compare_and_swap,core::sync::atomic;std::sync::atomic,inherent_method,stable,1,core/src/sync/atomic.rs:3734,False
core::sync::atomic::AtomicU64::fetch_update,core::sync::atomic::AtomicU64::fetch_update,core::sync::atomic;std::sync::atomic,inherent_method,stable,1,core/src/sync/atomic.rs:3734,False
core::sync::atomic::AtomicU64::from_mut,core::sync::atomic::AtomicU64::from_mut,core::sync::atomic;std::sync::atomic,inherent_method,stable,1,core/src/sync/atomic.rs:3734,False
core::sync::atomic::AtomicU64::from_mut_slice,core::sync::atomic::AtomicU64::from_mut_slice,core::sync::atomic;std::sync::atomic,inherent_method,stable,1,core/src/sync/atomic.rs:3734,False
core::sync::atomic::AtomicU64::from_ptr,core::sync::atomic::AtomicU64::from_ptr,core::sync::atomic;std::sync::atomic,inherent_method,stable,1,core/src/sync/atomic.rs:3734,False
core::sync::atomic::AtomicU64::get_mut,core::sync::atomic::AtomicU64::get_mut,core::sync::atomic;std::sync::atomic,inherent_method,stable,1,core/src/sync/atomic.rs:3734,False
core::sync::atomic::AtomicU64::get_mut_slice,core::sync::atomic::AtomicU64::get_mut_slice,core::sync::atomic;std::sync::atomic,inherent_method,stable,1,core/src/sync/atomic.rs:3734,False
core::sync::atomic::AtomicU64::into_inner,core::sync::atomic::AtomicU64::into_inner,core::sync::atomic;std::sync::atomic,inherent_method,stable,1,core/src/sync/atomic.rs:3734,False
core::sync::atomic::AtomicU64::try_update,core::sync::atomic::AtomicU64::try_update,core::sync::atomic;std::sync::atomic,inherent_method,stable,1,core/src/sync/atomic.rs:3734,False
core::sync::atomic::AtomicU64::update,core::sync::atomic::AtomicU64::update,core::sync::atomic;std::sync::atomic,inherent_method,stable,1,core/src/sync/atomic.rs:3734,False
core::sync::atomic::AtomicU8::as_ptr,core::sync::atomic::AtomicU8::as_ptr,core::sync::atomic;std::sync::atomic,inherent_method,stable,1,core/src/sync/atomic.rs:3626,False
core::sync::atomic::AtomicU8::compare_and_swap,core::sync::atomic::AtomicU8::compare_and_swap,core::sync::atomic;std::sync::atomic,inherent_method,stable,1,core/src/sync/atomic.rs:3626,False
core::sync::atomic::AtomicU8::fetch_update,core::sync::atomic::AtomicU8::fetch_update,core::sync::atomic;std::sync::atomic,inherent_method,stable,1,core/src/sync/atomic.rs:3626,False
core::sync::atomic::AtomicU8::from_mut,core::sync::atomic::AtomicU8::from_mut,core::sync::atomic;std::sync::atomic,inherent_method,stable,1,core/src/sync/atomic.rs:3626,False
core::sync::atomic::AtomicU8::from_mut_slice,core::sync::atomic::AtomicU8::from_mut_slice,core::sync::atomic;std::sync::atomic,inherent_method,stable,1,core/src/sync/atomic.rs:3626,False
core::sync::atomic::AtomicU8::from_ptr,core::sync::atomic::AtomicU8::from_ptr,core::sync::atomic;std::sync::atomic,inherent_method,stable,1,core/src/sync/atomic.rs:3626,False
core::sync::atomic::AtomicU8::get_mut,core::sync::atomic::AtomicU8::get_mut,core::sync::atomic;std::sync::atomic,inherent_method,stable,1,core/src/sync/atomic.rs:3626,False
core::sync::atomic::AtomicU8::get_mut_slice,core::sync::atomic::AtomicU8::get_mut_slice,core::sync::atomic;std::sync::atomic,inherent_method,stable,1,core/src/sync/atomic.rs:3626,False
core::sync::atomic::AtomicU8::into_inner,core::sync::atomic::AtomicU8::into_inner,core::sync::atomic;std::sync::atomic,inherent_method,stable,1,core/src/sync/atomic.rs:3626,False
core::sync::atomic::AtomicU8::try_update,core::sync::atomic::AtomicU8::try_update,core::sync::atomic;std::sync::atomic,inherent_method,stable,1,core/src/sync/atomic.rs:3626,False
core::sync::atomic::AtomicU8::update,core::sync::atomic::AtomicU8::update,core::sync::atomic;std::sync::atomic,inherent_method,stable,1,core/src/sync/atomic.rs:3626,False
core::sync::atomic::AtomicUsize::as_ptr,core::sync::atomic::AtomicUsize::as_ptr,core::sync::atomic;std::sync::atomic,inherent_method,stable,1,core/src/sync/atomic.rs:3851,False
core::sync::atomic::AtomicUsize::compare_and_swap,core::sync::atomic::AtomicUsize::compare_and_swap,core::sync::atomic;std::sync::atomic,inherent_method,stable,1,core/src/sync/atomic.rs:3851,False
core::sync::atomic::AtomicUsize::fetch_update,core::sync::atomic::AtomicUsize::fetch_update,core::sync::atomic;std::sync::atomic,inherent_method,stable,1,core/src/sync/atomic.rs:3851,False
core::sync::atomic::AtomicUsize::from_mut,core::sync::atomic::AtomicUsize::from_mut,core::sync::atomic;std::sync::atomic,inherent_method,stable,1,core/src/sync/atomic.rs:3851,False
core::sync::atomic::AtomicUsize::from_mut_slice,core::sync::atomic::AtomicUsize::from_mut_slice,core::sync::atomic;std::sync::atomic,inherent_method,stable,1,core/src/sync/atomic.rs:3851,False
core::sync::atomic::AtomicUsize::from_ptr,core::sync::atomic::AtomicUsize::from_ptr,core::sync::atomic;std::sync::atomic,inherent_method,stable,1,core/src/sync/atomic.rs:3851,False
core::sync::atomic::AtomicUsize::get_mut,core::sync::atomic::AtomicUsize::get_mut,core::sync::atomic;std::sync::atomic,inherent_method,stable,1,core/src/sync/atomic.rs:3851,False
core::sync::atomic::AtomicUsize::get_mut_slice,core::sync::atomic::AtomicUsize::get_mut_slice,core::sync::atomic;std::sync::atomic,inherent_method,stable,1,core/src/sync/atomic.rs:3851,False
core::sync::atomic::AtomicUsize::into_inner,core::sync::atomic::AtomicUsize::into_inner,core::sync::atomic;std::sync::atomic,inherent_method,stable,1,core/src/sync/atomic.rs:3851,False
core::sync::atomic::AtomicUsize::try_update,core::sync::atomic::AtomicUsize::try_update,core::sync::atomic;std::sync::atomic,inherent_method,stable,1,core/src/sync/atomic.rs:3851,False
core::sync::atomic::AtomicUsize::update,core::sync::atomic::AtomicUsize::update,core::sync::atomic;std::sync::atomic,inherent_method,stable,1,core/src/sync/atomic.rs:3851,False
core::sync::atomic::compiler_fence,core::sync::atomic::compiler_fence,core::sync::atomic;std::sync::atomic,free_function,stable,1,core/src/sync/atomic.rs:4455,False
core::sync::atomic::fence,core::sync::atomic::fence,core::sync::atomic;std::sync::atomic,free_function,stable,1,core/src/sync/atomic.rs:4371,False
core::sync::atomic::spin_loop_hint,core::sync::atomic::spin_loop_hint,core::sync::atomic;std::sync::atomic,free_function,stable,1,core/src/sync/atomic.rs:4500,False
std::collections::HashMap::capacity,std::collections::HashMap::capacity,std::collections,inherent_method,stable,1,std/src/collections/hash/map.rs:484,False
std::collections::HashMap::drain,std::collections::HashMap::drain,std::collections,inherent_method,stable,1,std/src/collections/hash/map.rs:776,False
std::collections::HashMap::extract_if,std::collections::HashMap::extract_if,std::collections,inherent_method,stable,1,std/src/collections/hash/map.rs:816,False
std::collections::HashMap::get_disjoint_mut,std::collections::HashMap::get_disjoint_mut,std::collections,inherent_method,stable,1,std/src/collections/hash/map.rs:1172,False
std::collections::HashMap::get_disjoint_unchecked_mut,std::collections::HashMap::get_disjoint_unchecked_mut,std::collections,inherent_method,stable,1,std/src/collections/hash/map.rs:1239,False
std::collections::HashMap::get_key_value,std::collections::HashMap::get_key_value,std::collections,inherent_method,stable,1,std/src/collections/hash/map.rs:1093,False
std::collections::HashMap::get_mut,std::collections::HashMap::get_mut,std::collections,inherent_method,stable,1,std/src/collections/hash/map.rs:1297,False
std::collections::HashMap::hasher,std::collections::HashMap::hasher,std::collections,inherent_method,stable,1,std/src/collections/hash/map.rs:885,False
std::collections::HashMap::into_keys,std::collections::HashMap::into_keys,std::collections,inherent_method,stable,1,std/src/collections/hash/map.rs:547,False
std::collections::HashMap::into_values,std::collections::HashMap::into_values,std::collections,inherent_method,stable,1,std/src/collections/hash/map.rs:643,False
std::collections::HashMap::iter_mut,std::collections::HashMap::iter_mut,std::collections,inherent_method,stable,1,std/src/collections/hash/map.rs:711,False
std::collections::HashMap::remove_entry,std::collections::HashMap::remove_entry,std::collections,inherent_method,stable,1,std/src/collections/hash/map.rs:1420,False
std::collections::HashMap::retain,std::collections::HashMap::retain,std::collections,inherent_method,stable,1,std/src/collections/hash/map.rs:845,False
std::collections::HashMap::shrink_to,std::collections::HashMap::shrink_to,std::collections,inherent_method,stable,1,std/src/collections/hash/map.rs:989,False
std::collections::HashMap::shrink_to_fit,std::collections::HashMap::shrink_to_fit,std::collections,inherent_method,stable,1,std/src/collections/hash/map.rs:963,False
std::collections::HashMap::try_reserve,std::collections::HashMap::try_reserve,std::collections,inherent_method,stable,1,std/src/collections/hash/map.rs:941,False
std::collections::HashMap::values_mut,std::collections::HashMap::values_mut,std::collections,inherent_method,stable,1,std/src/collections/hash/map.rs:610,False
std::collections::HashMap::with_capacity_and_hasher,std::collections::HashMap::with_capacity_and_hasher,std::collections,inherent_method,stable,1,std/src/collections/hash/map.rs:400,False
std::collections::HashMap::with_hasher,std::collections::HashMap::with_hasher,std::collections,inherent_method,stable,1,std/src/collections/hash/map.rs:368,False
std::collections::HashSet::capacity,std::collections::HashSet::capacity,std::collections,inherent_method,stable,1,std/src/collections/hash/set.rs:359,False
std::collections::HashSet::difference,std::collections::HashSet::difference,std::collections,inherent_method,stable,1,std/src/collections/hash/set.rs:690,False
std::collections::HashSet::drain,std::collections::HashSet::drain,std::collections,inherent_method,stable,1,std/src/collections/hash/set.rs:453,False
std::collections::HashSet::extract_if,std::collections::HashSet::extract_if,std::collections,inherent_method,stable,1,std/src/collections/hash/set.rs:490,False
std::collections::HashSet::hasher,std::collections::HashSet::hasher,std::collections,inherent_method,stable,1,std/src/collections/hash/set.rs:557,False
std::collections::HashSet::intersection,std::collections::HashSet::intersection,std::collections,inherent_method,stable,1,std/src/collections/hash/set.rs:752,False
std::collections::HashSet::is_disjoint,std::collections::HashSet::is_disjoint,std::collections,inherent_method,stable,1,std/src/collections/hash/set.rs:955,False
std::collections::HashSet::is_subset,std::collections::HashSet::is_subset,std::collections,inherent_method,stable,1,std/src/collections/hash/set.rs:981,False
std::collections::HashSet::is_superset,std::collections::HashSet::is_superset,std::collections,inherent_method,stable,1,std/src/collections/hash/set.rs:1007,False
std::collections::HashSet::replace,std::collections::HashSet::replace,std::collections,inherent_method,stable,1,std/src/collections/hash/set.rs:1056,False
std::collections::HashSet::retain,std::collections::HashSet::retain,std::collections,inherent_method,stable,1,std/src/collections/hash/set.rs:518,False
std::collections::HashSet::shrink_to,std::collections::HashSet::shrink_to,std::collections,inherent_method,stable,1,std/src/collections/hash/set.rs:660,False
std::collections::HashSet::shrink_to_fit,std::collections::HashSet::shrink_to_fit,std::collections,inherent_method,stable,1,std/src/collections/hash/set.rs:635,False
std::collections::HashSet::symmetric_difference,std::collections::HashSet::symmetric_difference,std::collections,inherent_method,stable,1,std/src/collections/hash/set.rs:718,False
std::collections::HashSet::take,std::collections::HashSet::take,std::collections,inherent_method,stable,1,std/src/collections/hash/set.rs:1106,False
std::collections::HashSet::try_reserve,std::collections::HashSet::try_reserve,std::collections,inherent_method,stable,1,std/src/collections/hash/set.rs:613,False
std::collections::HashSet::union,std::collections::HashSet::union,std::collections,inherent_method,stable,1,std/src/collections/hash/set.rs:781,False
std::collections::HashSet::with_capacity_and_hasher,std::collections::HashSet::with_capacity_and_hasher,std::collections,inherent_method,stable,1,std/src/collections/hash/set.rs:278,False
std::collections::HashSet::with_hasher,std::collections::HashSet::with_hasher,std::collections,inherent_method,stable,1,std/src/collections/hash/set.rs:246,False
std::env::args,std::env::args,std::env,free_function,stable,1,std/src/env.rs:828,False
std::env::args_os,std::env::args_os,std::env,free_function,stable,1,std/src/env.rs:863,False
std::env::current_dir,std::env::current_dir,std::env,free_function,stable,1,std/src/env.rs:53,False
std::env::current_exe,std::env::current_exe,std::env,free_function,stable,1,std/src/env.rs:757,False
std::env::home_dir,std::env::home_dir,std::env,free_function,stable,1,std/src/env.rs:646,False
std::env::join_paths,std::env::join_paths,std::env,free_function,stable,1,std/src/env.rs:578,False
std::env::remove_var,std::env::remove_var,std::env,free_function,stable,1,std/src/env.rs:430,False
std::env::set_current_dir,std::env::set_current_dir,std::env,free_function,stable,1,std/src/env.rs:80,False
std::env::set_var,std::env::set_var,std::env,free_function,stable,1,std/src/env.rs:359,False
std::env::split_paths,std::env::split_paths,std::env,free_function,stable,1,std/src/env.rs:483,False
std::env::temp_dir,std::env::temp_dir,std::env,free_function,stable,1,std/src/env.rs:706,False
std::env::var,std::env::var,std::env,free_function,stable,1,std/src/env.rs:228,False
std::env::var_os,std::env::var_os,std::env,free_function,stable,1,std/src/env.rs:264,False
std::env::vars,std::env::vars,std::env,free_function,stable,1,std/src/env.rs:135,False
std::env::vars_os,std::env::vars_os,std::env,free_function,stable,1,std/src/env.rs:160,False
std::ffi::OsStr::as_encoded_bytes,std::ffi::OsStr::as_encoded_bytes,std::ffi,inherent_method,stable,1,std/src/ffi/os_str.rs:1121,False
std::ffi::OsStr::display,std::ffi::OsStr::display,std::ffi,inherent_method,stable,1,std/src/ffi/os_str.rs:1331,False
std::ffi::OsStr::eq_ignore_ascii_case,std::ffi::OsStr::eq_ignore_ascii_case,std::ffi,inherent_method,stable,1,std/src/ffi/os_str.rs:1306,False
std::ffi::OsStr::from_encoded_bytes_unchecked,std::ffi::OsStr::from_encoded_bytes_unchecked,std::ffi,inherent_method,stable,1,std/src/ffi/os_str.rs:873,False
std::ffi::OsStr::into_os_string,std::ffi::OsStr::into_os_string,std::ffi,inherent_method,stable,1,std/src/ffi/os_str.rs:1045,False
std::ffi::OsStr::is_ascii,std::ffi::OsStr::is_ascii,std::ffi,inherent_method,stable,1,std/src/ffi/os_str.rs:1287,False
std::ffi::OsStr::is_empty,std::ffi::OsStr::is_empty,std::ffi,inherent_method,stable,1,std/src/ffi/os_str.rs:1004,False
std::ffi::OsStr::len,std::ffi::OsStr::len,std::ffi,inherent_method,stable,1,std/src/ffi/os_str.rs:1038,False
std::ffi::OsStr::make_ascii_lowercase,std::ffi::OsStr::make_ascii_lowercase,std::ffi,inherent_method,stable,1,std/src/ffi/os_str.rs:1196,False
std::ffi::OsStr::make_ascii_uppercase,std::ffi::OsStr::make_ascii_uppercase,std::ffi,inherent_method,stable,1,std/src/ffi/os_str.rs:1221,False
std::ffi::OsStr::new,std::ffi::OsStr::new,std::ffi,inherent_method,stable,1,std/src/ffi/os_str.rs:830,False
std::ffi::OsStr::to_ascii_lowercase,std::ffi::OsStr::to_ascii_lowercase,std::ffi,inherent_method,stable,1,std/src/ffi/os_str.rs:1243,False
std::ffi::OsStr::to_ascii_uppercase,std::ffi::OsStr::to_ascii_uppercase,std::ffi,inherent_method,stable,1,std/src/ffi/os_str.rs:1265,False
std::ffi::OsStr::to_os_string,std::ffi::OsStr::to_os_string,std::ffi,inherent_method,stable,1,std/src/ffi/os_str.rs:984,False
std::ffi::OsStr::to_str,std::ffi::OsStr::to_str,std::ffi,inherent_method,stable,1,std/src/ffi/os_str.rs:911,False
std::ffi::OsStr::to_string_lossy,std::ffi::OsStr::to_string_lossy,std::ffi,inherent_method,stable,1,std/src/ffi/os_str.rs:964,False
std::ffi::OsString::as_os_str,std::ffi::OsString::as_os_str,std::ffi,inherent_method,stable,1,std/src/ffi/os_str.rs:195,False
std::ffi::OsString::capacity,std::ffi::OsString::capacity,std::ffi,inherent_method,stable,1,std/src/ffi/os_str.rs:342,False
std::ffi::OsString::clear,std::ffi::OsString::clear,std::ffi,inherent_method,stable,1,std/src/ffi/os_str.rs:323,False
std::ffi::OsString::from_encoded_bytes_unchecked,std::ffi::OsString::from_encoded_bytes_unchecked,std::ffi,inherent_method,stable,1,std/src/ffi/os_str.rs:176,False
std::ffi::OsString::into_boxed_os_str,std::ffi::OsString::into_boxed_os_str,std::ffi,inherent_method,stable,1,std/src/ffi/os_str.rs:545,False
std::ffi::OsString::into_encoded_bytes,std::ffi::OsString::into_encoded_bytes,std::ffi,inherent_method,stable,1,std/src/ffi/os_str.rs:215,False
std::ffi::OsString::into_string,std::ffi::OsString::into_string,std::ffi,inherent_method,stable,1,std/src/ffi/os_str.rs:234,False
std::ffi::OsString::leak,std::ffi::OsString::leak,std::ffi,inherent_method,stable,1,std/src/ffi/os_str.rs:565,False
std::ffi::OsString::new,std::ffi::OsString::new,std::ffi,inherent_method,stable,1,std/src/ffi/os_str.rs:133,False
std::ffi::OsString::push,std::ffi::OsString::push,std::ffi,inherent_method,stable,1,std/src/ffi/os_str.rs:252,False
std::ffi::OsString::reserve,std::ffi::OsString::reserve,std::ffi,inherent_method,stable,1,std/src/ffi/os_str.rs:365,False
std::ffi::OsString::reserve_exact,std::ffi::OsString::reserve_exact,std::ffi,inherent_method,stable,1,std/src/ffi/os_str.rs:431,False
std::ffi::OsString::shrink_to,std::ffi::OsString::shrink_to,std::ffi,inherent_method,stable,1,std/src/ffi/os_str.rs:528,False
std::ffi::OsString::shrink_to_fit,std::ffi::OsString::shrink_to_fit,std::ffi,inherent_method,stable,1,std/src/ffi/os_str.rs:498,False
std::ffi::OsString::try_reserve,std::ffi::OsString::try_reserve,std::ffi,inherent_method,stable,1,std/src/ffi/os_str.rs:404,False
std::ffi::OsString::try_reserve_exact,std::ffi::OsString::try_reserve_exact,std::ffi,inherent_method,stable,1,std/src/ffi/os_str.rs:475,False
std::ffi::OsString::with_capacity,std::ffi::OsString::with_capacity,std::ffi,inherent_method,stable,1,std/src/ffi/os_str.rs:304,False
std::fs::DirBuilder::create,std::fs::DirBuilder::create,std::fs,inherent_method,stable,1,std/src/fs.rs:3417,False
std::fs::DirBuilder::new,std::fs::DirBuilder::new,std::fs,inherent_method,stable,1,std/src/fs.rs:3374,False
std::fs::DirBuilder::recursive,std::fs::DirBuilder::recursive,std::fs,inherent_method,stable,1,std/src/fs.rs:3393,False
std::fs::DirEntry::file_name,std::fs::DirEntry::file_name,std::fs,inherent_method,stable,1,std/src/fs.rs:2612,False
std::fs::DirEntry::file_type,std::fs::DirEntry::file_type,std::fs,inherent_method,stable,1,std/src/fs.rs:2583,False
std::fs::DirEntry::metadata,std::fs::DirEntry::metadata,std::fs,inherent_method,stable,1,std/src/fs.rs:2548,False
std::fs::DirEntry::path,std::fs::DirEntry::path,std::fs,inherent_method,stable,1,std/src/fs.rs:2510,False
std::fs::File::create,std::fs::File::create,std::fs,inherent_method,stable,1,std/src/fs.rs:637,False
std::fs::File::create_new,std::fs::File::create_new,std::fs,inherent_method,stable,1,std/src/fs.rs:711,False
std::fs::File::lock,std::fs::File::lock,std::fs,inherent_method,stable,1,std/src/fs.rs:864,False
std::fs::File::lock_shared,std::fs::File::lock_shared,std::fs,inherent_method,stable,1,std/src/fs.rs:916,False
std::fs::File::metadata,std::fs::File::metadata,std::fs,inherent_method,stable,1,std/src/fs.rs:1138,False
std::fs::File::open,std::fs::File::open,std::fs,inherent_method,stable,1,std/src/fs.rs:569,False
std::fs::File::options,std::fs::File::options,std::fs,inherent_method,stable,1,std/src/fs.rs:744,False
std::fs::File::set_len,std::fs::File::set_len,std::fs,inherent_method,stable,1,std/src/fs.rs:1120,False
std::fs::File::set_modified,std::fs::File::set_modified,std::fs,inherent_method,stable,1,std/src/fs.rs:1276,False
std::fs::File::set_permissions,std::fs::File::set_permissions,std::fs,inherent_method,stable,1,std/src/fs.rs:1220,False
std::fs::File::set_times,std::fs::File::set_times,std::fs,inherent_method,stable,1,std/src/fs.rs:1267,False
std::fs::File::sync_all,std::fs::File::sync_all,std::fs,inherent_method,stable,1,std/src/fs.rs:779,False
std::fs::File::sync_data,std::fs::File::sync_data,std::fs,inherent_method,stable,1,std/src/fs.rs:811,False
std::fs::File::try_clone,std::fs::File::try_clone,std::fs,inherent_method,stable,1,std/src/fs.rs:1182,False
std::fs::File::try_lock,std::fs::File::try_lock,std::fs,inherent_method,stable,1,std/src/fs.rs:981,False
std::fs::File::try_lock_shared,std::fs::File::try_lock_shared,std::fs,inherent_method,stable,1,std/src/fs.rs:1045,False
std::fs::File::unlock,std::fs::File::unlock,std::fs,inherent_method,stable,1,std/src/fs.rs:1082,False
std::fs::FileTimes::new,std::fs::FileTimes::new,std::fs,inherent_method,stable,1,std/src/fs.rs:2194,False
std::fs::FileTimes::set_accessed,std::fs::FileTimes::set_accessed,std::fs,inherent_method,stable,1,std/src/fs.rs:2200,False
std::fs::FileTimes::set_modified,std::fs::FileTimes::set_modified,std::fs,inherent_method,stable,1,std/src/fs.rs:2207,False
std::fs::FileType::is_dir,std::fs::FileType::is_dir,std::fs,inherent_method,stable,1,std/src/fs.rs:2365,False
std::fs::FileType::is_file,std::fs::FileType::is_file,std::fs,inherent_method,stable,1,std/src/fs.rs:2398,False
std::fs::FileType::is_symlink,std::fs::FileType::is_symlink,std::fs,inherent_method,stable,1,std/src/fs.rs:2434,False
std::fs::Metadata::accessed,std::fs::Metadata::accessed,std::fs,inherent_method,stable,1,std/src/fs.rs:2112,False
std::fs::Metadata::created,std::fs::Metadata::created,std::fs,inherent_method,stable,1,std/src/fs.rs:2145,False
std::fs::Metadata::file_type,std::fs::Metadata::file_type,std::fs,inherent_method,stable,1,std/src/fs.rs:1926,False
std::fs::Metadata::is_dir,std::fs::Metadata::is_dir,std::fs,inherent_method,stable,1,std/src/fs.rs:1949,False
std::fs::Metadata::is_file,std::fs::Metadata::is_file,std::fs,inherent_method,stable,1,std/src/fs.rs:1978,False
std::fs::Metadata::is_symlink,std::fs::Metadata::is_symlink,std::fs,inherent_method,stable,1,std/src/fs.rs:2004,False
std::fs::Metadata::len,std::fs::Metadata::len,std::fs,inherent_method,stable,1,std/src/fs.rs:2024,False
std::fs::Metadata::modified,std::fs::Metadata::modified,std::fs,inherent_method,stable,1,std/src/fs.rs:2076,False
std::fs::Metadata::permissions,std::fs::Metadata::permissions,std::fs,inherent_method,stable,1,std/src/fs.rs:2044,False
std::fs::OpenOptions::append,std::fs::OpenOptions::append,std::fs,inherent_method,stable,1,std/src/fs.rs:1754,False
std::fs::OpenOptions::create,std::fs::OpenOptions::create,std::fs,inherent_method,stable,1,std/src/fs.rs:1799,False
std::fs::OpenOptions::create_new,std::fs::OpenOptions::create_new,std::fs,inherent_method,stable,1,std/src/fs.rs:1837,False
std::fs::OpenOptions::new,std::fs::OpenOptions::new,std::fs,inherent_method,stable,1,std/src/fs.rs:1663,False
std::fs::OpenOptions::open,std::fs::OpenOptions::open,std::fs,inherent_method,stable,1,std/src/fs.rs:1886,False
std::fs::OpenOptions::read,std::fs::OpenOptions::read,std::fs,inherent_method,stable,1,std/src/fs.rs:1680,False
std::fs::OpenOptions::truncate,std::fs::OpenOptions::truncate,std::fs,inherent_method,stable,1,std/src/fs.rs:1774,False
std::fs::OpenOptions::write,std::fs::OpenOptions::write,std::fs,inherent_method,stable,1,std/src/fs.rs:1701,False
std::fs::Permissions::readonly,std::fs::Permissions::readonly,std::fs,inherent_method,stable,1,std/src/fs.rs:2269,False
std::fs::Permissions::set_readonly,std::fs::Permissions::set_readonly,std::fs,inherent_method,stable,1,std/src/fs.rs:2336,False
std::fs::canonicalize,std::fs::canonicalize,std::fs,free_function,stable,1,std/src/fs.rs:3011,False
std::fs::copy,std::fs::copy,std::fs,free_function,stable,1,std/src/fs.rs:2856,False
std::fs::create_dir,std::fs::create_dir,std::fs,free_function,stable,1,std/src/fs.rs:3053,False
std::fs::create_dir_all,std::fs::create_dir_all,std::fs,free_function,stable,1,std/src/fs.rs:3099,False
std::fs::exists,std::fs::exists,std::fs,free_function,stable,1,std/src/fs.rs:3505,False
std::fs::hard_link,std::fs::hard_link,std::fs,free_function,stable,1,std/src/fs.rs:2902,False
std::fs::metadata,std::fs::metadata,std::fs,free_function,stable,1,std/src/fs.rs:2710,False
std::fs::read,std::fs::read,std::fs,free_function,stable,1,std/src/fs.rs:340,False
std::fs::read_dir,std::fs::read_dir,std::fs,free_function,stable,1,std/src/fs.rs:3287,False
std::fs::read_link,std::fs::read_link,std::fs,free_function,stable,1,std/src/fs.rs:2968,False
std::fs::read_to_string,std::fs::read_to_string,std::fs,free_function,stable,1,std/src/fs.rs:382,False
std::fs::remove_dir,std::fs::remove_dir,std::fs,free_function,stable,1,std/src/fs.rs:3144,False
std::fs::remove_dir_all,std::fs::remove_dir_all,std::fs,free_function,stable,1,std/src/fs.rs:3208,False
std::fs::remove_file,std::fs::remove_file,std::fs,free_function,stable,1,std/src/fs.rs:2671,False
std::fs::rename,std::fs::rename,std::fs,free_function,stable,1,std/src/fs.rs:2793,False
std::fs::set_permissions,std::fs::set_permissions,std::fs,free_function,stable,1,std/src/fs.rs:3338,False
std::fs::soft_link,std::fs::soft_link,std::fs,free_function,stable,1,std/src/fs.rs:2934,False
std::fs::symlink_metadata,std::fs::symlink_metadata,std::fs,free_function,stable,1,std/src/fs.rs:2745,False
std::fs::write,std::fs::write,std::fs,free_function,stable,1,std/src/fs.rs:419,False
std::io::BufRead::consume,std::io::BufRead::consume,std::io,trait_method,stable,1,std/src/io/mod.rs:1919,False
std::io::BufRead::fill_buf,std::io::BufRead::fill_buf,std::io,trait_method,stable,1,std/src/io/mod.rs:1902,False
std::io::BufRead::lines,std::io::BufRead::lines,std::io,trait_method,stable,1,std/src/io/mod.rs:2220,False
std::io::BufRead::read_line,std::io::BufRead::read_line,std::io,trait_method,stable,1,std/src/io/mod.rs:2145,False
std::io::BufRead::read_until,std::io::BufRead::read_until,std::io,trait_method,stable,1,std/src/io/mod.rs:2012,False
std::io::BufRead::skip_until,std::io::BufRead::skip_until,std::io,trait_method,stable,1,std/src/io/mod.rs:2077,False
std::io::BufRead::split,std::io::BufRead::split,std::io,trait_method,stable,1,std/src/io/mod.rs:2183,False
std::io::BufReader::buffer,std::io::BufReader::buffer,std::io,inherent_method,stable,1,std/src/io/buffered/bufreader.rs:227,False
std::io::BufReader::capacity,std::io::BufReader::capacity,std::io,inherent_method,stable,1,std/src/io/buffered/bufreader.rs:250,False
std::io::BufReader::get_mut,std::io::BufReader::get_mut,std::io,inherent_method,stable,1,std/src/io/buffered/bufreader.rs:199,False
std::io::BufReader::get_ref,std::io::BufReader::get_ref,std::io,inherent_method,stable,1,std/src/io/buffered/bufreader.rs:176,False
std::io::BufReader::into_inner,std::io::BufReader::into_inner,std::io,inherent_method,stable,1,std/src/io/buffered/bufreader.rs:274,False
std::io::BufReader::new,std::io::BufReader::new,std::io,inherent_method,stable,1,std/src/io/buffered/bufreader.rs:74,False
std::io::BufReader::seek_relative,std::io::BufReader::seek_relative,std::io,inherent_method,stable,1,std/src/io/buffered/bufreader.rs:303,False
std::io::BufReader::with_capacity,std::io::BufReader::with_capacity,std::io,inherent_method,stable,1,std/src/io/buffered/bufreader.rs:103,False
std::io::BufWriter::buffer,std::io::BufWriter::buffer,std::io,inherent_method,stable,1,std/src/io/buffered/bufwriter.rs:334,False
std::io::BufWriter::capacity,std::io::BufWriter::capacity,std::io,inherent_method,stable,1,std/src/io/buffered/bufwriter.rs:366,False
std::io::BufWriter::get_mut,std::io::BufWriter::get_mut,std::io,inherent_method,stable,1,std/src/io/buffered/bufwriter.rs:316,False
std::io::BufWriter::get_ref,std::io::BufWriter::get_ref,std::io,inherent_method,stable,1,std/src/io/buffered/bufwriter.rs:296,False
std::io::BufWriter::into_inner,std::io::BufWriter::into_inner,std::io,inherent_method,stable,1,std/src/io/buffered/bufwriter.rs:145,False
std::io::BufWriter::into_parts,std::io::BufWriter::into_parts,std::io,inherent_method,stable,1,std/src/io/buffered/bufwriter.rs:175,False
std::io::BufWriter::new,std::io::BufWriter::new,std::io,inherent_method,stable,1,std/src/io/buffered/bufwriter.rs:93,False
std::io::BufWriter::with_capacity,std::io::BufWriter::with_capacity,std::io,inherent_method,stable,1,std/src/io/buffered/bufwriter.rs:121,False
std::io::IntoInnerError::error,std::io::IntoInnerError::error,std::io,inherent_method,stable,1,std/src/io/buffered/mod.rs:91,False
std::io::IntoInnerError::into_error,std::io::IntoInnerError::into_error,std::io,inherent_method,stable,1,std/src/io/buffered/mod.rs:146,False
std::io::IntoInnerError::into_inner,std::io::IntoInnerError::into_inner,std::io,inherent_method,stable,1,std/src/io/buffered/mod.rs:126,False
std::io::IntoInnerError::into_parts,std::io::IntoInnerError::into_parts,std::io,inherent_method,stable,1,std/src/io/buffered/mod.rs:169,False
std::io::IsTerminal::is_terminal,std::io::IsTerminal::is_terminal,std::io,trait_method,stable,1,std/src/io/stdio.rs:1248,False
std::io::LineWriter::get_mut,std::io::LineWriter::get_mut,std::io,inherent_method,stable,1,std/src/io/buffered/linewriter.rs:134,False
std::io::LineWriter::get_ref,std::io::LineWriter::get_ref,std::io,inherent_method,stable,1,std/src/io/buffered/linewriter.rs:185,False
std::io::LineWriter::into_inner,std::io::LineWriter::into_inner,std::io,inherent_method,stable,1,std/src/io/buffered/linewriter.rs:162,False
std::io::LineWriter::new,std::io::LineWriter::new,std::io,inherent_method,stable,1,std/src/io/buffered/linewriter.rs:88,False
std::io::LineWriter::with_capacity,std::io::LineWriter::with_capacity,std::io,inherent_method,stable,1,std/src/io/buffered/linewriter.rs:109,False
std::io::PipeReader::try_clone,std::io::PipeReader::try_clone,std::io,inherent_method,stable,1,std/src/io/pipe.rs:173,False
std::io::PipeWriter::try_clone,std::io::PipeWriter::try_clone,std::io,inherent_method,stable,1,std/src/io/pipe.rs:210,False
std::io::Read::by_ref,std::io::Read::by_ref,std::io,trait_method,stable,1,std/src/io/mod.rs:1107,False
std::io::Read::bytes,std::io::Read::bytes,std::io,trait_method,stable,1,std/src/io/mod.rs:1150,False
std::io::Read::chain,std::io::Read::chain,std::io,trait_method,stable,1,std/src/io/mod.rs:1188,False
std::io::Read::read,std::io::Read::read,std::io,trait_method,stable,1,std/src/io/mod.rs:801,False
std::io::Read::read_exact,std::io::Read::read_exact,std::io,trait_method,stable,1,std/src/io/mod.rs:1032,False
std::io::Read::read_to_end,std::io::Read::read_to_end,std::io,trait_method,stable,1,std/src/io/mod.rs:923,False
std::io::Read::read_to_string,std::io::Read::read_to_string,std::io,trait_method,stable,1,std/src/io/mod.rs:979,False
std::io::Read::read_vectored,std::io::Read::read_vectored,std::io,trait_method,stable,1,std/src/io/mod.rs:813,False
std::io::Read::take,std::io::Read::take,std::io,trait_method,stable,1,std/src/io/mod.rs:1227,False
std::io::Stderr::lock,std::io::Stderr::lock,std::io,inherent_method,stable,1,std/src/io/stdio.rs:998,False
std::io::Stdin::lines,std::io::Stdin::lines,std::io,inherent_method,stable,1,std/src/io/stdio.rs:433,False
std::io::Stdin::lock,std::io::Stdin::lock,std::io,inherent_method,stable,1,std/src/io/stdio.rs:373,False
std::io::Stdin::read_line,std::io::Stdin::read_line,std::io,inherent_method,stable,1,std/src/io/stdio.rs:412,False
std::io::Stdout::lock,std::io::Stdout::lock,std::io,inherent_method,stable,1,std/src/io/stdio.rs:766,False
std::io::Write::by_ref,std::io::Write::by_ref,std::io,trait_method,stable,1,std/src/io/mod.rs:1757,False
std::io::Write::flush,std::io::Write::flush,std::io,trait_method,stable,1,std/src/io/mod.rs:1578,False
std::io::Write::write,std::io::Write::write,std::io,trait_method,stable,1,std/src/io/mod.rs:1501,False
std::io::Write::write_all,std::io::Write::write_all,std::io,trait_method,stable,1,std/src/io/mod.rs:1612,False
std::io::Write::write_fmt,std::io::Write::write_fmt,std::io,trait_method,stable,1,std/src/io/mod.rs:1727,False
std::io::Write::write_vectored,std::io::Write::write_vectored,std::io,trait_method,stable,1,std/src/io/mod.rs:1535,False
std::io::WriterPanicked::into_inner,std::io::WriterPanicked::into_inner,std::io,inherent_method,stable,1,std/src/io/buffered/bufwriter.rs:505,False
std::io::copy,std::io::copy,std::io,free_function,stable,1,std/src/io/copy.rs:62,False
std::io::pipe,std::io::pipe,std::io,free_function,stable,1,std/src/io/pipe.rs:83,False
std::io::read_to_string,std::io::read_to_string,std::io,free_function,stable,1,std/src/io/mod.rs:1400,False
std::io::stderr,std::io::stderr,std::io,free_function,stable,1,std/src/io/stdio.rs:966,False
std::io::stdin,std::io::stdin,std::io,free_function,stable,1,std/src/io/stdio.rs:341,False
std::io::stdout,std::io::stdout,std::io,free_function,stable,1,std/src/io/stdio.rs:717,False
std::net::TcpListener::accept,std::net::TcpListener::accept,std::net,inherent_method,stable,1,std/src/net/tcp.rs:914,False
std::net::TcpListener::bind,std::net::TcpListener::bind,std::net,inherent_method,stable,1,std/src/net/tcp.rs:834,False
std::net::TcpListener::incoming,std::net::TcpListener::incoming,std::net,inherent_method,stable,1,std/src/net/tcp.rs:957,False
std::net::TcpListener::local_addr,std::net::TcpListener::local_addr,std::net,inherent_method,stable,1,std/src/net/tcp.rs:850,False
std::net::TcpListener::only_v6,std::net::TcpListener::only_v6,std::net,inherent_method,stable,1,std/src/net/tcp.rs:1044,False
std::net::TcpListener::set_nonblocking,std::net::TcpListener::set_nonblocking,std::net,inherent_method,stable,1,std/src/net/tcp.rs:1110,False
std::net::TcpListener::set_only_v6,std::net::TcpListener::set_only_v6,std::net,inherent_method,stable,1,std/src/net/tcp.rs:1037,False
std::net::TcpListener::set_ttl,std::net::TcpListener::set_ttl,std::net,inherent_method,stable,1,std/src/net/tcp.rs:1012,False
std::net::TcpListener::take_error,std::net::TcpListener::take_error,std::net,inherent_method,stable,1,std/src/net/tcp.rs:1063,False
std::net::TcpListener::try_clone,std::net::TcpListener::try_clone,std::net,inherent_method,stable,1,std/src/net/tcp.rs:869,False
std::net::TcpListener::ttl,std::net::TcpListener::ttl,std::net,inherent_method,stable,1,std/src/net/tcp.rs:1030,False
std::net::TcpStream::connect,std::net::TcpStream::connect,std::net,inherent_method,stable,1,std/src/net/tcp.rs:168,False
std::net::TcpStream::connect_timeout,std::net::TcpStream::connect_timeout,std::net,inherent_method,stable,1,std/src/net/tcp.rs:184,False
std::net::TcpStream::local_addr,std::net::TcpStream::local_addr,std::net,inherent_method,stable,1,std/src/net/tcp.rs:218,False
std::net::TcpStream::nodelay,std::net::TcpStream::nodelay,std::net,inherent_method,stable,1,std/src/net/tcp.rs:565,False
std::net::TcpStream::peek,std::net::TcpStream::peek,std::net,inherent_method,stable,1,std/src/net/tcp.rs:426,False
std::net::TcpStream::peer_addr,std::net::TcpStream::peer_addr,std::net,inherent_method,stable,1,std/src/net/tcp.rs:201,False
std::net::TcpStream::read_timeout,std::net::TcpStream::read_timeout,std::net,inherent_method,stable,1,std/src/net/tcp.rs:379,False
std::net::TcpStream::set_nodelay,std::net::TcpStream::set_nodelay,std::net,inherent_method,stable,1,std/src/net/tcp.rs:546,False
std::net::TcpStream::set_nonblocking,std::net::TcpStream::set_nonblocking,std::net,inherent_method,stable,1,std/src/net/tcp.rs:668,False
std::net::TcpStream::set_read_timeout,std::net::TcpStream::set_read_timeout,std::net,inherent_method,stable,1,std/src/net/tcp.rs:310,False
std::net::TcpStream::set_ttl,std::net::TcpStream::set_ttl,std::net,inherent_method,stable,1,std/src/net/tcp.rs:584,False
std::net::TcpStream::set_write_timeout,std::net::TcpStream::set_write_timeout,std::net,inherent_method,stable,1,std/src/net/tcp.rs:354,False
std::net::TcpStream::shutdown,std::net::TcpStream::shutdown,std::net,inherent_method,stable,1,std/src/net/tcp.rs:245,False
std::net::TcpStream::take_error,std::net::TcpStream::take_error,std::net,inherent_method,stable,1,std/src/net/tcp.rs:623,False
std::net::TcpStream::try_clone,std::net::TcpStream::try_clone,std::net,inherent_method,stable,1,std/src/net/tcp.rs:266,False
std::net::TcpStream::ttl,std::net::TcpStream::ttl,std::net,inherent_method,stable,1,std/src/net/tcp.rs:603,False
std::net::TcpStream::write_timeout,std::net::TcpStream::write_timeout,std::net,inherent_method,stable,1,std/src/net/tcp.rs:404,False
std::net::ToSocketAddrs::to_socket_addrs,std::net::ToSocketAddrs::to_socket_addrs,std::net,trait_method,stable,1,std/src/net/socket_addr.rs:135,False
std::net::UdpSocket::bind,std::net::UdpSocket::bind,std::net,inherent_method,stable,1,std/src/net/udp.rs:121,False
std::net::UdpSocket::broadcast,std::net::UdpSocket::broadcast,std::net,inherent_method,stable,1,std/src/net/udp.rs:437,False
std::net::UdpSocket::connect,std::net::UdpSocket::connect,std::net,inherent_method,stable,1,std/src/net/udp.rs:682,False
std::net::UdpSocket::join_multicast_v4,std::net::UdpSocket::join_multicast_v4,std::net,inherent_method,stable,1,std/src/net/udp.rs:596,False
std::net::UdpSocket::join_multicast_v6,std::net::UdpSocket::join_multicast_v6,std::net,inherent_method,stable,1,std/src/net/udp.rs:606,False
std::net::UdpSocket::leave_multicast_v4,std::net::UdpSocket::leave_multicast_v4,std::net,inherent_method,stable,1,std/src/net/udp.rs:614,False
std::net::UdpSocket::leave_multicast_v6,std::net::UdpSocket::leave_multicast_v6,std::net,inherent_method,stable,1,std/src/net/udp.rs:622,False
std::net::UdpSocket::local_addr,std::net::UdpSocket::local_addr,std::net,inherent_method,stable,1,std/src/net/udp.rs:256,False
std::net::UdpSocket::multicast_loop_v4,std::net::UdpSocket::multicast_loop_v4,std::net,inherent_method,stable,1,std/src/net/udp.rs:473,False
std::net::UdpSocket::multicast_loop_v6,std::net::UdpSocket::multicast_loop_v6,std::net,inherent_method,stable,1,std/src/net/udp.rs:548,False
std::net::UdpSocket::multicast_ttl_v4,std::net::UdpSocket::multicast_ttl_v4,std::net,inherent_method,stable,1,std/src/net/udp.rs:512,False
std::net::UdpSocket::peek,std::net::UdpSocket::peek,std::net,inherent_method,stable,1,std/src/net/udp.rs:776,False
std::net::UdpSocket::peek_from,std::net::UdpSocket::peek_from,std::net,inherent_method,stable,1,std/src/net/udp.rs:177,False
std::net::UdpSocket::peer_addr,std::net::UdpSocket::peer_addr,std::net,inherent_method,stable,1,std/src/net/udp.rs:240,False
std::net::UdpSocket::read_timeout,std::net::UdpSocket::read_timeout,std::net,inherent_method,stable,1,std/src/net/udp.rs:381,False
std::net::UdpSocket::recv,std::net::UdpSocket::recv,std::net,inherent_method,stable,1,std/src/net/udp.rs:736,False
std::net::UdpSocket::recv_from,std::net::UdpSocket::recv_from,std::net,inherent_method,stable,1,std/src/net/udp.rs:148,False
std::net::UdpSocket::send,std::net::UdpSocket::send,std::net,inherent_method,stable,1,std/src/net/udp.rs:704,False
std::net::UdpSocket::send_to,std::net::UdpSocket::send_to,std::net,inherent_method,stable,1,std/src/net/udp.rs:208,False
std::net::UdpSocket::set_broadcast,std::net::UdpSocket::set_broadcast,std::net,inherent_method,stable,1,std/src/net/udp.rs:419,False
std::net::UdpSocket::set_multicast_loop_v4,std::net::UdpSocket::set_multicast_loop_v4,std::net,inherent_method,stable,1,std/src/net/udp.rs:455,False
std::net::UdpSocket::set_multicast_loop_v6,std::net::UdpSocket::set_multicast_loop_v6,std::net,inherent_method,stable,1,std/src/net/udp.rs:530,False
std::net::UdpSocket::set_multicast_ttl_v4,std::net::UdpSocket::set_multicast_ttl_v4,std::net,inherent_method,stable,1,std/src/net/udp.rs:494,False
std::net::UdpSocket::set_nonblocking,std::net::UdpSocket::set_nonblocking,std::net,inherent_method,stable,1,std/src/net/udp.rs:821,False
std::net::UdpSocket::set_read_timeout,std::net::UdpSocket::set_read_timeout,std::net,inherent_method,stable,1,std/src/net/udp.rs:318,False
std::net::UdpSocket::set_ttl,std::net::UdpSocket::set_ttl,std::net,inherent_method,stable,1,std/src/net/udp.rs:566,False
std::net::UdpSocket::set_write_timeout,std::net::UdpSocket::set_write_timeout,std::net,inherent_method,stable,1,std/src/net/udp.rs:361,False
std::net::UdpSocket::take_error,std::net::UdpSocket::take_error,std::net,inherent_method,stable,1,std/src/net/udp.rs:645,False
std::net::UdpSocket::try_clone,std::net::UdpSocket::try_clone,std::net,inherent_method,stable,1,std/src/net/udp.rs:275,False
std::net::UdpSocket::ttl,std::net::UdpSocket::ttl,std::net,inherent_method,stable,1,std/src/net/udp.rs:584,False
std::net::UdpSocket::write_timeout,std::net::UdpSocket::write_timeout,std::net,inherent_method,stable,1,std/src/net/udp.rs:401,False
std::os::fd::AsFd::as_fd,std::os::fd::AsFd::as_fd,std::os::fd;std::os::unix::io,trait_method,stable,1,std/src/os/fd/owned.rs:275,False
std::os::fd::AsRawFd::as_raw_fd,std::os::fd::AsRawFd::as_raw_fd,std::os::fd;std::os::unix::io,trait_method,stable,1,std/src/os/fd/raw.rs:69,False
std::os::fd::BorrowedFd::borrow_raw,std::os::fd::BorrowedFd::borrow_raw,std::os::fd;std::os::unix::io,inherent_method,stable,1,std/src/os/fd/owned.rs:89,False
std::os::fd::BorrowedFd::try_clone_to_owned,std::os::fd::BorrowedFd::try_clone_to_owned,std::os::fd;std::os::unix::io,inherent_method,stable,1,std/src/os/fd/owned.rs:113,False
std::os::fd::FromRawFd::from_raw_fd,std::os::fd::FromRawFd::from_raw_fd,std::os::fd;std::os::unix::io,trait_method,stable,1,std/src/os/fd/raw.rs:113,False
std::os::fd::IntoRawFd::into_raw_fd,std::os::fd::IntoRawFd::into_raw_fd,std::os::fd;std::os::unix::io,trait_method,stable,1,std/src/os/fd/raw.rs:145,False
std::os::fd::OwnedFd::try_clone,std::os::fd::OwnedFd::try_clone,std::os::fd;std::os::unix::io,inherent_method,stable,1,std/src/os/fd/owned.rs:98,False
std::os::unix::ffi::OsStrExt::as_bytes,std::os::unix::ffi::OsStrExt::as_bytes,std::os::unix::ffi,trait_method,stable,1,std/src/os/unix/ffi/os_str.rs:50,False
std::os::unix::ffi::OsStrExt::from_bytes,std::os::unix::ffi::OsStrExt::from_bytes,std::os::unix::ffi,trait_method,stable,1,std/src/os/unix/ffi/os_str.rs:44,False
std::os::unix::ffi::OsStringExt::from_vec,std::os::unix::ffi::OsStringExt::from_vec,std::os::unix::ffi,trait_method,stable,1,std/src/os/unix/ffi/os_str.rs:16,False
std::os::unix::ffi::OsStringExt::into_vec,std::os::unix::ffi::OsStringExt::into_vec,std::os::unix::ffi,trait_method,stable,1,std/src/os/unix/ffi/os_str.rs:22,False
std::os::unix::fs::DirBuilderExt::mode,std::os::unix::fs::DirBuilderExt::mode,std::os::unix::fs,trait_method,stable,1,std/src/os/unix/fs.rs:1083,False
std::os::unix::fs::DirEntryExt::ino,std::os::unix::fs::DirEntryExt::ino,std::os::unix::fs,trait_method,stable,1,std/src/os/unix/fs.rs:1005,False
std::os::unix::fs::FileExt::read_at,std::os::unix::fs::FileExt::read_at,std::os::unix::fs,trait_method,stable,1,std/src/os/unix/fs.rs:59,False
std::os::unix::fs::FileExt::read_exact_at,std::os::unix::fs::FileExt::read_exact_at,std::os::unix::fs,trait_method,stable,1,std/src/os/unix/fs.rs:117,False
std::os::unix::fs::FileExt::write_all_at,std::os::unix::fs::FileExt::write_all_at,std::os::unix::fs,trait_method,stable,1,std/src/os/unix/fs.rs:333,False
std::os::unix::fs::FileExt::write_at,std::os::unix::fs::FileExt::write_at,std::os::unix::fs,trait_method,stable,1,std/src/os/unix/fs.rs:284,False
std::os::unix::fs::FileTypeExt::is_block_device,std::os::unix::fs::FileTypeExt::is_block_device,std::os::unix::fs,trait_method,stable,1,std/src/os/unix/fs.rs:910,False
std::os::unix::fs::FileTypeExt::is_char_device,std::os::unix::fs::FileTypeExt::is_char_device,std::os::unix::fs,trait_method,stable,1,std/src/os/unix/fs.rs:928,False
std::os::unix::fs::FileTypeExt::is_fifo,std::os::unix::fs::FileTypeExt::is_fifo,std::os::unix::fs,trait_method,stable,1,std/src/os/unix/fs.rs:946,False
std::os::unix::fs::FileTypeExt::is_socket,std::os::unix::fs::FileTypeExt::is_socket,std::os::unix::fs,trait_method,stable,1,std/src/os/unix/fs.rs:964,False
std::os::unix::fs::MetadataExt::atime,std::os::unix::fs::MetadataExt::atime,std::os::unix::fs,trait_method,stable,1,std/src/os/unix/fs.rs:698,False
std::os::unix::fs::MetadataExt::atime_nsec,std::os::unix::fs::MetadataExt::atime_nsec,std::os::unix::fs,trait_method,stable,1,std/src/os/unix/fs.rs:717,False
std::os::unix::fs::MetadataExt::blksize,std::os::unix::fs::MetadataExt::blksize,std::os::unix::fs,trait_method,stable,1,std/src/os/unix/fs.rs:806,False
std::os::unix::fs::MetadataExt::blocks,std::os::unix::fs::MetadataExt::blocks,std::os::unix::fs,trait_method,stable,1,std/src/os/unix/fs.rs:825,False
std::os::unix::fs::MetadataExt::ctime,std::os::unix::fs::MetadataExt::ctime,std::os::unix::fs,trait_method,stable,1,std/src/os/unix/fs.rs:770,False
std::os::unix::fs::MetadataExt::ctime_nsec,std::os::unix::fs::MetadataExt::ctime_nsec,std::os::unix::fs,trait_method,stable,1,std/src/os/unix/fs.rs:789,False
std::os::unix::fs::MetadataExt::dev,std::os::unix::fs::MetadataExt::dev,std::os::unix::fs,trait_method,stable,1,std/src/os/unix/fs.rs:558,False
std::os::unix::fs::MetadataExt::gid,std::os::unix::fs::MetadataExt::gid,std::os::unix::fs,trait_method,stable,1,std/src/os/unix/fs.rs:647,False
std::os::unix::fs::MetadataExt::ino,std::os::unix::fs::MetadataExt::ino,std::os::unix::fs,trait_method,stable,1,std/src/os/unix/fs.rs:575,False
std::os::unix::fs::MetadataExt::mode,std::os::unix::fs::MetadataExt::mode,std::os::unix::fs,trait_method,stable,1,std/src/os/unix/fs.rs:596,False
std::os::unix::fs::MetadataExt::mtime,std::os::unix::fs::MetadataExt::mtime,std::os::unix::fs,trait_method,stable,1,std/src/os/unix/fs.rs:734,False
std::os::unix::fs::MetadataExt::mtime_nsec,std::os::unix::fs::MetadataExt::mtime_nsec,std::os::unix::fs,trait_method,stable,1,std/src/os/unix/fs.rs:753,False
std::os::unix::fs::MetadataExt::nlink,std::os::unix::fs::MetadataExt::nlink,std::os::unix::fs,trait_method,stable,1,std/src/os/unix/fs.rs:613,False
std::os::unix::fs::MetadataExt::rdev,std::os::unix::fs::MetadataExt::rdev,std::os::unix::fs,trait_method,stable,1,std/src/os/unix/fs.rs:664,False
std::os::unix::fs::MetadataExt::size,std::os::unix::fs::MetadataExt::size,std::os::unix::fs,trait_method,stable,1,std/src/os/unix/fs.rs:681,False
std::os::unix::fs::MetadataExt::uid,std::os::unix::fs::MetadataExt::uid,std::os::unix::fs,trait_method,stable,1,std/src/os/unix/fs.rs:630,False
std::os::unix::fs::OpenOptionsExt::custom_flags,std::os::unix::fs::OpenOptionsExt::custom_flags,std::os::unix::fs,trait_method,stable,1,std/src/os/unix/fs.rs:523,False
std::os::unix::fs::OpenOptionsExt::mode,std::os::unix::fs::OpenOptionsExt::mode,std::os::unix::fs,trait_method,stable,1,std/src/os/unix/fs.rs:498,False
std::os::unix::fs::PermissionsExt::from_mode,std::os::unix::fs::PermissionsExt::from_mode,std::os::unix::fs,trait_method,stable,1,std/src/os/unix/fs.rs:456,False
std::os::unix::fs::PermissionsExt::mode,std::os::unix::fs::PermissionsExt::mode,std::os::unix::fs,trait_method,stable,1,std/src/os/unix/fs.rs:447,False
std::os::unix::fs::PermissionsExt::set_mode,std::os::unix::fs::PermissionsExt::set_mode,std::os::unix::fs,trait_method,stable,1,std/src/os/unix/fs.rs:451,False
std::os::unix::fs::chown,std::os::unix::fs::chown,std::os::unix::fs,free_function,stable,1,std/src/os/unix/fs.rs:1121,False
std::os::unix::fs::chroot,std::os::unix::fs::chroot,std::os::unix::fs,free_function,stable,1,std/src/os/unix/fs.rs:1186,False
std::os::unix::fs::fchown,std::os::unix::fs::fchown,std::os::unix::fs,free_function,stable,1,std/src/os/unix/fs.rs:1141,False
std::os::unix::fs::lchown,std::os::unix::fs::lchown,std::os::unix::fs,free_function,stable,1,std/src/os/unix/fs.rs:1161,False
std::os::unix::fs::symlink,std::os::unix::fs::symlink,std::os::unix::fs,free_function,stable,1,std/src/os/unix/fs.rs:1063,False
std::os::unix::net::SocketAddr::as_pathname,std::os::unix::net::SocketAddr::as_pathname,std::os::unix::net,inherent_method,stable,1,std/src/os/unix/net/addr.rs:241,False
std::os::unix::net::SocketAddr::from_pathname,std::os::unix::net::SocketAddr::from_pathname,std::os::unix::net,inherent_method,stable,1,std/src/os/unix/net/addr.rs:167,False
std::os::unix::net::SocketAddr::is_unnamed,std::os::unix::net::SocketAddr::is_unnamed,std::os::unix::net,inherent_method,stable,1,std/src/os/unix/net/addr.rs:205,False
std::os::unix::net::UnixDatagram::bind,std::os::unix::net::UnixDatagram::bind,std::os::unix::net,inherent_method,stable,1,std/src/os/unix/net/datagram.rs:96,False
std::os::unix::net::UnixDatagram::bind_addr,std::os::unix::net::UnixDatagram::bind_addr,std::os::unix::net,inherent_method,stable,1,std/src/os/unix/net/datagram.rs:129,False
std::os::unix::net::UnixDatagram::connect,std::os::unix::net::UnixDatagram::connect,std::os::unix::net,inherent_method,stable,1,std/src/os/unix/net/datagram.rs:212,False
std::os::unix::net::UnixDatagram::connect_addr,std::os::unix::net::UnixDatagram::connect_addr,std::os::unix::net,inherent_method,stable,1,std/src/os/unix/net/datagram.rs:244,False
std::os::unix::net::UnixDatagram::local_addr,std::os::unix::net::UnixDatagram::local_addr,std::os::unix::net,inherent_method,stable,1,std/src/os/unix/net/datagram.rs:291,False
std::os::unix::net::UnixDatagram::pair,std::os::unix::net::UnixDatagram::pair,std::os::unix::net,inherent_method,stable,1,std/src/os/unix/net/datagram.rs:180,False
std::os::unix::net::UnixDatagram::peer_addr,std::os::unix::net::UnixDatagram::peer_addr,std::os::unix::net,inherent_method,stable,1,std/src/os/unix/net/datagram.rs:315,False
std::os::unix::net::UnixDatagram::read_timeout,std::os::unix::net::UnixDatagram::read_timeout,std::os::unix::net,inherent_method,stable,1,std/src/os/unix/net/datagram.rs:793,False
std::os::unix::net::UnixDatagram::recv,std::os::unix::net::UnixDatagram::recv,std::os::unix::net,inherent_method,stable,1,std/src/os/unix/net/datagram.rs:386,False
std::os::unix::net::UnixDatagram::recv_from,std::os::unix::net::UnixDatagram::recv_from,std::os::unix::net,inherent_method,stable,1,std/src/os/unix/net/datagram.rs:365,False
std::os::unix::net::UnixDatagram::send,std::os::unix::net::UnixDatagram::send,std::os::unix::net,inherent_method,stable,1,std/src/os/unix/net/datagram.rs:589,False
std::os::unix::net::UnixDatagram::send_to,std::os::unix::net::UnixDatagram::send_to,std::os::unix::net,inherent_method,stable,1,std/src/os/unix/net/datagram.rs:518,False
std::os::unix::net::UnixDatagram::send_to_addr,std::os::unix::net::UnixDatagram::send_to_addr,std::os::unix::net,inherent_method,stable,1,std/src/os/unix/net/datagram.rs:555,False
std::os::unix::net::UnixDatagram::set_nonblocking,std::os::unix::net::UnixDatagram::set_nonblocking,std::os::unix::net,inherent_method,stable,1,std/src/os/unix/net/datagram.rs:832,False
std::os::unix::net::UnixDatagram::set_read_timeout,std::os::unix::net::UnixDatagram::set_read_timeout,std::os::unix::net,inherent_method,stable,1,std/src/os/unix/net/datagram.rs:728,False
std::os::unix::net::UnixDatagram::set_write_timeout,std::os::unix::net::UnixDatagram::set_write_timeout,std::os::unix::net,inherent_method,stable,1,std/src/os/unix/net/datagram.rs:772,False
std::os::unix::net::UnixDatagram::shutdown,std::os::unix::net::UnixDatagram::shutdown,std::os::unix::net,inherent_method,stable,1,std/src/os/unix/net/datagram.rs:898,False
std::os::unix::net::UnixDatagram::take_error,std::os::unix::net::UnixDatagram::take_error,std::os::unix::net,inherent_method,stable,1,std/src/os/unix/net/datagram.rs:877,False
std::os::unix::net::UnixDatagram::try_clone,std::os::unix::net::UnixDatagram::try_clone,std::os::unix::net,inherent_method,stable,1,std/src/os/unix/net/datagram.rs:273,False
std::os::unix::net::UnixDatagram::unbound,std::os::unix::net::UnixDatagram::unbound,std::os::unix::net,inherent_method,stable,1,std/src/os/unix/net/datagram.rs:157,False
std::os::unix::net::UnixDatagram::write_timeout,std::os::unix::net::UnixDatagram::write_timeout,std::os::unix::net,inherent_method,stable,1,std/src/os/unix/net/datagram.rs:814,False
std::os::unix::net::UnixListener::accept,std::os::unix::net::UnixListener::accept,std::os::unix::net,inherent_method,stable,1,std/src/os/unix/net/listener.rs:177,False
std::os::unix::net::UnixListener::bind,std::os::unix::net::UnixListener::bind,std::os::unix::net,inherent_method,stable,1,std/src/os/unix/net/listener.rs:71,False
std::os::unix::net::UnixListener::bind_addr,std::os::unix::net::UnixListener::bind_addr,std::os::unix::net,inherent_method,stable,1,std/src/os/unix/net/listener.rs:136,False
std::os::unix::net::UnixListener::incoming,std::os::unix::net::UnixListener::incoming,std::os::unix::net,inherent_method,stable,1,std/src/os/unix/net/listener.rs:305,False
std::os::unix::net::UnixListener::local_addr,std::os::unix::net::UnixListener::local_addr,std::os::unix::net,inherent_method,stable,1,std/src/os/unix/net/listener.rs:221,False
std::os::unix::net::UnixListener::set_nonblocking,std::os::unix::net::UnixListener::set_nonblocking,std::os::unix::net,inherent_method,stable,1,std/src/os/unix/net/listener.rs:245,False
std::os::unix::net::UnixListener::take_error,std::os::unix::net::UnixListener::take_error,std::os::unix::net,inherent_method,stable,1,std/src/os/unix/net/listener.rs:269,False
std::os::unix::net::UnixListener::try_clone,std::os::unix::net::UnixListener::try_clone,std::os::unix::net,inherent_method,stable,1,std/src/os/unix/net/listener.rs:203,False
std::os::unix::net::UnixStream::connect,std::os::unix::net::UnixStream::connect,std::os::unix::net,inherent_method,stable,1,std/src/os/unix/net/stream.rs:108,False
std::os::unix::net::UnixStream::connect_addr,std::os::unix::net::UnixStream::connect_addr,std::os::unix::net,inherent_method,stable,1,std/src/os/unix/net/stream.rs:142,False
std::os::unix::net::UnixStream::local_addr,std::os::unix::net::UnixStream::local_addr,std::os::unix::net,inherent_method,stable,1,std/src/os/unix/net/stream.rs:214,False
std::os::unix::net::UnixStream::pair,std::os::unix::net::UnixStream::pair,std::os::unix::net,inherent_method,stable,1,std/src/os/unix/net/stream.rs:172,False
std::os::unix::net::UnixStream::peer_addr,std::os::unix::net::UnixStream::peer_addr,std::os::unix::net,inherent_method,stable,1,std/src/os/unix/net/stream.rs:232,False
std::os::unix::net::UnixStream::read_timeout,std::os::unix::net::UnixStream::read_timeout,std::os::unix::net,inherent_method,stable,1,std/src/os/unix/net/stream.rs:368,False
std::os::unix::net::UnixStream::set_nonblocking,std::os::unix::net::UnixStream::set_nonblocking,std::os::unix::net,inherent_method,stable,1,std/src/os/unix/net/stream.rs:407,False
std::os::unix::net::UnixStream::set_read_timeout,std::os::unix::net::UnixStream::set_read_timeout,std::os::unix::net,inherent_method,stable,1,std/src/os/unix/net/stream.rs:305,False
std::os::unix::net::UnixStream::set_write_timeout,std::os::unix::net::UnixStream::set_write_timeout,std::os::unix::net,inherent_method,stable,1,std/src/os/unix/net/stream.rs:348,False
std::os::unix::net::UnixStream::shutdown,std::os::unix::net::UnixStream::shutdown,std::os::unix::net,inherent_method,stable,1,std/src/os/unix/net/stream.rs:478,False
std::os::unix::net::UnixStream::take_error,std::os::unix::net::UnixStream::take_error,std::os::unix::net,inherent_method,stable,1,std/src/os/unix/net/stream.rs:455,False
std::os::unix::net::UnixStream::try_clone,std::os::unix::net::UnixStream::try_clone,std::os::unix::net,inherent_method,stable,1,std/src/os/unix/net/stream.rs:196,False
std::os::unix::net::UnixStream::write_timeout,std::os::unix::net::UnixStream::write_timeout,std::os::unix::net,inherent_method,stable,1,std/src/os/unix/net/stream.rs:389,False
std::os::windows::ffi::OsStrExt::encode_wide,std::os::windows::prelude::OsStrExt::encode_wide,std::os::windows::prelude,trait_method,stable,1,std/src/os/windows/ffi.rs:120,False
std::os::windows::ffi::OsStringExt::from_wide,std::os::windows::prelude::OsStringExt::from_wide,std::os::windows::prelude,trait_method,stable,1,std/src/os/windows/ffi.rs:85,False
std::os::windows::fs::FileExt::seek_read,std::os::windows::fs::FileExt::seek_read,std::os::windows::fs;std::os::windows::prelude,trait_method,stable,1,std/src/os/windows/fs.rs:50,False
std::os::windows::fs::FileExt::seek_write,std::os::windows::fs::FileExt::seek_write,std::os::windows::fs;std::os::windows::prelude,trait_method,stable,1,std/src/os/windows/fs.rs:121,False
std::os::windows::fs::FileTimesExt::set_created,std::os::windows::fs::FileTimesExt::set_created,std::os::windows::fs,trait_method,stable,1,std/src/os/windows/fs.rs:676,False
std::os::windows::fs::FileTypeExt::is_symlink_dir,std::os::windows::fs::FileTypeExt::is_symlink_dir,std::os::windows::fs,trait_method,stable,1,std/src/os/windows/fs.rs:655,False
std::os::windows::fs::FileTypeExt::is_symlink_file,std::os::windows::fs::FileTypeExt::is_symlink_file,std::os::windows::fs,trait_method,stable,1,std/src/os/windows/fs.rs:658,False
std::os::windows::fs::MetadataExt::creation_time,std::os::windows::fs::MetadataExt::creation_time,std::os::windows::fs;std::os::windows::prelude,trait_method,stable,1,std/src/os/windows/fs.rs:487,False
std::os::windows::fs::MetadataExt::file_attributes,std::os::windows::fs::MetadataExt::file_attributes,std::os::windows::fs;std::os::windows::prelude,trait_method,stable,1,std/src/os/windows/fs.rs:458,False
std::os::windows::fs::MetadataExt::file_size,std::os::windows::fs::MetadataExt::file_size,std::os::windows::fs;std::os::windows::prelude,trait_method,stable,1,std/src/os/windows/fs.rs:576,False
std::os::windows::fs::MetadataExt::last_access_time,std::os::windows::fs::MetadataExt::last_access_time,std::os::windows::fs;std::os::windows::prelude,trait_method,stable,1,std/src/os/windows/fs.rs:522,False
std::os::windows::fs::MetadataExt::last_write_time,std::os::windows::fs::MetadataExt::last_write_time,std::os::windows::fs;std::os::windows::prelude,trait_method,stable,1,std/src/os/windows/fs.rs:555,False
std::os::windows::fs::OpenOptionsExt::access_mode,std::os::windows::fs::OpenOptionsExt::access_mode,std::os::windows::fs;std::os::windows::prelude,trait_method,stable,1,std/src/os/windows/fs.rs:165,False
std::os::windows::fs::OpenOptionsExt::attributes,std::os::windows::fs::OpenOptionsExt::attributes,std::os::windows::fs;std::os::windows::prelude,trait_method,stable,1,std/src/os/windows/fs.rs:262,False
std::os::windows::fs::OpenOptionsExt::custom_flags,std::os::windows::fs::OpenOptionsExt::custom_flags,std::os::windows::fs;std::os::windows::prelude,trait_method,stable,1,std/src/os/windows/fs.rs:224,False
std::os::windows::fs::OpenOptionsExt::security_qos_flags,std::os::windows::fs::OpenOptionsExt::security_qos_flags,std::os::windows::fs;std::os::windows::prelude,trait_method,stable,1,std/src/os/windows/fs.rs:308,False
std::os::windows::fs::OpenOptionsExt::share_mode,std::os::windows::fs::OpenOptionsExt::share_mode,std::os::windows::fs;std::os::windows::prelude,trait_method,stable,1,std/src/os/windows/fs.rs:193,False
std::os::windows::fs::symlink_dir,std::os::windows::fs::symlink_dir,std::os::windows::fs,free_function,stable,1,std/src/os/windows/fs.rs:761,False
std::os::windows::fs::symlink_file,std::os::windows::fs::symlink_file,std::os::windows::fs,free_function,stable,1,std/src/os/windows/fs.rs:722,False
std::os::windows::io::AsHandle::as_handle,std::os::windows::io::AsHandle::as_handle,std::os::windows::io;std::os::windows::prelude,trait_method,stable,1,std/src/os/windows/io/handle.rs:437,False
std::os::windows::io::AsRawHandle::as_raw_handle,std::os::windows::io::AsRawHandle::as_raw_handle,std::os::windows::io;std::os::windows::prelude,trait_method,stable,1,std/src/os/windows/io/raw.rs:40,False
std::os::windows::io::AsRawSocket::as_raw_socket,std::os::windows::io::AsRawSocket::as_raw_socket,std::os::windows::io;std::os::windows::prelude,trait_method,stable,1,std/src/os/windows/io/raw.rs:189,False
std::os::windows::io::AsSocket::as_socket,std::os::windows::io::AsSocket::as_socket,std::os::windows::io;std::os::windows::prelude,trait_method,stable,1,std/src/os/windows/io/socket.rs:222,False
std::os::windows::io::BorrowedHandle::borrow_raw,std::os::windows::io::BorrowedHandle::borrow_raw,std::os::windows::io;std::os::windows::prelude,inherent_method,stable,1,std/src/os/windows/io/handle.rs:150,False
std::os::windows::io::BorrowedHandle::try_clone_to_owned,std::os::windows::io::BorrowedHandle::try_clone_to_owned,std::os::windows::io;std::os::windows::prelude,inherent_method,stable,1,std/src/os/windows/io/handle.rs:196,False
std::os::windows::io::BorrowedSocket::borrow_raw,std::os::windows::io::BorrowedSocket::borrow_raw,std::os::windows::io;std::os::windows::prelude,inherent_method,stable,1,std/src/os/windows/io/socket.rs:64,False
std::os::windows::io::BorrowedSocket::try_clone_to_owned,std::os::windows::io::BorrowedSocket::try_clone_to_owned,std::os::windows::io;std::os::windows::prelude,inherent_method,stable,1,std/src/os/windows/io/socket.rs:101,False
std::os::windows::io::FromRawHandle::from_raw_handle,std::os::windows::io::FromRawHandle::from_raw_handle,std::os::windows::io;std::os::windows::prelude,trait_method,stable,1,std/src/os/windows/io/raw.rs:72,False
std::os::windows::io::FromRawSocket::from_raw_socket,std::os::windows::io::FromRawSocket::from_raw_socket,std::os::windows::io;std::os::windows::prelude,trait_method,stable,1,std/src/os/windows/io/raw.rs:216,False
std::os::windows::io::HandleOrInvalid::from_raw_handle,std::os::windows::io::HandleOrInvalid::from_raw_handle,std::os::windows::io;std::os::windows::prelude,inherent_method,stable,1,std/src/os/windows/io/handle.rs:373,False
std::os::windows::io::HandleOrNull::from_raw_handle,std::os::windows::io::HandleOrNull::from_raw_handle,std::os::windows::io,inherent_method,stable,1,std/src/os/windows/io/handle.rs:346,False
std::os::windows::io::IntoRawHandle::into_raw_handle,std::os::windows::io::IntoRawHandle::into_raw_handle,std::os::windows::io;std::os::windows::prelude,trait_method,stable,1,std/src/os/windows/io/raw.rs:90,False
std::os::windows::io::IntoRawSocket::into_raw_socket,std::os::windows::io::IntoRawSocket::into_raw_socket,std::os::windows::io;std::os::windows::prelude,trait_method,stable,1,std/src/os/windows/io/raw.rs:234,False
std::os::windows::io::OwnedHandle::try_clone,std::os::windows::io::OwnedHandle::try_clone,std::os::windows::io;std::os::windows::prelude,inherent_method,stable,1,std/src/os/windows/io/handle.rs:187,False
std::os::windows::io::OwnedSocket::try_clone,std::os::windows::io::OwnedSocket::try_clone,std::os::windows::io;std::os::windows::prelude,inherent_method,stable,1,std/src/os/windows/io/socket.rs:73,False
std::panic::PanicHookInfo::location,std::panic::PanicHookInfo::location,std::panic,inherent_method,stable,1,std/src/panic.rs:163,False
std::panic::PanicHookInfo::payload,std::panic::PanicHookInfo::payload,std::panic,inherent_method,stable,1,std/src/panic.rs:95,False
std::panic::PanicHookInfo::payload_as_str,std::panic::PanicHookInfo::payload_as_str,std::panic,inherent_method,stable,1,std/src/panic.rs:126,False
std::panic::PanicInfo::location,std::panic::PanicInfo::location,std::panic,inherent_method,stable,1,std/src/panic.rs:163,False
std::panic::PanicInfo::payload,std::panic::PanicInfo::payload,std::panic,inherent_method,stable,1,std/src/panic.rs:95,False
std::panic::PanicInfo::payload_as_str,std::panic::PanicInfo::payload_as_str,std::panic,inherent_method,stable,1,std/src/panic.rs:126,False
std::panic::catch_unwind,std::panic::catch_unwind,std::panic,free_function,stable,1,std/src/panic.rs:358,False
std::panic::panic_any,std::panic::panic_any,std::panic,free_function,stable,1,std/src/panic.rs:259,False
std::panic::resume_unwind,std::panic::resume_unwind,std::panic,free_function,stable,1,std/src/panic.rs:390,False
std::panic::set_hook,std::panic::set_hook,std::panic,free_function,stable,1,std/src/panicking.rs:142,False
std::panic::take_hook,std::panic::take_hook,std::panic,free_function,stable,1,std/src/panicking.rs:182,False
std::path::Component::as_os_str,std::path::Component::as_os_str,std::path,inherent_method,stable,1,std/src/path.rs:573,False
std::path::Components::as_path,std::path::Components::as_path,std::path,inherent_method,stable,1,std/src/path.rs:728,False
std::path::Iter::as_path,std::path::Iter::as_path,std::path,inherent_method,stable,1,std/src/path.rs:877,False
std::path::Path::ancestors,std::path::Path::ancestors,std::path,inherent_method,stable,1,std/src/path.rs:2675,False
std::path::Path::as_mut_os_str,std::path::Path::as_mut_os_str,std::path,inherent_method,stable,1,std/src/path.rs:2457,False
std::path::Path::as_os_str,std::path::Path::as_os_str,std::path,inherent_method,stable,1,std/src/path.rs:2436,False
std::path::Path::canonicalize,std::path::Path::canonicalize,std::path,inherent_method,stable,1,std/src/path.rs:3383,False
std::path::Path::components,std::path::Path::components,std::path,inherent_method,stable,1,std/src/path.rs:3244,False
std::path::Path::display,std::path::Path::display,std::path,inherent_method,stable,1,std/src/path.rs:3304,False
std::path::Path::ends_with,std::path::Path::ends_with,std::path,inherent_method,stable,1,std/src/path.rs:2839,False
std::path::Path::exists,std::path::Path::exists,std::path,inherent_method,stable,1,std/src/path.rs:3547,False
std::path::Path::extension,std::path::Path::extension,std::path,inherent_method,stable,1,std/src/path.rs:2960,False
std::path::Path::file_name,std::path::Path::file_name,std::path,inherent_method,stable,1,std/src/path.rs:2702,False
std::path::Path::file_prefix,std::path::Path::file_prefix,std::path,inherent_method,stable,1,std/src/path.rs:2935,False
std::path::Path::file_stem,std::path::Path::file_stem,std::path,inherent_method,stable,1,std/src/path.rs:2900,False
std::path::Path::has_root,std::path::Path::has_root,std::path,inherent_method,stable,1,std/src/path.rs:2600,False
std::path::Path::into_path_buf,std::path::Path::into_path_buf,std::path,inherent_method,stable,1,std/src/path.rs:3681,False
std::path::Path::is_absolute,std::path::Path::is_absolute,std::path,inherent_method,stable,1,std/src/path.rs:2553,False
std::path::Path::is_dir,std::path::Path::is_dir,std::path,inherent_method,stable,1,std/src/path.rs:3640,False
std::path::Path::is_empty,std::path::Path::is_empty,std::path,inherent_method,stable,1,std/src/path.rs:2868,False
std::path::Path::is_file,std::path::Path::is_file,std::path,inherent_method,stable,1,std/src/path.rs:3613,False
std::path::Path::is_relative,std::path::Path::is_relative,std::path,inherent_method,stable,1,std/src/path.rs:2573,False
std::path::Path::is_symlink,std::path::Path::is_symlink,std::path,inherent_method,stable,1,std/src/path.rs:3673,False
std::path::Path::iter,std::path::Path::iter,std::path,inherent_method,stable,1,std/src/path.rs:3279,False
std::path::Path::join,std::path::Path::join,std::path,inherent_method,stable,1,std/src/path.rs:3077,False
std::path::Path::metadata,std::path::Path::metadata,std::path,inherent_method,stable,1,std/src/path.rs:3337,False
std::path::Path::new,std::path::Path::new,std::path,inherent_method,stable,1,std/src/path.rs:2412,False
std::path::Path::parent,std::path::Path::parent,std::path,inherent_method,stable,1,std/src/path.rs:2635,False
std::path::Path::read_dir,std::path::Path::read_dir,std::path,inherent_method,stable,1,std/src/path.rs:3515,False
std::path::Path::read_link,std::path::Path::read_link,std::path,inherent_method,stable,1,std/src/path.rs:3490,False
std::path::Path::starts_with,std::path::Path::starts_with,std::path,inherent_method,stable,1,std/src/path.rs:2811,False
std::path::Path::strip_prefix,std::path::Path::strip_prefix,std::path,inherent_method,stable,1,std/src/path.rs:2739,False
std::path::Path::symlink_metadata,std::path::Path::symlink_metadata,std::path,inherent_method,stable,1,std/src/path.rs:3356,False
std::path::Path::to_path_buf,std::path::Path::to_path_buf,std::path,inherent_method,stable,1,std/src/path.rs:2528,False
std::path::Path::to_str,std::path::Path::to_str,std::path,inherent_method,stable,1,std/src/path.rs:2481,False
std::path::Path::to_string_lossy,std::path::Path::to_string_lossy,std::path,inherent_method,stable,1,std/src/path.rs:2509,False
std::path::Path::try_exists,std::path::Path::try_exists,std::path,inherent_method,stable,1,std/src/path.rs:3580,False
std::path::Path::with_added_extension,std::path::Path::with_added_extension,std::path,inherent_method,stable,1,std/src/path.rs:3204,False
std::path::Path::with_extension,std::path::Path::with_extension,std::path,inherent_method,stable,1,std/src/path.rs:3148,False
std::path::Path::with_file_name,std::path::Path::with_file_name,std::path,inherent_method,stable,1,std/src/path.rs:3105,False
std::path::PathBuf::add_extension,std::path::PathBuf::add_extension,std::path,inherent_method,stable,1,std/src/path.rs:1728,False
std::path::PathBuf::as_mut_os_string,std::path::PathBuf::as_mut_os_string,std::path,inherent_method,stable,1,std/src/path.rs:1778,False
std::path::PathBuf::as_path,std::path::PathBuf::as_path,std::path,inherent_method,stable,1,std/src/path.rs:1275,False
std::path::PathBuf::capacity,std::path::PathBuf::capacity,std::path,inherent_method,stable,1,std/src/path.rs:1832,False
std::path::PathBuf::clear,std::path::PathBuf::clear,std::path,inherent_method,stable,1,std/src/path.rs:1841,False
std::path::PathBuf::into_boxed_path,std::path::PathBuf::into_boxed_path,std::path,inherent_method,stable,1,std/src/path.rs:1821,False
std::path::PathBuf::into_os_string,std::path::PathBuf::into_os_string,std::path,inherent_method,stable,1,std/src/path.rs:1795,False
std::path::PathBuf::into_string,std::path::PathBuf::into_string,std::path,inherent_method,stable,1,std/src/path.rs:1813,False
std::path::PathBuf::leak,std::path::PathBuf::leak,std::path,inherent_method,stable,1,std/src/path.rs:1294,False
std::path::PathBuf::new,std::path::PathBuf::new,std::path,inherent_method,stable,1,std/src/path.rs:1232,False
std::path::PathBuf::pop,std::path::PathBuf::pop,std::path,inherent_method,stable,1,std/src/path.rs:1442,False
std::path::PathBuf::push,std::path::PathBuf::push,std::path,inherent_method,stable,1,std/src/path.rs:1337,False
std::path::PathBuf::reserve,std::path::PathBuf::reserve,std::path,inherent_method,stable,1,std/src/path.rs:1850,False
std::path::PathBuf::reserve_exact,std::path::PathBuf::reserve_exact,std::path,inherent_method,stable,1,std/src/path.rs:1868,False
std::path::PathBuf::set_extension,std::path::PathBuf::set_extension,std::path,inherent_method,stable,1,std/src/path.rs:1654,False
std::path::PathBuf::set_file_name,std::path::PathBuf::set_file_name,std::path,inherent_method,stable,1,std/src/path.rs:1585,False
std::path::PathBuf::shrink_to,std::path::PathBuf::shrink_to,std::path,inherent_method,stable,1,std/src/path.rs:1895,False
std::path::PathBuf::shrink_to_fit,std::path::PathBuf::shrink_to_fit,std::path,inherent_method,stable,1,std/src/path.rs:1886,False
std::path::PathBuf::try_reserve,std::path::PathBuf::try_reserve,std::path,inherent_method,stable,1,std/src/path.rs:1859,False
std::path::PathBuf::try_reserve_exact,std::path::PathBuf::try_reserve_exact,std::path,inherent_method,stable,1,std/src/path.rs:1877,False
std::path::PathBuf::with_capacity,std::path::PathBuf::with_capacity,std::path,inherent_method,stable,1,std/src/path.rs:1257,False
std::path::Prefix::is_verbatim,std::path::Prefix::is_verbatim,std::path,inherent_method,stable,1,std/src/path.rs:236,False
std::path::PrefixComponent::as_os_str,std::path::PrefixComponent::as_os_str,std::path,inherent_method,stable,1,std/src/path.rs:467,False
std::path::PrefixComponent::kind,std::path::PrefixComponent::kind,std::path,inherent_method,stable,1,std/src/path.rs:459,False
std::path::absolute,std::path::absolute,std::path,free_function,stable,1,std/src/path.rs:4144,False
std::path::is_separator,std::path::is_separator,std::path,free_function,stable,1,std/src/path.rs:270,False
std::process::Child::id,std::process::Child::id,std::process,inherent_method,stable,1,std/src/process.rs:2368,False
std::process::Child::kill,std::process::Child::kill,std::process,inherent_method,stable,1,std/src/process.rs:2347,False
std::process::Child::try_wait,std::process::Child::try_wait,std::process,inherent_method,stable,1,std/src/process.rs:2434,False
std::process::Child::wait,std::process::Child::wait,std::process,inherent_method,stable,1,std/src/process.rs:2395,False
std::process::Child::wait_with_output,std::process::Child::wait_with_output,std::process,inherent_method,stable,1,std/src/process.rs:2471,False
std::process::Command::arg,std::process::Command::arg,std::process,inherent_method,stable,1,std/src/process.rs:749,False
std::process::Command::args,std::process::Command::args,std::process,inherent_method,stable,1,std/src/process.rs:795,False
std::process::Command::current_dir,std::process::Command::current_dir,std::process,inherent_method,stable,1,std/src/process.rs:975,False
std::process::Command::env,std::process::Command::env,std::process,inherent_method,stable,1,std/src/process.rs:831,False
std::process::Command::env_clear,std::process::Command::env_clear,std::process,inherent_method,stable,1,std/src/process.rs:947,False
std::process::Command::env_remove,std::process::Command::env_remove,std::process,inherent_method,stable,1,std/src/process.rs:915,False
std::process::Command::envs,std::process::Command::envs,std::process,inherent_method,stable,1,std/src/process.rs:875,False
std::process::Command::get_args,std::process::Command::get_args,std::process,inherent_method,stable,1,std/src/process.rs:1217,False
std::process::Command::get_current_dir,std::process::Command::get_current_dir,std::process,inherent_method,stable,1,std/src/process.rs:1310,False
std::process::Command::get_envs,std::process::Command::get_envs,std::process,inherent_method,stable,1,std/src/process.rs:1253,False
std::process::Command::get_program,std::process::Command::get_program,std::process,inherent_method,stable,1,std/src/process.rs:1195,False
std::process::Command::new,std::process::Command::new,std::process,inherent_method,stable,1,std/src/process.rs:686,False
std::process::Command::output,std::process::Command::output,std::process,inherent_method,stable,1,std/src/process.rs:1138,False
std::process::Command::spawn,std::process::Command::spawn,std::process,inherent_method,stable,1,std/src/process.rs:1095,False
std::process::Command::status,std::process::Command::status,std::process,inherent_method,stable,1,std/src/process.rs:1176,False
std::process::Command::stderr,std::process::Command::stderr,std::process,inherent_method,stable,1,std/src/process.rs:1056,False
std::process::Command::stdin,std::process::Command::stdin,std::process,inherent_method,stable,1,std/src/process.rs:1002,False
std::process::Command::stdout,std::process::Command::stdout,std::process,inherent_method,stable,1,std/src/process.rs:1029,False
std::process::ExitStatus::code,std::process::ExitStatus::code,std::process,inherent_method,stable,1,std/src/process.rs:2018,False
std::process::ExitStatus::success,std::process::ExitStatus::success,std::process,inherent_method,stable,1,std/src/process.rs:1986,False
std::process::Stdio::inherit,std::process::Stdio::inherit,std::process,inherent_method,stable,1,std/src/process.rs:1635,False
std::process::Stdio::null,std::process::Stdio::null,std::process,inherent_method,stable,1,std/src/process.rs:1675,False
std::process::Stdio::piped,std::process::Stdio::piped,std::process,inherent_method,stable,1,std/src/process.rs:1595,False
std::process::Termination::report,std::process::Termination::report,std::process,trait_method,stable,1,std/src/process.rs:2684,False
std::process::abort,std::process::abort,std::process,free_function,stable,1,std/src/process.rs:2637,False
std::process::exit,std::process::exit,std::process,free_function,stable,1,std/src/process.rs:2570,False
std::process::id,std::process::id,std::process,free_function,stable,1,std/src/process.rs:2656,False
std::sync::Barrier::new,std::sync::Barrier::new,std::sync,inherent_method,stable,1,std/src/sync/barrier.rs:84,False
std::sync::Barrier::wait,std::sync::Barrier::wait,std::sync,inherent_method,stable,1,std/src/sync/barrier.rs:123,False
std::sync::BarrierWaitResult::is_leader,std::sync::BarrierWaitResult::is_leader,std::sync,inherent_method,stable,1,std/src/sync/barrier.rs:164,False
std::sync::Condvar::new,std::sync::Condvar::new,std::sync,inherent_method,stable,1,std/src/sync/poison/condvar.rs:64,False
std::sync::Condvar::notify_all,std::sync::Condvar::notify_all,std::sync,inherent_method,stable,1,std/src/sync/poison/condvar.rs:492,False
std::sync::Condvar::notify_one,std::sync::Condvar::notify_one,std::sync,inherent_method,stable,1,std/src/sync/poison/condvar.rs:451,False
std::sync::Condvar::wait,std::sync::Condvar::wait,std::sync,inherent_method,stable,1,std/src/sync/poison/condvar.rs:125,False
std::sync::Condvar::wait_timeout,std::sync::Condvar::wait_timeout,std::sync,inherent_method,stable,1,std/src/sync/poison/condvar.rs:323,False
std::sync::Condvar::wait_timeout_ms,std::sync::Condvar::wait_timeout_ms,std::sync,inherent_method,stable,1,std/src/sync/poison/condvar.rs:252,False
std::sync::Condvar::wait_timeout_while,std::sync::Condvar::wait_timeout_while,std::sync,inherent_method,stable,1,std/src/sync/poison/condvar.rs:390,False
std::sync::Condvar::wait_while,std::sync::Condvar::wait_while,std::sync,inherent_method,stable,1,std/src/sync/poison/condvar.rs:182,False
std::sync::LazyLock::force,std::sync::LazyLock::force,std::sync,inherent_method,stable,1,std/src/sync/lazy_lock.rs:241,False
std::sync::LazyLock::force_mut,std::sync::LazyLock::force_mut,std::sync,inherent_method,stable,1,std/src/sync/lazy_lock.rs:177,False
std::sync::LazyLock::get,std::sync::LazyLock::get,std::sync,inherent_method,stable,1,std/src/sync/lazy_lock.rs:311,False
std::sync::LazyLock::get_mut,std::sync::LazyLock::get_mut,std::sync,inherent_method,stable,1,std/src/sync/lazy_lock.rs:283,False
std::sync::LazyLock::new,std::sync::LazyLock::new,std::sync,inherent_method,stable,1,std/src/sync/lazy_lock.rs:104,False
std::sync::LockResult::and,std::sync::LockResult::and,std::sync,inherent_method,stable,1,core/src/result.rs:1440,True
std::sync::LockResult::and_then,std::sync::LockResult::and_then,std::sync,inherent_method,stable,1,core/src/result.rs:1486,True
std::sync::LockResult::as_deref,std::sync::LockResult::as_deref,std::sync,inherent_method,stable,1,core/src/result.rs:1044,True
std::sync::LockResult::as_deref_mut,std::sync::LockResult::as_deref_mut,std::sync,inherent_method,stable,1,core/src/result.rs:1072,True
std::sync::LockResult::as_mut,std::sync::LockResult::as_mut,std::sync,inherent_method,stable,1,core/src/result.rs:798,True
std::sync::LockResult::as_ref,std::sync::LockResult::as_ref,std::sync,inherent_method,stable,1,core/src/result.rs:768,True
std::sync::LockResult::cloned,std::sync::LockResult::cloned,std::sync,inherent_method,stable,2,core/src/result.rs:1740;core/src/result.rs:1791,True
std::sync::LockResult::copied,std::sync::LockResult::copied,std::sync,inherent_method,stable,2,core/src/result.rs:1714;core/src/result.rs:1765,True
std::sync::LockResult::err,std::sync::LockResult::err,std::sync,inherent_method,stable,1,core/src/result.rs:736,True
std::sync::LockResult::expect,std::sync::LockResult::expect,std::sync,inherent_method,stable,1,core/src/result.rs:1177,True
std::sync::LockResult::expect_err,std::sync::LockResult::expect_err,std::sync,inherent_method,stable,1,core/src/result.rs:1291,True
std::sync::LockResult::flatten,std::sync::LockResult::flatten,std::sync,inherent_method,stable,1,core/src/result.rs:1855,True
std::sync::LockResult::inspect,std::sync::LockResult::inspect,std::sync,inherent_method,stable,1,core/src/result.rs:986,True
std::sync::LockResult::inspect_err,std::sync::LockResult::inspect_err,std::sync,inherent_method,stable,1,core/src/result.rs:1014,True
std::sync::LockResult::is_err,std::sync::LockResult::is_err,std::sync,inherent_method,stable,1,core/src/result.rs:646,True
std::sync::LockResult::is_err_and,std::sync::LockResult::is_err_and,std::sync,inherent_method,stable,1,core/src/result.rs:674,True
std::sync::LockResult::is_ok,std::sync::LockResult::is_ok,std::sync,inherent_method,stable,1,core/src/result.rs:593,True
std::sync::LockResult::is_ok_and,std::sync::LockResult::is_ok_and,std::sync,inherent_method,stable,1,core/src/result.rs:619,True
std::sync::LockResult::iter,std::sync::LockResult::iter,std::sync,inherent_method,stable,1,core/src/result.rs:1099,True
std::sync::LockResult::iter_mut,std::sync::LockResult::iter_mut,std::sync,inherent_method,stable,1,core/src/result.rs:1123,True
std::sync::LockResult::map,std::sync::LockResult::map,std::sync,inherent_method,stable,1,core/src/result.rs:831,True
std::sync::LockResult::map_err,std::sync::LockResult::map_err,std::sync,inherent_method,stable,1,core/src/result.rs:960,True
std::sync::LockResult::map_or,std::sync::LockResult::map_or,std::sync,inherent_method,stable,1,core/src/result.rs:863,True
std::sync::LockResult::map_or_default,std::sync::LockResult::map_or_default,std::sync,inherent_method,stable,1,core/src/result.rs:926,True
std::sync::LockResult::map_or_else,std::sync::LockResult::map_or_else,std::sync,inherent_method,stable,1,core/src/result.rs:897,True
std::sync::LockResult::ok,std::sync::LockResult::ok,std::sync,inherent_method,stable,1,core/src/result.rs:708,True
std::sync::LockResult::or,std::sync::LockResult::or,std::sync,inherent_method,stable,1,core/src/result.rs:1526,True
std::sync::LockResult::or_else,std::sync::LockResult::or_else,std::sync,inherent_method,stable,1,core/src/result.rs:1557,True
std::sync::LockResult::transpose,std::sync::LockResult::transpose,std::sync,inherent_method,stable,1,core/src/result.rs:1819,True
std::sync::LockResult::unwrap,std::sync::LockResult::unwrap,std::sync,inherent_method,stable,1,core/src/result.rs:1225,True
std::sync::LockResult::unwrap_err,std::sync::LockResult::unwrap_err,std::sync,inherent_method,stable,1,core/src/result.rs:1322,True
std::sync::LockResult::unwrap_err_unchecked,std::sync::LockResult::unwrap_err_unchecked,std::sync,inherent_method,stable,1,core/src/result.rs:1684,True
std::sync::LockResult::unwrap_or,std::sync::LockResult::unwrap_or,std::sync,inherent_method,stable,1,core/src/result.rs:1588,True
std::sync::LockResult::unwrap_or_default,std::sync::LockResult::unwrap_or_default,std::sync,inherent_method,stable,1,core/src/result.rs:1263,True
std::sync::LockResult::unwrap_or_else,std::sync::LockResult::unwrap_or_else,std::sync,inherent_method,stable,1,core/src/result.rs:1614,True
std::sync::LockResult::unwrap_unchecked,std::sync::LockResult::unwrap_unchecked,std::sync,inherent_method,stable,1,core/src/result.rs:1648,True
std::sync::Mutex::clear_poison,std::sync::Mutex::clear_poison,std::sync,inherent_method,stable,1,std/src/sync/poison/mutex.rs:610,False
std::sync::Mutex::get_mut,std::sync::Mutex::get_mut,std::sync,inherent_method,stable,1,std/src/sync/poison/mutex.rs:664,False
std::sync::Mutex::into_inner,std::sync::Mutex::into_inner,std::sync,inherent_method,stable,1,std/src/sync/poison/mutex.rs:631,False
std::sync::Mutex::is_poisoned,std::sync::Mutex::is_poisoned,std::sync,inherent_method,stable,1,std/src/sync/poison/mutex.rs:572,False
std::sync::Mutex::lock,std::sync::Mutex::lock,std::sync,inherent_method,stable,1,std/src/sync/poison/mutex.rs:490,False
std::sync::Mutex::new,std::sync::Mutex::new,std::sync,inherent_method,stable,1,std/src/sync/poison/mutex.rs:350,False
std::sync::Mutex::try_lock,std::sync::Mutex::try_lock,std::sync,inherent_method,stable,1,std/src/sync/poison/mutex.rs:539,False
std::sync::Once::call_once,std::sync::Once::call_once,std::sync,inherent_method,stable,1,std/src/sync/once.rs:156,False
std::sync::Once::call_once_force,std::sync::Once::call_once_force,std::sync,inherent_method,stable,1,std/src/sync/once.rs:216,False
std::sync::Once::is_completed,std::sync::Once::is_completed,std::sync,inherent_method,stable,1,std/src/sync/once.rs:272,False
std::sync::Once::new,std::sync::Once::new,std::sync,inherent_method,stable,1,std/src/sync/once.rs:83,False
std::sync::Once::wait,std::sync::Once::wait,std::sync,inherent_method,stable,1,std/src/sync/once.rs:301,False
std::sync::Once::wait_force,std::sync::Once::wait_force,std::sync,inherent_method,stable,1,std/src/sync/once.rs:314,False
std::sync::OnceLock::get,std::sync::OnceLock::get,std::sync,inherent_method,stable,1,std/src/sync/once_lock.rs:155,False
std::sync::OnceLock::get_mut,std::sync::OnceLock::get_mut,std::sync,inherent_method,stable,1,std/src/sync/once_lock.rs:173,False
std::sync::OnceLock::get_or_init,std::sync::OnceLock::get_or_init,std::sync,inherent_method,stable,1,std/src/sync/once_lock.rs:317,False
std::sync::OnceLock::into_inner,std::sync::OnceLock::into_inner,std::sync,inherent_method,stable,1,std/src/sync/once_lock.rs:478,False
std::sync::OnceLock::new,std::sync::OnceLock::new,std::sync,inherent_method,stable,1,std/src/sync/once_lock.rs:140,False
std::sync::OnceLock::set,std::sync::OnceLock::set,std::sync,inherent_method,stable,1,std/src/sync/once_lock.rs:238,False
std::sync::OnceLock::take,std::sync::OnceLock::take,std::sync,inherent_method,stable,1,std/src/sync/once_lock.rs:504,False
std::sync::OnceLock::wait,std::sync::OnceLock::wait,std::sync,inherent_method,stable,1,std/src/sync/once_lock.rs:203,False
std::sync::OnceState::is_poisoned,std::sync::OnceState::is_poisoned,std::sync,inherent_method,stable,1,std/src/sync/once.rs:385,False
std::sync::PoisonError::get_mut,std::sync::PoisonError::get_mut,std::sync,inherent_method,stable,1,std/src/sync/poison.rs:324,False
std::sync::PoisonError::get_ref,std::sync::PoisonError::get_ref,std::sync,inherent_method,stable,1,std/src/sync/poison.rs:317,False
std::sync::PoisonError::into_inner,std::sync::PoisonError::into_inner,std::sync,inherent_method,stable,1,std/src/sync/poison.rs:310,False
std::sync::PoisonError::new,std::sync::PoisonError::new,std::sync,inherent_method,stable,1,std/src/sync/poison.rs:268,False
std::sync::RwLock::clear_poison,std::sync::RwLock::clear_poison,std::sync,inherent_method,stable,1,std/src/sync/poison/rwlock.rs:619,False
std::sync::RwLock::get_mut,std::sync::RwLock::get_mut,std::sync,inherent_method,stable,1,std/src/sync/poison/rwlock.rs:678,False
std::sync::RwLock::into_inner,std::sync::RwLock::into_inner,std::sync,inherent_method,stable,1,std/src/sync/poison/rwlock.rs:645,False
std::sync::RwLock::is_poisoned,std::sync::RwLock::is_poisoned,std::sync,inherent_method,stable,1,std/src/sync/poison/rwlock.rs:582,False
std::sync::RwLock::new,std::sync::RwLock::new,std::sync,inherent_method,stable,1,std/src/sync/poison/rwlock.rs:258,False
std::sync::RwLock::read,std::sync::RwLock::read,std::sync,inherent_method,stable,1,std/src/sync/poison/rwlock.rs:408,False
std::sync::RwLock::try_read,std::sync::RwLock::try_read,std::sync,inherent_method,stable,1,std/src/sync/poison/rwlock.rs:455,False
std::sync::RwLock::try_write,std::sync::RwLock::try_write,std::sync,inherent_method,stable,1,std/src/sync/poison/rwlock.rs:549,False
std::sync::RwLock::write,std::sync::RwLock::write,std::sync,inherent_method,stable,1,std/src/sync/poison/rwlock.rs:501,False
std::sync::RwLockWriteGuard::downgrade,std::sync::RwLockWriteGuard::downgrade,std::sync,inherent_method,stable,1,std/src/sync/poison/rwlock.rs:883,False
std::sync::TryLockResult::and,std::sync::TryLockResult::and,std::sync,inherent_method,stable,1,core/src/result.rs:1440,True
std::sync::TryLockResult::and_then,std::sync::TryLockResult::and_then,std::sync,inherent_method,stable,1,core/src/result.rs:1486,True
std::sync::TryLockResult::as_deref,std::sync::TryLockResult::as_deref,std::sync,inherent_method,stable,1,core/src/result.rs:1044,True
std::sync::TryLockResult::as_deref_mut,std::sync::TryLockResult::as_deref_mut,std::sync,inherent_method,stable,1,core/src/result.rs:1072,True
std::sync::TryLockResult::as_mut,std::sync::TryLockResult::as_mut,std::sync,inherent_method,stable,1,core/src/result.rs:798,True
std::sync::TryLockResult::as_ref,std::sync::TryLockResult::as_ref,std::sync,inherent_method,stable,1,core/src/result.rs:768,True
std::sync::TryLockResult::cloned,std::sync::TryLockResult::cloned,std::sync,inherent_method,stable,2,core/src/result.rs:1740;core/src/result.rs:1791,True
std::sync::TryLockResult::copied,std::sync::TryLockResult::copied,std::sync,inherent_method,stable,2,core/src/result.rs:1714;core/src/result.rs:1765,True
std::sync::TryLockResult::err,std::sync::TryLockResult::err,std::sync,inherent_method,stable,1,core/src/result.rs:736,True
std::sync::TryLockResult::expect,std::sync::TryLockResult::expect,std::sync,inherent_method,stable,1,core/src/result.rs:1177,True
std::sync::TryLockResult::expect_err,std::sync::TryLockResult::expect_err,std::sync,inherent_method,stable,1,core/src/result.rs:1291,True
std::sync::TryLockResult::flatten,std::sync::TryLockResult::flatten,std::sync,inherent_method,stable,1,core/src/result.rs:1855,True
std::sync::TryLockResult::inspect,std::sync::TryLockResult::inspect,std::sync,inherent_method,stable,1,core/src/result.rs:986,True
std::sync::TryLockResult::inspect_err,std::sync::TryLockResult::inspect_err,std::sync,inherent_method,stable,1,core/src/result.rs:1014,True
std::sync::TryLockResult::is_err,std::sync::TryLockResult::is_err,std::sync,inherent_method,stable,1,core/src/result.rs:646,True
std::sync::TryLockResult::is_err_and,std::sync::TryLockResult::is_err_and,std::sync,inherent_method,stable,1,core/src/result.rs:674,True
std::sync::TryLockResult::is_ok,std::sync::TryLockResult::is_ok,std::sync,inherent_method,stable,1,core/src/result.rs:593,True
std::sync::TryLockResult::is_ok_and,std::sync::TryLockResult::is_ok_and,std::sync,inherent_method,stable,1,core/src/result.rs:619,True
std::sync::TryLockResult::iter,std::sync::TryLockResult::iter,std::sync,inherent_method,stable,1,core/src/result.rs:1099,True
std::sync::TryLockResult::iter_mut,std::sync::TryLockResult::iter_mut,std::sync,inherent_method,stable,1,core/src/result.rs:1123,True
std::sync::TryLockResult::map,std::sync::TryLockResult::map,std::sync,inherent_method,stable,1,core/src/result.rs:831,True
std::sync::TryLockResult::map_err,std::sync::TryLockResult::map_err,std::sync,inherent_method,stable,1,core/src/result.rs:960,True
std::sync::TryLockResult::map_or,std::sync::TryLockResult::map_or,std::sync,inherent_method,stable,1,core/src/result.rs:863,True
std::sync::TryLockResult::map_or_default,std::sync::TryLockResult::map_or_default,std::sync,inherent_method,stable,1,core/src/result.rs:926,True
std::sync::TryLockResult::map_or_else,std::sync::TryLockResult::map_or_else,std::sync,inherent_method,stable,1,core/src/result.rs:897,True
std::sync::TryLockResult::ok,std::sync::TryLockResult::ok,std::sync,inherent_method,stable,1,core/src/result.rs:708,True
std::sync::TryLockResult::or,std::sync::TryLockResult::or,std::sync,inherent_method,stable,1,core/src/result.rs:1526,True
std::sync::TryLockResult::or_else,std::sync::TryLockResult::or_else,std::sync,inherent_method,stable,1,core/src/result.rs:1557,True
std::sync::TryLockResult::transpose,std::sync::TryLockResult::transpose,std::sync,inherent_method,stable,1,core/src/result.rs:1819,True
std::sync::TryLockResult::unwrap,std::sync::TryLockResult::unwrap,std::sync,inherent_method,stable,1,core/src/result.rs:1225,True
std::sync::TryLockResult::unwrap_err,std::sync::TryLockResult::unwrap_err,std::sync,inherent_method,stable,1,core/src/result.rs:1322,True
std::sync::TryLockResult::unwrap_err_unchecked,std::sync::TryLockResult::unwrap_err_unchecked,std::sync,inherent_method,stable,1,core/src/result.rs:1684,True
std::sync::TryLockResult::unwrap_or,std::sync::TryLockResult::unwrap_or,std::sync,inherent_method,stable,1,core/src/result.rs:1588,True
std::sync::TryLockResult::unwrap_or_default,std::sync::TryLockResult::unwrap_or_default,std::sync,inherent_method,stable,1,core/src/result.rs:1263,True
std::sync::TryLockResult::unwrap_or_else,std::sync::TryLockResult::unwrap_or_else,std::sync,inherent_method,stable,1,core/src/result.rs:1614,True
std::sync::TryLockResult::unwrap_unchecked,std::sync::TryLockResult::unwrap_unchecked,std::sync,inherent_method,stable,1,core/src/result.rs:1648,True
std::sync::WaitTimeoutResult::timed_out,std::sync::WaitTimeoutResult::timed_out,std::sync,inherent_method,stable,1,std/src/sync/mod.rs:312,False
std::sync::mpsc::Receiver::iter,std::sync::mpsc::Receiver::iter,std::sync::mpsc,inherent_method,stable,1,std/src/sync/mpsc.rs:1038,False
std::sync::mpsc::Receiver::recv,std::sync::mpsc::Receiver::recv,std::sync::mpsc,inherent_method,stable,1,std/src/sync/mpsc.rs:889,False
std::sync::mpsc::Receiver::recv_timeout,std::sync::mpsc::Receiver::recv_timeout,std::sync::mpsc,inherent_method,stable,1,std/src/sync/mpsc.rs:949,False
std::sync::mpsc::Receiver::try_iter,std::sync::mpsc::Receiver::try_iter,std::sync::mpsc,inherent_method,stable,1,std/src/sync/mpsc.rs:1079,False
std::sync::mpsc::Receiver::try_recv,std::sync::mpsc::Receiver::try_recv,std::sync::mpsc,inherent_method,stable,1,std/src/sync/mpsc.rs:830,False
std::sync::mpsc::Sender::send,std::sync::mpsc::Sender::send,std::sync::mpsc,inherent_method,stable,1,std/src/sync/mpsc.rs:617,False
std::sync::mpsc::SyncSender::send,std::sync::mpsc::SyncSender::send,std::sync::mpsc,inherent_method,stable,1,std/src/sync/mpsc.rs:709,False
std::sync::mpsc::SyncSender::try_send,std::sync::mpsc::SyncSender::try_send,std::sync::mpsc,inherent_method,stable,1,std/src/sync/mpsc.rs:767,False
std::sync::mpsc::channel,std::sync::mpsc::channel,std::sync::mpsc,free_function,stable,1,std/src/sync/mpsc.rs:526,False
std::sync::mpsc::sync_channel,std::sync::mpsc::sync_channel,std::sync::mpsc,free_function,stable,1,std/src/sync/mpsc.rs:576,False
std::thread::Builder::name,std::thread::Builder::name,std::thread,inherent_method,stable,1,std/src/thread/builder.rs:107,False
std::thread::Builder::new,std::thread::Builder::new,std::thread,inherent_method,stable,1,std/src/thread/builder.rs:78,False
std::thread::Builder::spawn,std::thread::Builder::spawn,std::thread,inherent_method,stable,1,std/src/thread/builder.rs:185,False
std::thread::Builder::spawn_scoped,std::thread::Builder::spawn_scoped,std::thread,inherent_method,stable,1,std/src/thread/scoped.rs:256,False
std::thread::Builder::spawn_unchecked,std::thread::Builder::spawn_unchecked,std::thread,inherent_method,stable,1,std/src/thread/builder.rs:254,False
std::thread::Builder::stack_size,std::thread::Builder::stack_size,std::thread,inherent_method,stable,1,std/src/thread/builder.rs:130,False
std::thread::JoinHandle::is_finished,std::thread::JoinHandle::is_finished,std::thread,inherent_method,stable,1,std/src/thread/join_handle.rs:164,False
std::thread::JoinHandle::join,std::thread::JoinHandle::join,std::thread,inherent_method,stable,1,std/src/thread/join_handle.rs:149,False
std::thread::JoinHandle::thread,std::thread::JoinHandle::thread,std::thread,inherent_method,stable,1,std/src/thread/join_handle.rs:97,False
std::thread::LocalKey::get,std::thread::LocalKey::get,std::thread,inherent_method,stable,1,std/src/thread/local.rs:556,False
std::thread::LocalKey::replace,std::thread::LocalKey::replace,std::thread,inherent_method,stable,2,std/src/thread/local.rs:617;std/src/thread/local.rs:819,False
std::thread::LocalKey::set,std::thread::LocalKey::set,std::thread,inherent_method,stable,2,std/src/thread/local.rs:523;std/src/thread/local.rs:746,False
std::thread::LocalKey::take,std::thread::LocalKey::take,std::thread,inherent_method,stable,2,std/src/thread/local.rs:586;std/src/thread/local.rs:787,False
std::thread::LocalKey::try_with,std::thread::LocalKey::try_with,std::thread,inherent_method,stable,1,std/src/thread/local.rs:458,False
std::thread::LocalKey::update,std::thread::LocalKey::update,std::thread,inherent_method,stable,1,std/src/thread/local.rs:644,False
std::thread::LocalKey::with,std::thread::LocalKey::with,std::thread,inherent_method,stable,1,std/src/thread/local.rs:423,False
std::thread::LocalKey::with_borrow,std::thread::LocalKey::with_borrow,std::thread,inherent_method,stable,1,std/src/thread/local.rs:677,False
std::thread::LocalKey::with_borrow_mut,std::thread::LocalKey::with_borrow_mut,std::thread,inherent_method,stable,1,std/src/thread/local.rs:710,False
std::thread::Result::and,std::thread::Result::and,std::thread,inherent_method,stable,1,core/src/result.rs:1440,True
std::thread::Result::and_then,std::thread::Result::and_then,std::thread,inherent_method,stable,1,core/src/result.rs:1486,True
std::thread::Result::as_deref,std::thread::Result::as_deref,std::thread,inherent_method,stable,1,core/src/result.rs:1044,True
std::thread::Result::as_deref_mut,std::thread::Result::as_deref_mut,std::thread,inherent_method,stable,1,core/src/result.rs:1072,True
std::thread::Result::as_mut,std::thread::Result::as_mut,std::thread,inherent_method,stable,1,core/src/result.rs:798,True
std::thread::Result::as_ref,std::thread::Result::as_ref,std::thread,inherent_method,stable,1,core/src/result.rs:768,True
std::thread::Result::cloned,std::thread::Result::cloned,std::thread,inherent_method,stable,2,core/src/result.rs:1740;core/src/result.rs:1791,True
std::thread::Result::copied,std::thread::Result::copied,std::thread,inherent_method,stable,2,core/src/result.rs:1714;core/src/result.rs:1765,True
std::thread::Result::err,std::thread::Result::err,std::thread,inherent_method,stable,1,core/src/result.rs:736,True
std::thread::Result::expect,std::thread::Result::expect,std::thread,inherent_method,stable,1,core/src/result.rs:1177,True
std::thread::Result::expect_err,std::thread::Result::expect_err,std::thread,inherent_method,stable,1,core/src/result.rs:1291,True
std::thread::Result::flatten,std::thread::Result::flatten,std::thread,inherent_method,stable,1,core/src/result.rs:1855,True
std::thread::Result::inspect,std::thread::Result::inspect,std::thread,inherent_method,stable,1,core/src/result.rs:986,True
std::thread::Result::inspect_err,std::thread::Result::inspect_err,std::thread,inherent_method,stable,1,core/src/result.rs:1014,True
std::thread::Result::is_err,std::thread::Result::is_err,std::thread,inherent_method,stable,1,core/src/result.rs:646,True
std::thread::Result::is_err_and,std::thread::Result::is_err_and,std::thread,inherent_method,stable,1,core/src/result.rs:674,True
std::thread::Result::is_ok,std::thread::Result::is_ok,std::thread,inherent_method,stable,1,core/src/result.rs:593,True
std::thread::Result::is_ok_and,std::thread::Result::is_ok_and,std::thread,inherent_method,stable,1,core/src/result.rs:619,True
std::thread::Result::iter,std::thread::Result::iter,std::thread,inherent_method,stable,1,core/src/result.rs:1099,True
std::thread::Result::iter_mut,std::thread::Result::iter_mut,std::thread,inherent_method,stable,1,core/src/result.rs:1123,True
std::thread::Result::map,std::thread::Result::map,std::thread,inherent_method,stable,1,core/src/result.rs:831,True
std::thread::Result::map_err,std::thread::Result::map_err,std::thread,inherent_method,stable,1,core/src/result.rs:960,True
std::thread::Result::map_or,std::thread::Result::map_or,std::thread,inherent_method,stable,1,core/src/result.rs:863,True
std::thread::Result::map_or_default,std::thread::Result::map_or_default,std::thread,inherent_method,stable,1,core/src/result.rs:926,True
std::thread::Result::map_or_else,std::thread::Result::map_or_else,std::thread,inherent_method,stable,1,core/src/result.rs:897,True
std::thread::Result::ok,std::thread::Result::ok,std::thread,inherent_method,stable,1,core/src/result.rs:708,True
std::thread::Result::or,std::thread::Result::or,std::thread,inherent_method,stable,1,core/src/result.rs:1526,True
std::thread::Result::or_else,std::thread::Result::or_else,std::thread,inherent_method,stable,1,core/src/result.rs:1557,True
std::thread::Result::transpose,std::thread::Result::transpose,std::thread,inherent_method,stable,1,core/src/result.rs:1819,True
std::thread::Result::unwrap,std::thread::Result::unwrap,std::thread,inherent_method,stable,1,core/src/result.rs:1225,True
std::thread::Result::unwrap_err,std::thread::Result::unwrap_err,std::thread,inherent_method,stable,1,core/src/result.rs:1322,True
std::thread::Result::unwrap_err_unchecked,std::thread::Result::unwrap_err_unchecked,std::thread,inherent_method,stable,1,core/src/result.rs:1684,True
std::thread::Result::unwrap_or,std::thread::Result::unwrap_or,std::thread,inherent_method,stable,1,core/src/result.rs:1588,True
std::thread::Result::unwrap_or_default,std::thread::Result::unwrap_or_default,std::thread,inherent_method,stable,1,core/src/result.rs:1263,True
std::thread::Result::unwrap_or_else,std::thread::Result::unwrap_or_else,std::thread,inherent_method,stable,1,core/src/result.rs:1614,True
std::thread::Result::unwrap_unchecked,std::thread::Result::unwrap_unchecked,std::thread,inherent_method,stable,1,core/src/result.rs:1648,True
std::thread::Scope::spawn,std::thread::Scope::spawn,std::thread,inherent_method,stable,1,std/src/thread/scoped.rs:201,False
std::thread::ScopedJoinHandle::is_finished,std::thread::ScopedJoinHandle::is_finished,std::thread,inherent_method,stable,1,std/src/thread/scoped.rs:337,False
std::thread::ScopedJoinHandle::join,std::thread::ScopedJoinHandle::join,std::thread,inherent_method,stable,1,std/src/thread/scoped.rs:322,False
std::thread::ScopedJoinHandle::thread,std::thread::ScopedJoinHandle::thread,std::thread,inherent_method,stable,1,std/src/thread/scoped.rs:289,False
std::thread::Thread::id,std::thread::Thread::id,std::thread,inherent_method,stable,1,std/src/thread/thread.rs:203,False
std::thread::Thread::name,std::thread::Thread::name,std::thread,inherent_method,stable,1,std/src/thread/thread.rs:246,False
std::thread::Thread::unpark,std::thread::Thread::unpark,std::thread,inherent_method,stable,1,std/src/thread/thread.rs:183,False
std::thread::available_parallelism,std::thread::available_parallelism,std::thread,free_function,stable,1,std/src/thread/functions.rs:694,False
std::thread::current,std::thread::current,std::thread,free_function,stable,1,std/src/thread/current.rs:276,False
std::thread::panicking,std::thread::panicking,std::thread,free_function,stable,1,std/src/thread/functions.rs:220,False
std::thread::park,std::thread::park,std::thread,free_function,stable,1,std/src/thread/functions.rs:529,False
std::thread::park_timeout,std::thread::park_timeout,std::thread,free_function,stable,1,std/src/thread/functions.rs:596,False
std::thread::park_timeout_ms,std::thread::park_timeout_ms,std::thread,free_function,stable,1,std/src/thread/functions.rs:553,False
std::thread::scope,std::thread::scope,std::thread,free_function,stable,1,std/src/thread/scoped.rs:141,False
std::thread::sleep,std::thread::sleep,std::thread,free_function,stable,1,std/src/thread/functions.rs:292,False
std::thread::sleep_ms,std::thread::sleep_ms,std::thread,free_function,stable,1,std/src/thread/functions.rs:250,False
std::thread::spawn,std::thread::spawn,std::thread,free_function,stable,1,std/src/thread/functions.rs:125,False
std::thread::yield_now,std::thread::yield_now,std::thread,free_function,stable,1,std/src/thread/functions.rs:167,False
std::time::Instant::checked_add,std::time::Instant::checked_add,std::time,inherent_method,stable,1,std/src/time.rs:396,False
std::time::Instant::checked_duration_since,std::time::Instant::checked_duration_since,std::time,inherent_method,stable,1,std/src/time.rs:340,False
std::time::Instant::checked_sub,std::time::Instant::checked_sub,std::time,inherent_method,stable,1,std/src/time.rs:404,False
std::time::Instant::duration_since,std::time::Instant::duration_since,std::time,inherent_method,stable,1,std/src/time.rs:314,False
std::time::Instant::elapsed,std::time::Instant::elapsed,std::time,inherent_method,stable,1,std/src/time.rs:388,False
std::time::Instant::now,std::time::Instant::now,std::time,inherent_method,stable,1,std/src/time.rs:285,False
std::time::Instant::saturating_duration_since,std::time::Instant::saturating_duration_since,std::time,inherent_method,stable,1,std/src/time.rs:361,False
std::time::SystemTime::checked_add,std::time::SystemTime::checked_add,std::time,inherent_method,stable,1,std/src/time.rs:671,False
std::time::SystemTime::checked_sub,std::time::SystemTime::checked_sub,std::time,inherent_method,stable,1,std/src/time.rs:682,False
std::time::SystemTime::duration_since,std::time::SystemTime::duration_since,std::time,inherent_method,stable,1,std/src/time.rs:630,False
std::time::SystemTime::elapsed,std::time::SystemTime::elapsed,std::time,inherent_method,stable,1,std/src/time.rs:660,False
std::time::SystemTime::now,std::time::SystemTime::now,std::time,inherent_method,stable,1,std/src/time.rs:601,False
std::time::SystemTimeError::duration,std::time::SystemTimeError::duration,std::time,inherent_method,stable,1,std/src/time.rs:836,False
