module,path,file,line,syntax,parser,scope
alloc::alloc,alloc::alloc::AllocError,src/kernel/src/mm/kheap.rs,20,import,rust,production
alloc::alloc,alloc::alloc::GlobalAlloc,src/kernel/src/mm/kheap.rs,20,import,rust,production
alloc::alloc,alloc::alloc::Layout,src/kernel/src/mm/kheap.rs,20,import,rust,production
alloc::alloc,alloc::alloc::alloc,src/libs/libc_stdlib/src/block_header.rs,8,import,rust,production
alloc::alloc,alloc::alloc::dealloc,src/libs/libc_stdlib/src/block_header.rs,8,import,rust,production
alloc::alloc,alloc::alloc::Layout,src/libs/sysalloc/src/allocator.rs,16,import,rust,production
alloc::alloc,alloc::alloc::alloc,src/libs/syscall/src/safe/mem/stack.rs,8,import,rust,production
alloc::alloc,alloc::alloc::dealloc,src/libs/syscall/src/safe/mem/stack.rs,8,import,rust,production
alloc::alloc,alloc::alloc::Layout,src/tests/integration/test-rust-kernel/src/detach.rs,18,import,rust,test_or_benchmark
alloc::alloc,alloc::alloc::Layout::from_size_align,src/tests/integration/test-rust-kernel/src/detach.rs,63,qualified_path,rust,test_or_benchmark
alloc::alloc,alloc::alloc::alloc,src/tests/integration/test-rust-kernel/src/detach.rs,65,qualified_path,rust,test_or_benchmark
alloc::alloc,alloc::alloc::dealloc,src/tests/integration/test-rust-kernel/src/detach.rs,120,qualified_path,rust,test_or_benchmark
alloc::alloc,alloc::alloc::Layout,src/tests/integration/test-rust-kernel/src/duplicate.rs,17,import,verus,test_or_benchmark
alloc::alloc,alloc::alloc::Layout::from_size_align,src/tests/integration/test-rust-kernel/src/duplicate.rs,197,qualified_path,verus,test_or_benchmark
alloc::alloc,alloc::alloc::alloc,src/tests/integration/test-rust-kernel/src/duplicate.rs,200,qualified_path,verus,test_or_benchmark
alloc::alloc,alloc::alloc::dealloc,src/tests/integration/test-rust-kernel/src/duplicate.rs,292,qualified_path,verus,test_or_benchmark
alloc::alloc,alloc::alloc::Layout::from_size_align,src/tests/integration/test-rust-kernel/src/duplicate.rs,332,qualified_path,verus,test_or_benchmark
alloc::alloc,alloc::alloc::alloc,src/tests/integration/test-rust-kernel/src/duplicate.rs,335,qualified_path,verus,test_or_benchmark
alloc::alloc,alloc::alloc::alloc,src/tests/integration/test-rust-kernel/src/duplicate.rs,340,qualified_path,verus,test_or_benchmark
alloc::alloc,alloc::alloc::dealloc,src/tests/integration/test-rust-kernel/src/duplicate.rs,343,qualified_path,verus,test_or_benchmark
alloc::alloc,alloc::alloc::dealloc,src/tests/integration/test-rust-kernel/src/duplicate.rs,462,qualified_path,verus,test_or_benchmark
alloc::alloc,alloc::alloc::dealloc,src/tests/integration/test-rust-kernel/src/duplicate.rs,463,qualified_path,verus,test_or_benchmark
alloc::alloc,alloc::alloc::Layout::from_size_align,src/tests/integration/test-rust-kernel/src/duplicate.rs,653,qualified_path,verus,test_or_benchmark
alloc::alloc,alloc::alloc::alloc,src/tests/integration/test-rust-kernel/src/duplicate.rs,656,qualified_path,verus,test_or_benchmark
alloc::alloc,alloc::alloc::dealloc,src/tests/integration/test-rust-kernel/src/duplicate.rs,769,qualified_path,verus,test_or_benchmark
alloc::alloc,alloc::alloc::Layout,src/tests/integration/test-rust-kernel/src/getppid.rs,19,import,rust,test_or_benchmark
alloc::alloc,alloc::alloc::Layout::from_size_align,src/tests/integration/test-rust-kernel/src/getppid.rs,161,qualified_path,rust,test_or_benchmark
alloc::alloc,alloc::alloc::alloc,src/tests/integration/test-rust-kernel/src/getppid.rs,164,qualified_path,rust,test_or_benchmark
alloc::alloc,alloc::alloc::dealloc,src/tests/integration/test-rust-kernel/src/getppid.rs,192,qualified_path,rust,test_or_benchmark
alloc::alloc,alloc::alloc::dealloc,src/tests/integration/test-rust-kernel/src/getppid.rs,227,qualified_path,rust,test_or_benchmark
alloc::alloc,alloc::alloc::Layout,src/tests/integration/test-rust-kernel/src/rendezvous.rs,8,import,verus,test_or_benchmark
alloc::alloc,alloc::alloc::Layout::from_size_align,src/tests/integration/test-rust-kernel/src/rendezvous.rs,80,qualified_path,verus,test_or_benchmark
alloc::alloc,alloc::alloc::alloc,src/tests/integration/test-rust-kernel/src/rendezvous.rs,83,qualified_path,verus,test_or_benchmark
alloc::alloc,alloc::alloc::dealloc,src/tests/integration/test-rust-kernel/src/rendezvous.rs,108,qualified_path,verus,test_or_benchmark
alloc::alloc,alloc::alloc::Layout::from_size_align,src/tests/integration/test-rust-kernel/src/rendezvous.rs,577,qualified_path,verus,test_or_benchmark
alloc::alloc,alloc::alloc::alloc,src/tests/integration/test-rust-kernel/src/rendezvous.rs,582,qualified_path,verus,test_or_benchmark
alloc::alloc,alloc::alloc::dealloc,src/tests/integration/test-rust-kernel/src/rendezvous.rs,599,qualified_path,verus,test_or_benchmark
alloc::alloc,alloc::alloc::Layout::from_size_align,src/tests/integration/test-rust-kernel/src/rendezvous.rs,624,qualified_path,verus,test_or_benchmark
alloc::alloc,alloc::alloc::alloc_zeroed,src/tests/integration/test-rust-kernel/src/rendezvous.rs,627,qualified_path,verus,test_or_benchmark
alloc::alloc,alloc::alloc::dealloc,src/tests/integration/test-rust-kernel/src/rendezvous.rs,646,qualified_path,verus,test_or_benchmark
alloc::alloc,alloc::alloc::dealloc,src/tests/integration/test-rust-kernel/src/rendezvous.rs,655,qualified_path,verus,test_or_benchmark
alloc::alloc,alloc::alloc::dealloc,src/tests/integration/test-rust-kernel/src/rendezvous.rs,662,qualified_path,verus,test_or_benchmark
alloc::alloc,alloc::alloc::Layout::from_size_align,src/tests/integration/test-rust-kernel/src/rendezvous.rs,1010,qualified_path,verus,test_or_benchmark
alloc::alloc,alloc::alloc::alloc,src/tests/integration/test-rust-kernel/src/rendezvous.rs,1015,qualified_path,verus,test_or_benchmark
alloc::alloc,alloc::alloc::dealloc,src/tests/integration/test-rust-kernel/src/rendezvous.rs,1031,qualified_path,verus,test_or_benchmark
alloc::alloc,alloc::alloc::Layout::from_size_align_unchecked,src/tests/integration/test-rust-kernel/src/rendezvous.rs,1059,qualified_path,verus,test_or_benchmark
alloc::alloc,alloc::alloc::Layout::from_size_align,src/tests/integration/test-rust-kernel/src/rendezvous.rs,1089,qualified_path,verus,test_or_benchmark
alloc::alloc,alloc::alloc::alloc_zeroed,src/tests/integration/test-rust-kernel/src/rendezvous.rs,1092,qualified_path,verus,test_or_benchmark
alloc::alloc,alloc::alloc::dealloc,src/tests/integration/test-rust-kernel/src/rendezvous.rs,1109,qualified_path,verus,test_or_benchmark
alloc::alloc,alloc::alloc::dealloc,src/tests/integration/test-rust-kernel/src/rendezvous.rs,1120,qualified_path,verus,test_or_benchmark
alloc::alloc,alloc::alloc::dealloc,src/tests/integration/test-rust-kernel/src/rendezvous.rs,1124,qualified_path,verus,test_or_benchmark
alloc::alloc,alloc::alloc::Layout::from_size_align,src/tests/integration/test-rust-kernel/src/rendezvous.rs,1160,qualified_path,verus,test_or_benchmark
alloc::alloc,alloc::alloc::alloc_zeroed,src/tests/integration/test-rust-kernel/src/rendezvous.rs,1165,qualified_path,verus,test_or_benchmark
alloc::alloc,alloc::alloc::dealloc,src/tests/integration/test-rust-kernel/src/rendezvous.rs,1175,qualified_path,verus,test_or_benchmark
alloc::alloc,alloc::alloc::dealloc,src/tests/integration/test-rust-kernel/src/rendezvous.rs,1183,qualified_path,verus,test_or_benchmark
alloc::alloc,alloc::alloc::Layout::from_size_align_unchecked,src/tests/integration/test-rust-kernel/src/rendezvous.rs,1216,qualified_path,verus,test_or_benchmark
alloc::alloc,alloc::alloc::Layout::from_size_align,src/tests/integration/test-rust-kernel/src/rendezvous.rs,1252,qualified_path,verus,test_or_benchmark
alloc::alloc,alloc::alloc::alloc,src/tests/integration/test-rust-kernel/src/rendezvous.rs,1255,qualified_path,verus,test_or_benchmark
alloc::alloc,alloc::alloc::dealloc,src/tests/integration/test-rust-kernel/src/rendezvous.rs,1269,qualified_path,verus,test_or_benchmark
alloc::alloc,alloc::alloc::Layout::from_size_align,src/tests/integration/test-rust-kernel/src/rendezvous.rs,1392,qualified_path,verus,test_or_benchmark
alloc::alloc,alloc::alloc::alloc,src/tests/integration/test-rust-kernel/src/rendezvous.rs,1397,qualified_path,verus,test_or_benchmark
alloc::alloc,alloc::alloc::dealloc,src/tests/integration/test-rust-kernel/src/rendezvous.rs,1410,qualified_path,verus,test_or_benchmark
alloc::alloc,alloc::alloc::Layout::from_size_align,src/tests/integration/test-rust-kernel/src/rendezvous.rs,1414,qualified_path,verus,test_or_benchmark
alloc::alloc,alloc::alloc::alloc_zeroed,src/tests/integration/test-rust-kernel/src/rendezvous.rs,1419,qualified_path,verus,test_or_benchmark
alloc::alloc,alloc::alloc::dealloc,src/tests/integration/test-rust-kernel/src/rendezvous.rs,1430,qualified_path,verus,test_or_benchmark
alloc::alloc,alloc::alloc::Layout::from_size_align_unchecked,src/tests/integration/test-rust-kernel/src/rendezvous.rs,1459,qualified_path,verus,test_or_benchmark
alloc::alloc,alloc::alloc::Layout::from_size_align,src/tests/integration/test-rust-kernel/src/rendezvous.rs,1525,qualified_path,verus,test_or_benchmark
alloc::alloc,alloc::alloc::alloc,src/tests/integration/test-rust-kernel/src/rendezvous.rs,1530,qualified_path,verus,test_or_benchmark
alloc::alloc,alloc::alloc::dealloc,src/tests/integration/test-rust-kernel/src/rendezvous.rs,1543,qualified_path,verus,test_or_benchmark
alloc::alloc,alloc::alloc::dealloc,src/tests/integration/test-rust-kernel/src/rendezvous.rs,1549,qualified_path,verus,test_or_benchmark
alloc::alloc,alloc::alloc::Layout::from_size_align,src/tests/integration/test-rust-kernel/src/rendezvous.rs,1575,qualified_path,verus,test_or_benchmark
alloc::alloc,alloc::alloc::alloc_zeroed,src/tests/integration/test-rust-kernel/src/rendezvous.rs,1578,qualified_path,verus,test_or_benchmark
alloc::alloc,alloc::alloc::dealloc,src/tests/integration/test-rust-kernel/src/rendezvous.rs,1602,qualified_path,verus,test_or_benchmark
alloc::alloc,alloc::alloc::dealloc,src/tests/integration/test-rust-kernel/src/rendezvous.rs,1615,qualified_path,verus,test_or_benchmark
alloc::alloc,alloc::alloc::dealloc,src/tests/integration/test-rust-kernel/src/rendezvous.rs,1623,qualified_path,verus,test_or_benchmark
alloc::alloc,alloc::alloc::Layout::from_size_align,src/tests/integration/test-rust-kernel/src/rendezvous.rs,1652,qualified_path,verus,test_or_benchmark
alloc::alloc,alloc::alloc::alloc,src/tests/integration/test-rust-kernel/src/rendezvous.rs,1659,qualified_path,verus,test_or_benchmark
alloc::alloc,alloc::alloc::dealloc,src/tests/integration/test-rust-kernel/src/rendezvous.rs,1668,qualified_path,verus,test_or_benchmark
alloc::alloc,alloc::alloc::dealloc,src/tests/integration/test-rust-kernel/src/rendezvous.rs,1680,qualified_path,verus,test_or_benchmark
alloc::alloc,alloc::alloc::dealloc,src/tests/integration/test-rust-kernel/src/rendezvous.rs,1697,qualified_path,verus,test_or_benchmark
alloc::alloc,alloc::alloc::Layout::from_size_align,src/tests/integration/test-rust-kernel/src/rendezvous.rs,1726,qualified_path,verus,test_or_benchmark
alloc::alloc,alloc::alloc::alloc_zeroed,src/tests/integration/test-rust-kernel/src/rendezvous.rs,1729,qualified_path,verus,test_or_benchmark
alloc::alloc,alloc::alloc::dealloc,src/tests/integration/test-rust-kernel/src/rendezvous.rs,1746,qualified_path,verus,test_or_benchmark
alloc::alloc,alloc::alloc::dealloc,src/tests/integration/test-rust-kernel/src/rendezvous.rs,1754,qualified_path,verus,test_or_benchmark
alloc::alloc,alloc::alloc::dealloc,src/tests/integration/test-rust-kernel/src/rendezvous.rs,1768,qualified_path,verus,test_or_benchmark
alloc::alloc,alloc::alloc::Layout::from_size_align,src/tests/integration/test-rust-kernel/src/rendezvous.rs,1866,qualified_path,verus,test_or_benchmark
alloc::alloc,alloc::alloc::alloc,src/tests/integration/test-rust-kernel/src/rendezvous.rs,1871,qualified_path,verus,test_or_benchmark
alloc::alloc,alloc::alloc::dealloc,src/tests/integration/test-rust-kernel/src/rendezvous.rs,1882,qualified_path,verus,test_or_benchmark
alloc::alloc,alloc::alloc::Layout::from_size_align,src/tests/integration/test-rust-kernel/src/rendezvous.rs,1911,qualified_path,verus,test_or_benchmark
alloc::alloc,alloc::alloc::alloc_zeroed,src/tests/integration/test-rust-kernel/src/rendezvous.rs,1914,qualified_path,verus,test_or_benchmark
alloc::alloc,alloc::alloc::dealloc,src/tests/integration/test-rust-kernel/src/rendezvous.rs,1931,qualified_path,verus,test_or_benchmark
alloc::alloc,alloc::alloc::dealloc,src/tests/integration/test-rust-kernel/src/rendezvous.rs,1939,qualified_path,verus,test_or_benchmark
alloc::alloc,alloc::alloc::dealloc,src/tests/integration/test-rust-kernel/src/rendezvous.rs,1946,qualified_path,verus,test_or_benchmark
alloc::alloc,alloc::alloc::Layout::from_size_align,src/tests/integration/test-rust-kernel/src/rendezvous.rs,2116,qualified_path,verus,test_or_benchmark
alloc::alloc,alloc::alloc::alloc,src/tests/integration/test-rust-kernel/src/rendezvous.rs,2124,qualified_path,verus,test_or_benchmark
alloc::alloc,alloc::alloc::dealloc,src/tests/integration/test-rust-kernel/src/rendezvous.rs,2137,qualified_path,verus,test_or_benchmark
alloc::alloc,alloc::alloc::dealloc,src/tests/integration/test-rust-kernel/src/rendezvous.rs,2142,qualified_path,verus,test_or_benchmark
alloc::alloc,alloc::alloc::alloc_zeroed,src/tests/integration/test-rust-kernel/src/rendezvous.rs,2147,qualified_path,verus,test_or_benchmark
alloc::alloc,alloc::alloc::dealloc,src/tests/integration/test-rust-kernel/src/rendezvous.rs,2162,qualified_path,verus,test_or_benchmark
alloc::alloc,alloc::alloc::dealloc,src/tests/integration/test-rust-kernel/src/rendezvous.rs,2170,qualified_path,verus,test_or_benchmark
alloc::alloc,alloc::alloc::dealloc,src/tests/integration/test-rust-kernel/src/rendezvous.rs,2175,qualified_path,verus,test_or_benchmark
alloc::alloc,alloc::alloc::Layout::from_size_align_unchecked,src/tests/integration/test-rust-kernel/src/rendezvous.rs,2211,qualified_path,verus,test_or_benchmark
alloc::alloc,alloc::alloc::Layout::from_size_align_unchecked,src/tests/integration/test-rust-kernel/src/rendezvous.rs,2410,qualified_path,verus,test_or_benchmark
alloc::alloc,alloc::alloc::alloc,src/tests/integration/test-rust-kernel/src/tls.rs,470,qualified_path,rust,test_or_benchmark
alloc::alloc,alloc::alloc::dealloc,src/tests/integration/test-rust-kernel/src/tls.rs,491,qualified_path,rust,test_or_benchmark
alloc::borrow,alloc::borrow::Cow,src/libs/syscall/src/fcntl/syscall/openat.rs,40,qualified_path,rust,production
alloc::borrow,alloc::borrow::Cow,src/libs/syscall/src/fcntl/syscall/renameat.rs,60,qualified_path,rust,production
alloc::borrow,alloc::borrow::Cow,src/libs/syscall/src/fcntl/syscall/renameat.rs,61,qualified_path,rust,production
alloc::borrow,alloc::borrow::Cow,src/libs/syscall/src/fcntl/syscall/unlinkat.rs,49,qualified_path,rust,production
alloc::borrow,alloc::borrow::Cow,src/libs/syscall/src/path.rs,8,import,rust,production
alloc::borrow,alloc::borrow::Cow::Owned,src/libs/syscall/src/path.rs,38,qualified_path,rust,production
alloc::borrow,alloc::borrow::Cow::Owned,src/libs/syscall/src/path.rs,41,qualified_path,rust,production
alloc::borrow,alloc::borrow::Cow::Borrowed,src/libs/syscall/src/path.rs,43,qualified_path,rust,production
alloc::borrow,alloc::borrow::Cow,src/libs/syscall/src/sys/stat/syscall/fchmodat.rs,50,qualified_path,rust,production
alloc::borrow,alloc::borrow::Cow,src/libs/syscall/src/sys/stat/syscall/fstatat.rs,44,qualified_path,rust,production
alloc::borrow,alloc::borrow::Cow,src/libs/syscall/src/sys/stat/syscall/mkdirat.rs,52,qualified_path,rust,production
alloc::borrow,alloc::borrow::Cow,src/libs/syscall/src/sys/stat/syscall/utimensat.rs,63,qualified_path,rust,production
alloc::borrow,alloc::borrow::Cow,src/libs/syscall/src/unistd/syscall/chdir.rs,45,qualified_path,rust,production
alloc::borrow,alloc::borrow::Cow,src/libs/syscall/src/unistd/syscall/faccessat.rs,54,qualified_path,rust,production
alloc::borrow,alloc::borrow::Cow,src/libs/syscall/src/unistd/syscall/fchownat.rs,68,qualified_path,rust,production
alloc::borrow,alloc::borrow::Cow,src/libs/syscall/src/unistd/syscall/linkat.rs,66,qualified_path,rust,production
alloc::borrow,alloc::borrow::Cow,src/libs/syscall/src/unistd/syscall/linkat.rs,67,qualified_path,rust,production
alloc::borrow,alloc::borrow::Cow,src/libs/syscall/src/unistd/syscall/readlinkat.rs,58,qualified_path,rust,production
alloc::borrow,alloc::borrow::Cow,src/libs/syscall/src/unistd/syscall/symlinkat.rs,54,qualified_path,rust,production
alloc::borrow,alloc::borrow::Cow,src/libs/syscall/src/unistd/syscall/symlinkat.rs,55,qualified_path,rust,production
alloc::boxed,alloc::boxed::Box,src/kernel/src/hal/arch/x86/mem/gdt.rs,9,import,rust,production
alloc::boxed,alloc::boxed::Box,src/kernel/src/hal/arch/x86_64/mem/gdt.rs,9,import,rust,production
alloc::boxed,alloc::boxed::Box,src/kernel/src/mm/mod.rs,49,import,rust,production
alloc::boxed,alloc::boxed::Box::try_new,src/kernel/src/mm/mod.rs,198,qualified_path,rust,production
alloc::boxed,alloc::boxed::Box,src/kernel/src/pm/process/manager/mod.rs,85,import,rust,production
alloc::boxed,alloc::boxed::Box,src/kernel/src/pm/process/state/interrupted.rs,22,import,rust,production
alloc::boxed,alloc::boxed::Box,src/kernel/src/pm/process/state/kill_test.rs,31,import,rust,production
alloc::boxed,alloc::boxed::Box::new,src/kernel/src/pm/process/state/kill_test.rs,77,qualified_path,rust,production
alloc::boxed,alloc::boxed::Box,src/kernel/src/pm/process/state/runnable.rs,33,import,rust,production
alloc::boxed,alloc::boxed::Box::new,src/kernel/src/pm/process/state/runnable.rs,73,qualified_path,rust,production
alloc::boxed,alloc::boxed::Box,src/kernel/src/pm/process/state/running.rs,32,import,verus,production
alloc::boxed,alloc::boxed::Box,src/kernel/src/pm/process/state/signal.rs,12,import,verus,production
alloc::boxed,alloc::boxed::Box::new,src/kernel/src/pm/process/state/signal.rs,504,qualified_path,verus,production
alloc::boxed,alloc::boxed::Box,src/kernel/src/pm/process/state/signal_test.rs,20,import,rust,production
alloc::boxed,alloc::boxed::Box::new,src/kernel/src/pm/process/state/signal_test.rs,55,qualified_path,rust,production
alloc::boxed,alloc::boxed::Box,src/kernel/src/pm/process/state/sleeping.rs,24,import,rust,production
alloc::boxed,alloc::boxed::Box,src/kernel/src/pm/process/state/test_detach.rs,33,import,rust,production
alloc::boxed,alloc::boxed::Box::new,src/kernel/src/pm/process/state/test_detach.rs,156,qualified_path,rust,production
alloc::boxed,alloc::boxed::Box,src/kernel/src/pm/process/state/zombie.rs,16,import,rust,production
alloc::boxed,alloc::boxed::Box,src/kernel/src/pm/thread/interrupted.rs,15,import,rust,production
alloc::boxed,alloc::boxed::Box,src/kernel/src/pm/thread/ready.rs,28,import,rust,production
alloc::boxed,alloc::boxed::Box::new,src/kernel/src/pm/thread/ready.rs,85,qualified_path,rust,production
alloc::boxed,alloc::boxed::Box,src/kernel/src/pm/thread/running.rs,23,import,rust,production
alloc::boxed,alloc::boxed::Box,src/kernel/src/pm/thread/sleeping.rs,17,import,rust,production
alloc::boxed,alloc::boxed::Box,src/kernel/src/pm/thread/state.rs,25,import,rust,production
alloc::boxed,alloc::boxed::Box::pin,src/kernel/src/pm/thread/state.rs,145,qualified_path,rust,production
alloc::boxed,alloc::boxed::Box::pin,src/kernel/src/pm/thread/state.rs,152,qualified_path,rust,production
alloc::boxed,alloc::boxed::Box,src/kernel/src/pm/thread/zombie.rs,15,import,rust,production
alloc::boxed,alloc::boxed::Box,src/libs/libc_regex/src/ast.rs,8,import,rust,production
alloc::boxed,alloc::boxed::Box,src/libs/libc_regex/src/parser.rs,21,import,rust,production
alloc::boxed,alloc::boxed::Box::new,src/libs/libc_regex/src/parser.rs,107,qualified_path,rust,production
alloc::boxed,alloc::boxed::Box::new,src/libs/libc_regex/src/parser.rs,123,qualified_path,rust,production
alloc::boxed,alloc::boxed::Box::new,src/libs/libc_regex/src/parser.rs,129,qualified_path,rust,production
alloc::boxed,alloc::boxed::Box::new,src/libs/libc_regex/src/parser.rs,132,qualified_path,rust,production
alloc::boxed,alloc::boxed::Box::new,src/libs/libc_regex/src/parser.rs,155,qualified_path,rust,production
alloc::boxed,alloc::boxed::Box::new,src/libs/libc_regex/src/parser.rs,169,qualified_path,rust,production
alloc::boxed,alloc::boxed::Box::new,src/libs/libc_regex/src/parser.rs,181,qualified_path,rust,production
alloc::boxed,alloc::boxed::Box::new,src/libs/libc_regex/src/parser.rs,186,qualified_path,rust,production
alloc::boxed,alloc::boxed::Box::new,src/libs/libc_regex/src/parser.rs,194,qualified_path,rust,production
alloc::boxed,alloc::boxed::Box::new,src/libs/libc_regex/src/parser.rs,198,qualified_path,rust,production
alloc::boxed,alloc::boxed::Box::new,src/libs/libc_regex/src/parser.rs,206,qualified_path,rust,production
alloc::boxed,alloc::boxed::Box::new,src/libs/libc_regex/src/parser.rs,207,qualified_path,rust,production
alloc::boxed,alloc::boxed::Box::new,src/libs/libc_regex/src/parser.rs,208,qualified_path,rust,production
alloc::boxed,alloc::boxed::Box::new,src/libs/libc_regex/src/parser.rs,210,qualified_path,rust,production
alloc::boxed,alloc::boxed::Box::new,src/libs/libc_regex/src/parser.rs,214,qualified_path,rust,production
alloc::boxed,alloc::boxed::Box::new,src/libs/libc_regex/src/parser.rs,223,qualified_path,rust,production
alloc::boxed,alloc::boxed::Box::new,src/libs/libc_regex/src/parser.rs,248,qualified_path,rust,production
alloc::boxed,alloc::boxed::Box,src/libs/libc_regex/src/regcomp.rs,29,import,rust,production
alloc::boxed,alloc::boxed::Box::new,src/libs/libc_regex/src/regcomp.rs,88,qualified_path,rust,production
alloc::boxed,alloc::boxed::Box::into_raw,src/libs/libc_regex/src/regcomp.rs,91,qualified_path,rust,production
alloc::boxed,alloc::boxed::Box,src/libs/libc_regex/src/regfree.rs,12,import,rust,production
alloc::boxed,alloc::boxed::Box::from_raw,src/libs/libc_regex/src/regfree.rs,42,qualified_path,rust,production
alloc::boxed,alloc::boxed::Box::leak,src/libs/nanvix_libc/src/start.rs,176,qualified_path,rust,production
alloc::boxed,alloc::boxed::Box::leak,src/libs/nanvix_libc/src/start.rs,181,qualified_path,rust,production
alloc::boxed,alloc::boxed::Box,src/libs/syscall/src/dirent/bindings/closedir.rs,15,import,rust,production
alloc::boxed,alloc::boxed::Box::from_raw,src/libs/syscall/src/dirent/bindings/closedir.rs,64,qualified_path,rust,production
alloc::boxed,alloc::boxed::Box,src/libs/syscall/src/dirent/bindings/dirfd.rs,12,import,rust,production
alloc::boxed,alloc::boxed::Box::from_raw,src/libs/syscall/src/dirent/bindings/dirfd.rs,62,qualified_path,rust,production
alloc::boxed,alloc::boxed::Box,src/libs/syscall/src/dirent/bindings/opendir.rs,15,import,rust,production
alloc::boxed,alloc::boxed::Box::into_raw,src/libs/syscall/src/dirent/bindings/opendir.rs,74,qualified_path,rust,production
alloc::boxed,alloc::boxed::Box,src/libs/syscall/src/dirent/bindings/readdir.rs,12,import,rust,production
alloc::boxed,alloc::boxed::Box::from_raw,src/libs/syscall/src/dirent/bindings/readdir.rs,73,qualified_path,rust,production
alloc::boxed,alloc::boxed::Box,src/libs/syscall/src/dirent/syscall/closedir.rs,12,import,rust,production
alloc::boxed,alloc::boxed::Box,src/libs/syscall/src/dirent/syscall/opendir.rs,13,import,rust,production
alloc::boxed,alloc::boxed::Box::new,src/libs/syscall/src/dirent/syscall/opendir.rs,26,qualified_path,rust,production
alloc::boxed,alloc::boxed::Box,src/libs/syscall/src/dirent/syscall/readdir.rs,13,import,rust,production
alloc::boxed,alloc::boxed::Box,src/libs/syscall/src/pthread/syscall/rwlock.rs,8,import,rust,production
alloc::boxed,alloc::boxed::Box::into_raw,src/libs/syscall/src/pthread/syscall/rwlock.rs,85,qualified_path,rust,production
alloc::boxed,alloc::boxed::Box::new,src/libs/syscall/src/pthread/syscall/rwlock.rs,85,qualified_path,rust,production
alloc::boxed,alloc::boxed::Box::into_raw,src/libs/syscall/src/pthread/syscall/rwlock.rs,86,qualified_path,rust,production
alloc::boxed,alloc::boxed::Box::new,src/libs/syscall/src/pthread/syscall/rwlock.rs,86,qualified_path,rust,production
alloc::boxed,alloc::boxed::Box::into_raw,src/libs/syscall/src/pthread/syscall/rwlock.rs,87,qualified_path,rust,production
alloc::boxed,alloc::boxed::Box::new,src/libs/syscall/src/pthread/syscall/rwlock.rs,87,qualified_path,rust,production
alloc::boxed,alloc::boxed::Box::from_raw,src/libs/syscall/src/pthread/syscall/rwlock.rs,112,qualified_path,rust,production
alloc::boxed,alloc::boxed::Box::from_raw,src/libs/syscall/src/pthread/syscall/rwlock.rs,113,qualified_path,rust,production
alloc::boxed,alloc::boxed::Box::from_raw,src/libs/syscall/src/pthread/syscall/rwlock.rs,114,qualified_path,rust,production
alloc::boxed,alloc::boxed::Box,src/libs/vfs/src/state.rs,25,import,verus,production
alloc::boxed,alloc::boxed::Box::from_raw,src/libs/vfs/src/state.rs,123,qualified_path,verus,production
alloc::boxed,alloc::boxed::Box::into_raw,src/libs/vfs/src/state.rs,250,qualified_path,verus,production
alloc::boxed,alloc::boxed::Box::from_raw,src/libs/vfs/src/state.rs,367,qualified_path,verus,production
alloc::boxed,alloc::boxed::Box,src/tests/integration/test-rust-kernel/src/tls.rs,25,import,rust,test_or_benchmark
alloc::boxed,alloc::boxed::Box::new,src/tests/integration/test-rust-kernel/src/tls.rs,195,qualified_path,rust,test_or_benchmark
alloc::boxed,alloc::boxed::Box::new,src/tests/integration/test-rust-kernel/src/tls.rs,218,qualified_path,rust,test_or_benchmark
alloc::boxed,alloc::boxed::Box::new,src/tests/integration/test-rust-kernel/src/tls.rs,257,qualified_path,rust,test_or_benchmark
alloc::boxed,alloc::boxed::Box::new,src/tests/integration/test-rust-kernel/src/tls.rs,258,qualified_path,rust,test_or_benchmark
alloc::boxed,alloc::boxed::Box::new,src/tests/integration/test-rust-kernel/src/tls.rs,295,qualified_path,rust,test_or_benchmark
alloc::boxed,alloc::boxed::Box::new,src/tests/integration/test-rust-kernel/src/tls.rs,346,qualified_path,rust,test_or_benchmark
alloc::boxed,alloc::boxed::Box::new,src/tests/integration/test-rust-kernel/src/tls.rs,377,qualified_path,rust,test_or_benchmark
alloc::boxed,alloc::boxed::Box::new,src/tests/integration/test-rust-kernel/src/tls.rs,406,qualified_path,rust,test_or_benchmark
alloc::boxed,alloc::boxed::Box::new,src/tests/integration/test-rust-kernel/src/tls.rs,407,qualified_path,rust,test_or_benchmark
alloc::boxed,alloc::boxed::Box::new,src/tests/integration/test-rust-kernel/src/tls.rs,571,qualified_path,rust,test_or_benchmark
alloc::boxed,alloc::boxed::Box::new,src/tests/integration/test-rust-kernel/src/tls.rs,580,qualified_path,rust,test_or_benchmark
alloc::boxed,alloc::boxed::Box::new,src/tests/integration/test-rust-kernel/src/tls.rs,624,qualified_path,rust,test_or_benchmark
alloc::boxed,alloc::boxed::Box::new,src/tests/integration/test-rust-kernel/src/tls.rs,633,qualified_path,rust,test_or_benchmark
alloc::boxed,alloc::boxed::Box::new,src/tests/integration/test-rust-kernel/src/tls.rs,692,qualified_path,rust,test_or_benchmark
alloc::boxed,alloc::boxed::Box::new,src/tests/integration/test-rust-kernel/src/tls.rs,701,qualified_path,rust,test_or_benchmark
alloc::boxed,alloc::boxed::Box::leak,src/tests/integration/test-rust-vfs-test/src/main.rs,158,qualified_path,rust,test_or_benchmark
alloc::boxed,alloc::boxed::Box,src/tests/stress/test-rust-stress/src/tests/heap_max_capacity.rs,9,import,rust,test_or_benchmark
alloc::boxed,alloc::boxed::Box,src/tests/stress/test-rust-stress/src/tests/heap_reclaim.rs,9,import,rust,test_or_benchmark
alloc::boxed,alloc::boxed::Box::new,src/tests/stress/test-rust-stress/src/tests/heap_reclaim.rs,87,qualified_path,rust,test_or_benchmark
alloc::boxed,alloc::boxed::Box,src/tests/stress/test-rust-stress/src/tests/heap_shrink.rs,9,import,rust,test_or_benchmark
alloc::boxed,alloc::boxed::Box::new,src/tests/stress/test-rust-stress/src/tests/heap_shrink.rs,157,qualified_path,rust,test_or_benchmark
alloc::collections,alloc::collections::BTreeMap,src/benchmarks/snapshot-rust-nostd/src/main.rs,18,import,verus,test_or_benchmark
alloc::collections,alloc::collections::BTreeMap::new,src/benchmarks/snapshot-rust-nostd/src/main.rs,102,qualified_path,verus,test_or_benchmark
alloc::collections,alloc::collections::BTreeMap,src/daemons/vfsd/src/assembler.rs,54,import,rust,production
alloc::collections,alloc::collections::BTreeMap,src/daemons/vfsd/src/ipc.rs,55,import,verus,production
alloc::collections,alloc::collections::BTreeMap,src/daemons/vfsd/src/main.rs,50,import,rust,production
alloc::collections,alloc::collections::VecDeque,src/daemons/vfsd/src/main.rs,50,import,rust,production
alloc::collections,alloc::collections::VecDeque::new,src/daemons/vfsd/src/main.rs,76,qualified_path,rust,production
alloc::collections,alloc::collections::BTreeMap::new,src/daemons/vfsd/src/main.rs,121,qualified_path,rust,production
alloc::collections,alloc::collections::BTreeMap,src/daemons/vfsd/src/pending.rs,25,import,rust,production
alloc::collections,alloc::collections::BTreeMap::new,src/daemons/vfsd/src/pending.rs,192,qualified_path,rust,production
alloc::collections,alloc::collections::BTreeMap,src/daemons/vfsd/src/pipe_wait.rs,18,import,rust,production
alloc::collections,alloc::collections::VecDeque,src/daemons/vfsd/src/pipe_wait.rs,18,import,rust,production
alloc::collections,alloc::collections::BTreeMap::new,src/daemons/vfsd/src/pipe_wait.rs,76,qualified_path,rust,production
alloc::collections,alloc::collections::BTreeMap::new,src/daemons/vfsd/src/pipe_wait.rs,77,qualified_path,rust,production
alloc::collections,alloc::collections::LinkedList,src/kernel/src/event/manager.rs,29,import,rust,production
alloc::collections,alloc::collections::VecDeque,src/kernel/src/event/manager.rs,29,import,rust,production
alloc::collections,alloc::collections::LinkedList::default,src/kernel/src/event/manager.rs,1429,qualified_path,rust,production
alloc::collections,alloc::collections::LinkedList::default,src/kernel/src/event/manager.rs,1445,qualified_path,rust,production
alloc::collections,alloc::collections::LinkedList::default,src/kernel/src/event/manager.rs,1455,qualified_path,rust,production
alloc::collections,alloc::collections::VecDeque::new,src/kernel/src/event/manager.rs,1507,qualified_path,rust,production
alloc::collections,alloc::collections::LinkedList,src/kernel/src/event/manager/test.rs,17,import,rust,production
alloc::collections,alloc::collections::VecDeque,src/kernel/src/event/manager/test.rs,17,import,rust,production
alloc::collections,alloc::collections::VecDeque::new,src/kernel/src/event/manager/test.rs,80,qualified_path,rust,production
alloc::collections,alloc::collections::LinkedList::default,src/kernel/src/event/manager/test.rs,82,qualified_path,rust,production
alloc::collections,alloc::collections::LinkedList::default,src/kernel/src/event/manager/test.rs,84,qualified_path,rust,production
alloc::collections,alloc::collections::LinkedList::default,src/kernel/src/event/manager/test.rs,86,qualified_path,rust,production
alloc::collections,alloc::collections::LinkedList,src/kernel/src/hal/arch/x86/cpu/interrupt/mod.rs,50,import,rust,production
alloc::collections,alloc::collections::LinkedList,src/kernel/src/hal/arch/x86_64/cpu/interrupt/mod.rs,50,import,rust,production
alloc::collections,alloc::collections::VecDeque,src/kernel/src/hal/io/mmio/allocator.rs,18,import,rust,production
alloc::collections,alloc::collections::VecDeque::new,src/kernel/src/hal/io/mmio/allocator.rs,145,qualified_path,rust,production
alloc::collections,alloc::collections::LinkedList,src/kernel/src/hal/io/pmio/allocator.rs,16,import,rust,production
alloc::collections,alloc::collections::LinkedList::new,src/kernel/src/hal/io/pmio/allocator.rs,86,qualified_path,rust,production
alloc::collections,alloc::collections::LinkedList,src/kernel/src/hal/platform/bootinfo.rs,20,import,rust,production
alloc::collections,alloc::collections::LinkedList,src/kernel/src/hal/platform/madt.rs,14,import,rust,production
alloc::collections,alloc::collections::LinkedList::new,src/kernel/src/hal/platform/madt.rs,63,qualified_path,rust,production
alloc::collections,alloc::collections::LinkedList::new,src/kernel/src/hal/platform/madt.rs,161,qualified_path,rust,production
alloc::collections,alloc::collections::LinkedList,src/kernel/src/hal/platform/microvm/mod.rs,56,import,rust,production
alloc::collections,alloc::collections::LinkedList::new,src/kernel/src/hal/platform/microvm/mod.rs,574,qualified_path,rust,production
alloc::collections,alloc::collections::LinkedList::new,src/kernel/src/hal/platform/microvm/mod.rs,737,qualified_path,rust,production
alloc::collections,alloc::collections::LinkedList::new,src/kernel/src/hal/platform/microvm/mod.rs,738,qualified_path,rust,production
alloc::collections,alloc::collections::BTreeMap,src/kernel/src/ipc/bulk_pull.rs,13,import,rust,production
alloc::collections,alloc::collections::BTreeMap::new,src/kernel/src/ipc/bulk_pull.rs,64,qualified_path,rust,production
alloc::collections,alloc::collections::LinkedList,src/kernel/src/ipc/mbx/mailbox.rs,8,import,rust,production
alloc::collections,alloc::collections::LinkedList,src/kernel/src/kmain.rs,54,import,rust,production
alloc::collections,alloc::collections::LinkedList,src/kernel/src/mm/kernel_vas.rs,23,import,rust,production
alloc::collections,alloc::collections::LinkedList::new,src/kernel/src/mm/kernel_vas.rs,60,qualified_path,rust,production
alloc::collections,alloc::collections::LinkedList::new,src/kernel/src/mm/kernel_vas.rs,62,qualified_path,rust,production
alloc::collections,alloc::collections::LinkedList::new,src/kernel/src/mm/kernel_vas.rs,64,qualified_path,rust,production
alloc::collections,alloc::collections::LinkedList::new,src/kernel/src/mm/kernel_vas.rs,129,qualified_path,rust,production
alloc::collections,alloc::collections::LinkedList,src/kernel/src/mm/mod.rs,49,import,rust,production
alloc::collections,alloc::collections::LinkedList,src/kernel/src/mm/phys/mod.rs,33,import,rust,production
alloc::collections,alloc::collections::LinkedList,src/kernel/src/mm/virt/boot_init.rs,36,import,rust,production
alloc::collections,alloc::collections::LinkedList::new,src/kernel/src/mm/virt/boot_init.rs,79,qualified_path,rust,production
alloc::collections,alloc::collections::LinkedList,src/kernel/src/mm/virt/manager.rs,37,import,verus,production
alloc::collections,alloc::collections::LinkedList,src/kernel/src/mm/virt/vmem.rs,45,import,verus,production
alloc::collections,alloc::collections::LinkedList::new,src/kernel/src/mm/virt/vmem.rs,126,qualified_path,verus,production
alloc::collections,alloc::collections::LinkedList::new,src/kernel/src/mm/virt/vmem.rs,163,qualified_path,verus,production
alloc::collections,alloc::collections::LinkedList::new,src/kernel/src/mm/virt/vmem.rs,172,qualified_path,verus,production
alloc::collections,alloc::collections::LinkedList::new,src/kernel/src/mm/virt/vmem.rs,185,qualified_path,verus,production
alloc::collections,alloc::collections::LinkedList::new,src/kernel/src/mm/virt/vmem.rs,194,qualified_path,verus,production
alloc::collections,alloc::collections::LinkedList::new,src/kernel/src/mm/virt/vmem.rs,212,qualified_path,verus,production
alloc::collections,alloc::collections::LinkedList,src/kernel/src/pm/process/manager/mod.rs,85,import,rust,production
alloc::collections,alloc::collections::LinkedList::new,src/kernel/src/pm/process/manager/mod.rs,284,qualified_path,rust,production
alloc::collections,alloc::collections::LinkedList::new,src/kernel/src/pm/process/manager/mod.rs,285,qualified_path,rust,production
alloc::collections,alloc::collections::LinkedList::new,src/kernel/src/pm/process/manager/mod.rs,286,qualified_path,rust,production
alloc::collections,alloc::collections::LinkedList::new,src/kernel/src/pm/process/manager/mod.rs,287,qualified_path,rust,production
alloc::collections,alloc::collections::LinkedList::new,src/kernel/src/pm/process/manager/mod.rs,1035,qualified_path,rust,production
alloc::collections,alloc::collections::LinkedList::new,src/kernel/src/pm/process/manager/mod.rs,1708,qualified_path,rust,production
alloc::collections,alloc::collections::LinkedList::new,src/kernel/src/pm/process/manager/mod.rs,1882,qualified_path,rust,production
alloc::collections,alloc::collections::LinkedList::new,src/kernel/src/pm/process/manager/mod.rs,1909,qualified_path,rust,production
alloc::collections,alloc::collections::LinkedList,src/kernel/src/pm/process/state/mod.rs,61,import,verus,production
alloc::collections,alloc::collections::LinkedList::new,src/kernel/src/pm/process/state/mod.rs,252,qualified_path,verus,production
alloc::collections,alloc::collections::LinkedList::new,src/kernel/src/pm/process/state/mod.rs,254,qualified_path,verus,production
alloc::collections,alloc::collections::LinkedList::new,src/kernel/src/pm/process/state/mod.rs,255,qualified_path,verus,production
alloc::collections,alloc::collections::VecDeque,src/kernel/src/pm/sync/condvar.rs,13,import,verus,production
alloc::collections,alloc::collections::VecDeque::new,src/kernel/src/pm/sync/condvar.rs,73,qualified_path,verus,production
alloc::collections,alloc::collections::BTreeMap,src/libs/cache/src/lib.rs,41,import,rust,production
alloc::collections,alloc::collections::BTreeMap::new,src/libs/cache/src/lib.rs,126,qualified_path,rust,production
alloc::collections,alloc::collections::VecDeque,src/libs/syscall/src/dirent/mod.rs,20,import,rust,production
alloc::collections,alloc::collections::VecDeque::new,src/libs/syscall/src/dirent/mod.rs,143,qualified_path,rust,production
alloc::collections,alloc::collections::BTreeMap,src/libs/syscall/src/fdtable.rs,23,import,rust,production
alloc::collections,alloc::collections::BTreeMap::new,src/libs/syscall/src/fdtable.rs,114,qualified_path,rust,production
alloc::collections,alloc::collections::BTreeMap::new,src/libs/syscall/src/fdtable.rs,420,qualified_path,rust,production
alloc::collections,alloc::collections::BTreeMap,src/libs/syscall/src/sys/mman/syscalls/mod.rs,9,import,rust,production
alloc::collections,alloc::collections::BTreeMap::new,src/libs/syscall/src/sys/mman/syscalls/mod.rs,50,qualified_path,rust,production
alloc::collections,alloc::collections::BTreeMap,src/libs/syscall/src/sys/mman/syscalls/mprotect.rs,15,import,rust,production
alloc::collections,alloc::collections::BTreeMap,src/libs/syscall/src/sys/mman/syscalls/munmap.rs,12,import,rust,production
alloc::collections,alloc::collections::VecDeque,src/libs/type-safe/src/vec_deque.rs,8,import,rust,production
alloc::collections,alloc::collections::VecDeque::from,src/libs/type-safe/src/vec_deque.rs,76,qualified_path,rust,production
alloc::collections,alloc::collections::VecDeque::new,src/libs/type-safe/src/vec_deque.rs,109,qualified_path,rust,production
alloc::collections,alloc::collections::VecDeque::new,src/libs/type-safe/src/vec_deque.rs,134,qualified_path,rust,production
alloc::collections,alloc::collections::VecDeque::new,src/libs/type-safe/src/vec_deque.rs,209,qualified_path,rust,production
alloc::collections,alloc::collections::VecDeque::from,src/libs/type-safe/src/vec_deque.rs,260,qualified_path,rust,production
alloc::collections,alloc::collections::VecDeque,src/libs/type-safe/src/vec_deque.rs,343,import,rust,production
alloc::collections,alloc::collections::VecDeque::from,src/libs/type-safe/src/vec_deque.rs,354,qualified_path,rust,production
alloc::collections,alloc::collections::VecDeque::new,src/libs/type-safe/src/vec_deque.rs,362,qualified_path,rust,production
alloc::collections,alloc::collections::VecDeque::from,src/libs/type-safe/src/vec_deque.rs,518,qualified_path,rust,production
alloc::collections,alloc::collections::VecDeque::from,src/libs/type-safe/src/vec_deque.rs,525,qualified_path,rust,production
alloc::collections,alloc::collections::VecDeque::from,src/libs/type-safe/src/vec_deque.rs,533,qualified_path,rust,production
alloc::collections,alloc::collections::VecDeque::from,src/libs/type-safe/src/vec_deque.rs,543,qualified_path,rust,production
alloc::collections,alloc::collections::VecDeque::from,src/libs/type-safe/src/vec_deque.rs,672,qualified_path,rust,production
alloc::collections,alloc::collections::VecDeque::from,src/libs/type-safe/src/vec_deque.rs,674,qualified_path,rust,production
alloc::collections,alloc::collections::VecDeque::from,src/libs/type-safe/src/vec_deque.rs,793,qualified_path,rust,production
alloc::collections,alloc::collections::VecDeque::from,src/libs/type-safe/src/vec_deque.rs,809,qualified_path,rust,production
alloc::collections,alloc::collections::VecDeque::from,src/libs/type-safe/src/vec_deque.rs,810,qualified_path,rust,production
alloc::collections,alloc::collections::VecDeque::from,src/libs/type-safe/src/vec_deque.rs,819,qualified_path,rust,production
alloc::collections,alloc::collections::VecDeque::from,src/libs/type-safe/src/vec_deque.rs,827,qualified_path,rust,production
alloc::collections,alloc::collections::VecDeque::from,src/libs/type-safe/src/vec_deque.rs,835,qualified_path,rust,production
alloc::collections,alloc::collections::VecDeque::from,src/libs/type-safe/src/vec_deque.rs,852,qualified_path,rust,production
alloc::collections,alloc::collections::VecDeque::from,src/libs/type-safe/src/vec_deque.rs,860,qualified_path,rust,production
alloc::collections,alloc::collections::VecDeque::from,src/libs/type-safe/src/vec_deque.rs,870,qualified_path,rust,production
alloc::collections,alloc::collections::BTreeMap,src/libs/vfs/src/fd/mod.rs,51,import,verus,production
alloc::collections,alloc::collections::BTreeSet,src/libs/vfs/src/fd/mod.rs,51,import,verus,production
alloc::collections,alloc::collections::BTreeMap::new,src/libs/vfs/src/fd/mod.rs,391,qualified_path,verus,production
alloc::collections,alloc::collections::BTreeSet::new,src/libs/vfs/src/fd/mod.rs,398,qualified_path,verus,production
alloc::collections,alloc::collections::BTreeMap::new,src/libs/vfs/src/fd/mod.rs,500,qualified_path,verus,production
alloc::collections,alloc::collections::BTreeSet::new,src/libs/vfs/src/fd/mod.rs,507,qualified_path,verus,production
alloc::collections,alloc::collections::VecDeque,src/libs/vfs/src/line_discipline/discipline.rs,71,import,rust,production
alloc::collections,alloc::collections::VecDeque::new,src/libs/vfs/src/line_discipline/discipline.rs,140,qualified_path,rust,production
alloc::collections,alloc::collections::VecDeque::new,src/libs/vfs/src/line_discipline/discipline.rs,392,qualified_path,rust,production
alloc::collections,alloc::collections::VecDeque,src/libs/vfs/src/pipe/pipe_end.rs,33,import,verus,production
alloc::collections,alloc::collections::VecDeque::new,src/libs/vfs/src/pipe/pipe_end.rs,182,qualified_path,verus,production
alloc::collections,alloc::collections::BTreeMap,src/libs/vfs/src/process.rs,14,import,rust,production
alloc::collections,alloc::collections::BTreeMap::new,src/libs/vfs/src/process.rs,102,qualified_path,rust,production
alloc::collections,alloc::collections::BTreeMap::new,src/libs/vfs/src/process.rs,133,qualified_path,rust,production
alloc::collections::btree_map,alloc::collections::btree_map::BTreeMap,src/kernel/src/pm/process/state/mod.rs,61,import,verus,production
alloc::collections::btree_map,alloc::collections::btree_map::BTreeMap::new,src/kernel/src/pm/process/state/mod.rs,256,qualified_path,verus,production
alloc::collections::btree_map,alloc::collections::btree_map::BTreeMap::new,src/kernel/src/pm/process/state/mod.rs,257,qualified_path,verus,production
alloc::collections::btree_map,alloc::collections::btree_map::BTreeMap,src/kernel/src/pm/thread/state.rs,25,import,rust,production
alloc::collections::btree_map,alloc::collections::btree_map::BTreeMap::new,src/kernel/src/pm/thread/state.rs,150,qualified_path,rust,production
alloc::collections::btree_map,alloc::collections::btree_map::BTreeMap,src/libs/proc/src/daemon/mod.rs,27,import,verus,production
alloc::collections::btree_map,alloc::collections::btree_map::BTreeMap::new,src/libs/proc/src/daemon/mod.rs,229,qualified_path,verus,production
alloc::collections::btree_map,alloc::collections::btree_map::BTreeMap::new,src/libs/proc/src/daemon/mod.rs,1979,qualified_path,verus,production
alloc::collections::btree_map,alloc::collections::btree_map::BTreeMap,src/libs/syscall/src/dlfcn/syscall/dladdr.rs,18,import,rust,production
alloc::collections::btree_map,alloc::collections::btree_map::BTreeMap,src/libs/syscall/src/dlfcn/syscall/dlclose.rs,13,import,rust,production
alloc::collections::btree_map,alloc::collections::btree_map::BTreeMap::new,src/libs/syscall/src/dlfcn/syscall/dlclose.rs,89,qualified_path,rust,production
alloc::collections::btree_map,alloc::collections::btree_map::BTreeMap,src/libs/syscall/src/dlfcn/syscall/dlopen.rs,14,import,verus,production
alloc::collections::btree_map,alloc::collections::btree_map::BTreeMap::new,src/libs/syscall/src/dlfcn/syscall/dlopen.rs,106,qualified_path,verus,production
alloc::collections::btree_map,alloc::collections::btree_map::BTreeMap::new,src/libs/syscall/src/dlfcn/syscall/dlopen.rs,455,qualified_path,verus,production
alloc::collections::btree_map,alloc::collections::btree_map::BTreeMap,src/libs/syscall/src/dlfcn/syscall/dynlib.rs,18,import,rust,production
alloc::collections::btree_map,alloc::collections::btree_map::BTreeMap::new,src/libs/syscall/src/dlfcn/syscall/dynlib.rs,479,qualified_path,rust,production
alloc::collections::btree_map,alloc::collections::btree_map::BTreeMap,src/libs/syscall/src/dlfcn/syscall/mod.rs,29,import,verus,production
alloc::collections::btree_map,alloc::collections::btree_map::BTreeMap::new,src/libs/syscall/src/dlfcn/syscall/mod.rs,48,qualified_path,verus,production
alloc::collections::btree_map,alloc::collections::btree_map::BTreeMap::new,src/libs/syscall/src/dlfcn/syscall/mod.rs,62,qualified_path,verus,production
alloc::collections::btree_map,alloc::collections::btree_map::Entry,src/libs/syscall/src/dlfcn/syscall/mod.rs,309,import,verus,production
alloc::collections::btree_map,alloc::collections::btree_map::Entry::Vacant,src/libs/syscall/src/dlfcn/syscall/mod.rs,310,qualified_path,verus,production
alloc::collections::btree_map,alloc::collections::btree_map::Entry,src/libs/syscall/src/dlfcn/syscall/mod.rs,360,import,verus,production
alloc::collections::btree_map,alloc::collections::btree_map::Entry::Vacant,src/libs/syscall/src/dlfcn/syscall/mod.rs,361,qualified_path,verus,production
alloc::collections::btree_map,alloc::collections::btree_map::BTreeMap,src/libs/syscall/src/pthread/syscall/cond.rs,9,import,rust,production
alloc::collections::btree_map,alloc::collections::btree_map::Entry,src/libs/syscall/src/pthread/syscall/cond.rs,9,import,rust,production
alloc::collections::btree_map,alloc::collections::btree_map::BTreeMap::new,src/libs/syscall/src/pthread/syscall/cond.rs,51,qualified_path,rust,production
alloc::collections::btree_map,alloc::collections::btree_map::Entry::Vacant,src/libs/syscall/src/pthread/syscall/cond.rs,59,qualified_path,rust,production
alloc::collections::btree_map,alloc::collections::btree_map::Entry::Vacant,src/libs/syscall/src/pthread/syscall/cond.rs,119,qualified_path,rust,production
alloc::collections::btree_map,alloc::collections::btree_map::Entry::Vacant,src/libs/syscall/src/pthread/syscall/cond.rs,146,qualified_path,rust,production
alloc::collections::btree_map,alloc::collections::btree_map::Entry::Vacant,src/libs/syscall/src/pthread/syscall/cond.rs,162,qualified_path,rust,production
alloc::collections::btree_map,alloc::collections::btree_map::Entry::Vacant,src/libs/syscall/src/pthread/syscall/cond.rs,186,qualified_path,rust,production
alloc::collections::btree_map,alloc::collections::btree_map::Entry::Vacant,src/libs/syscall/src/pthread/syscall/cond.rs,202,qualified_path,rust,production
alloc::collections::btree_map,alloc::collections::btree_map::BTreeMap,src/libs/syscall/src/pthread/syscall/mod.rs,40,import,rust,production
alloc::collections::btree_map,alloc::collections::btree_map::BTreeMap::new,src/libs/syscall/src/pthread/syscall/mod.rs,88,qualified_path,rust,production
alloc::collections::btree_map,alloc::collections::btree_map::BTreeMap,src/libs/syscall/src/pthread/syscall/mutex.rs,8,import,rust,production
alloc::collections::btree_map,alloc::collections::btree_map::Entry,src/libs/syscall/src/pthread/syscall/mutex.rs,8,import,rust,production
alloc::collections::btree_map,alloc::collections::btree_map::BTreeMap::new,src/libs/syscall/src/pthread/syscall/mutex.rs,43,qualified_path,rust,production
alloc::collections::btree_map,alloc::collections::btree_map::Entry::Vacant,src/libs/syscall/src/pthread/syscall/mutex.rs,92,qualified_path,rust,production
alloc::collections::btree_map,alloc::collections::btree_map::Entry::Vacant,src/libs/syscall/src/pthread/syscall/mutex.rs,114,qualified_path,rust,production
alloc::collections::btree_map,alloc::collections::btree_map::Entry::Vacant,src/libs/syscall/src/pthread/syscall/mutex.rs,133,qualified_path,rust,production
alloc::collections::btree_map,alloc::collections::btree_map::Entry::Vacant,src/libs/syscall/src/pthread/syscall/mutex.rs,175,qualified_path,rust,production
alloc::collections::btree_map,alloc::collections::btree_map::BTreeMap,src/libs/syscall/src/pthread/syscall/rwlock.rs,8,import,rust,production
alloc::collections::btree_map,alloc::collections::btree_map::Entry,src/libs/syscall/src/pthread/syscall/rwlock.rs,8,import,rust,production
alloc::collections::btree_map,alloc::collections::btree_map::BTreeMap::new,src/libs/syscall/src/pthread/syscall/rwlock.rs,132,qualified_path,rust,production
alloc::collections::btree_map,alloc::collections::btree_map::Entry::Vacant,src/libs/syscall/src/pthread/syscall/rwlock.rs,158,qualified_path,rust,production
alloc::collections::btree_map,alloc::collections::btree_map::Entry::Vacant,src/libs/syscall/src/pthread/syscall/rwlock.rs,403,qualified_path,rust,production
alloc::collections::btree_map,alloc::collections::btree_map::BTreeMap,src/libs/syscall/src/pthread/syscall/tda.rs,8,import,rust,production
alloc::collections::btree_set,alloc::collections::btree_set::BTreeSet,src/libs/syscall/src/dlfcn/syscall/dlclose.rs,13,import,rust,production
alloc::collections::btree_set,alloc::collections::btree_set::BTreeSet::new,src/libs/syscall/src/dlfcn/syscall/dlclose.rs,90,qualified_path,rust,production
alloc::collections::btree_set,alloc::collections::btree_set::BTreeSet,src/libs/syscall/src/dlfcn/syscall/dlopen.rs,14,import,verus,production
alloc::collections::btree_set,alloc::collections::btree_set::BTreeSet::new,src/libs/syscall/src/dlfcn/syscall/dlopen.rs,485,qualified_path,verus,production
alloc::collections::btree_set,alloc::collections::btree_set::BTreeSet,src/libs/syscall/src/dlfcn/syscall/dynlib.rs,18,import,rust,production
alloc::collections::btree_set,alloc::collections::btree_set::BTreeSet::new,src/libs/syscall/src/dlfcn/syscall/dynlib.rs,911,qualified_path,rust,production
alloc::collections::linked_list,alloc::collections::linked_list::LinkedList,src/kernel/src/hal/mod.rs,35,import,rust,production
alloc::collections::vec_deque,alloc::collections::vec_deque::VecDeque,src/kernel/src/pm/process/manager/mod.rs,85,import,rust,production
alloc::collections::vec_deque,alloc::collections::vec_deque::VecDeque::new,src/kernel/src/pm/process/manager/mod.rs,294,qualified_path,rust,production
alloc::collections::vec_deque,alloc::collections::vec_deque::VecDeque::new,src/kernel/src/pm/process/manager/mod.rs,295,qualified_path,rust,production
alloc::collections::vec_deque,alloc::collections::vec_deque::VecDeque,src/kernel/src/pm/process/state/interrupted.rs,22,import,rust,production
alloc::collections::vec_deque,alloc::collections::vec_deque::VecDeque,src/kernel/src/pm/process/state/runnable.rs,33,import,rust,production
alloc::collections::vec_deque,alloc::collections::vec_deque::VecDeque::from,src/kernel/src/pm/process/state/runnable.rs,255,qualified_path,rust,production
alloc::collections::vec_deque,alloc::collections::vec_deque::VecDeque,src/kernel/src/pm/process/state/sleeping.rs,24,import,rust,production
alloc::collections::vec_deque,alloc::collections::vec_deque::VecDeque::new,src/kernel/src/pm/process/state/sleeping.rs,190,qualified_path,rust,production
alloc::collections::vec_deque,alloc::collections::vec_deque::VecDeque::new,src/kernel/src/pm/process/state/sleeping.rs,219,qualified_path,rust,production
alloc::collections::vec_deque,alloc::collections::vec_deque::VecDeque,src/libs/syscall/src/dlfcn/syscall/dynlib.rs,18,import,rust,production
alloc::collections::vec_deque,alloc::collections::vec_deque::VecDeque::new,src/libs/syscall/src/dlfcn/syscall/dynlib.rs,912,qualified_path,rust,production
alloc::collections::vec_deque,alloc::collections::vec_deque,src/libs/type-safe/src/vec_deque.rs,8,import,rust,production
alloc::collections::vec_deque,alloc::collections::vec_deque::Iter,src/libs/type-safe/src/vec_deque.rs,280,qualified_path,rust,production
alloc::collections::vec_deque,alloc::collections::vec_deque::IterMut,src/libs/type-safe/src/vec_deque.rs,314,qualified_path,rust,production
alloc::ffi,alloc::ffi::CString,src/libs/libc_glob/src/bindings.rs,8,import,rust,production
alloc::ffi,alloc::ffi::CString::new,src/libs/libc_glob/src/bindings.rs,301,qualified_path,rust,production
alloc::ffi,alloc::ffi::CString::new,src/libs/libc_glob/src/bindings.rs,325,qualified_path,rust,production
alloc::ffi,alloc::ffi::CString::new,src/libs/libc_glob/src/bindings.rs,368,qualified_path,rust,production
alloc::ffi,alloc::ffi::CString::new,src/libs/libc_glob/src/bindings.rs,382,qualified_path,rust,production
alloc::ffi,alloc::ffi::CString,src/libs/syscall/src/dlfcn/syscall/dynlib.rs,18,import,rust,production
alloc::ffi,alloc::ffi::CString::new,src/libs/syscall/src/dlfcn/syscall/dynlib.rs,300,qualified_path,rust,production
alloc::ffi,alloc::ffi::CString,src/libs/syscall/src/safe/fs/path.rs,8,import,rust,production
alloc::ffi,alloc::ffi::CString::new,src/libs/syscall/src/safe/fs/path.rs,62,qualified_path,rust,production
alloc::ffi,alloc::ffi::CString::from_vec_with_nul,src/libs/syscall/src/safe/fs/path.rs,106,qualified_path,rust,production
alloc::ffi,alloc::ffi::CString,src/libs/syscall/src/sys/utsname/syscall.rs,12,import,rust,production
alloc::ffi,alloc::ffi::CString::new,src/libs/syscall/src/sys/utsname/syscall.rs,43,qualified_path,rust,production
alloc::ffi,alloc::ffi::CString,src/libs/syscall/src/unistd/bindings/getcwd.rs,12,import,rust,production
alloc::ffi,alloc::ffi::CString::new,src/libs/syscall/src/unistd/bindings/getcwd.rs,91,qualified_path,rust,production
alloc::ffi,alloc::ffi::CString,src/libs/syscall/src/unistd/bindings/gethostname.rs,9,import,rust,production
alloc::ffi,alloc::ffi::CString::new,src/libs/syscall/src/unistd/bindings/gethostname.rs,90,qualified_path,rust,production
alloc::fmt,alloc::fmt,src/kernel/src/mm/ustack.rs,9,import,rust,production
alloc::fmt,alloc::fmt::Debug,src/kernel/src/mm/ustack.rs,83,qualified_path,rust,production
alloc::fmt,alloc::fmt::Formatter,src/kernel/src/mm/ustack.rs,84,qualified_path,rust,production
alloc::fmt,alloc::fmt::Result,src/kernel/src/mm/ustack.rs,84,qualified_path,rust,production
alloc::fmt,alloc::fmt,src/kernel/src/pm/thread/state.rs,25,import,rust,production
alloc::fmt,alloc::fmt::Debug,src/kernel/src/pm/thread/state.rs,518,qualified_path,rust,production
alloc::fmt,alloc::fmt::Formatter,src/kernel/src/pm/thread/state.rs,519,qualified_path,rust,production
alloc::fmt,alloc::fmt::Result,src/kernel/src/pm/thread/state.rs,519,qualified_path,rust,production
alloc::fmt,alloc::fmt,src/libs/syscall/src/dlfcn/syscall/dynlib.rs,18,import,rust,production
alloc::fmt,alloc::fmt::Debug,src/libs/syscall/src/dlfcn/syscall/dynlib.rs,1501,qualified_path,rust,production
alloc::fmt,alloc::fmt::Formatter,src/libs/syscall/src/dlfcn/syscall/dynlib.rs,1502,qualified_path,rust,production
alloc::fmt,alloc::fmt::Result,src/libs/syscall/src/dlfcn/syscall/dynlib.rs,1502,qualified_path,rust,production
alloc::rc,alloc::rc::Rc,src/kernel/src/hal/arch/x86/cpu/tss.rs,8,import,rust,production
alloc::rc,alloc::rc::Rc::new,src/kernel/src/hal/arch/x86/cpu/tss.rs,62,qualified_path,rust,production
alloc::rc,alloc::rc::Rc,src/kernel/src/hal/arch/x86_64/cpu/tss.rs,8,import,rust,production
alloc::rc,alloc::rc::Rc::new,src/kernel/src/hal/arch/x86_64/cpu/tss.rs,61,qualified_path,rust,production
alloc::rc,alloc::rc::Rc,src/kernel/src/hal/cpu/interrupt/controller.rs,9,import,rust,production
alloc::rc,alloc::rc::Rc::new,src/kernel/src/hal/cpu/interrupt/controller.rs,66,qualified_path,rust,production
alloc::rc,alloc::rc::Rc,src/kernel/src/hal/io/mmio/allocator.rs,18,import,rust,production
alloc::rc,alloc::rc::Rc::new,src/kernel/src/hal/io/mmio/allocator.rs,145,qualified_path,rust,production
alloc::rc,alloc::rc::Rc::clone,src/kernel/src/hal/io/mmio/allocator.rs,245,qualified_path,rust,production
alloc::rc,alloc::rc::Rc,src/kernel/src/hal/io/pmio/allocator.rs,16,import,rust,production
alloc::rc,alloc::rc::Rc::new,src/kernel/src/hal/io/pmio/allocator.rs,175,qualified_path,rust,production
alloc::rc,alloc::rc::Rc::strong_count,src/kernel/src/hal/io/pmio/allocator.rs,241,qualified_path,rust,production
alloc::rc,alloc::rc::Rc,src/kernel/src/mm/virt/vmem.rs,45,import,verus,production
alloc::rc,alloc::rc::Rc::new,src/kernel/src/mm/virt/vmem.rs,131,qualified_path,verus,production
alloc::rc,alloc::rc::Rc::new,src/kernel/src/mm/virt/vmem.rs,165,qualified_path,verus,production
alloc::rc,alloc::rc::Rc::new,src/kernel/src/mm/virt/vmem.rs,277,qualified_path,verus,production
alloc::rc,alloc::rc::Rc::new,src/kernel/src/mm/virt/vmem.rs,295,qualified_path,verus,production
alloc::rc,alloc::rc::Rc,src/kernel/src/uart.rs,20,import,rust,production
alloc::rc,alloc::rc::Rc::new,src/kernel/src/uart.rs,132,qualified_path,rust,production
alloc::string,alloc::string::String,src/daemons/vfsd/src/handler/hostfs_handlers.rs,401,qualified_path,rust,production
alloc::string,alloc::string::String,src/daemons/vfsd/src/handler/hostfs_handlers.rs,688,qualified_path,rust,production
alloc::string,alloc::string::String,src/daemons/vfsd/src/handler/hostfs_handlers.rs,700,qualified_path,rust,production
alloc::string,alloc::string::String::from,src/daemons/vfsd/src/handler/hostfs_handlers.rs,700,qualified_path,rust,production
alloc::string,alloc::string::String,src/daemons/vfsd/src/handler/hostfs_handlers.rs,731,qualified_path,rust,production
alloc::string,alloc::string::String,src/daemons/vfsd/src/handler/hostfs_handlers.rs,736,qualified_path,rust,production
alloc::string,alloc::string::String,src/daemons/vfsd/src/handler/hostfs_handlers.rs,787,qualified_path,rust,production
alloc::string,alloc::string::String,src/daemons/vfsd/src/handler/hostfs_handlers.rs,841,qualified_path,rust,production
alloc::string,alloc::string::String,src/daemons/vfsd/src/handler/hostfs_handlers.rs,885,qualified_path,rust,production
alloc::string,alloc::string::String,src/daemons/vfsd/src/handler/hostfs_handlers.rs,927,qualified_path,rust,production
alloc::string,alloc::string::String,src/daemons/vfsd/src/pending.rs,61,qualified_path,rust,production
alloc::string,alloc::string::String,src/daemons/vfsd/src/pending.rs,692,qualified_path,rust,production
alloc::string,alloc::string::String,src/kernel/src/hal/mem/types/region.rs,21,import,verus,production
alloc::string,alloc::string::String,src/kernel/src/mm/mod.rs,49,import,rust,production
alloc::string,alloc::string::String::new,src/kernel/src/mm/mod.rs,227,qualified_path,rust,production
alloc::string,alloc::string::String,src/libs/cmdline/src/lib.rs,104,qualified_path,rust,production
alloc::string,alloc::string::String::from,src/libs/cmdline/src/lib.rs,107,qualified_path,rust,production
alloc::string,alloc::string::String,src/libs/elf/src/symtab.rs,32,import,rust,production
alloc::string,alloc::string::ToString,src/libs/elf/src/symtab.rs,32,import,rust,production
alloc::string,alloc::string::String::from_utf8_lossy,src/libs/elf/src/symtab.rs,246,qualified_path,rust,production
alloc::string,alloc::string::String,src/libs/fat32/src/error.rs,204,qualified_path,rust,production
alloc::string,alloc::string::String,src/libs/fat32/src/fat/error.rs,118,qualified_path,rust,production
alloc::string,alloc::string::String,src/libs/fat32/src/fat/filesystem.rs,557,qualified_path,verus,production
alloc::string,alloc::string::String,src/libs/fat32/src/fat/filesystem.rs,990,qualified_path,verus,production
alloc::string,alloc::string::String,src/libs/fat32/src/fat/storage.rs,608,qualified_path,verus,production
alloc::string,alloc::string::String,src/libs/fat32/src/fat/storage.rs,768,qualified_path,verus,production
alloc::string,alloc::string::String,src/libs/libc_dlfcn/src/lib.rs,16,import,rust,production
alloc::string,alloc::string::String,src/libs/libc_stdlib/src/env_table.rs,8,import,rust,production
alloc::string,alloc::string::String::from,src/libs/libc_stdlib/src/env_table.rs,298,qualified_path,rust,production
alloc::string,alloc::string::String::from,src/libs/libc_stdlib/src/env_table.rs,771,qualified_path,rust,production
alloc::string,alloc::string::String,src/libs/libc_sys_un/src/lib.rs,16,import,rust,production
alloc::string,alloc::string::ToString,src/libs/libc_sys_un/src/lib.rs,16,import,rust,production
alloc::string,alloc::string::String,src/libs/proc/src/daemon/mod.rs,27,import,verus,production
alloc::string,alloc::string::ToString,src/libs/proc/src/daemon/mod.rs,27,import,verus,production
alloc::string,alloc::string::String::new,src/libs/proc/src/daemon/mod.rs,1452,qualified_path,verus,production
alloc::string,alloc::string::String::new,src/libs/proc/src/daemon/mod.rs,1964,qualified_path,verus,production
alloc::string,alloc::string::String,src/libs/syscall/src/dlfcn/syscall/dlclose.rs,13,import,rust,production
alloc::string,alloc::string::String::from,src/libs/syscall/src/dlfcn/syscall/dlclose.rs,159,qualified_path,rust,production
alloc::string,alloc::string::String,src/libs/syscall/src/dlfcn/syscall/dlopen.rs,14,import,verus,production
alloc::string,alloc::string::ToString,src/libs/syscall/src/dlfcn/syscall/dlopen.rs,14,import,verus,production
alloc::string,alloc::string::String::from,src/libs/syscall/src/dlfcn/syscall/dlopen.rs,193,qualified_path,verus,production
alloc::string,alloc::string::String,src/libs/syscall/src/dlfcn/syscall/dynlib.rs,18,import,rust,production
alloc::string,alloc::string::ToString,src/libs/syscall/src/dlfcn/syscall/dynlib.rs,18,import,rust,production
alloc::string,alloc::string::String,src/libs/syscall/src/dlfcn/syscall/mod.rs,29,import,verus,production
alloc::string,alloc::string::String::from,src/libs/syscall/src/dlfcn/syscall/mod.rs,147,qualified_path,verus,production
alloc::string,alloc::string::String::from,src/libs/syscall/src/dlfcn/syscall/mod.rs,149,qualified_path,verus,production
alloc::string,alloc::string::String::from,src/libs/syscall/src/dlfcn/syscall/mod.rs,192,qualified_path,verus,production
alloc::string,alloc::string::String::from,src/libs/syscall/src/dlfcn/syscall/mod.rs,208,qualified_path,verus,production
alloc::string,alloc::string::String::from,src/libs/syscall/src/dlfcn/syscall/mod.rs,210,qualified_path,verus,production
alloc::string,alloc::string::String::from,src/libs/syscall/src/dlfcn/syscall/mod.rs,217,qualified_path,verus,production
alloc::string,alloc::string::String::from,src/libs/syscall/src/dlfcn/syscall/mod.rs,235,qualified_path,verus,production
alloc::string,alloc::string::String::from,src/libs/syscall/src/dlfcn/syscall/mod.rs,310,qualified_path,verus,production
alloc::string,alloc::string::String::from,src/libs/syscall/src/dlfcn/syscall/mod.rs,361,qualified_path,verus,production
alloc::string,alloc::string::String::from,src/libs/syscall/src/dlfcn/syscall/mod.rs,421,qualified_path,verus,production
alloc::string,alloc::string::String,src/libs/syscall/src/fcntl/message/openat.rs,18,import,rust,production
alloc::string,alloc::string::ToString,src/libs/syscall/src/fcntl/message/openat.rs,18,import,rust,production
alloc::string,alloc::string::String::from_utf8,src/libs/syscall/src/fcntl/message/openat.rs,197,qualified_path,rust,production
alloc::string,alloc::string::String,src/libs/syscall/src/fcntl/message/renameat.rs,18,import,rust,production
alloc::string,alloc::string::ToString,src/libs/syscall/src/fcntl/message/renameat.rs,18,import,rust,production
alloc::string,alloc::string::String::from_utf8,src/libs/syscall/src/fcntl/message/renameat.rs,241,qualified_path,rust,production
alloc::string,alloc::string::String::from_utf8,src/libs/syscall/src/fcntl/message/renameat.rs,268,qualified_path,rust,production
alloc::string,alloc::string::String,src/libs/syscall/src/fcntl/message/unlinkat.rs,18,import,rust,production
alloc::string,alloc::string::ToString,src/libs/syscall/src/fcntl/message/unlinkat.rs,18,import,rust,production
alloc::string,alloc::string::String::from_utf8,src/libs/syscall/src/fcntl/message/unlinkat.rs,198,qualified_path,rust,production
alloc::string,alloc::string::String::from,src/libs/syscall/src/path.rs,38,qualified_path,rust,production
alloc::string,alloc::string::String,src/libs/syscall/src/path.rs,50,qualified_path,rust,production
alloc::string,alloc::string::String::from,src/libs/syscall/src/path.rs,53,qualified_path,rust,production
alloc::string,alloc::string::String::from,src/libs/syscall/src/path.rs,60,qualified_path,rust,production
alloc::string,alloc::string::String::from,src/libs/syscall/src/path.rs,61,qualified_path,rust,production
alloc::string,alloc::string::String,src/libs/syscall/src/safe/dir/mod.rs,42,import,rust,production
alloc::string,alloc::string::ToString,src/libs/syscall/src/safe/dir/mod.rs,42,import,rust,production
alloc::string,alloc::string::String,src/libs/syscall/src/safe/fs/mod.rs,41,import,rust,production
alloc::string,alloc::string::String,src/libs/syscall/src/safe/fs/path.rs,8,import,rust,production
alloc::string,alloc::string::ToString,src/libs/syscall/src/safe/fs/path.rs,8,import,rust,production
alloc::string,alloc::string::String,src/libs/syscall/src/safe/fs/permissions.rs,8,import,rust,production
alloc::string,alloc::string::String,src/libs/syscall/src/safe/sys/mod.rs,21,import,rust,production
alloc::string,alloc::string::String::from_utf8,src/libs/syscall/src/safe/sys/mod.rs,59,qualified_path,rust,production
alloc::string,alloc::string::String,src/libs/syscall/src/sys/mount/message/mount.rs,18,import,rust,production
alloc::string,alloc::string::String::from_utf8,src/libs/syscall/src/sys/mount/message/mount.rs,162,qualified_path,rust,production
alloc::string,alloc::string::String::from_utf8,src/libs/syscall/src/sys/mount/message/mount.rs,165,qualified_path,rust,production
alloc::string,alloc::string::String::from_utf8,src/libs/syscall/src/sys/mount/message/mount.rs,170,qualified_path,rust,production
alloc::string,alloc::string::String,src/libs/syscall/src/sys/mount/message/umount.rs,18,import,rust,production
alloc::string,alloc::string::String::from_utf8,src/libs/syscall/src/sys/mount/message/umount.rs,107,qualified_path,rust,production
alloc::string,alloc::string::ToString,src/libs/syscall/src/sys/mount/syscall/mount_impl.rs,14,import,rust,production
alloc::string,alloc::string::ToString,src/libs/syscall/src/sys/mount/syscall/umount_impl.rs,14,import,rust,production
alloc::string,alloc::string::String,src/libs/syscall/src/sys/socket/mod.rs,27,import,rust,production
alloc::string,alloc::string::ToString,src/libs/syscall/src/sys/socket/mod.rs,27,import,rust,production
alloc::string,alloc::string::String::from_utf8,src/libs/syscall/src/sys/socket/mod.rs,307,qualified_path,rust,production
alloc::string,alloc::string::String::from_utf8,src/libs/syscall/src/sys/socket/mod.rs,321,qualified_path,rust,production
alloc::string,alloc::string::String,src/libs/syscall/src/sys/stat/message/fchmodat.rs,18,import,rust,production
alloc::string,alloc::string::ToString,src/libs/syscall/src/sys/stat/message/fchmodat.rs,18,import,rust,production
alloc::string,alloc::string::String::from_utf8,src/libs/syscall/src/sys/stat/message/fchmodat.rs,206,qualified_path,rust,production
alloc::string,alloc::string::String,src/libs/syscall/src/sys/stat/message/fstatat.rs,17,import,rust,production
alloc::string,alloc::string::String::from_utf8,src/libs/syscall/src/sys/stat/message/fstatat.rs,179,qualified_path,rust,production
alloc::string,alloc::string::String,src/libs/syscall/src/sys/stat/message/mkdirat.rs,18,import,rust,production
alloc::string,alloc::string::String::from_utf8,src/libs/syscall/src/sys/stat/message/mkdirat.rs,205,qualified_path,rust,production
alloc::string,alloc::string::String,src/libs/syscall/src/sys/stat/message/utimensat.rs,18,import,rust,production
alloc::string,alloc::string::String::from_utf8,src/libs/syscall/src/sys/stat/message/utimensat.rs,228,qualified_path,rust,production
alloc::string,alloc::string::ToString,src/libs/syscall/src/sys/stat/syscall/fstatat.rs,12,import,rust,production
alloc::string,alloc::string::ToString,src/libs/syscall/src/sys/stat/syscall/mkdirat.rs,15,import,rust,production
alloc::string,alloc::string::ToString,src/libs/syscall/src/sys/stat/syscall/utimensat.rs,14,import,rust,production
alloc::string,alloc::string::String,src/libs/syscall/src/sys/un.rs,8,import,rust,production
alloc::string,alloc::string::ToString,src/libs/syscall/src/sys/un.rs,8,import,rust,production
alloc::string,alloc::string::String,src/libs/syscall/src/unistd/bindings/gethostname.rs,9,import,rust,production
alloc::string,alloc::string::String,src/libs/syscall/src/unistd/exec/mod.rs,20,import,verus,production
alloc::string,alloc::string::String::from,src/libs/syscall/src/unistd/exec/mod.rs,193,qualified_path,verus,production
alloc::string,alloc::string::String::from,src/libs/syscall/src/unistd/exec/mod.rs,214,qualified_path,verus,production
alloc::string,alloc::string::String::with_capacity,src/libs/syscall/src/unistd/exec/mod.rs,217,qualified_path,verus,production
alloc::string,alloc::string::String::as_str,src/libs/syscall/src/unistd/exec/mod.rs,488,qualified_path,verus,production
alloc::string,alloc::string::String::as_str,src/libs/syscall/src/unistd/exec/mod.rs,542,qualified_path,verus,production
alloc::string,alloc::string::String,src/libs/syscall/src/unistd/message/chdir.rs,18,import,rust,production
alloc::string,alloc::string::ToString,src/libs/syscall/src/unistd/message/chdir.rs,18,import,rust,production
alloc::string,alloc::string::String::from_utf8,src/libs/syscall/src/unistd/message/chdir.rs,152,qualified_path,rust,production
alloc::string,alloc::string::String,src/libs/syscall/src/unistd/message/faccessat.rs,18,import,rust,production
alloc::string,alloc::string::ToString,src/libs/syscall/src/unistd/message/faccessat.rs,18,import,rust,production
alloc::string,alloc::string::String::from_utf8,src/libs/syscall/src/unistd/message/faccessat.rs,203,qualified_path,rust,production
alloc::string,alloc::string::String,src/libs/syscall/src/unistd/message/fchownat.rs,18,import,rust,production
alloc::string,alloc::string::ToString,src/libs/syscall/src/unistd/message/fchownat.rs,18,import,rust,production
alloc::string,alloc::string::String::from_utf8,src/libs/syscall/src/unistd/message/fchownat.rs,232,qualified_path,rust,production
alloc::string,alloc::string::String,src/libs/syscall/src/unistd/message/getcwd.rs,18,import,rust,production
alloc::string,alloc::string::ToString,src/libs/syscall/src/unistd/message/getcwd.rs,18,import,rust,production
alloc::string,alloc::string::String::from_utf8,src/libs/syscall/src/unistd/message/getcwd.rs,161,qualified_path,rust,production
alloc::string,alloc::string::String,src/libs/syscall/src/unistd/message/linkat.rs,18,import,rust,production
alloc::string,alloc::string::String::from_utf8,src/libs/syscall/src/unistd/message/linkat.rs,229,qualified_path,rust,production
alloc::string,alloc::string::String::from_utf8,src/libs/syscall/src/unistd/message/linkat.rs,236,qualified_path,rust,production
alloc::string,alloc::string::String,src/libs/syscall/src/unistd/message/readlinkat.rs,17,import,rust,production
alloc::string,alloc::string::String::from_utf8,src/libs/syscall/src/unistd/message/readlinkat.rs,186,qualified_path,rust,production
alloc::string,alloc::string::String,src/libs/syscall/src/unistd/message/symlinkat.rs,18,import,rust,production
alloc::string,alloc::string::String::from_utf8,src/libs/syscall/src/unistd/message/symlinkat.rs,185,qualified_path,rust,production
alloc::string,alloc::string::String::from_utf8,src/libs/syscall/src/unistd/message/symlinkat.rs,192,qualified_path,rust,production
alloc::string,alloc::string::String,src/libs/syscall/src/unistd/syscall/getcwd.rs,21,import,rust,production
alloc::string,alloc::string::String,src/libs/syscall/src/unistd/syscall/gethostname.rs,8,import,rust,production
alloc::string,alloc::string::ToString,src/libs/syscall/src/unistd/syscall/gethostname.rs,8,import,rust,production
alloc::string,alloc::string::ToString,src/libs/syscall/src/unistd/syscall/linkat.rs,15,import,rust,production
alloc::string,alloc::string::ToString,src/libs/syscall/src/unistd/syscall/readlinkat.rs,21,import,rust,production
alloc::string,alloc::string::ToString,src/libs/syscall/src/unistd/syscall/symlinkat.rs,14,import,rust,production
alloc::string,alloc::string::String,src/libs/vfs/src/descriptor/directory_handle.rs,14,import,rust,production
alloc::string,alloc::string::String,src/libs/vfs/src/descriptor/host_fs_handle.rs,10,import,rust,production
alloc::string,alloc::string::String,src/libs/vfs/src/fd/mod.rs,51,import,verus,production
alloc::string,alloc::string::String::from,src/libs/vfs/src/fd/mod.rs,906,qualified_path,verus,production
alloc::string,alloc::string::String::from,src/libs/vfs/src/fd/mod.rs,1429,qualified_path,verus,production
alloc::string,alloc::string::String,src/libs/vfs/src/fd/mod.rs,1437,qualified_path,verus,production
alloc::string,alloc::string::String::from,src/libs/vfs/src/fd/mod.rs,2568,qualified_path,verus,production
alloc::string,alloc::string::String::from,src/libs/vfs/src/fd/mod.rs,2576,qualified_path,verus,production
alloc::string,alloc::string::String::from,src/libs/vfs/src/fd/mod.rs,2686,qualified_path,verus,production
alloc::string,alloc::string::String::from,src/libs/vfs/src/fd/mod.rs,2691,qualified_path,verus,production
alloc::string,alloc::string::String::from,src/libs/vfs/src/fd/mod.rs,2716,qualified_path,verus,production
alloc::string,alloc::string::String,src/libs/vfs/src/fd/open.rs,23,import,rust,production
alloc::string,alloc::string::String,src/libs/vfs/src/file.rs,31,import,rust,production
alloc::string,alloc::string::String,src/libs/vfs/src/filesystem.rs,33,import,verus,production
alloc::string,alloc::string::String::from,src/libs/vfs/src/filesystem.rs,395,qualified_path,verus,production
alloc::string,alloc::string::String,src/libs/vfs/src/filesystem/dir_entry.rs,10,import,rust,production
alloc::string,alloc::string::String::from,src/libs/vfs/src/filesystem/dir_entry.rs,73,qualified_path,rust,production
alloc::string,alloc::string::String,src/libs/vfs/src/filesystem/dir_entry.rs,81,qualified_path,rust,production
alloc::string,alloc::string::String,src/libs/vfs/src/filesystem/handle.rs,11,import,rust,production
alloc::string,alloc::string::String,src/libs/vfs/src/filesystem/stat.rs,68,qualified_path,rust,production
alloc::string,alloc::string::String,src/libs/vfs/src/mount/mount_point.rs,10,import,rust,production
alloc::string,alloc::string::String,src/libs/vfs/src/mount/path_cache.rs,14,import,rust,production
alloc::string,alloc::string::String::from,src/libs/vfs/src/mount/path_cache.rs,164,qualified_path,rust,production
alloc::string,alloc::string::String::from,src/libs/vfs/src/mount/path_cache.rs,176,qualified_path,rust,production
alloc::string,alloc::string::String::from,src/libs/vfs/src/mount/path_cache.rs,184,qualified_path,rust,production
alloc::string,alloc::string::String::from,src/libs/vfs/src/mount/path_cache.rs,185,qualified_path,rust,production
alloc::string,alloc::string::String::from,src/libs/vfs/src/mount/path_cache.rs,186,qualified_path,rust,production
alloc::string,alloc::string::String::from,src/libs/vfs/src/mount/path_cache.rs,202,qualified_path,rust,production
alloc::string,alloc::string::String::from,src/libs/vfs/src/mount/path_cache.rs,203,qualified_path,rust,production
alloc::string,alloc::string::String::from,src/libs/vfs/src/mount/path_cache.rs,216,qualified_path,rust,production
alloc::string,alloc::string::String::from,src/libs/vfs/src/mount/path_cache.rs,217,qualified_path,rust,production
alloc::string,alloc::string::String,src/libs/vfs/src/mount/vfs.rs,26,import,rust,production
alloc::string,alloc::string::String::from,src/libs/vfs/src/mount/vfs.rs,147,qualified_path,rust,production
alloc::string,alloc::string::String::from,src/libs/vfs/src/mount/vfs.rs,175,qualified_path,rust,production
alloc::string,alloc::string::String::new,src/libs/vfs/src/mount/vfs.rs,177,qualified_path,rust,production
alloc::string,alloc::string::String::from,src/libs/vfs/src/mount/vfs.rs,218,qualified_path,rust,production
alloc::string,alloc::string::String::from,src/libs/vfs/src/mount/vfs.rs,397,qualified_path,rust,production
alloc::string,alloc::string::String::from,src/libs/vfs/src/mount/vfs.rs,458,qualified_path,rust,production
alloc::string,alloc::string::String::from,src/libs/vfs/src/mount/vfs.rs,685,qualified_path,rust,production
alloc::string,alloc::string::String,src/libs/vfs/src/open_options.rs,248,qualified_path,verus,production
alloc::string,alloc::string::String,src/libs/vfs/src/process.rs,14,import,rust,production
alloc::string,alloc::string::String::from,src/libs/vfs/src/process.rs,103,qualified_path,rust,production
alloc::string,alloc::string::String::from,src/libs/vfs/src/process.rs,171,qualified_path,rust,production
alloc::string,alloc::string::String,src/libs/vfs/src/state.rs,25,import,verus,production
alloc::string,alloc::string::String::from,src/libs/vfs/src/state.rs,200,qualified_path,verus,production
alloc::string,alloc::string::String::from,src/libs/vfs/src/state.rs,263,qualified_path,verus,production
alloc::string,alloc::string::String::from,src/libs/vfs/src/state.rs,277,qualified_path,verus,production
alloc::string,alloc::string::String::from,src/libs/vfs/src/state.rs,438,qualified_path,verus,production
alloc::string,alloc::string::String,src/tests/integration/test-rust-dlfcn/src/tests/dlfcn.rs,8,import,rust,test_or_benchmark
alloc::string,alloc::string::String,src/tests/integration/test-rust-file/src/unsafe/fs/chdir.rs,8,import,rust,test_or_benchmark
alloc::string,alloc::string::ToString,src/tests/integration/test-rust-file/src/unsafe/fs/chdir.rs,8,import,rust,test_or_benchmark
alloc::string,alloc::string::String,src/tests/integration/test-rust-kernel/src/mmio_ramfs.rs,8,import,verus,test_or_benchmark
alloc::string,alloc::string::String::with_capacity,src/tests/integration/test-rust-kernel/src/mmio_ramfs.rs,243,qualified_path,verus,test_or_benchmark
alloc::string,alloc::string::String,src/tests/integration/test-rust-mount-test/src/readdir_ops.rs,60,import,rust,test_or_benchmark
alloc::string,alloc::string::ToString,src/tests/integration/test-rust-mount-test/src/readdir_ops.rs,60,import,rust,test_or_benchmark
alloc::string,alloc::string::ToString::to_string,src/tests/integration/test-rust-mount-test/src/readdir_ops.rs,98,qualified_path,rust,test_or_benchmark
alloc::string,alloc::string::String,src/tests/integration/test-rust-network/src/tests/unix.rs,192,qualified_path,rust,test_or_benchmark
alloc::string,alloc::string::String,src/tests/integration/test-rust-vfs-test/src/main.rs,343,qualified_path,rust,test_or_benchmark
alloc::string,alloc::string::String,src/tests/integration/test-rust-vfs-test/src/main.rs,350,qualified_path,rust,test_or_benchmark
alloc::string,alloc::string::String,src/tests/integration/test-rust-vfs-test/src/main.rs,358,qualified_path,rust,test_or_benchmark
alloc::string,alloc::string::String,src/tests/integration/test-rust-vfs-test/src/main.rs,1035,qualified_path,rust,test_or_benchmark
alloc::string,alloc::string::String,src/tests/integration/test-rust-vfs-test/src/main.rs,1043,qualified_path,rust,test_or_benchmark
alloc::string,alloc::string::String,src/tests/integration/test-rust-vfs-test/src/main.rs,1053,qualified_path,rust,test_or_benchmark
alloc::sync,alloc::sync::Arc,src/kernel/src/ipc/bulk_pull.rs,13,import,rust,production
alloc::sync,alloc::sync::Arc::new,src/kernel/src/ipc/bulk_pull.rs,138,qualified_path,rust,production
alloc::sync,alloc::sync::Arc,src/kernel/src/ipc/rendezvous.rs,17,import,rust,production
alloc::sync,alloc::sync::Arc::new,src/kernel/src/ipc/rendezvous.rs,571,qualified_path,rust,production
alloc::sync,alloc::sync::Arc,src/kernel/src/pm/sync/condvar.rs,13,import,verus,production
alloc::sync,alloc::sync::Arc::new,src/kernel/src/pm/sync/condvar.rs,72,qualified_path,verus,production
alloc::sync,alloc::sync::Arc::strong_count,src/kernel/src/pm/sync/condvar.rs,94,qualified_path,verus,production
alloc::sync,alloc::sync::Arc,src/kernel/src/pm/sync/mutex.rs,12,import,verus,production
alloc::sync,alloc::sync::Arc::new,src/kernel/src/pm/sync/mutex.rs,99,qualified_path,verus,production
alloc::sync,alloc::sync::Arc::strong_count,src/kernel/src/pm/sync/mutex.rs,121,qualified_path,verus,production
alloc::sync,alloc::sync::Arc,src/libs/syscall/src/dlfcn/syscall/dladdr.rs,18,import,rust,production
alloc::sync,alloc::sync::Arc,src/libs/syscall/src/dlfcn/syscall/dlclose.rs,13,import,rust,production
alloc::sync,alloc::sync::Arc::strong_count,src/libs/syscall/src/dlfcn/syscall/dlclose.rs,75,qualified_path,rust,production
alloc::sync,alloc::sync::Arc::strong_count,src/libs/syscall/src/dlfcn/syscall/dlclose.rs,112,qualified_path,rust,production
alloc::sync,alloc::sync::Arc::strong_count,src/libs/syscall/src/dlfcn/syscall/dlclose.rs,203,qualified_path,rust,production
alloc::sync,alloc::sync::Arc,src/libs/syscall/src/dlfcn/syscall/dlopen.rs,14,import,verus,production
alloc::sync,alloc::sync::Arc::new,src/libs/syscall/src/dlfcn/syscall/dlopen.rs,111,qualified_path,verus,production
alloc::sync,alloc::sync::Arc::new,src/libs/syscall/src/dlfcn/syscall/dlopen.rs,428,qualified_path,verus,production
alloc::sync,alloc::sync::Arc,src/libs/syscall/src/dlfcn/syscall/dynlib.rs,18,import,rust,production
alloc::sync,alloc::sync::Arc::new,src/libs/syscall/src/dlfcn/syscall/dynlib.rs,552,qualified_path,rust,production
alloc::sync,alloc::sync::Arc::as_ptr,src/libs/syscall/src/dlfcn/syscall/dynlib.rs,920,qualified_path,rust,production
alloc::sync,alloc::sync::Arc,src/libs/syscall/src/dlfcn/syscall/mod.rs,29,import,verus,production
alloc::sync,alloc::sync::Arc::ptr_eq,src/libs/syscall/src/dlfcn/syscall/mod.rs,351,qualified_path,verus,production
alloc::sync,alloc::sync::Arc,src/libs/syscall/src/pthread/syscall/rwlock.rs,8,import,rust,production
alloc::sync,alloc::sync::Arc::new,src/libs/syscall/src/pthread/syscall/rwlock.rs,163,qualified_path,rust,production
alloc::sync,alloc::sync::Arc::new,src/libs/syscall/src/pthread/syscall/rwlock.rs,405,qualified_path,rust,production
alloc::sync,alloc::sync::Arc,src/libs/syscall/src/safe/dir/mod.rs,42,import,rust,production
alloc::sync,alloc::sync::Arc::new,src/libs/syscall/src/safe/dir/mod.rs,241,qualified_path,rust,production
alloc::sync,alloc::sync::Arc::new,src/libs/syscall/src/safe/dir/mod.rs,346,qualified_path,rust,production
alloc::sync,alloc::sync::Arc,src/libs/vfs/src/descriptor/console_handle.rs,12,import,rust,production
alloc::sync,alloc::sync::Arc::new,src/libs/vfs/src/descriptor/console_handle.rs,43,qualified_path,rust,production
alloc::sync,alloc::sync::Arc,src/libs/vfs/src/fd/mod.rs,51,import,verus,production
alloc::sync,alloc::sync::Arc::new,src/libs/vfs/src/fd/mod.rs,180,qualified_path,verus,production
alloc::sync,alloc::sync::Arc::new,src/libs/vfs/src/fd/mod.rs,333,qualified_path,verus,production
alloc::sync,alloc::sync::Arc::new,src/libs/vfs/src/fd/mod.rs,339,qualified_path,verus,production
alloc::sync,alloc::sync::Arc::as_ptr,src/libs/vfs/src/fd/mod.rs,393,qualified_path,verus,production
alloc::sync,alloc::sync::Arc::as_ptr,src/libs/vfs/src/fd/mod.rs,401,qualified_path,verus,production
alloc::sync,alloc::sync::Arc::strong_count,src/libs/vfs/src/fd/mod.rs,403,qualified_path,verus,production
alloc::sync,alloc::sync::Arc::as_ptr,src/libs/vfs/src/fd/mod.rs,502,qualified_path,verus,production
alloc::sync,alloc::sync::Arc::as_ptr,src/libs/vfs/src/fd/mod.rs,510,qualified_path,verus,production
alloc::sync,alloc::sync::Arc::strong_count,src/libs/vfs/src/fd/mod.rs,512,qualified_path,verus,production
alloc::sync,alloc::sync::Arc::strong_count,src/libs/vfs/src/fd/mod.rs,553,qualified_path,verus,production
alloc::sync,alloc::sync::Arc::strong_count,src/libs/vfs/src/fd/mod.rs,573,qualified_path,verus,production
alloc::sync,alloc::sync::Arc::strong_count,src/libs/vfs/src/fd/mod.rs,687,qualified_path,verus,production
alloc::sync,alloc::sync::Arc,src/libs/vfs/src/pipe/pipe_end.rs,33,import,verus,production
alloc::sync,alloc::sync::Arc::new,src/libs/vfs/src/pipe/pipe_end.rs,181,qualified_path,verus,production
alloc::sync,alloc::sync::Arc,src/libs/vfs/src/process.rs,14,import,rust,production
alloc::vec,alloc::vec,src/benchmarks/echo-rust-nostd/src/main.rs,16,import,rust,test_or_benchmark
alloc::vec,alloc::vec::Vec,src/benchmarks/echo-rust-nostd/src/main.rs,16,import,rust,test_or_benchmark
alloc::vec,alloc::vec,src/benchmarks/snapshot-rust-nostd/src/main.rs,18,import,verus,test_or_benchmark
alloc::vec,alloc::vec::Vec,src/benchmarks/snapshot-rust-nostd/src/main.rs,18,import,verus,test_or_benchmark
alloc::vec,alloc::vec::Vec,src/benchmarks/socket-echo-rust-nostd/src/main.rs,16,import,rust,test_or_benchmark
alloc::vec,alloc::vec::Vec::new,src/benchmarks/socket-echo-rust-nostd/src/main.rs,82,qualified_path,rust,test_or_benchmark
alloc::vec,alloc::vec,src/daemons/vfsd/src/assembler.rs,54,import,rust,production
alloc::vec,alloc::vec::Vec,src/daemons/vfsd/src/assembler.rs,54,import,rust,production
alloc::vec,alloc::vec,src/daemons/vfsd/src/handler/hostfs_handlers.rs,599,import,rust,production
alloc::vec,alloc::vec::Vec,src/daemons/vfsd/src/handler/hostfs_handlers.rs,599,import,rust,production
alloc::vec,alloc::vec::Vec::new,src/daemons/vfsd/src/handler/hostfs_handlers.rs,667,qualified_path,rust,production
alloc::vec,alloc::vec,src/daemons/vfsd/src/handler/long.rs,65,import,rust,production
alloc::vec,alloc::vec::Vec,src/daemons/vfsd/src/handler/long.rs,65,import,rust,production
alloc::vec,alloc::vec,src/daemons/vfsd/src/handler/mount_handler.rs,12,import,rust,production
alloc::vec,alloc::vec::Vec,src/daemons/vfsd/src/handler/mount_handler.rs,12,import,rust,production
alloc::vec,alloc::vec::Vec,src/daemons/vfsd/src/handler/pipe.rs,311,qualified_path,verus,production
alloc::vec,alloc::vec::Vec,src/daemons/vfsd/src/handler/pipe.rs,332,qualified_path,verus,production
alloc::vec,alloc::vec::Vec,src/daemons/vfsd/src/handler/readwrite.rs,12,import,rust,production
alloc::vec,alloc::vec::Vec,src/daemons/vfsd/src/hostfs.rs,191,qualified_path,rust,production
alloc::vec,alloc::vec::Vec,src/daemons/vfsd/src/hostfs.rs,313,qualified_path,rust,production
alloc::vec,alloc::vec::Vec,src/daemons/vfsd/src/hostfs.rs,323,qualified_path,rust,production
alloc::vec,alloc::vec::Vec,src/daemons/vfsd/src/hostfs.rs,333,qualified_path,rust,production
alloc::vec,alloc::vec::Vec,src/daemons/vfsd/src/hostfs.rs,388,qualified_path,rust,production
alloc::vec,alloc::vec::Vec,src/daemons/vfsd/src/hostfs.rs,415,qualified_path,rust,production
alloc::vec,alloc::vec::Vec,src/daemons/vfsd/src/hostfs.rs,448,qualified_path,rust,production
alloc::vec,alloc::vec::Vec,src/daemons/vfsd/src/hostfs.rs,476,qualified_path,rust,production
alloc::vec,alloc::vec::Vec,src/daemons/vfsd/src/hostfs.rs,509,qualified_path,rust,production
alloc::vec,alloc::vec::Vec,src/daemons/vfsd/src/ipc.rs,55,import,verus,production
alloc::vec,alloc::vec::Vec,src/daemons/vfsd/src/pending.rs,116,qualified_path,rust,production
alloc::vec,alloc::vec::Vec,src/daemons/vfsd/src/pending.rs,560,qualified_path,rust,production
alloc::vec,alloc::vec::Vec,src/daemons/vfsd/src/pending.rs,630,qualified_path,rust,production
alloc::vec,alloc::vec::Vec::new,src/daemons/vfsd/src/pending.rs,630,qualified_path,rust,production
alloc::vec,alloc::vec::Vec,src/daemons/vfsd/src/pending.rs,997,qualified_path,rust,production
alloc::vec,alloc::vec::Vec,src/daemons/vfsd/src/pending.rs,1047,qualified_path,rust,production
alloc::vec,alloc::vec::Vec,src/daemons/vfsd/src/pipe_wait.rs,18,import,rust,production
alloc::vec,alloc::vec::Vec,src/kernel/src/hal/platform/microvm/mod.rs,56,import,rust,production
alloc::vec,alloc::vec::Vec,src/kernel/src/ipc/pull.rs,133,qualified_path,rust,production
alloc::vec,alloc::vec::Vec,src/kernel/src/ipc/push.rs,133,qualified_path,rust,production
alloc::vec,alloc::vec::Vec,src/kernel/src/ipc/rendezvous.rs,17,import,rust,production
alloc::vec,alloc::vec::Vec::new,src/kernel/src/ipc/rendezvous.rs,209,qualified_path,rust,production
alloc::vec,alloc::vec::Vec::new,src/kernel/src/ipc/rendezvous.rs,210,qualified_path,rust,production
alloc::vec,alloc::vec::Vec::new,src/kernel/src/ipc/rendezvous.rs,652,qualified_path,rust,production
alloc::vec,alloc::vec::Vec,src/kernel/src/ipc/sg.rs,15,import,rust,production
alloc::vec,alloc::vec::Vec::new,src/kernel/src/ipc/sg.rs,90,qualified_path,rust,production
alloc::vec,alloc::vec::Vec,src/kernel/src/kmain.rs,403,qualified_path,rust,production
alloc::vec,alloc::vec::Vec,src/kernel/src/mm/elf.rs,30,import,rust,production
alloc::vec,alloc::vec::Vec,src/kernel/src/mm/kernel_vas.rs,23,import,rust,production
alloc::vec,alloc::vec::Vec,src/kernel/src/mm/kstack.rs,16,import,rust,production
alloc::vec,alloc::vec::Vec,src/kernel/src/mm/mod.rs,49,import,rust,production
alloc::vec,alloc::vec::Vec::new,src/kernel/src/mm/mod.rs,211,qualified_path,rust,production
alloc::vec,alloc::vec::Vec,src/kernel/src/mm/phys/manager.rs,19,import,rust,production
alloc::vec,alloc::vec::Vec,src/kernel/src/mm/virt/boot_init.rs,36,import,rust,production
alloc::vec,alloc::vec::Vec,src/kernel/src/mm/virt/manager.rs,37,import,verus,production
alloc::vec,alloc::vec::Vec,src/kernel/src/multibin.rs,12,import,rust,production
alloc::vec,alloc::vec::Vec::new,src/kernel/src/multibin.rs,55,qualified_path,rust,production
alloc::vec,alloc::vec::Vec,src/kernel/src/pm/process/manager/mod.rs,85,import,rust,production
alloc::vec,alloc::vec::Vec::new,src/kernel/src/pm/process/manager/mod.rs,292,qualified_path,rust,production
alloc::vec,alloc::vec::Vec::new,src/kernel/src/pm/process/manager/mod.rs,293,qualified_path,rust,production
alloc::vec,alloc::vec::Vec::new,src/kernel/src/pm/process/manager/mod.rs,296,qualified_path,rust,production
alloc::vec,alloc::vec::Vec,src/kernel/src/pm/process/manager/mod.rs,2768,qualified_path,rust,production
alloc::vec,alloc::vec::Vec::new,src/kernel/src/pm/process/manager/mod.rs,3541,qualified_path,rust,production
alloc::vec,alloc::vec::Vec,src/kernel/src/pm/process/manager/unsafe.rs,57,import,rust,production
alloc::vec,alloc::vec::Vec,src/libs/cmdline/src/lib.rs,105,qualified_path,rust,production
alloc::vec,alloc::vec::Vec,src/libs/elf/src/symtab.rs,32,import,rust,production
alloc::vec,alloc::vec::Vec::new,src/libs/elf/src/symtab.rs,91,qualified_path,rust,production
alloc::vec,alloc::vec::Vec::new,src/libs/elf/src/symtab.rs,311,qualified_path,rust,production
alloc::vec,alloc::vec::Vec,src/libs/fat32/src/fat/filesystem.rs,361,qualified_path,verus,production
alloc::vec,alloc::vec,src/libs/fat32/src/fat/filesystem.rs,573,import,verus,production
alloc::vec,alloc::vec::Vec,src/libs/fat32/src/fat/filesystem.rs,573,import,verus,production
alloc::vec,alloc::vec::Vec,src/libs/fat32/src/fat/filesystem.rs,909,qualified_path,verus,production
alloc::vec,alloc::vec,src/libs/fat32/src/fat/filesystem.rs,1004,import,verus,production
alloc::vec,alloc::vec::Vec,src/libs/fat32/src/fat/filesystem.rs,1004,import,verus,production
alloc::vec,alloc::vec,src/libs/fat32/src/fat/storage.rs,362,import,verus,production
alloc::vec,alloc::vec::Vec,src/libs/fat32/src/fat/storage.rs,362,import,verus,production
alloc::vec,alloc::vec,src/libs/fat32/src/fat/storage.rs,623,import,verus,production
alloc::vec,alloc::vec::Vec,src/libs/fat32/src/fat/storage.rs,623,import,verus,production
alloc::vec,alloc::vec::Vec,src/libs/hostfs-api/src/long_msg.rs,45,import,rust,production
alloc::vec,alloc::vec::Vec::with_capacity,src/libs/hostfs-api/src/long_msg.rs,230,qualified_path,rust,production
alloc::vec,alloc::vec::Vec::with_capacity,src/libs/hostfs-api/src/long_msg.rs,249,qualified_path,rust,production
alloc::vec,alloc::vec::Vec::with_capacity,src/libs/hostfs-api/src/long_msg.rs,285,qualified_path,rust,production
alloc::vec,alloc::vec::Vec::with_capacity,src/libs/hostfs-api/src/long_msg.rs,577,qualified_path,rust,production
alloc::vec,alloc::vec::Vec::with_capacity,src/libs/hostfs-api/src/long_msg.rs,592,qualified_path,rust,production
alloc::vec,alloc::vec::Vec::with_capacity,src/libs/hostfs-api/src/long_msg.rs,605,qualified_path,rust,production
alloc::vec,alloc::vec::Vec::with_capacity,src/libs/hostfs-api/src/long_msg.rs,618,qualified_path,rust,production
alloc::vec,alloc::vec::Vec::with_capacity,src/libs/hostfs-api/src/long_msg.rs,637,qualified_path,rust,production
alloc::vec,alloc::vec::Vec::with_capacity,src/libs/hostfs-api/src/long_msg.rs,657,qualified_path,rust,production
alloc::vec,alloc::vec::Vec::with_capacity,src/libs/hostfs-api/src/long_msg.rs,672,qualified_path,rust,production
alloc::vec,alloc::vec::Vec::with_capacity,src/libs/hostfs-api/src/long_msg.rs,685,qualified_path,rust,production
alloc::vec,alloc::vec::Vec,src/libs/koptions/src/lib.rs,17,import,rust,production
alloc::vec,alloc::vec::Vec::new,src/libs/koptions/src/lib.rs,68,qualified_path,rust,production
alloc::vec,alloc::vec::Vec,src/libs/libc_glob/src/bindings.rs,8,import,rust,production
alloc::vec,alloc::vec::Vec::with_capacity,src/libs/libc_glob/src/bindings.rs,157,qualified_path,rust,production
alloc::vec,alloc::vec::Vec::with_capacity,src/libs/libc_glob/src/bindings.rs,178,qualified_path,rust,production
alloc::vec,alloc::vec::Vec::new,src/libs/libc_glob/src/bindings.rs,508,qualified_path,rust,production
alloc::vec,alloc::vec::Vec,src/libs/libc_regex/src/matcher.rs,12,import,rust,production
alloc::vec,alloc::vec,src/libs/libc_regex/src/matcher.rs,152,qualified_path,rust,production
alloc::vec,alloc::vec::Vec::new,src/libs/libc_regex/src/matcher.rs,155,qualified_path,rust,production
alloc::vec,alloc::vec::Vec::new,src/libs/libc_regex/src/matcher.rs,156,qualified_path,rust,production
alloc::vec,alloc::vec,src/libs/libc_regex/src/matcher.rs,161,qualified_path,rust,production
alloc::vec,alloc::vec::Vec,src/libs/libc_regex/src/prog.rs,9,import,rust,production
alloc::vec,alloc::vec::Vec::new,src/libs/libc_regex/src/prog.rs,177,qualified_path,rust,production
alloc::vec,alloc::vec::Vec::new,src/libs/libc_regex/src/prog.rs,205,qualified_path,rust,production
alloc::vec,alloc::vec::Vec,src/libs/libc_stdlib/src/env_table.rs,8,import,rust,production
alloc::vec,alloc::vec::Vec::new,src/libs/libc_stdlib/src/env_table.rs,52,qualified_path,rust,production
alloc::vec,alloc::vec::Vec::new,src/libs/libc_stdlib/src/env_table.rs,65,qualified_path,rust,production
alloc::vec,alloc::vec::Vec::with_capacity,src/libs/libc_stdlib/src/env_table.rs,292,qualified_path,rust,production
alloc::vec,alloc::vec::Vec::with_capacity,src/libs/libc_stdlib/src/env_table.rs,373,qualified_path,rust,production
alloc::vec,alloc::vec::Vec::new,src/libs/libc_stdlib/src/env_table.rs,764,qualified_path,rust,production
alloc::vec,alloc::vec::Vec,src/libs/nanvix_libc/src/start.rs,47,import,rust,production
alloc::vec,alloc::vec::Vec::new,src/libs/nanvix_libc/src/start.rs,526,qualified_path,rust,production
alloc::vec,alloc::vec::Vec,src/libs/proc/src/daemon/mod.rs,27,import,verus,production
alloc::vec,alloc::vec::Vec::new,src/libs/proc/src/daemon/mod.rs,124,qualified_path,verus,production
alloc::vec,alloc::vec::Vec::new,src/libs/proc/src/daemon/mod.rs,231,qualified_path,verus,production
alloc::vec,alloc::vec::Vec::new,src/libs/proc/src/daemon/mod.rs,232,qualified_path,verus,production
alloc::vec,alloc::vec::Vec::new,src/libs/proc/src/daemon/mod.rs,233,qualified_path,verus,production
alloc::vec,alloc::vec::Vec::new,src/libs/proc/src/daemon/mod.rs,657,qualified_path,verus,production
alloc::vec,alloc::vec::Vec::new,src/libs/proc/src/daemon/mod.rs,1967,qualified_path,verus,production
alloc::vec,alloc::vec::Vec::new,src/libs/proc/src/daemon/mod.rs,1987,qualified_path,verus,production
alloc::vec,alloc::vec::Vec::new,src/libs/proc/src/daemon/mod.rs,1988,qualified_path,verus,production
alloc::vec,alloc::vec::Vec::new,src/libs/proc/src/daemon/mod.rs,1989,qualified_path,verus,production
alloc::vec,alloc::vec::Vec,src/libs/sorted-vec/src/lib.rs,23,import,rust,production
alloc::vec,alloc::vec::Vec::new,src/libs/sorted-vec/src/lib.rs,59,qualified_path,rust,production
alloc::vec,alloc::vec::Vec::with_capacity,src/libs/sorted-vec/src/lib.rs,77,qualified_path,rust,production
alloc::vec,alloc::vec::IntoIter,src/libs/sorted-vec/src/lib.rs,353,qualified_path,rust,production
alloc::vec,alloc::vec,src/libs/sorted-vec/src/test.rs,5,import,rust,production
alloc::vec,alloc::vec::Vec,src/libs/sorted-vec/src/test.rs,5,import,rust,production
alloc::vec,alloc::vec::Vec,src/libs/syscall/src/dirent/message/getdents.rs,19,import,rust,production
alloc::vec,alloc::vec::Vec::new,src/libs/syscall/src/dirent/message/getdents.rs,160,qualified_path,rust,production
alloc::vec,alloc::vec::Vec::new,src/libs/syscall/src/dirent/message/getdents.rs,198,qualified_path,rust,production
alloc::vec,alloc::vec::Vec,src/libs/syscall/src/dirent/syscall/getdents.rs,24,import,rust,production
alloc::vec,alloc::vec::Vec,src/libs/syscall/src/dirent/syscall/readdir.rs,13,import,rust,production
alloc::vec,alloc::vec::Vec,src/libs/syscall/src/dlfcn/syscall/dlclose.rs,13,import,rust,production
alloc::vec,alloc::vec::Vec::new,src/libs/syscall/src/dlfcn/syscall/dlclose.rs,91,qualified_path,rust,production
alloc::vec,alloc::vec::Vec::new,src/libs/syscall/src/dlfcn/syscall/dlclose.rs,92,qualified_path,rust,production
alloc::vec,alloc::vec::Vec,src/libs/syscall/src/dlfcn/syscall/dlopen.rs,14,import,verus,production
alloc::vec,alloc::vec::Vec::new,src/libs/syscall/src/dlfcn/syscall/dlopen.rs,326,qualified_path,verus,production
alloc::vec,alloc::vec::Vec::with_capacity,src/libs/syscall/src/dlfcn/syscall/dlopen.rs,486,qualified_path,verus,production
alloc::vec,alloc::vec::Vec::with_capacity,src/libs/syscall/src/dlfcn/syscall/dlopen.rs,551,qualified_path,verus,production
alloc::vec,alloc::vec,src/libs/syscall/src/dlfcn/syscall/dynlib.rs,18,import,rust,production
alloc::vec,alloc::vec::Vec,src/libs/syscall/src/dlfcn/syscall/dynlib.rs,18,import,rust,production
alloc::vec,alloc::vec::Vec::new,src/libs/syscall/src/dlfcn/syscall/dynlib.rs,341,qualified_path,rust,production
alloc::vec,alloc::vec::Vec::new,src/libs/syscall/src/dlfcn/syscall/dynlib.rs,468,qualified_path,rust,production
alloc::vec,alloc::vec::Vec::new,src/libs/syscall/src/dlfcn/syscall/dynlib.rs,528,qualified_path,rust,production
alloc::vec,alloc::vec::Vec::new,src/libs/syscall/src/dlfcn/syscall/dynlib.rs,1295,qualified_path,rust,production
alloc::vec,alloc::vec::Vec::new,src/libs/syscall/src/dlfcn/syscall/dynlib.rs,1350,qualified_path,rust,production
alloc::vec,alloc::vec::Vec,src/libs/syscall/src/dlfcn/syscall/exe_link.rs,8,import,rust,production
alloc::vec,alloc::vec::Vec::new,src/libs/syscall/src/dlfcn/syscall/exe_link.rs,105,qualified_path,rust,production
alloc::vec,alloc::vec::Vec,src/libs/syscall/src/dlfcn/syscall/mod.rs,29,import,verus,production
alloc::vec,alloc::vec::Vec::new,src/libs/syscall/src/dlfcn/syscall/mod.rs,73,qualified_path,verus,production
alloc::vec,alloc::vec,src/libs/syscall/src/dlfcn/syscall/mod.rs,80,qualified_path,verus,production
alloc::vec,alloc::vec::Vec,src/libs/syscall/src/fcntl/message/openat.rs,18,import,rust,production
alloc::vec,alloc::vec::Vec::new,src/libs/syscall/src/fcntl/message/openat.rs,130,qualified_path,rust,production
alloc::vec,alloc::vec::Vec,src/libs/syscall/src/fcntl/message/renameat.rs,18,import,rust,production
alloc::vec,alloc::vec::Vec::new,src/libs/syscall/src/fcntl/message/renameat.rs,148,qualified_path,rust,production
alloc::vec,alloc::vec::Vec,src/libs/syscall/src/fcntl/message/unlinkat.rs,18,import,rust,production
alloc::vec,alloc::vec::Vec::new,src/libs/syscall/src/fcntl/message/unlinkat.rs,124,qualified_path,rust,production
alloc::vec,alloc::vec::Vec,src/libs/syscall/src/fcntl/syscall/openat.rs,17,import,rust,production
alloc::vec,alloc::vec::Vec,src/libs/syscall/src/fcntl/syscall/renameat.rs,15,import,rust,production
alloc::vec,alloc::vec::Vec,src/libs/syscall/src/fcntl/syscall/unlinkat.rs,15,import,rust,production
alloc::vec,alloc::vec::Vec,src/libs/syscall/src/message/long.rs,6,import,rust,production
alloc::vec,alloc::vec::Vec::with_capacity,src/libs/syscall/src/message/long.rs,54,qualified_path,rust,production
alloc::vec,alloc::vec::Vec,src/libs/syscall/src/message/mod.rs,15,import,rust,production
alloc::vec,alloc::vec::Vec::with_capacity,src/libs/syscall/src/message/mod.rs,142,qualified_path,rust,production
alloc::vec,alloc::vec::Vec::with_capacity,src/libs/syscall/src/message/mod.rs,181,qualified_path,rust,production
alloc::vec,alloc::vec::Vec,src/libs/syscall/src/netinet/in_.rs,8,import,rust,production
alloc::vec,alloc::vec::Vec,src/libs/syscall/src/poll/bindings.rs,17,import,rust,production
alloc::vec,alloc::vec::Vec,src/libs/syscall/src/poll/message.rs,17,import,rust,production
alloc::vec,alloc::vec::Vec::new,src/libs/syscall/src/poll/message.rs,149,qualified_path,rust,production
alloc::vec,alloc::vec::Vec::with_capacity,src/libs/syscall/src/poll/message.rs,202,qualified_path,rust,production
alloc::vec,alloc::vec::Vec::with_capacity,src/libs/syscall/src/poll/message.rs,203,qualified_path,rust,production
alloc::vec,alloc::vec::Vec::new,src/libs/syscall/src/poll/message.rs,341,qualified_path,rust,production
alloc::vec,alloc::vec::Vec::with_capacity,src/libs/syscall/src/poll/message.rs,381,qualified_path,rust,production
alloc::vec,alloc::vec::Vec::with_capacity,src/libs/syscall/src/poll/message.rs,382,qualified_path,rust,production
alloc::vec,alloc::vec::Vec,src/libs/syscall/src/poll/syscall.rs,9,import,rust,production
alloc::vec,alloc::vec::Vec,src/libs/syscall/src/safe/dir/mod.rs,42,import,rust,production
alloc::vec,alloc::vec::Vec::new,src/libs/syscall/src/safe/dir/mod.rs,244,qualified_path,rust,production
alloc::vec,alloc::vec,src/libs/syscall/src/safe/fs/mod.rs,41,import,rust,production
alloc::vec,alloc::vec::Vec,src/libs/syscall/src/safe/fs/mod.rs,41,import,rust,production
alloc::vec,alloc::vec::Vec,src/libs/syscall/src/safe/sys/mod.rs,21,import,rust,production
alloc::vec,alloc::vec::Vec,src/libs/syscall/src/sys/mount/message/mount.rs,18,import,rust,production
alloc::vec,alloc::vec::Vec::new,src/libs/syscall/src/sys/mount/message/mount.rs,105,qualified_path,rust,production
alloc::vec,alloc::vec::Vec,src/libs/syscall/src/sys/mount/message/umount.rs,18,import,rust,production
alloc::vec,alloc::vec::Vec::new,src/libs/syscall/src/sys/mount/message/umount.rs,75,qualified_path,rust,production
alloc::vec,alloc::vec::Vec,src/libs/syscall/src/sys/mount/syscall/mount_impl.rs,14,import,rust,production
alloc::vec,alloc::vec::Vec,src/libs/syscall/src/sys/mount/syscall/umount_impl.rs,14,import,rust,production
alloc::vec,alloc::vec::Vec,src/libs/syscall/src/sys/select/message/mod.rs,18,import,rust,production
alloc::vec,alloc::vec,src/libs/syscall/src/sys/select/message/mod.rs,177,qualified_path,rust,production
alloc::vec,alloc::vec,src/libs/syscall/src/sys/select/message/mod.rs,514,qualified_path,rust,production
alloc::vec,alloc::vec,src/libs/syscall/src/sys/select/message/mod.rs,521,qualified_path,rust,production
alloc::vec,alloc::vec::Vec,src/libs/syscall/src/sys/socket/bindings/recvmsg.rs,15,import,rust,production
alloc::vec,alloc::vec,src/libs/syscall/src/sys/socket/bindings/recvmsg.rs,165,qualified_path,rust,production
alloc::vec,alloc::vec::Vec,src/libs/syscall/src/sys/socket/bindings/sendmsg.rs,15,import,rust,production
alloc::vec,alloc::vec::Vec::new,src/libs/syscall/src/sys/socket/bindings/sendmsg.rs,140,qualified_path,rust,production
alloc::vec,alloc::vec::Vec,src/libs/syscall/src/sys/stat/message/fchmodat.rs,18,import,rust,production
alloc::vec,alloc::vec::Vec::new,src/libs/syscall/src/sys/stat/message/fchmodat.rs,137,qualified_path,rust,production
alloc::vec,alloc::vec::Vec,src/libs/syscall/src/sys/stat/message/fstatat.rs,17,import,rust,production
alloc::vec,alloc::vec::Vec::with_capacity,src/libs/syscall/src/sys/stat/message/fstatat.rs,112,qualified_path,rust,production
alloc::vec,alloc::vec::Vec::with_capacity,src/libs/syscall/src/sys/stat/message/fstatat.rs,270,qualified_path,rust,production
alloc::vec,alloc::vec::Vec,src/libs/syscall/src/sys/stat/message/mkdirat.rs,18,import,rust,production
alloc::vec,alloc::vec::Vec::new,src/libs/syscall/src/sys/stat/message/mkdirat.rs,131,qualified_path,rust,production
alloc::vec,alloc::vec::Vec,src/libs/syscall/src/sys/stat/message/utimensat.rs,18,import,rust,production
alloc::vec,alloc::vec::Vec::with_capacity,src/libs/syscall/src/sys/stat/message/utimensat.rs,137,qualified_path,rust,production
alloc::vec,alloc::vec::Vec,src/libs/syscall/src/sys/stat/syscall/fchmodat.rs,14,import,rust,production
alloc::vec,alloc::vec::Vec,src/libs/syscall/src/sys/stat/syscall/fstatat.rs,12,import,rust,production
alloc::vec,alloc::vec::Vec,src/libs/syscall/src/sys/stat/syscall/mkdirat.rs,15,import,rust,production
alloc::vec,alloc::vec::Vec,src/libs/syscall/src/sys/stat/syscall/mod.rs,35,import,rust,production
alloc::vec,alloc::vec::Vec,src/libs/syscall/src/sys/stat/syscall/utimensat.rs,14,import,rust,production
alloc::vec,alloc::vec::Vec,src/libs/syscall/src/unistd/bindings/getcwd.rs,12,import,rust,production
alloc::vec,alloc::vec::Vec,src/libs/syscall/src/unistd/exec/mod.rs,20,import,verus,production
alloc::vec,alloc::vec::Vec::new,src/libs/syscall/src/unistd/exec/mod.rs,331,qualified_path,verus,production
alloc::vec,alloc::vec::Vec,src/libs/syscall/src/unistd/message/chdir.rs,18,import,rust,production
alloc::vec,alloc::vec::Vec::new,src/libs/syscall/src/unistd/message/chdir.rs,107,qualified_path,rust,production
alloc::vec,alloc::vec::Vec,src/libs/syscall/src/unistd/message/faccessat.rs,18,import,rust,production
alloc::vec,alloc::vec::Vec::new,src/libs/syscall/src/unistd/message/faccessat.rs,134,qualified_path,rust,production
alloc::vec,alloc::vec::Vec,src/libs/syscall/src/unistd/message/fchownat.rs,18,import,rust,production
alloc::vec,alloc::vec::Vec::new,src/libs/syscall/src/unistd/message/fchownat.rs,155,qualified_path,rust,production
alloc::vec,alloc::vec::Vec,src/libs/syscall/src/unistd/message/getcwd.rs,18,import,rust,production
alloc::vec,alloc::vec::Vec::new,src/libs/syscall/src/unistd/message/getcwd.rs,127,qualified_path,rust,production
alloc::vec,alloc::vec::Vec,src/libs/syscall/src/unistd/message/linkat.rs,18,import,rust,production
alloc::vec,alloc::vec::Vec::new,src/libs/syscall/src/unistd/message/linkat.rs,139,qualified_path,rust,production
alloc::vec,alloc::vec::Vec,src/libs/syscall/src/unistd/message/readlinkat.rs,17,import,rust,production
alloc::vec,alloc::vec::Vec::new,src/libs/syscall/src/unistd/message/readlinkat.rs,124,qualified_path,rust,production
alloc::vec,alloc::vec::Vec::new,src/libs/syscall/src/unistd/message/readlinkat.rs,304,qualified_path,rust,production
alloc::vec,alloc::vec::Vec,src/libs/syscall/src/unistd/message/symlinkat.rs,18,import,rust,production
alloc::vec,alloc::vec::Vec::new,src/libs/syscall/src/unistd/message/symlinkat.rs,114,qualified_path,rust,production
alloc::vec,alloc::vec::Vec,src/libs/syscall/src/unistd/syscall/chdir.rs,14,import,rust,production
alloc::vec,alloc::vec::Vec,src/libs/syscall/src/unistd/syscall/faccessat.rs,14,import,rust,production
alloc::vec,alloc::vec::Vec,src/libs/syscall/src/unistd/syscall/fchownat.rs,14,import,rust,production
alloc::vec,alloc::vec::Vec,src/libs/syscall/src/unistd/syscall/getcwd.rs,21,import,rust,production
alloc::vec,alloc::vec::Vec,src/libs/syscall/src/unistd/syscall/linkat.rs,15,import,rust,production
alloc::vec,alloc::vec::Vec,src/libs/syscall/src/unistd/syscall/readlinkat.rs,21,import,rust,production
alloc::vec,alloc::vec::Vec,src/libs/syscall/src/unistd/syscall/symlinkat.rs,14,import,rust,production
alloc::vec,alloc::vec::Vec,src/libs/vfs/src/descriptor/directory_handle.rs,14,import,rust,production
alloc::vec,alloc::vec::Vec,src/libs/vfs/src/descriptor/process_exit_reclaim.rs,11,import,rust,production
alloc::vec,alloc::vec::Vec,src/libs/vfs/src/fd/mod.rs,51,import,verus,production
alloc::vec,alloc::vec::Vec::new,src/libs/vfs/src/fd/mod.rs,380,qualified_path,verus,production
alloc::vec,alloc::vec::Vec::new,src/libs/vfs/src/fd/mod.rs,381,qualified_path,verus,production
alloc::vec,alloc::vec::Vec::new,src/libs/vfs/src/fd/mod.rs,382,qualified_path,verus,production
alloc::vec,alloc::vec::Vec::new,src/libs/vfs/src/fd/mod.rs,396,qualified_path,verus,production
alloc::vec,alloc::vec::Vec::new,src/libs/vfs/src/fd/mod.rs,397,qualified_path,verus,production
alloc::vec,alloc::vec::Vec::new,src/libs/vfs/src/fd/mod.rs,399,qualified_path,verus,production
alloc::vec,alloc::vec::Vec::new,src/libs/vfs/src/fd/mod.rs,464,qualified_path,verus,production
alloc::vec,alloc::vec::Vec::new,src/libs/vfs/src/fd/mod.rs,465,qualified_path,verus,production
alloc::vec,alloc::vec::Vec::new,src/libs/vfs/src/fd/mod.rs,466,qualified_path,verus,production
alloc::vec,alloc::vec::Vec::new,src/libs/vfs/src/fd/mod.rs,479,qualified_path,verus,production
alloc::vec,alloc::vec::Vec::new,src/libs/vfs/src/fd/mod.rs,480,qualified_path,verus,production
alloc::vec,alloc::vec::Vec::new,src/libs/vfs/src/fd/mod.rs,481,qualified_path,verus,production
alloc::vec,alloc::vec::Vec::with_capacity,src/libs/vfs/src/fd/mod.rs,484,qualified_path,verus,production
alloc::vec,alloc::vec::Vec::new,src/libs/vfs/src/fd/mod.rs,505,qualified_path,verus,production
alloc::vec,alloc::vec::Vec::new,src/libs/vfs/src/fd/mod.rs,506,qualified_path,verus,production
alloc::vec,alloc::vec::Vec::new,src/libs/vfs/src/fd/mod.rs,508,qualified_path,verus,production
alloc::vec,alloc::vec::Vec,src/libs/vfs/src/fd/mod.rs,1447,qualified_path,verus,production
alloc::vec,alloc::vec::Vec::new,src/libs/vfs/src/fd/mod.rs,1832,qualified_path,verus,production
alloc::vec,alloc::vec::Vec,src/libs/vfs/src/file.rs,31,import,rust,production
alloc::vec,alloc::vec::Vec,src/libs/vfs/src/filesystem.rs,33,import,verus,production
alloc::vec,alloc::vec::Vec,src/libs/vfs/src/filesystem/handle.rs,11,import,rust,production
alloc::vec,alloc::vec,src/libs/vfs/src/filesystem/handle.rs,198,qualified_path,rust,production
alloc::vec,alloc::vec::Vec,src/libs/vfs/src/line_discipline/discipline.rs,71,import,rust,production
alloc::vec,alloc::vec::Vec::new,src/libs/vfs/src/line_discipline/discipline.rs,139,qualified_path,rust,production
alloc::vec,alloc::vec::Vec::new,src/libs/vfs/src/line_discipline/discipline.rs,142,qualified_path,rust,production
alloc::vec,alloc::vec::Vec::new,src/libs/vfs/src/line_discipline/discipline.rs,195,qualified_path,rust,production
alloc::vec,alloc::vec,src/libs/vfs/src/line_discipline/discipline.rs,415,qualified_path,rust,production
alloc::vec,alloc::vec::Vec::new,src/libs/vfs/src/line_discipline/discipline.rs,421,qualified_path,rust,production
alloc::vec,alloc::vec::Vec,src/libs/vfs/src/mount/path_cache.rs,14,import,rust,production
alloc::vec,alloc::vec::Vec::with_capacity,src/libs/vfs/src/mount/path_cache.rs,82,qualified_path,rust,production
alloc::vec,alloc::vec::Vec,src/libs/vfs/src/mount/vfs.rs,26,import,rust,production
alloc::vec,alloc::vec::Vec::new,src/libs/vfs/src/mount/vfs.rs,61,qualified_path,rust,production
alloc::vec,alloc::vec::Vec::new,src/libs/vfs/src/mount/vfs.rs,158,qualified_path,rust,production
alloc::vec,alloc::vec,src/libs/vfs/src/mount/vfs.rs,386,qualified_path,rust,production
alloc::vec,alloc::vec,src/libs/vfs/src/mount/vfs.rs,449,qualified_path,rust,production
alloc::vec,alloc::vec,src/libs/vfs/src/mount/vfs.rs,676,qualified_path,rust,production
alloc::vec,alloc::vec::Vec,src/libs/vfs/src/pipe/pipe_end.rs,255,qualified_path,verus,production
alloc::vec,alloc::vec,src/libs/vfs/src/pipe/pipe_end.rs,256,qualified_path,verus,production
alloc::vec,alloc::vec::Vec,src/libs/vfs/src/pipe/pipe_end.rs,256,qualified_path,verus,production
alloc::vec,alloc::vec::Vec::new,src/libs/vfs/src/pipe/pipe_end.rs,262,qualified_path,verus,production
alloc::vec,alloc::vec,src/libs/vfs/src/pipe/pipe_end.rs,346,qualified_path,verus,production
alloc::vec,alloc::vec::Vec,src/libs/vfs/src/pipe/pipe_end.rs,346,qualified_path,verus,production
alloc::vec,alloc::vec,src/libs/vfs/src/pipe/pipe_end.rs,369,qualified_path,verus,production
alloc::vec,alloc::vec::Vec,src/libs/vfs/src/pipe/pipe_end.rs,369,qualified_path,verus,production
alloc::vec,alloc::vec::Vec,src/libs/vfs/src/state.rs,25,import,verus,production
alloc::vec,alloc::vec::Vec::new,src/libs/vfs/src/state.rs,56,qualified_path,verus,production
alloc::vec,alloc::vec::Vec::new,src/libs/vfs/src/state.rs,59,qualified_path,verus,production
alloc::vec,alloc::vec,src/libs/vfs/src/state.rs,249,qualified_path,verus,production
alloc::vec,alloc::vec::Vec,src/tests/integration/test-rust-mount-test/src/cross_fs.rs,85,qualified_path,rust,test_or_benchmark
alloc::vec,alloc::vec::Vec::from,src/tests/integration/test-rust-mount-test/src/cross_fs.rs,90,qualified_path,rust,test_or_benchmark
alloc::vec,alloc::vec::Vec,src/tests/integration/test-rust-mount-test/src/cross_fs.rs,102,qualified_path,rust,test_or_benchmark
alloc::vec,alloc::vec::Vec::from,src/tests/integration/test-rust-mount-test/src/cross_fs.rs,107,qualified_path,rust,test_or_benchmark
alloc::vec,alloc::vec::Vec,src/tests/integration/test-rust-mount-test/src/readdir_ops.rs,60,import,rust,test_or_benchmark
alloc::vec,alloc::vec::Vec::new,src/tests/integration/test-rust-mount-test/src/readdir_ops.rs,163,qualified_path,rust,test_or_benchmark
alloc::vec,alloc::vec::Vec::new,src/tests/integration/test-rust-mount-test/src/readdir_ops.rs,207,qualified_path,rust,test_or_benchmark
alloc::vec,alloc::vec::Vec::new,src/tests/integration/test-rust-mount-test/src/readdir_ops.rs,308,qualified_path,rust,test_or_benchmark
alloc::vec,alloc::vec,src/tests/integration/test-rust-vfs-test/src/main.rs,24,import,rust,test_or_benchmark
alloc::vec,alloc::vec::Vec,src/tests/integration/test-rust-vfs-test/src/main.rs,141,qualified_path,rust,test_or_benchmark
alloc::vec,alloc::vec::Vec,src/tests/integration/test-rust-vfs-test/src/main.rs,179,qualified_path,rust,test_or_benchmark
alloc::vec,alloc::vec::Vec,src/tests/integration/test-rust-vfs-test/src/main.rs,238,qualified_path,rust,test_or_benchmark
alloc::vec,alloc::vec::Vec,src/tests/integration/test-rust-vfs-test/src/main.rs,260,qualified_path,rust,test_or_benchmark
alloc::vec,alloc::vec::Vec,src/tests/integration/test-rust-vfs-test/src/main.rs,586,qualified_path,rust,test_or_benchmark
alloc::vec,alloc::vec::Vec,src/tests/integration/test-rust-vfs-test/src/main.rs,621,qualified_path,rust,test_or_benchmark
alloc::vec,alloc::vec::Vec,src/tests/integration/test-rust-vfs-test/src/main.rs,1652,qualified_path,rust,test_or_benchmark
alloc::vec,alloc::vec::Vec,src/tests/stress/test-rust-stress/src/tests/heap_max_capacity.rs,9,import,rust,test_or_benchmark
alloc::vec,alloc::vec::Vec::with_capacity,src/tests/stress/test-rust-stress/src/tests/heap_max_capacity.rs,86,qualified_path,rust,test_or_benchmark
alloc::vec,alloc::vec::Vec::with_capacity,src/tests/stress/test-rust-stress/src/tests/heap_max_capacity.rs,145,qualified_path,rust,test_or_benchmark
alloc::vec,alloc::vec::Vec::with_capacity,src/tests/stress/test-rust-stress/src/tests/heap_max_capacity.rs,161,qualified_path,rust,test_or_benchmark
alloc::vec,alloc::vec::Vec::with_capacity,src/tests/stress/test-rust-stress/src/tests/heap_max_capacity.rs,170,qualified_path,rust,test_or_benchmark
alloc::vec,alloc::vec::Vec::new,src/tests/stress/test-rust-stress/src/tests/heap_max_capacity.rs,228,qualified_path,rust,test_or_benchmark
alloc::vec,alloc::vec::Vec,src/tests/stress/test-rust-stress/src/tests/heap_reclaim.rs,9,import,rust,test_or_benchmark
alloc::vec,alloc::vec::Vec::with_capacity,src/tests/stress/test-rust-stress/src/tests/heap_reclaim.rs,69,qualified_path,rust,test_or_benchmark
alloc::vec,alloc::vec::Vec::with_capacity,src/tests/stress/test-rust-stress/src/tests/heap_reclaim.rs,73,qualified_path,rust,test_or_benchmark
alloc::vec,alloc::vec,src/tests/stress/test-rust-stress/src/tests/heap_reclaim.rs,124,qualified_path,rust,test_or_benchmark
alloc::vec,alloc::vec::Vec,src/tests/stress/test-rust-stress/src/tests/heap_shrink.rs,9,import,rust,test_or_benchmark
alloc::vec,alloc::vec::Vec::with_capacity,src/tests/stress/test-rust-stress/src/tests/heap_shrink.rs,93,qualified_path,rust,test_or_benchmark
alloc::vec,alloc::vec::Vec::with_capacity,src/tests/stress/test-rust-stress/src/tests/heap_shrink.rs,106,qualified_path,rust,test_or_benchmark
alloc::vec,alloc::vec::Vec::with_capacity,src/tests/stress/test-rust-stress/src/tests/heap_shrink.rs,130,qualified_path,rust,test_or_benchmark
alloc::vec,alloc::vec::Vec::with_capacity,src/tests/stress/test-rust-stress/src/tests/heap_shrink.rs,150,qualified_path,rust,test_or_benchmark
alloc::vec,alloc::vec::Vec::with_capacity,src/tests/stress/test-rust-stress/src/tests/heap_shrink.rs,151,qualified_path,rust,test_or_benchmark
alloc::vec,alloc::vec::Vec::with_capacity,src/tests/stress/test-rust-stress/src/tests/heap_shrink.rs,169,qualified_path,rust,test_or_benchmark
alloc::vec,alloc::vec::Vec::with_capacity,src/tests/stress/test-rust-stress/src/tests/heap_shrink.rs,211,qualified_path,rust,test_or_benchmark
alloc::vec,alloc::vec::Vec::with_capacity,src/tests/stress/test-rust-stress/src/tests/heap_shrink.rs,220,qualified_path,rust,test_or_benchmark
alloc::vec,alloc::vec,src/tests/stress/test-rust-stress/src/tests/heap_shrink.rs,235,qualified_path,rust,test_or_benchmark
alloc::vec,alloc::vec::Vec,src/tests/stress/test-rust-stress/src/tests/kcall_hammer.rs,76,qualified_path,rust,test_or_benchmark
alloc::vec,alloc::vec::Vec::with_capacity,src/tests/stress/test-rust-stress/src/tests/kcall_hammer.rs,77,qualified_path,rust,test_or_benchmark
alloc::vec,alloc::vec::Vec,src/tests/stress/test-rust-stress/src/tests/kcall_hammer.rs,78,qualified_path,rust,test_or_benchmark
alloc::vec,alloc::vec::Vec::with_capacity,src/tests/stress/test-rust-stress/src/tests/kcall_hammer.rs,79,qualified_path,rust,test_or_benchmark
alloc::vec,alloc::vec::Vec,src/tests/stress/test-rust-stress/src/tests/mutex_churn.rs,74,qualified_path,rust,test_or_benchmark
alloc::vec,alloc::vec::Vec::with_capacity,src/tests/stress/test-rust-stress/src/tests/mutex_churn.rs,75,qualified_path,rust,test_or_benchmark
alloc::vec,alloc::vec::Vec,src/tests/stress/test-rust-stress/src/tests/mutex_churn.rs,76,qualified_path,rust,test_or_benchmark
alloc::vec,alloc::vec::Vec::with_capacity,src/tests/stress/test-rust-stress/src/tests/mutex_churn.rs,77,qualified_path,rust,test_or_benchmark
alloc::vec,alloc::vec::Vec,src/tests/stress/test-rust-stress/src/tests/parallel_spawners.rs,15,import,rust,test_or_benchmark
alloc::vec,alloc::vec::Vec::with_capacity,src/tests/stress/test-rust-stress/src/tests/parallel_spawners.rs,69,qualified_path,rust,test_or_benchmark
alloc::vec,alloc::vec::Vec::with_capacity,src/tests/stress/test-rust-stress/src/tests/parallel_spawners.rs,70,qualified_path,rust,test_or_benchmark
alloc::vec,alloc::vec::Vec,src/tests/stress/test-rust-stress/src/tests/scheduler_pressure.rs,97,qualified_path,rust,test_or_benchmark
alloc::vec,alloc::vec::Vec::with_capacity,src/tests/stress/test-rust-stress/src/tests/scheduler_pressure.rs,98,qualified_path,rust,test_or_benchmark
alloc::vec,alloc::vec::Vec,src/tests/stress/test-rust-stress/src/tests/scheduler_pressure.rs,102,qualified_path,rust,test_or_benchmark
alloc::vec,alloc::vec::Vec::with_capacity,src/tests/stress/test-rust-stress/src/tests/scheduler_pressure.rs,103,qualified_path,rust,test_or_benchmark
alloc::vec,alloc::vec::Vec,src/tests/stress/test-rust-stress/src/tests/scoreboard_backpressure.rs,17,import,rust,test_or_benchmark
alloc::vec,alloc::vec::Vec::with_capacity,src/tests/stress/test-rust-stress/src/tests/scoreboard_backpressure.rs,111,qualified_path,rust,test_or_benchmark
alloc::vec,alloc::vec::Vec::with_capacity,src/tests/stress/test-rust-stress/src/tests/scoreboard_backpressure.rs,112,qualified_path,rust,test_or_benchmark
alloc::vec,alloc::vec::Vec,src/tests/stress/test-rust-stress/src/tests/zombie_join_pressure.rs,15,import,rust,test_or_benchmark
alloc::vec,alloc::vec::Vec::with_capacity,src/tests/stress/test-rust-stress/src/tests/zombie_join_pressure.rs,106,qualified_path,rust,test_or_benchmark
alloc::vec,alloc::vec::Vec::with_capacity,src/tests/stress/test-rust-stress/src/tests/zombie_join_pressure.rs,107,qualified_path,rust,test_or_benchmark
core::alloc,core::alloc::Layout,src/libs/libc_stdlib/src/block_header.rs,12,import,rust,production
core::alloc,core::alloc::Layout::from_size_align,src/libs/libc_stdlib/src/block_header.rs,137,qualified_path,rust,production
core::alloc,core::alloc::Layout::from_size_align,src/libs/libc_stdlib/src/block_header.rs,264,qualified_path,rust,production
core::alloc,core::alloc::Layout::from_size_align,src/libs/nanvix_libc/src/start.rs,443,qualified_path,rust,production
core::alloc,core::alloc::Layout::from_size_align,src/libs/nanvix_libc/src/start.rs,477,qualified_path,rust,production
core::alloc,core::alloc::GlobalAlloc,src/libs/nanvix_libm/src/lib.rs,56,qualified_path,rust,production
core::alloc,core::alloc::Layout,src/libs/nanvix_libm/src/lib.rs,57,qualified_path,rust,production
core::alloc,core::alloc::Layout,src/libs/nanvix_libm/src/lib.rs,61,qualified_path,rust,production
core::alloc,core::alloc::GlobalAlloc,src/libs/nvx-crt0/src/lib.rs,152,qualified_path,rust,production
core::alloc,core::alloc::Layout,src/libs/nvx-crt0/src/lib.rs,153,qualified_path,rust,production
core::alloc,core::alloc::Layout,src/libs/nvx-crt0/src/lib.rs,157,qualified_path,rust,production
core::alloc,core::alloc::Layout,src/libs/raw-array/src/lib.rs,33,import,rust,production
core::alloc,core::alloc::Layout::array,src/libs/raw-array/src/lib.rs,91,qualified_path,rust,production
core::alloc,core::alloc::Layout::array,src/libs/raw-array/src/lib.rs,351,qualified_path,rust,production
core::alloc,core::alloc::GlobalAlloc,src/libs/sysalloc/src/allocator.rs,13,import,rust,production
core::alloc,core::alloc::Layout,src/libs/sysalloc/src/allocator.rs,97,qualified_path,rust,production
core::alloc,core::alloc::Layout,src/libs/sysalloc/src/tda.rs,9,import,rust,production
core::alloc,core::alloc::Layout::from_size_align,src/libs/sysalloc/src/tda.rs,187,qualified_path,rust,production
core::alloc,core::alloc::Layout::from_size_align,src/libs/sysalloc/src/tda.rs,329,qualified_path,rust,production
core::alloc,core::alloc::Layout,src/libs/syscall/src/safe/mem/stack.rs,12,import,rust,production
core::alloc,core::alloc::Layout::from_size_align,src/libs/syscall/src/safe/mem/stack.rs,69,qualified_path,rust,production
core::alloc,core::alloc::Layout::from_size_align,src/libs/syscall/src/safe/mem/stack.rs,123,qualified_path,rust,production
core::alloc,core::alloc::Layout,src/tests/integration/test-rust-kernel/src/tls.rs,448,qualified_path,rust,test_or_benchmark
core::alloc,core::alloc::Layout,src/tests/integration/test-rust-kernel/src/tls.rs,466,qualified_path,rust,test_or_benchmark
core::alloc,core::alloc::Layout::from_size_align,src/tests/integration/test-rust-kernel/src/tls.rs,467,qualified_path,rust,test_or_benchmark
core::arch,core::arch::asm,src/kernel/src/hal/arch/shared/cpu/fpu.rs,28,import,rust,production
core::arch,core::arch::asm,src/kernel/src/hal/arch/x86/asm/fast_memcpy.rs,37,qualified_path,rust,production
core::arch,core::arch::asm,src/kernel/src/hal/arch/x86/asm/fast_memcpy.rs,53,qualified_path,rust,production
core::arch,core::arch::asm,src/kernel/src/hal/arch/x86/asm/fast_memset.rs,37,qualified_path,rust,production
core::arch,core::arch::asm,src/kernel/src/hal/arch/x86/asm/fast_memset.rs,50,qualified_path,rust,production
core::arch,core::arch::global_asm,src/kernel/src/hal/arch/x86/asm/hooks.rs,16,import,rust,production
core::arch,core::arch::cpu::tss::Tss,src/kernel/src/hal/arch/x86/cpu/tss.rs,9,import,rust,production
core::arch,core::arch,src/kernel/src/hal/arch/x86/cpu/tss.rs,10,import,rust,production
core::arch,core::arch::asm,src/kernel/src/hal/arch/x86/cpu/tss.rs,98,qualified_path,rust,production
core::arch,core::arch::mem::gdt::GDTE_ALIGNMENT,src/kernel/src/hal/arch/x86/mem/gdt.rs,10,import,rust,production
core::arch,core::arch::mem::gdt::AccessAccessed,src/kernel/src/hal/arch/x86/mem/gdt.rs,11,import,rust,production
core::arch,core::arch::mem::gdt::AccessConforming,src/kernel/src/hal/arch/x86/mem/gdt.rs,11,import,rust,production
core::arch,core::arch::mem::gdt::AccessDescriptorType,src/kernel/src/hal/arch/x86/mem/gdt.rs,11,import,rust,production
core::arch,core::arch::mem::gdt::AccessDirection,src/kernel/src/hal/arch/x86/mem/gdt.rs,11,import,rust,production
core::arch,core::arch::mem::gdt::AccessDirectionConforming,src/kernel/src/hal/arch/x86/mem/gdt.rs,11,import,rust,production
core::arch,core::arch::mem::gdt::AccessExecutable,src/kernel/src/hal/arch/x86/mem/gdt.rs,11,import,rust,production
core::arch,core::arch::mem::gdt::AccessPresent,src/kernel/src/hal/arch/x86/mem/gdt.rs,11,import,rust,production
core::arch,core::arch::mem::gdt::AccessReadWrite,src/kernel/src/hal/arch/x86/mem/gdt.rs,11,import,rust,production
core::arch,core::arch::mem::gdt::AccessReadable,src/kernel/src/hal/arch/x86/mem/gdt.rs,11,import,rust,production
core::arch,core::arch::mem::gdt::AccessWritable,src/kernel/src/hal/arch/x86/mem/gdt.rs,11,import,rust,production
core::arch,core::arch::mem::gdt::DescriptorPrivilegeLevel,src/kernel/src/hal/arch/x86/mem/gdt.rs,11,import,rust,production
core::arch,core::arch::mem::gdt::Gdte,src/kernel/src/hal/arch/x86/mem/gdt.rs,11,import,rust,production
core::arch,core::arch::mem::gdt::GdteAccessByte,src/kernel/src/hal/arch/x86/mem/gdt.rs,11,import,rust,production
core::arch,core::arch::mem::gdt::GdteFlags,src/kernel/src/hal/arch/x86/mem/gdt.rs,11,import,rust,production
core::arch,core::arch::mem::gdt::GdteGranularity,src/kernel/src/hal/arch/x86/mem/gdt.rs,11,import,rust,production
core::arch,core::arch::mem::gdt::GdteLongMode,src/kernel/src/hal/arch/x86/mem/gdt.rs,11,import,rust,production
core::arch,core::arch::mem::gdt::GdteProtectedMode,src/kernel/src/hal/arch/x86/mem/gdt.rs,11,import,rust,production
core::arch,core::arch,src/kernel/src/hal/arch/x86/mem/gdt.rs,30,import,rust,production
core::arch,core::arch::mem::gdtr::Gdtr,src/kernel/src/hal/arch/x86/mem/gdt.rs,48,qualified_path,rust,production
core::arch,core::arch::mem::gdtr::Gdtr,src/kernel/src/hal/arch/x86/mem/gdt.rs,260,qualified_path,rust,production
core::arch,core::arch::asm,src/kernel/src/hal/arch/x86/mem/gdt.rs,262,qualified_path,rust,production
core::arch,core::arch::mem::gdtr::Gdtr::new,src/kernel/src/hal/arch/x86/mem/gdt.rs,314,qualified_path,rust,production
core::arch,core::arch::mem::gdtr::Gdtr,src/kernel/src/hal/arch/x86/mem/gdt.rs,320,qualified_path,rust,production
core::arch,core::arch::asm,src/kernel/src/hal/arch/x86/mem/gdt.rs,399,qualified_path,rust,production
core::arch,core::arch::asm,src/kernel/src/hal/arch/x86/mem/gdt.rs,423,qualified_path,rust,production
core::arch,core::arch,src/kernel/src/hal/arch/x86/mem/mmu/mod.rs,8,import,rust,production
core::arch,core::arch::asm,src/kernel/src/hal/arch/x86/mem/mmu/mod.rs,25,qualified_path,rust,production
core::arch,core::arch::asm,src/kernel/src/hal/arch/x86_64/asm/fast_memcpy.rs,36,qualified_path,rust,production
core::arch,core::arch::asm,src/kernel/src/hal/arch/x86_64/asm/fast_memcpy.rs,46,qualified_path,rust,production
core::arch,core::arch::asm,src/kernel/src/hal/arch/x86_64/asm/fast_memset.rs,36,qualified_path,rust,production
core::arch,core::arch::asm,src/kernel/src/hal/arch/x86_64/asm/fast_memset.rs,46,qualified_path,rust,production
core::arch,core::arch::global_asm,src/kernel/src/hal/arch/x86_64/asm/hooks.rs,13,import,rust,production
core::arch,core::arch::global_asm,src/kernel/src/hal/arch/x86_64/asm/start.rs,9,import,rust,production
core::arch,core::arch::asm,src/kernel/src/hal/arch/x86_64/cpu/context.rs,10,import,rust,production
core::arch,core::arch::cpu::tss::Tss,src/kernel/src/hal/arch/x86_64/cpu/tss.rs,9,import,rust,production
core::arch,core::arch,src/kernel/src/hal/arch/x86_64/cpu/tss.rs,10,import,rust,production
core::arch,core::arch::asm,src/kernel/src/hal/arch/x86_64/cpu/tss.rs,97,qualified_path,rust,production
core::arch,core::arch::mem::gdt::GDTE_ALIGNMENT,src/kernel/src/hal/arch/x86_64/mem/gdt.rs,10,import,rust,production
core::arch,core::arch::mem::gdt::AccessAccessed,src/kernel/src/hal/arch/x86_64/mem/gdt.rs,11,import,rust,production
core::arch,core::arch::mem::gdt::AccessConforming,src/kernel/src/hal/arch/x86_64/mem/gdt.rs,11,import,rust,production
core::arch,core::arch::mem::gdt::AccessDescriptorType,src/kernel/src/hal/arch/x86_64/mem/gdt.rs,11,import,rust,production
core::arch,core::arch::mem::gdt::AccessDirection,src/kernel/src/hal/arch/x86_64/mem/gdt.rs,11,import,rust,production
core::arch,core::arch::mem::gdt::AccessDirectionConforming,src/kernel/src/hal/arch/x86_64/mem/gdt.rs,11,import,rust,production
core::arch,core::arch::mem::gdt::AccessExecutable,src/kernel/src/hal/arch/x86_64/mem/gdt.rs,11,import,rust,production
core::arch,core::arch::mem::gdt::AccessPresent,src/kernel/src/hal/arch/x86_64/mem/gdt.rs,11,import,rust,production
core::arch,core::arch::mem::gdt::AccessReadWrite,src/kernel/src/hal/arch/x86_64/mem/gdt.rs,11,import,rust,production
core::arch,core::arch::mem::gdt::AccessReadable,src/kernel/src/hal/arch/x86_64/mem/gdt.rs,11,import,rust,production
core::arch,core::arch::mem::gdt::AccessWritable,src/kernel/src/hal/arch/x86_64/mem/gdt.rs,11,import,rust,production
core::arch,core::arch::mem::gdt::DescriptorPrivilegeLevel,src/kernel/src/hal/arch/x86_64/mem/gdt.rs,11,import,rust,production
core::arch,core::arch::mem::gdt::Gdte,src/kernel/src/hal/arch/x86_64/mem/gdt.rs,11,import,rust,production
core::arch,core::arch::mem::gdt::GdteAccessByte,src/kernel/src/hal/arch/x86_64/mem/gdt.rs,11,import,rust,production
core::arch,core::arch::mem::gdt::GdteFlags,src/kernel/src/hal/arch/x86_64/mem/gdt.rs,11,import,rust,production
core::arch,core::arch::mem::gdt::GdteGranularity,src/kernel/src/hal/arch/x86_64/mem/gdt.rs,11,import,rust,production
core::arch,core::arch::mem::gdt::GdteLongMode,src/kernel/src/hal/arch/x86_64/mem/gdt.rs,11,import,rust,production
core::arch,core::arch::mem::gdt::GdteProtectedMode,src/kernel/src/hal/arch/x86_64/mem/gdt.rs,11,import,rust,production
core::arch,core::arch,src/kernel/src/hal/arch/x86_64/mem/gdt.rs,30,import,rust,production
core::arch,core::arch::mem::gdtr::Gdtr,src/kernel/src/hal/arch/x86_64/mem/gdt.rs,48,qualified_path,rust,production
core::arch,core::arch::mem::gdtr::Gdtr,src/kernel/src/hal/arch/x86_64/mem/gdt.rs,247,qualified_path,rust,production
core::arch,core::arch::asm,src/kernel/src/hal/arch/x86_64/mem/gdt.rs,250,qualified_path,rust,production
core::arch,core::arch::mem::gdtr::Gdtr::new,src/kernel/src/hal/arch/x86_64/mem/gdt.rs,311,qualified_path,rust,production
core::arch,core::arch::mem::gdtr::Gdtr,src/kernel/src/hal/arch/x86_64/mem/gdt.rs,317,qualified_path,rust,production
core::arch,core::arch::asm,src/kernel/src/hal/arch/x86_64/mem/gdt.rs,345,qualified_path,rust,production
core::arch,core::arch::asm,src/kernel/src/hal/arch/x86_64/mem/mmu/hwpt.rs,166,qualified_path,rust,production
core::arch,core::arch::asm,src/kernel/src/hal/arch/x86_64/mem/mmu/hwpt.rs,182,qualified_path,rust,production
core::arch,core::arch::global_asm,src/kernel/src/hal/platform/microvm/start.rs,10,import,verus,production
core::arch,core::arch::global_asm,src/kernel/src/hal/platform/microvm/start16.rs,15,import,rust,production
core::arch,core::arch::asm,src/libs/arch/src/x86/cpu/cpuid.rs,137,qualified_path,rust,production
core::arch,core::arch::asm,src/libs/arch/src/x86/cpu/cpuid.rs,151,qualified_path,rust,production
core::arch,core::arch::asm,src/libs/arch/src/x86/cpu/cpuid.rs,259,qualified_path,rust,production
core::arch,core::arch::asm,src/libs/arch/src/x86/cpu/cpuid.rs,279,qualified_path,rust,production
core::arch,core::arch::asm,src/libs/arch/src/x86/cpu/cr0.rs,16,import,rust,production
core::arch,core::arch::asm,src/libs/arch/src/x86/cpu/cr3.rs,16,import,rust,production
core::arch,core::arch::asm,src/libs/arch/src/x86/cpu/cr4.rs,16,import,rust,production
core::arch,core::arch,src/libs/arch/src/x86/cpu/idtr.rs,8,import,rust,production
core::arch,core::arch::asm,src/libs/arch/src/x86/cpu/idtr.rs,31,qualified_path,rust,production
core::arch,core::arch::asm,src/libs/arch/src/x86/cpu/mod.rs,56,qualified_path,rust,production
core::arch,core::arch::asm,src/libs/arch/src/x86/cpu/mod.rs,70,qualified_path,rust,production
core::arch,core::arch::asm,src/libs/arch/src/x86/cpu/mod.rs,83,qualified_path,rust,production
core::arch,core::arch::asm,src/libs/arch/src/x86/cpu/mod.rs,96,qualified_path,rust,production
core::arch,core::arch::asm,src/libs/arch/src/x86/cpu/mod.rs,119,qualified_path,rust,production
core::arch,core::arch::asm,src/libs/arch/src/x86/cpu/msr/mod.rs,46,qualified_path,rust,production
core::arch,core::arch::asm,src/libs/arch/src/x86/cpu/msr/mod.rs,77,qualified_path,rust,production
core::arch,core::arch::asm,src/libs/arch/src/x86/cpu/mxcrs.rs,16,import,rust,production
core::arch,core::arch,src/libs/arch/src/x86/io.rs,8,import,rust,production
core::arch,core::arch::asm,src/libs/arch/src/x86/io.rs,32,qualified_path,rust,production
core::arch,core::arch::asm,src/libs/arch/src/x86/io.rs,53,qualified_path,rust,production
core::arch,core::arch::asm,src/libs/arch/src/x86/io.rs,75,qualified_path,rust,production
core::arch,core::arch::asm,src/libs/arch/src/x86/io.rs,100,qualified_path,rust,production
core::arch,core::arch::asm,src/libs/arch/src/x86/io.rs,126,qualified_path,rust,production
core::arch,core::arch::asm,src/libs/arch/src/x86/io.rs,153,qualified_path,rust,production
core::arch,core::arch::asm,src/libs/arch/src/x86/mem/paging/mod.rs,65,qualified_path,rust,production
core::arch,core::arch,src/libs/arch/src/x86_64/cpu/idtr.rs,8,import,rust,production
core::arch,core::arch::asm,src/libs/arch/src/x86_64/cpu/idtr.rs,31,qualified_path,rust,production
core::arch,core::arch::global_asm,src/libs/libc_setjmp/src/longjmp.rs,41,qualified_path,rust,production
core::arch,core::arch::global_asm,src/libs/libc_setjmp/src/setjmp.rs,39,qualified_path,rust,production
core::arch,core::arch::global_asm,src/libs/libc_setjmp/src/siglongjmp.rs,48,qualified_path,rust,production
core::arch,core::arch::global_asm,src/libs/libc_setjmp/src/sigsetjmp.rs,50,qualified_path,rust,production
core::arch,core::arch::global_asm,src/libs/nvx-crt0/src/lib.rs,200,qualified_path,rust,production
core::arch,core::arch::global_asm,src/libs/nvx-crt0/src/lib.rs,254,qualified_path,rust,production
core::arch,core::arch::asm,src/libs/nvx/src/panic.rs,8,import,rust,production
core::arch,core::arch,src/libs/sys/src/sys/kcall/arch/x86.rs,8,import,rust,production
core::arch,core::arch::asm,src/libs/sys/src/sys/kcall/arch/x86.rs,37,qualified_path,rust,production
core::arch,core::arch::asm,src/libs/sys/src/sys/kcall/arch/x86.rs,72,qualified_path,rust,production
core::arch,core::arch::asm,src/libs/sys/src/sys/kcall/arch/x86.rs,109,qualified_path,rust,production
core::arch,core::arch::asm,src/libs/sys/src/sys/kcall/arch/x86.rs,148,qualified_path,rust,production
core::arch,core::arch::asm,src/libs/sys/src/sys/kcall/arch/x86.rs,189,qualified_path,rust,production
core::arch,core::arch::asm,src/libs/sys/src/sys/kcall/arch/x86.rs,231,qualified_path,rust,production
core::arch,core::arch::asm,src/libs/sys/src/sys/kcall/arch/x86.rs,260,qualified_path,rust,production
core::arch,core::arch::global_asm,src/libs/sys/src/sys/kcall/arch/x86.rs,336,qualified_path,rust,production
core::arch,core::arch,src/libs/sys/src/sys/kcall/arch/x86_64.rs,8,import,rust,production
core::arch,core::arch::asm,src/libs/sys/src/sys/kcall/arch/x86_64.rs,37,qualified_path,rust,production
core::arch,core::arch::asm,src/libs/sys/src/sys/kcall/arch/x86_64.rs,66,qualified_path,rust,production
core::arch,core::arch::global_asm,src/libs/sys/src/sys/kcall/pm.rs,545,qualified_path,rust,production
core::arch,core::arch::asm,src/tests/integration/test-rust-arch/src/sse.rs,25,import,rust,test_or_benchmark
core::arch,core::arch::asm,src/tests/integration/test-rust-arch/src/sse2.rs,25,import,rust,test_or_benchmark
core::arch,core::arch::asm,src/tests/integration/test-rust-kernel/src/direction_flag.rs,64,qualified_path,rust,test_or_benchmark
core::arch,core::arch::asm,src/tests/integration/test-rust-kernel/src/direction_flag.rs,78,qualified_path,rust,test_or_benchmark
core::arch,core::arch::asm,src/tests/integration/test-rust-kernel/src/direction_flag.rs,90,qualified_path,rust,test_or_benchmark
core::arch,core::arch::asm,src/tests/integration/test-rust-kernel/src/tls.rs,88,qualified_path,rust,test_or_benchmark
core::arch,core::arch::asm,src/tests/integration/test-rust-kernel/src/tls.rs,109,qualified_path,rust,test_or_benchmark
core::arch::x86,core::arch::x86::_rdtsc,src/benchmarks/mount-bench-nostd/src/main.rs,60,qualified_path,rust,test_or_benchmark
core::array,core::array::from_fn,src/kernel/src/event/manager/test.rs,81,qualified_path,rust,production
core::array,core::array::from_fn,src/kernel/src/event/manager/test.rs,82,qualified_path,rust,production
core::array,core::array::from_fn,src/kernel/src/event/manager/test.rs,83,qualified_path,rust,production
core::array,core::array::from_fn,src/kernel/src/event/manager/test.rs,84,qualified_path,rust,production
core::array,core::array::from_fn,src/kernel/src/pm/process/state/signal.rs,504,qualified_path,verus,production
core::array,core::array::from_fn,src/libs/libc_stdlib/src/rand.rs,85,qualified_path,rust,production
core::cell,core::cell::RefCell,src/kernel/src/event/manager.rs,34,import,rust,production
core::cell,core::cell::RefMut,src/kernel/src/event/manager.rs,34,import,rust,production
core::cell,core::cell::RefCell::new,src/kernel/src/event/manager.rs,1498,qualified_path,rust,production
core::cell,core::cell::RefCell,src/kernel/src/hal/arch/x86/cpu/tss.rs,10,import,rust,production
core::cell,core::cell::RefCell::new,src/kernel/src/hal/arch/x86/cpu/tss.rs,62,qualified_path,rust,production
core::cell,core::cell::RefCell,src/kernel/src/hal/arch/x86_64/cpu/tss.rs,10,import,rust,production
core::cell,core::cell::RefCell::new,src/kernel/src/hal/arch/x86_64/cpu/tss.rs,61,qualified_path,rust,production
core::cell,core::cell::RefCell,src/kernel/src/hal/cpu/interrupt/controller.rs,10,import,rust,production
core::cell,core::cell::RefCell::new,src/kernel/src/hal/cpu/interrupt/controller.rs,66,qualified_path,rust,production
core::cell,core::cell::RefCell,src/kernel/src/hal/io/mmio/allocator.rs,22,import,rust,production
core::cell,core::cell::RefCell::new,src/kernel/src/hal/io/mmio/allocator.rs,145,qualified_path,rust,production
core::cell,core::cell::RefMut,src/kernel/src/hal/io/mmio/allocator.rs,280,qualified_path,rust,production
core::cell,core::cell::RefCell,src/kernel/src/hal/io/pmio/allocator.rs,20,import,rust,production
core::cell,core::cell::RefCell::new,src/kernel/src/hal/io/pmio/allocator.rs,175,qualified_path,rust,production
core::cell,core::cell::UnsafeCell,src/kernel/src/ipc/rendezvous.rs,21,import,rust,production
core::cell,core::cell::UnsafeCell::new,src/kernel/src/ipc/rendezvous.rs,209,qualified_path,rust,production
core::cell,core::cell::UnsafeCell::new,src/kernel/src/ipc/rendezvous.rs,210,qualified_path,rust,production
core::cell,core::cell::RefCell,src/kernel/src/mm/virt/vmem.rs,60,import,verus,production
core::cell,core::cell::RefCell::new,src/kernel/src/mm/virt/vmem.rs,131,qualified_path,verus,production
core::cell,core::cell::RefCell::new,src/kernel/src/mm/virt/vmem.rs,165,qualified_path,verus,production
core::cell,core::cell::RefCell::new,src/kernel/src/mm/virt/vmem.rs,277,qualified_path,verus,production
core::cell,core::cell::RefCell::new,src/kernel/src/mm/virt/vmem.rs,295,qualified_path,verus,production
core::cell,core::cell::RefCell,src/kernel/src/pm/sync/condvar.rs,17,import,verus,production
core::cell,core::cell::RefCell::new,src/kernel/src/pm/sync/condvar.rs,73,qualified_path,verus,production
core::cell,core::cell::RefCell,src/kernel/src/uart.rs,21,import,rust,production
core::cell,core::cell::RefCell::new,src/kernel/src/uart.rs,132,qualified_path,rust,production
core::cell,core::cell::Cell,src/libs/libc_inttypes/src/lib.rs,51,import,rust,production
core::cell,core::cell::Cell::as_ptr,src/libs/libc_inttypes/src/lib.rs,68,qualified_path,rust,production
core::cell,core::cell::Cell,src/libs/libc_langinfo/src/lib.rs,77,import,rust,production
core::cell,core::cell::Cell::as_ptr,src/libs/libc_langinfo/src/lib.rs,91,qualified_path,rust,production
core::cell,core::cell::Cell,src/libs/libc_math/src/fenv.rs,40,import,rust,production
core::cell,core::cell::Cell::get,src/libs/libc_math/src/fenv.rs,49,qualified_path,rust,production
core::cell,core::cell::Cell,src/libs/libc_stdio/src/lib.rs,115,import,rust,production
core::cell,core::cell::Cell::as_ptr,src/libs/libc_stdio/src/lib.rs,129,qualified_path,rust,production
core::cell,core::cell::Cell,src/libs/libc_wchar/src/lib.rs,87,import,rust,production
core::cell,core::cell::Cell::as_ptr,src/libs/libc_wchar/src/lib.rs,101,qualified_path,rust,production
core::cell,core::cell::Cell,src/libs/libc_wchar/src/multibyte.rs,47,import,rust,production
core::cell,core::cell::Cell::as_ptr,src/libs/libc_wchar/src/multibyte.rs,58,qualified_path,rust,production
core::cell,core::cell::Cell::as_ptr,src/libs/libc_wchar/src/multibyte.rs,63,qualified_path,rust,production
core::cmp,core::cmp::min,src/daemons/networkd/src/dispatch.rs,448,qualified_path,rust,production
core::cmp,core::cmp::min,src/daemons/networkd/src/dispatch.rs,535,qualified_path,rust,production
core::cmp,core::cmp::Ordering,src/kernel/src/hal/io/mmio/allocator.rs,22,import,rust,production
core::cmp,core::cmp::Ordering,src/kernel/src/hal/io/mmio/region.rs,166,qualified_path,rust,production
core::cmp,core::cmp::Ordering,src/kernel/src/hal/io/mmio/region.rs,172,qualified_path,rust,production
core::cmp,core::cmp::Ordering,src/kernel/src/hal/mem/types/address/aligned/page.rs,196,qualified_path,verus,production
core::cmp,core::cmp::Ordering,src/kernel/src/hal/mem/types/address/aligned/page.rs,202,qualified_path,verus,production
core::cmp,core::cmp::Ordering,src/kernel/src/hal/mem/types/address/aligned/pgtab.rs,160,qualified_path,verus,production
core::cmp,core::cmp::Ordering,src/kernel/src/hal/mem/types/address/aligned/pgtab.rs,166,qualified_path,verus,production
core::cmp,core::cmp::Ordering,src/kernel/src/hal/mem/types/address/page.rs,41,qualified_path,rust,production
core::cmp,core::cmp::Ordering,src/kernel/src/hal/mem/types/address/page.rs,72,qualified_path,rust,production
core::cmp,core::cmp::Ordering,src/kernel/src/hal/mem/types/address/page.rs,78,qualified_path,rust,production
core::cmp,core::cmp::Ordering,src/kernel/src/hal/mem/types/region.rs,273,qualified_path,verus,production
core::cmp,core::cmp::Ordering,src/kernel/src/hal/mem/types/region.rs,279,qualified_path,verus,production
core::cmp,core::cmp::Ordering,src/kernel/src/hal/mem/types/region.rs,415,qualified_path,verus,production
core::cmp,core::cmp::Ordering,src/kernel/src/hal/mem/types/region.rs,421,qualified_path,verus,production
core::cmp,core::cmp,src/kernel/src/ipc/sg.rs,17,import,rust,production
core::cmp,core::cmp::min,src/kernel/src/ipc/sg.rs,89,qualified_path,rust,production
core::cmp,core::cmp::min,src/kernel/src/ipc/sg.rs,102,qualified_path,rust,production
core::cmp,core::cmp::max,src/kernel/src/mm/elf.rs,35,import,rust,production
core::cmp,core::cmp::min,src/kernel/src/mm/elf.rs,35,import,rust,production
core::cmp,core::cmp::Ordering,src/kernel/src/mm/virt/boot_init.rs,58,import,rust,production
core::cmp,core::cmp::Ordering::Greater,src/kernel/src/mm/virt/boot_init.rs,122,qualified_path,rust,production
core::cmp,core::cmp::Ordering::Equal,src/kernel/src/mm/virt/boot_init.rs,147,qualified_path,rust,production
core::cmp,core::cmp::Ordering::Less,src/kernel/src/mm/virt/boot_init.rs,148,qualified_path,rust,production
core::cmp,core::cmp,src/libs/libc_pwd/src/syscall.rs,8,import,rust,production
core::cmp,core::cmp::min,src/libs/libc_pwd/src/syscall.rs,28,qualified_path,rust,production
core::cmp,core::cmp::min,src/libs/mmio-tag/src/tag.rs,147,qualified_path,rust,production
core::cmp,core::cmp::min,src/libs/nanvix_libc/src/lib.rs,579,qualified_path,rust,production
core::cmp,core::cmp::min,src/libs/proc/src/message/lookup.rs,230,qualified_path,rust,production
core::cmp,core::cmp::min,src/libs/proc/src/message/signup.rs,241,qualified_path,rust,production
core::cmp,core::cmp::Ordering,src/libs/sorted-vec/src/test.rs,9,import,rust,production
core::cmp,core::cmp::Ordering,src/libs/sys/src/sys/time/mod.rs,15,import,rust,production
core::cmp,core::cmp::Ordering::Equal,src/libs/sys/src/sys/time/mod.rs,216,qualified_path,rust,production
core::cmp,core::cmp::max,src/libs/sysalloc/src/tda.rs,9,import,rust,production
core::cmp,core::cmp,src/libs/syscall/src/sys/socket/bindings/recvmsg.rs,16,import,rust,production
core::cmp,core::cmp::min,src/libs/syscall/src/sys/socket/bindings/recvmsg.rs,196,qualified_path,rust,production
core::cmp,core::cmp::min,src/libs/syscall/src/sys/socket/mod.rs,31,import,rust,production
core::cmp,core::cmp,src/libs/syscall/src/sys/socket/syscall/recv.rs,16,import,rust,production
core::cmp,core::cmp::min,src/libs/syscall/src/sys/socket/syscall/recv.rs,47,qualified_path,rust,production
core::cmp,core::cmp,src/libs/syscall/src/sys/socket/syscall/recvfrom.rs,19,import,rust,production
core::cmp,core::cmp::min,src/libs/syscall/src/sys/socket/syscall/recvfrom.rs,70,qualified_path,rust,production
core::cmp,core::cmp,src/libs/syscall/src/sys/socket/syscall/send.rs,16,import,rust,production
core::cmp,core::cmp::min,src/libs/syscall/src/sys/socket/syscall/send.rs,66,qualified_path,rust,production
core::cmp,core::cmp,src/libs/syscall/src/unistd/syscall/pread.rs,17,import,verus,production
core::cmp,core::cmp::min,src/libs/syscall/src/unistd/syscall/pread.rs,85,qualified_path,verus,production
core::cmp,core::cmp,src/libs/syscall/src/unistd/syscall/pwrite.rs,17,import,verus,production
core::cmp,core::cmp::min,src/libs/syscall/src/unistd/syscall/pwrite.rs,86,qualified_path,verus,production
core::cmp,core::cmp,src/libs/syscall/src/unistd/syscall/util.rs,9,import,rust,production
core::cmp,core::cmp::min,src/libs/syscall/src/unistd/syscall/util.rs,46,qualified_path,rust,production
core::cmp,core::cmp::min,src/libs/syscall/src/unistd/syscall/util.rs,77,qualified_path,rust,production
core::cmp,core::cmp::min,src/libs/vfs/src/descriptor/directory_handle.rs,71,qualified_path,rust,production
core::cmp,core::cmp::min,src/libs/vfs/src/fd/mod.rs,1019,qualified_path,verus,production
core::cmp,core::cmp::min,src/libs/vfs/src/fd/mod.rs,1482,qualified_path,verus,production
core::cmp,core::cmp::min,src/libs/vfs/src/fd/mod.rs,1527,qualified_path,verus,production
core::cmp,core::cmp::min,src/libs/vfs/src/fd/mod.rs,1719,qualified_path,verus,production
core::cmp,core::cmp::min,src/tests/integration/test-rust-fork-exec-pipe-bulk-target/src/main.rs,122,qualified_path,rust,test_or_benchmark
core::cmp,core::cmp,src/tests/integration/test-rust-kernel/src/mmio_ramfs.rs,10,import,verus,test_or_benchmark
core::cmp,core::cmp::min,src/tests/integration/test-rust-kernel/src/mmio_ramfs.rs,170,qualified_path,verus,test_or_benchmark
core::cmp,core::cmp::min,src/tests/integration/test-rust-kernel/src/mmio_ramfs.rs,220,qualified_path,verus,test_or_benchmark
core::cmp,core::cmp::min,src/tests/integration/test-rust-linux-app/src/file_system.rs,577,qualified_path,rust,test_or_benchmark
core::cmp,core::cmp::min,src/tests/integration/test-rust-linux-app/src/file_system.rs,614,qualified_path,rust,test_or_benchmark
core::cmp,core::cmp::min,src/tests/stress/test-rust-fork-exec-pipe-loop-target/src/main.rs,114,qualified_path,verus,test_or_benchmark
core::cmp,core::cmp,src/tests/stress/test-rust-stress/src/tests/scoreboard_backpressure.rs,19,import,rust,test_or_benchmark
core::cmp,core::cmp::max,src/tests/stress/test-rust-stress/src/tests/scoreboard_backpressure.rs,101,qualified_path,rust,test_or_benchmark
core::cmp,core::cmp::min,src/uservm/src/lib.rs,977,qualified_path,rust,production
core::cmp,core::cmp::min,src/uservm/src/standalone.rs,1174,qualified_path,rust,production
core::cmp,core::cmp::min,src/uservm/src/standalone.rs,1187,qualified_path,rust,production
core::convert,core::convert::TryFrom,src/libs/sys/src/sys/mm/mmio.rs,19,import,rust,production
core::convert,core::convert::TryFrom,src/libs/syscall/src/lib.rs,111,import,rust,production
core::convert,core::convert::TryInto,src/libs/syscall/src/sys/mount/message/mount.rs,22,import,rust,production
core::convert,core::convert::TryInto,src/libs/syscall/src/sys/mount/message/umount.rs,22,import,rust,production
core::convert,core::convert::TryInto,src/libs/syscall/src/sys/stat/message/fstatat.rs,21,import,rust,production
core::convert,core::convert::TryInto,src/libs/syscall/src/sys/stat/message/mkdirat.rs,22,import,rust,production
core::convert,core::convert::TryInto,src/libs/syscall/src/sys/stat/message/utimensat.rs,22,import,rust,production
core::convert,core::convert::TryInto,src/libs/syscall/src/unistd/message/linkat.rs,22,import,rust,production
core::convert,core::convert::TryInto,src/libs/syscall/src/unistd/message/readlinkat.rs,21,import,rust,production
core::convert,core::convert::TryInto,src/libs/syscall/src/unistd/message/symlinkat.rs,22,import,rust,production
core::convert,core::convert::TryFrom,src/tests/stress/test-rust-stress/src/tests/common.rs,8,import,rust,test_or_benchmark
core::convert,core::convert::TryFrom,src/tests/stress/test-rust-stress/src/tests/heap_max_capacity.rs,17,import,rust,test_or_benchmark
core::convert,core::convert::TryFrom,src/tests/stress/test-rust-stress/src/tests/heap_shrink.rs,17,import,rust,test_or_benchmark
core::convert,core::convert::TryFrom,src/tests/stress/test-rust-stress/src/tests/memory_mapping_storm.rs,14,import,rust,test_or_benchmark
core::convert,core::convert::TryFrom,src/tests/stress/test-rust-stress/src/tests/mmap_rapid_cycle.rs,13,import,rust,test_or_benchmark
core::convert,core::convert::TryFrom,src/tests/stress/test-rust-stress/src/tests/scoreboard_backpressure.rs,19,import,rust,test_or_benchmark
core::convert,core::convert::TryFrom,src/tests/stress/test-rust-stress/src/tests/sleep_burst.rs,9,import,rust,test_or_benchmark
core::convert,core::convert::TryFrom,src/tests/stress/test-rust-stress/src/tests/thread_identity.rs,15,import,rust,test_or_benchmark
core::convert,core::convert::TryFrom::try_from,src/uservm/src/vmm/microvm/kvm/vcpu/mod.rs,590,qualified_path,verus,production
core::error,core::error::Error,src/libs/error/src/lib.rs,708,qualified_path,rust,production
core::error,core::error::Error,src/libs/fat32/src/error.rs,138,qualified_path,rust,production
core::f32::consts,core::f32::consts::PI,src/libs/libc_math/src/acosf.rs,8,qualified_path,rust,production
core::f32::consts,core::f32::consts::FRAC_PI_2,src/libs/libc_math/src/acosf.rs,9,qualified_path,rust,production
core::f32::consts,core::f32::consts::FRAC_PI_2,src/libs/libc_math/src/asinf.rs,8,qualified_path,rust,production
core::f32::consts,core::f32::consts::PI,src/libs/libc_math/src/atan2f.rs,8,qualified_path,rust,production
core::f32::consts,core::f32::consts::FRAC_PI_2,src/libs/libc_math/src/atan2f.rs,9,qualified_path,rust,production
core::f32::consts,core::f32::consts::FRAC_PI_2,src/libs/libc_math/src/atanf.rs,8,qualified_path,rust,production
core::f32::consts,core::f32::consts::FRAC_PI_4,src/libs/libc_math/src/atanf.rs,9,qualified_path,rust,production
core::f32::consts,core::f32::consts::FRAC_PI_2,src/libs/libc_math/src/cosf.rs,8,qualified_path,rust,production
core::f32::consts,core::f32::consts::FRAC_2_PI,src/libs/libc_math/src/cosf.rs,9,qualified_path,rust,production
core::f32::consts,core::f32::consts::LN_2,src/libs/libc_math/src/expf.rs,8,qualified_path,rust,production
core::f32::consts,core::f32::consts::LOG2_E,src/libs/libc_math/src/expf.rs,9,qualified_path,rust,production
core::f32::consts,core::f32::consts::LOG10_E,src/libs/libc_math/src/log10f.rs,8,qualified_path,rust,production
core::f32::consts,core::f32::consts::LOG2_E,src/libs/libc_math/src/log2f.rs,8,qualified_path,rust,production
core::f32::consts,core::f32::consts::LN_2,src/libs/libc_math/src/logf.rs,8,qualified_path,rust,production
core::f32::consts,core::f32::consts::SQRT_2,src/libs/libc_math/src/logf.rs,54,qualified_path,rust,production
core::f32::consts,core::f32::consts::FRAC_PI_2,src/libs/libc_math/src/sinf.rs,8,qualified_path,rust,production
core::f32::consts,core::f32::consts::FRAC_2_PI,src/libs/libc_math/src/sinf.rs,9,qualified_path,rust,production
core::f32::consts,core::f32::consts::PI,src/libs/libc_math/src/tanf.rs,34,qualified_path,rust,production
core::f64::consts,core::f64::consts::PI,src/libs/libc_math/src/acos.rs,8,qualified_path,rust,production
core::f64::consts,core::f64::consts::FRAC_PI_2,src/libs/libc_math/src/acos.rs,9,qualified_path,rust,production
core::f64::consts,core::f64::consts::FRAC_PI_2,src/libs/libc_math/src/asin.rs,8,qualified_path,rust,production
core::f64::consts,core::f64::consts::FRAC_PI_2,src/libs/libc_math/src/atan.rs,8,qualified_path,rust,production
core::f64::consts,core::f64::consts::FRAC_PI_4,src/libs/libc_math/src/atan.rs,9,qualified_path,rust,production
core::f64::consts,core::f64::consts::PI,src/libs/libc_math/src/atan2.rs,8,qualified_path,rust,production
core::f64::consts,core::f64::consts::FRAC_PI_2,src/libs/libc_math/src/atan2.rs,9,qualified_path,rust,production
core::f64::consts,core::f64::consts::PI,src/libs/libc_math/src/cos.rs,9,qualified_path,rust,production
core::f64::consts,core::f64::consts::FRAC_PI_2,src/libs/libc_math/src/cos.rs,10,qualified_path,rust,production
core::f64::consts,core::f64::consts::FRAC_2_PI,src/libs/libc_math/src/cos.rs,11,qualified_path,rust,production
core::f64::consts,core::f64::consts::LN_2,src/libs/libc_math/src/exp2.rs,8,qualified_path,rust,production
core::f64::consts,core::f64::consts::PI,src/libs/libc_math/src/lgamma.rs,44,qualified_path,rust,production
core::f64::consts,core::f64::consts::PI,src/libs/libc_math/src/lgamma.rs,48,qualified_path,rust,production
core::f64::consts,core::f64::consts::LOG10_E,src/libs/libc_math/src/log10.rs,8,qualified_path,rust,production
core::f64::consts,core::f64::consts::LOG2_E,src/libs/libc_math/src/log2.rs,8,qualified_path,rust,production
core::f64::consts,core::f64::consts::PI,src/libs/libc_math/src/sin.rs,9,qualified_path,rust,production
core::f64::consts,core::f64::consts::FRAC_PI_2,src/libs/libc_math/src/sin.rs,10,qualified_path,rust,production
core::f64::consts,core::f64::consts::FRAC_2_PI,src/libs/libc_math/src/sin.rs,11,qualified_path,rust,production
core::f64::consts,core::f64::consts::PI,src/libs/libc_math/src/tan.rs,181,qualified_path,rust,production
core::f64::consts,core::f64::consts::PI,src/libs/libc_math/src/tgamma.rs,57,qualified_path,rust,production
core::f64::consts,core::f64::consts::PI,src/libs/libc_math/src/tgamma.rs,62,qualified_path,rust,production
core::ffi,core::ffi::CStr,src/kernel/src/hal/platform/acpi.rs,15,import,rust,production
core::ffi,core::ffi::CStr::from_ptr,src/kernel/src/hal/platform/acpi.rs,62,qualified_path,rust,production
core::ffi,core::ffi::CStr,src/libs/elf/src/relocation.rs,8,import,rust,production
core::ffi,core::ffi::CStr::from_bytes_until_nul,src/libs/elf/src/relocation.rs,246,qualified_path,rust,production
core::ffi,core::ffi,src/libs/libc_dlfcn/src/lib.rs,17,import,rust,production
core::ffi,core::ffi::CStr,src/libs/libc_dlfcn/src/lib.rs,17,import,rust,production
core::ffi,core::ffi::c_int,src/libs/libc_dlfcn/src/lib.rs,17,import,rust,production
core::ffi,core::ffi::CStr::from_ptr,src/libs/libc_dlfcn/src/lib.rs,89,qualified_path,rust,production
core::ffi,core::ffi::CStr::from_ptr,src/libs/libc_dlfcn/src/lib.rs,339,qualified_path,rust,production
core::ffi,core::ffi::CStr::from_ptr,src/libs/libc_dlfcn/src/lib.rs,415,qualified_path,rust,production
core::ffi,core::ffi::CStr,src/libs/libc_glob/src/bindings.rs,12,import,rust,production
core::ffi,core::ffi::CStr::from_ptr,src/libs/libc_glob/src/bindings.rs,403,qualified_path,rust,production
core::ffi,core::ffi::CStr::from_ptr,src/libs/libc_glob/src/bindings.rs,493,qualified_path,rust,production
core::ffi,core::ffi::CStr,src/libs/libc_netdb/src/lib.rs,518,qualified_path,rust,production
core::ffi,core::ffi::CStr,src/libs/libc_pwd/src/bindings.rs,13,import,rust,production
core::ffi,core::ffi::CStr::from_ptr,src/libs/libc_pwd/src/bindings.rs,115,qualified_path,rust,production
core::ffi,core::ffi::CStr::from_ptr,src/libs/libc_regex/src/regcomp.rs,67,qualified_path,rust,production
core::ffi,core::ffi::c_void,src/libs/libc_regex/src/regexec.rs,66,qualified_path,rust,production
core::ffi,core::ffi::CStr::from_ptr,src/libs/libc_regex/src/regexec.rs,71,qualified_path,rust,production
core::ffi,core::ffi::c_void,src/libs/libc_regex/src/regfree.rs,38,qualified_path,rust,production
core::ffi,core::ffi::VaList,src/libs/libc_stdio/src/printf.rs,13,import,rust,production
core::ffi,core::ffi::VaList,src/libs/libc_stdio/src/swprintf.rs,10,import,rust,production
core::ffi,core::ffi::VaList,src/libs/libc_stdio/src/vasprintf.rs,8,import,rust,production
core::ffi,core::ffi::VaList,src/libs/libc_stdio/src/vdprintf.rs,13,import,rust,production
core::ffi,core::ffi::VaList,src/libs/libc_stdio/src/vfprintf.rs,16,import,rust,production
core::ffi,core::ffi::VaList,src/libs/libc_stdio/src/vprintf.rs,13,import,rust,production
core::ffi,core::ffi::VaList,src/libs/libc_stdio/src/vsnprintf.rs,14,import,rust,production
core::ffi,core::ffi::VaList,src/libs/libc_stdio/src/vsprintf.rs,14,import,rust,production
core::ffi,core::ffi::VaList,src/libs/libc_stdio/src/vsscanf.rs,8,import,rust,production
core::ffi,core::ffi,src/libs/libc_stdlib/src/env_table.rs,12,import,rust,production
core::ffi,core::ffi::CStr,src/libs/libc_stdlib/src/env_table.rs,107,qualified_path,rust,production
core::ffi,core::ffi::CStr::from_ptr,src/libs/libc_stdlib/src/env_table.rs,107,qualified_path,rust,production
core::ffi,core::ffi::CStr::from_ptr,src/libs/libc_stdlib/src/env_table.rs,251,qualified_path,rust,production
core::ffi,core::ffi::CStr::from_ptr,src/libs/libc_stdlib/src/env_table.rs,426,qualified_path,rust,production
core::ffi,core::ffi::CStr,src/libs/libc_stdlib/src/env_table.rs,492,qualified_path,rust,production
core::ffi,core::ffi::CStr::from_ptr,src/libs/libc_stdlib/src/env_table.rs,492,qualified_path,rust,production
core::ffi,core::ffi::CStr,src/libs/libc_stdlib/src/env_table.rs,522,qualified_path,rust,production
core::ffi,core::ffi::CStr::from_ptr,src/libs/libc_stdlib/src/env_table.rs,522,qualified_path,rust,production
core::ffi,core::ffi::CStr,src/libs/libc_stdlib/src/env_table.rs,533,qualified_path,rust,production
core::ffi,core::ffi::CStr::from_ptr,src/libs/libc_stdlib/src/env_table.rs,533,qualified_path,rust,production
core::ffi,core::ffi::CStr,src/libs/libc_stdlib/src/env_table.rs,595,qualified_path,rust,production
core::ffi,core::ffi::CStr::from_ptr,src/libs/libc_stdlib/src/env_table.rs,595,qualified_path,rust,production
core::ffi,core::ffi::CStr,src/libs/libc_stdlib/src/env_table.rs,614,qualified_path,rust,production
core::ffi,core::ffi::CStr::from_ptr,src/libs/libc_stdlib/src/env_table.rs,614,qualified_path,rust,production
core::ffi,core::ffi::CStr,src/libs/libc_stdlib/src/env_table.rs,618,qualified_path,rust,production
core::ffi,core::ffi::CStr::from_ptr,src/libs/libc_stdlib/src/env_table.rs,618,qualified_path,rust,production
core::ffi,core::ffi::CStr,src/libs/libc_stdlib/src/env_table.rs,684,qualified_path,rust,production
core::ffi,core::ffi::CStr::from_ptr,src/libs/libc_stdlib/src/env_table.rs,684,qualified_path,rust,production
core::ffi,core::ffi::CStr,src/libs/libc_stdlib/src/env_table.rs,695,qualified_path,rust,production
core::ffi,core::ffi::CStr::from_ptr,src/libs/libc_stdlib/src/env_table.rs,695,qualified_path,rust,production
core::ffi,core::ffi::CStr,src/libs/libc_stdlib/src/env_table.rs,717,qualified_path,rust,production
core::ffi,core::ffi::CStr::from_ptr,src/libs/libc_stdlib/src/env_table.rs,717,qualified_path,rust,production
core::ffi,core::ffi::CStr,src/libs/libc_stdlib/src/env_table.rs,738,qualified_path,rust,production
core::ffi,core::ffi::CStr::from_ptr,src/libs/libc_stdlib/src/env_table.rs,738,qualified_path,rust,production
core::ffi,core::ffi::CStr,src/libs/libc_stdlib/src/env_table.rs,742,qualified_path,rust,production
core::ffi,core::ffi::CStr::from_ptr,src/libs/libc_stdlib/src/env_table.rs,742,qualified_path,rust,production
core::ffi,core::ffi::CStr,src/libs/libc_stdlib/src/env_table.rs,769,qualified_path,rust,production
core::ffi,core::ffi::CStr::from_ptr,src/libs/libc_stdlib/src/env_table.rs,769,qualified_path,rust,production
core::ffi,core::ffi,src/libs/libc_stdlib/src/getenv.rs,9,import,rust,production
core::ffi,core::ffi::CStr::from_ptr,src/libs/libc_stdlib/src/getenv.rs,51,qualified_path,rust,production
core::ffi,core::ffi,src/libs/libc_stdlib/src/setenv.rs,12,import,rust,production
core::ffi,core::ffi::CStr::from_ptr,src/libs/libc_stdlib/src/setenv.rs,76,qualified_path,rust,production
core::ffi,core::ffi::CStr::from_ptr,src/libs/libc_stdlib/src/setenv.rs,86,qualified_path,rust,production
core::ffi,core::ffi,src/libs/libc_stdlib/src/setenv.rs,108,import,rust,production
core::ffi,core::ffi::CStr,src/libs/libc_stdlib/src/setenv.rs,121,qualified_path,rust,production
core::ffi,core::ffi::CStr::from_ptr,src/libs/libc_stdlib/src/setenv.rs,121,qualified_path,rust,production
core::ffi,core::ffi,src/libs/libc_stdlib/src/unsetenv.rs,12,import,rust,production
core::ffi,core::ffi::CStr::from_ptr,src/libs/libc_stdlib/src/unsetenv.rs,60,qualified_path,rust,production
core::ffi,core::ffi::c_void,src/libs/libc_string/src/bcopy.rs,102,qualified_path,rust,production
core::ffi,core::ffi::c_void,src/libs/libc_string/src/bcopy.rs,103,qualified_path,rust,production
core::ffi,core::ffi::c_void,src/libs/libc_string/src/memccpy.rs,94,qualified_path,rust,production
core::ffi,core::ffi::c_void,src/libs/libc_string/src/memccpy.rs,117,qualified_path,rust,production
core::ffi,core::ffi::c_void,src/libs/libc_string/src/memccpy.rs,134,qualified_path,rust,production
core::ffi,core::ffi::c_void,src/libs/libc_string/src/memchr.rs,79,qualified_path,rust,production
core::ffi,core::ffi::c_void,src/libs/libc_string/src/memchr.rs,88,qualified_path,rust,production
core::ffi,core::ffi::c_void,src/libs/libc_string/src/memchr.rs,95,qualified_path,rust,production
core::ffi,core::ffi::c_void,src/libs/libc_string/src/memcpy.rs,244,qualified_path,rust,production
core::ffi,core::ffi::c_void,src/libs/libc_string/src/memcpy.rs,245,qualified_path,rust,production
core::ffi,core::ffi::c_void,src/libs/libc_string/src/mempcpy.rs,105,qualified_path,rust,production
core::ffi,core::ffi::c_void,src/libs/libc_string/src/mempcpy.rs,106,qualified_path,rust,production
core::ffi,core::ffi::c_void,src/libs/libc_string/src/mempcpy.rs,122,qualified_path,rust,production
core::ffi,core::ffi::c_void,src/libs/libc_string/src/mempcpy.rs,123,qualified_path,rust,production
core::ffi,core::ffi::c_void,src/libs/libc_string/src/memrchr.rs,78,qualified_path,rust,production
core::ffi,core::ffi::c_void,src/libs/libc_string/src/memrchr.rs,87,qualified_path,rust,production
core::ffi,core::ffi::c_void,src/libs/libc_string/src/memrchr.rs,96,qualified_path,rust,production
core::ffi,core::ffi::c_void,src/libs/libc_string/src/memset.rs,141,qualified_path,rust,production
core::ffi,core::ffi::c_void,src/libs/libc_string/src/memset.rs,142,qualified_path,rust,production
core::ffi,core::ffi::c_void,src/libs/libc_string/src/strdup.rs,111,qualified_path,rust,production
core::ffi,core::ffi::c_void,src/libs/libc_string/src/strndup.rs,115,qualified_path,rust,production
core::ffi,core::ffi::CStr,src/libs/libc_string/src/strsignal.rs,74,import,rust,production
core::ffi,core::ffi::CStr::from_ptr,src/libs/libc_string/src/strsignal.rs,79,qualified_path,rust,production
core::ffi,core::ffi,src/libs/libc_sys_stat/src/lib.rs,14,import,rust,production
core::ffi,core::ffi::CStr::from_ptr,src/libs/libc_sys_stat/src/lib.rs,145,qualified_path,rust,production
core::ffi,core::ffi::CStr::from_ptr,src/libs/libc_sys_stat/src/lib.rs,287,qualified_path,rust,production
core::ffi,core::ffi::CStr::from_ptr,src/libs/libc_sys_stat/src/lib.rs,368,qualified_path,rust,production
core::ffi,core::ffi::CStr::from_ptr,src/libs/libc_sys_stat/src/lib.rs,526,qualified_path,rust,production
core::ffi,core::ffi::VaList,src/libs/libc_wchar/src/fwprintf.rs,13,import,rust,production
core::ffi,core::ffi::c_char,src/libs/nanvix_libc/src/start.rs,49,import,rust,production
core::ffi,core::ffi::c_char,src/libs/nvx-crt0/src/lib.rs,75,import,rust,production
core::ffi,core::ffi::CStr,src/libs/proc/src/daemon/mod.rs,35,import,verus,production
core::ffi,core::ffi::CStr::from_bytes_until_nul,src/libs/proc/src/daemon/mod.rs,1408,qualified_path,verus,production
core::ffi,core::ffi::CStr::from_bytes_until_nul,src/libs/proc/src/daemon/mod.rs,1828,qualified_path,verus,production
core::ffi,core::ffi::CStr,src/libs/proc/src/message/lookup.rs,12,import,rust,production
core::ffi,core::ffi::CStr::from_bytes_until_nul,src/libs/proc/src/message/lookup.rs,140,qualified_path,rust,production
core::ffi,core::ffi::CStr,src/libs/proc/src/message/signup.rs,12,import,rust,production
core::ffi,core::ffi::CStr::from_bytes_until_nul,src/libs/proc/src/message/signup.rs,154,qualified_path,rust,production
core::ffi,core::ffi::c_void,src/libs/sysapi/src/ffi.rs,40,qualified_path,rust,production
core::ffi,core::ffi::c_void,src/libs/sysapi/src/ffi.rs,69,qualified_path,rust,production
core::ffi,core::ffi,src/libs/syscall/src/dirent/bindings/opendir.rs,16,import,rust,production
core::ffi,core::ffi::CStr::from_ptr,src/libs/syscall/src/dirent/bindings/opendir.rs,63,qualified_path,rust,production
core::ffi,core::ffi,src/libs/syscall/src/fcntl/bindings/creat.rs,12,import,rust,production
core::ffi,core::ffi::CStr::from_ptr,src/libs/syscall/src/fcntl/bindings/creat.rs,63,qualified_path,rust,production
core::ffi,core::ffi,src/libs/syscall/src/fcntl/bindings/open.rs,12,import,rust,production
core::ffi,core::ffi::CStr::from_ptr,src/libs/syscall/src/fcntl/bindings/open.rs,65,qualified_path,rust,production
core::ffi,core::ffi,src/libs/syscall/src/fcntl/bindings/openat.rs,12,import,rust,production
core::ffi,core::ffi::CStr::from_ptr,src/libs/syscall/src/fcntl/bindings/openat.rs,74,qualified_path,rust,production
core::ffi,core::ffi,src/libs/syscall/src/fcntl/bindings/renameat.rs,12,import,rust,production
core::ffi,core::ffi::CStr::from_ptr,src/libs/syscall/src/fcntl/bindings/renameat.rs,79,qualified_path,rust,production
core::ffi,core::ffi::CStr::from_ptr,src/libs/syscall/src/fcntl/bindings/renameat.rs,92,qualified_path,rust,production
core::ffi,core::ffi,src/libs/syscall/src/fcntl/bindings/unlinkat.rs,12,import,rust,production
core::ffi,core::ffi::CStr::from_ptr,src/libs/syscall/src/fcntl/bindings/unlinkat.rs,61,qualified_path,rust,production
core::ffi,core::ffi::CStr,src/libs/syscall/src/path.rs,58,qualified_path,rust,production
core::ffi,core::ffi::CStr::from_ptr,src/libs/syscall/src/path.rs,58,qualified_path,rust,production
core::ffi,core::ffi::CStr,src/libs/syscall/src/safe/dir/mod.rs,30,import,rust,production
core::ffi,core::ffi::CStr::from_bytes_until_nul,src/libs/syscall/src/safe/dir/mod.rs,116,qualified_path,rust,production
core::ffi,core::ffi::CStr::from_bytes_until_nul,src/libs/syscall/src/safe/dir/mod.rs,137,qualified_path,rust,production
core::ffi,core::ffi::VaList,src/libs/syscall/src/safe/file/file_control_request.rs,13,import,rust,production
core::ffi,core::ffi::c_int,src/libs/syscall/src/safe/file/mod.rs,33,import,rust,production
core::ffi,core::ffi::c_int,src/libs/syscall/src/signal/mod.rs,21,import,rust,production
core::ffi,core::ffi::c_void,src/libs/syscall/src/signal/mod.rs,21,import,rust,production
core::ffi,core::ffi,src/libs/syscall/src/sys/mount/bindings/mount.rs,9,import,rust,production
core::ffi,core::ffi::CStr::from_ptr,src/libs/syscall/src/sys/mount/bindings/mount.rs,85,qualified_path,rust,production
core::ffi,core::ffi::CStr::from_ptr,src/libs/syscall/src/sys/mount/bindings/mount.rs,95,qualified_path,rust,production
core::ffi,core::ffi::CStr::from_ptr,src/libs/syscall/src/sys/mount/bindings/mount.rs,105,qualified_path,rust,production
core::ffi,core::ffi,src/libs/syscall/src/sys/mount/bindings/umount.rs,9,import,rust,production
core::ffi,core::ffi::CStr::from_ptr,src/libs/syscall/src/sys/mount/bindings/umount.rs,56,qualified_path,rust,production
core::ffi,core::ffi::CStr::from_ptr,src/libs/syscall/src/sys/stat/bindings/stat.rs,48,qualified_path,rust,production
core::ffi,core::ffi,src/libs/syscall/src/unistd/bindings/chdir.rs,9,import,rust,production
core::ffi,core::ffi::CStr::from_ptr,src/libs/syscall/src/unistd/bindings/chdir.rs,63,qualified_path,rust,production
core::ffi,core::ffi::VaList,src/libs/syscall/src/unistd/bindings/execl.rs,9,import,rust,production
core::ffi,core::ffi::VaList,src/libs/syscall/src/unistd/bindings/execle.rs,9,import,rust,production
core::ffi,core::ffi::VaList,src/libs/syscall/src/unistd/bindings/execlp.rs,9,import,rust,production
core::ffi,core::ffi,src/libs/syscall/src/unistd/bindings/faccessat.rs,9,import,rust,production
core::ffi,core::ffi::CStr::from_ptr,src/libs/syscall/src/unistd/bindings/faccessat.rs,79,qualified_path,rust,production
core::ffi,core::ffi,src/libs/syscall/src/unistd/bindings/fchownat.rs,9,import,rust,production
core::ffi,core::ffi::CStr::from_ptr,src/libs/syscall/src/unistd/bindings/fchownat.rs,88,qualified_path,rust,production
core::ffi,core::ffi,src/libs/syscall/src/unistd/bindings/linkat.rs,12,import,rust,production
core::ffi,core::ffi::CStr::from_ptr,src/libs/syscall/src/unistd/bindings/linkat.rs,107,qualified_path,rust,production
core::ffi,core::ffi::CStr::from_ptr,src/libs/syscall/src/unistd/bindings/linkat.rs,133,qualified_path,rust,production
core::ffi,core::ffi,src/libs/syscall/src/unistd/bindings/readlinkat.rs,12,import,rust,production
core::ffi,core::ffi::CStr::from_ptr,src/libs/syscall/src/unistd/bindings/readlinkat.rs,96,qualified_path,rust,production
core::ffi,core::ffi::CStr::from_ptr,src/libs/syscall/src/unistd/bindings/rmdir.rs,38,qualified_path,rust,production
core::ffi,core::ffi,src/libs/syscall/src/unistd/bindings/symlink.rs,12,import,rust,production
core::ffi,core::ffi::CStr::from_ptr,src/libs/syscall/src/unistd/bindings/symlink.rs,58,qualified_path,rust,production
core::ffi,core::ffi::CStr::from_ptr,src/libs/syscall/src/unistd/bindings/symlink.rs,79,qualified_path,rust,production
core::ffi,core::ffi,src/libs/syscall/src/unistd/bindings/symlinkat.rs,13,import,rust,production
core::ffi,core::ffi::CStr::from_ptr,src/libs/syscall/src/unistd/bindings/symlinkat.rs,70,qualified_path,rust,production
core::ffi,core::ffi::CStr::from_ptr,src/libs/syscall/src/unistd/bindings/symlinkat.rs,92,qualified_path,rust,production
core::ffi,core::ffi,src/libs/syscall/src/unistd/bindings/truncate.rs,9,import,rust,production
core::ffi,core::ffi::CStr::from_ptr,src/libs/syscall/src/unistd/bindings/truncate.rs,63,qualified_path,rust,production
core::ffi,core::ffi,src/libs/syscall/src/unistd/bindings/unlink.rs,12,import,rust,production
core::ffi,core::ffi::CStr::from_ptr,src/libs/syscall/src/unistd/bindings/unlink.rs,55,qualified_path,rust,production
core::ffi,core::ffi::CStr::from_ptr,src/libs/syscall/src/unistd/exec/mod.rs,190,qualified_path,verus,production
core::ffi,core::ffi::CStr::from_ptr,src/libs/syscall/src/unistd/exec/mod.rs,344,qualified_path,verus,production
core::ffi,core::ffi::CStr::from_ptr,src/libs/syscall/src/unistd/exec/mod.rs,393,qualified_path,verus,production
core::ffi,core::ffi::CStr,src/tests/integration/test-rust-cmdline-env-nostd/src/main.rs,24,import,rust,test_or_benchmark
core::ffi,core::ffi::CStr::from_ptr,src/tests/integration/test-rust-cmdline-env-nostd/src/main.rs,108,qualified_path,rust,test_or_benchmark
core::ffi,core::ffi::CStr,src/tests/integration/test-rust-dlfcn/src/tests/dlfcn.rs,30,import,rust,test_or_benchmark
core::ffi,core::ffi::c_char,src/tests/integration/test-rust-dlfcn/src/tests/dlfcn.rs,30,import,rust,test_or_benchmark
core::ffi,core::ffi::c_void,src/tests/integration/test-rust-dlfcn/src/tests/dlfcn.rs,30,import,rust,test_or_benchmark
core::ffi,core::ffi::CStr::from_ptr,src/tests/integration/test-rust-dlfcn/src/tests/dlfcn.rs,136,qualified_path,rust,test_or_benchmark
core::ffi,core::ffi::CStr::from_ptr,src/tests/integration/test-rust-dlfcn/src/tests/dlfcn.rs,146,qualified_path,rust,test_or_benchmark
core::ffi,core::ffi::CStr::from_ptr,src/tests/integration/test-rust-dlfcn/src/tests/dlfcn.rs,170,qualified_path,rust,test_or_benchmark
core::ffi,core::ffi::CStr::from_ptr,src/tests/integration/test-rust-dlfcn/src/tests/dlfcn.rs,177,qualified_path,rust,test_or_benchmark
core::ffi,core::ffi::CStr,src/tests/integration/test-rust-dlfcn/src/tests/dlfcn_pie.rs,22,import,verus,test_or_benchmark
core::ffi,core::ffi::c_char,src/tests/integration/test-rust-dlfcn/src/tests/dlfcn_pie.rs,22,import,verus,test_or_benchmark
core::ffi,core::ffi::CStr::from_ptr,src/tests/integration/test-rust-dlfcn/src/tests/dlfcn_pie.rs,127,qualified_path,verus,test_or_benchmark
core::ffi,core::ffi::CStr,src/tests/integration/test-rust-env-nostd/src/main.rs,24,import,rust,test_or_benchmark
core::ffi,core::ffi::CStr::from_ptr,src/tests/integration/test-rust-env-nostd/src/main.rs,72,qualified_path,rust,test_or_benchmark
core::ffi,core::ffi::CStr::from_ptr,src/tests/integration/test-rust-execv-target/src/main.rs,52,qualified_path,rust,test_or_benchmark
core::ffi,core::ffi::CStr,src/tests/integration/test-rust-getenv-nostd/src/main.rs,24,import,rust,test_or_benchmark
core::ffi,core::ffi::CStr::from_ptr,src/tests/integration/test-rust-getenv-nostd/src/main.rs,95,qualified_path,rust,test_or_benchmark
core::ffi,core::ffi::CStr,src/tests/integration/test-rust-misc/src/tests/env.rs,19,import,rust,test_or_benchmark
core::ffi,core::ffi::CStr::from_ptr,src/tests/integration/test-rust-misc/src/tests/env.rs,84,qualified_path,rust,test_or_benchmark
core::ffi,core::ffi::CStr::from_ptr,src/tests/integration/test-rust-misc/src/tests/env.rs,172,qualified_path,rust,test_or_benchmark
core::ffi,core::ffi::CStr,src/tests/integration/test-rust-mount-test/src/readdir_ops.rs,21,import,rust,test_or_benchmark
core::ffi,core::ffi::CStr::from_bytes_until_nul,src/tests/integration/test-rust-mount-test/src/readdir_ops.rs,95,qualified_path,rust,test_or_benchmark
core::ffi,core::ffi::CStr,src/tests/integration/test-rust-setenv/src/tests/setenv.rs,17,import,rust,test_or_benchmark
core::ffi,core::ffi::CStr::from_ptr,src/tests/integration/test-rust-setenv/src/tests/setenv.rs,84,qualified_path,rust,test_or_benchmark
core::ffi,core::ffi::CStr::from_ptr,src/tests/integration/test-rust-setenv/src/tests/setenv.rs,173,qualified_path,rust,test_or_benchmark
core::ffi,core::ffi::c_void,src/tests/stress/test-rust-memory/src/tests/alloc.rs,8,import,rust,test_or_benchmark
core::ffi,core::ffi::c_void,src/tests/stress/test-rust-memory/src/tests/heap.rs,8,import,rust,test_or_benchmark
core::fmt,core::fmt,src/daemons/networkd/src/wire.rs,8,import,rust,production
core::fmt,core::fmt::Display,src/daemons/networkd/src/wire.rs,81,qualified_path,rust,production
core::fmt,core::fmt::Formatter,src/daemons/networkd/src/wire.rs,82,qualified_path,rust,production
core::fmt,core::fmt::Result,src/daemons/networkd/src/wire.rs,82,qualified_path,rust,production
core::fmt,core::fmt::Debug,src/kernel/src/hal/arch/x86/cpu/context.rs,300,qualified_path,rust,production
core::fmt,core::fmt::Formatter,src/kernel/src/hal/arch/x86/cpu/context.rs,301,qualified_path,rust,production
core::fmt,core::fmt::Result,src/kernel/src/hal/arch/x86/cpu/context.rs,301,qualified_path,rust,production
core::fmt,core::fmt::Debug,src/kernel/src/hal/arch/x86/cpu/exception/info.rs,69,qualified_path,rust,production
core::fmt,core::fmt::Formatter,src/kernel/src/hal/arch/x86/cpu/exception/info.rs,70,qualified_path,rust,production
core::fmt,core::fmt::Result,src/kernel/src/hal/arch/x86/cpu/exception/info.rs,70,qualified_path,rust,production
core::fmt,core::fmt::Debug,src/kernel/src/hal/arch/x86_64/cpu/context.rs,303,qualified_path,rust,production
core::fmt,core::fmt::Formatter,src/kernel/src/hal/arch/x86_64/cpu/context.rs,304,qualified_path,rust,production
core::fmt,core::fmt::Result,src/kernel/src/hal/arch/x86_64/cpu/context.rs,304,qualified_path,rust,production
core::fmt,core::fmt::Debug,src/kernel/src/hal/arch/x86_64/cpu/exception/info.rs,72,qualified_path,rust,production
core::fmt,core::fmt::Formatter,src/kernel/src/hal/arch/x86_64/cpu/exception/info.rs,73,qualified_path,rust,production
core::fmt,core::fmt::Result,src/kernel/src/hal/arch/x86_64/cpu/exception/info.rs,73,qualified_path,rust,production
core::fmt,core::fmt::Debug,src/kernel/src/hal/io/mmio/region.rs,151,qualified_path,rust,production
core::fmt,core::fmt::Error,src/kernel/src/hal/io/mmio/region.rs,152,qualified_path,rust,production
core::fmt,core::fmt::Formatter,src/kernel/src/hal/io/mmio/region.rs,152,qualified_path,rust,production
core::fmt,core::fmt::Debug,src/kernel/src/hal/mem/types/address/aligned/page.rs,173,qualified_path,verus,production
core::fmt,core::fmt::Formatter,src/kernel/src/hal/mem/types/address/aligned/page.rs,174,qualified_path,verus,production
core::fmt,core::fmt::Result,src/kernel/src/hal/mem/types/address/aligned/page.rs,174,qualified_path,verus,production
core::fmt,core::fmt::Debug,src/kernel/src/hal/mem/types/address/aligned/pgtab.rs,137,qualified_path,verus,production
core::fmt,core::fmt::Formatter,src/kernel/src/hal/mem/types/address/aligned/pgtab.rs,138,qualified_path,verus,production
core::fmt,core::fmt::Result,src/kernel/src/hal/mem/types/address/aligned/pgtab.rs,138,qualified_path,verus,production
core::fmt,core::fmt::Debug,src/kernel/src/hal/mem/types/address/frame.rs,122,qualified_path,verus,production
core::fmt,core::fmt::Formatter,src/kernel/src/hal/mem/types/address/frame.rs,123,qualified_path,verus,production
core::fmt,core::fmt::Result,src/kernel/src/hal/mem/types/address/frame.rs,123,qualified_path,verus,production
core::fmt,core::fmt::Debug,src/kernel/src/hal/mem/types/region.rs,426,qualified_path,verus,production
core::fmt,core::fmt::Formatter,src/kernel/src/hal/mem/types/region.rs,427,qualified_path,verus,production
core::fmt,core::fmt::Result,src/kernel/src/hal/mem/types/region.rs,427,qualified_path,verus,production
core::fmt,core::fmt::Debug,src/kernel/src/kargs.rs,103,qualified_path,rust,production
core::fmt,core::fmt::Formatter,src/kernel/src/kargs.rs,104,qualified_path,rust,production
core::fmt,core::fmt::Result,src/kernel/src/kargs.rs,104,qualified_path,rust,production
core::fmt,core::fmt,src/kernel/src/klog.rs,9,import,verus,production
core::fmt,core::fmt::Write,src/kernel/src/klog.rs,9,import,verus,production
core::fmt,core::fmt::Write,src/kernel/src/klog.rs,92,qualified_path,verus,production
core::fmt,core::fmt::Result,src/kernel/src/klog.rs,93,qualified_path,verus,production
core::fmt,core::fmt::Debug,src/kernel/src/klog.rs,101,qualified_path,verus,production
core::fmt,core::fmt::Formatter,src/kernel/src/klog.rs,102,qualified_path,verus,production
core::fmt,core::fmt::Result,src/kernel/src/klog.rs,102,qualified_path,verus,production
core::fmt,core::fmt::Debug,src/kernel/src/kmod.rs,126,qualified_path,rust,production
core::fmt,core::fmt::Formatter,src/kernel/src/kmod.rs,127,qualified_path,rust,production
core::fmt,core::fmt::Result,src/kernel/src/kmod.rs,127,qualified_path,rust,production
core::fmt,core::fmt::Write,src/kernel/src/kpanic.rs,15,import,rust,production
core::fmt,core::fmt,src/kernel/src/mm/kstack.rs,20,import,rust,production
core::fmt,core::fmt::Debug,src/kernel/src/mm/kstack.rs,308,qualified_path,rust,production
core::fmt,core::fmt::Formatter,src/kernel/src/mm/kstack.rs,309,qualified_path,rust,production
core::fmt,core::fmt::Result,src/kernel/src/mm/kstack.rs,309,qualified_path,rust,production
core::fmt,core::fmt::Debug,src/kernel/src/pm/process/state/mod.rs,728,qualified_path,verus,production
core::fmt,core::fmt::Formatter,src/kernel/src/pm/process/state/mod.rs,729,qualified_path,verus,production
core::fmt,core::fmt::Result,src/kernel/src/pm/process/state/mod.rs,729,qualified_path,verus,production
core::fmt,core::fmt,src/kernel/src/pm/sync/condvar.rs,17,import,verus,production
core::fmt,core::fmt::Debug,src/kernel/src/pm/sync/condvar.rs,274,qualified_path,verus,production
core::fmt,core::fmt::Formatter,src/kernel/src/pm/sync/condvar.rs,275,qualified_path,verus,production
core::fmt,core::fmt::Result,src/kernel/src/pm/sync/condvar.rs,275,qualified_path,verus,production
core::fmt,core::fmt::Debug,src/kernel/src/pm/sync/condvar.rs,280,qualified_path,verus,production
core::fmt,core::fmt::Formatter,src/kernel/src/pm/sync/condvar.rs,281,qualified_path,verus,production
core::fmt,core::fmt::Result,src/kernel/src/pm/sync/condvar.rs,281,qualified_path,verus,production
core::fmt,core::fmt,src/kernel/src/pm/sync/mutex.rs,13,import,verus,production
core::fmt,core::fmt::Debug,src/kernel/src/pm/sync/mutex.rs,189,qualified_path,verus,production
core::fmt,core::fmt::Formatter,src/kernel/src/pm/sync/mutex.rs,190,qualified_path,verus,production
core::fmt,core::fmt::Result,src/kernel/src/pm/sync/mutex.rs,190,qualified_path,verus,production
core::fmt,core::fmt::Debug,src/kernel/src/pm/thread/interrupted.rs,16,import,rust,production
core::fmt,core::fmt::Debug,src/kernel/src/pm/thread/ready.rs,29,import,rust,production
core::fmt,core::fmt::Debug,src/kernel/src/pm/thread/running.rs,24,import,rust,production
core::fmt,core::fmt::Debug,src/kernel/src/pm/thread/sleeping.rs,18,import,rust,production
core::fmt,core::fmt::Debug,src/kernel/src/pm/thread/zombie.rs,16,import,rust,production
core::fmt,core::fmt::Debug,src/libs/arch/src/x86/cpu/excp.rs,71,qualified_path,verus,production
core::fmt,core::fmt::Formatter,src/libs/arch/src/x86/cpu/excp.rs,72,qualified_path,verus,production
core::fmt,core::fmt::Result,src/libs/arch/src/x86/cpu/excp.rs,72,qualified_path,verus,production
core::fmt,core::fmt::Debug,src/libs/arch/src/x86/cpu/excp.rs,147,qualified_path,verus,production
core::fmt,core::fmt::Formatter,src/libs/arch/src/x86/cpu/excp.rs,148,qualified_path,verus,production
core::fmt,core::fmt::Result,src/libs/arch/src/x86/cpu/excp.rs,148,qualified_path,verus,production
core::fmt,core::fmt::Debug,src/libs/arch/src/x86/cpu/idt.rs,73,qualified_path,rust,production
core::fmt,core::fmt::Formatter,src/libs/arch/src/x86/cpu/idt.rs,74,qualified_path,rust,production
core::fmt,core::fmt::Result,src/libs/arch/src/x86/cpu/idt.rs,74,qualified_path,rust,production
core::fmt,core::fmt::Debug,src/libs/arch/src/x86/cpu/idt.rs,145,qualified_path,rust,production
core::fmt,core::fmt::Formatter,src/libs/arch/src/x86/cpu/idt.rs,146,qualified_path,rust,production
core::fmt,core::fmt::Result,src/libs/arch/src/x86/cpu/idt.rs,146,qualified_path,rust,production
core::fmt,core::fmt::Debug,src/libs/arch/src/x86/cpu/idt_common.rs,52,qualified_path,rust,production
core::fmt,core::fmt::Formatter,src/libs/arch/src/x86/cpu/idt_common.rs,53,qualified_path,rust,production
core::fmt,core::fmt::Result,src/libs/arch/src/x86/cpu/idt_common.rs,53,qualified_path,rust,production
core::fmt,core::fmt::Debug,src/libs/arch/src/x86/cpu/msr/apic_base.rs,125,qualified_path,rust,production
core::fmt,core::fmt::Formatter,src/libs/arch/src/x86/cpu/msr/apic_base.rs,126,qualified_path,rust,production
core::fmt,core::fmt::Result,src/libs/arch/src/x86/cpu/msr/apic_base.rs,126,qualified_path,rust,production
core::fmt,core::fmt::Debug,src/libs/arch/src/x86/cpu/ring.rs,13,qualified_path,rust,production
core::fmt,core::fmt::Formatter,src/libs/arch/src/x86/cpu/ring.rs,14,qualified_path,rust,production
core::fmt,core::fmt::Result,src/libs/arch/src/x86/cpu/ring.rs,14,qualified_path,rust,production
core::fmt,core::fmt::Debug,src/libs/arch/src/x86/mem/gdt.rs,285,qualified_path,rust,production
core::fmt,core::fmt::Formatter,src/libs/arch/src/x86/mem/gdt.rs,286,qualified_path,rust,production
core::fmt,core::fmt::Result,src/libs/arch/src/x86/mem/gdt.rs,286,qualified_path,rust,production
core::fmt,core::fmt::Debug,src/libs/arch/src/x86/mem/gdt.rs,637,qualified_path,rust,production
core::fmt,core::fmt::Formatter,src/libs/arch/src/x86/mem/gdt.rs,638,qualified_path,rust,production
core::fmt,core::fmt::Result,src/libs/arch/src/x86/mem/gdt.rs,638,qualified_path,rust,production
core::fmt,core::fmt,src/libs/bump_allocator/src/lib.rs,89,import,rust,production
core::fmt,core::fmt::Display,src/libs/bump_allocator/src/lib.rs,145,qualified_path,rust,production
core::fmt,core::fmt::Formatter,src/libs/bump_allocator/src/lib.rs,146,qualified_path,rust,production
core::fmt,core::fmt::Result,src/libs/bump_allocator/src/lib.rs,146,qualified_path,rust,production
core::fmt,core::fmt::Display,src/libs/config/src/lib.rs,111,qualified_path,rust,production
core::fmt,core::fmt::Formatter,src/libs/config/src/lib.rs,112,qualified_path,rust,production
core::fmt,core::fmt::Result,src/libs/config/src/lib.rs,112,qualified_path,rust,production
core::fmt,core::fmt::Display,src/libs/error/src/lib.rs,710,qualified_path,rust,production
core::fmt,core::fmt::Formatter,src/libs/error/src/lib.rs,711,qualified_path,rust,production
core::fmt,core::fmt::Result,src/libs/error/src/lib.rs,711,qualified_path,rust,production
core::fmt,core::fmt,src/libs/fat32/src/error.rs,10,import,rust,production
core::fmt,core::fmt::Display,src/libs/fat32/src/error.rs,113,qualified_path,rust,production
core::fmt,core::fmt::Formatter,src/libs/fat32/src/error.rs,114,qualified_path,rust,production
core::fmt,core::fmt::Result,src/libs/fat32/src/error.rs,114,qualified_path,rust,production
core::fmt,core::fmt,src/libs/fat32/src/fat/error.rs,11,import,rust,production
core::fmt,core::fmt::Display,src/libs/fat32/src/fat/error.rs,39,qualified_path,rust,production
core::fmt,core::fmt::Formatter,src/libs/fat32/src/fat/error.rs,40,qualified_path,rust,production
core::fmt,core::fmt::Result,src/libs/fat32/src/fat/error.rs,40,qualified_path,rust,production
core::fmt,core::fmt,src/libs/fat32/src/fat/file.rs,22,import,verus,production
core::fmt,core::fmt::Debug,src/libs/fat32/src/fat/file.rs,250,qualified_path,verus,production
core::fmt,core::fmt::Formatter,src/libs/fat32/src/fat/file.rs,251,qualified_path,verus,production
core::fmt,core::fmt::Result,src/libs/fat32/src/fat/file.rs,251,qualified_path,verus,production
core::fmt,core::fmt,src/libs/fat32/src/fat/filesystem.rs,27,import,verus,production
core::fmt,core::fmt::Debug,src/libs/fat32/src/fat/filesystem.rs,529,qualified_path,verus,production
core::fmt,core::fmt::Formatter,src/libs/fat32/src/fat/filesystem.rs,530,qualified_path,verus,production
core::fmt,core::fmt::Result,src/libs/fat32/src/fat/filesystem.rs,530,qualified_path,verus,production
core::fmt,core::fmt,src/libs/fat32/src/fat/storage.rs,14,import,verus,production
core::fmt,core::fmt::Debug,src/libs/fat32/src/fat/storage.rs,97,qualified_path,verus,production
core::fmt,core::fmt::Formatter,src/libs/fat32/src/fat/storage.rs,98,qualified_path,verus,production
core::fmt,core::fmt::Result,src/libs/fat32/src/fat/storage.rs,98,qualified_path,verus,production
core::fmt,core::fmt::Debug,src/libs/fat32/src/fat/storage.rs,267,qualified_path,verus,production
core::fmt,core::fmt::Formatter,src/libs/fat32/src/fat/storage.rs,268,qualified_path,verus,production
core::fmt,core::fmt::Result,src/libs/fat32/src/fat/storage.rs,268,qualified_path,verus,production
core::fmt,core::fmt::Display,src/libs/hostfs-api/src/lib.rs,179,qualified_path,rust,production
core::fmt,core::fmt::Formatter,src/libs/hostfs-api/src/lib.rs,180,qualified_path,rust,production
core::fmt,core::fmt::Result,src/libs/hostfs-api/src/lib.rs,180,qualified_path,rust,production
core::fmt,core::fmt,src/libs/mmio-tag/src/tag.rs,8,import,rust,production
core::fmt,core::fmt::Debug,src/libs/mmio-tag/src/tag.rs,8,import,rust,production
core::fmt,core::fmt::Display,src/libs/mmio-tag/src/tag.rs,8,import,rust,production
core::fmt,core::fmt::Formatter,src/libs/mmio-tag/src/tag.rs,8,import,rust,production
core::fmt,core::fmt::Error,src/libs/mmio-tag/src/tag.rs,178,qualified_path,rust,production
core::fmt,core::fmt::write,src/libs/mmio-tag/src/tag.rs,182,qualified_path,rust,production
core::fmt,core::fmt::Error,src/libs/mmio-tag/src/tag.rs,189,qualified_path,rust,production
core::fmt,core::fmt::write,src/libs/mmio-tag/src/tag.rs,192,qualified_path,rust,production
core::fmt,core::fmt::Formatter,src/libs/multiimage/src/lib.rs,155,qualified_path,rust,production
core::fmt,core::fmt::Result,src/libs/multiimage/src/lib.rs,155,qualified_path,rust,production
core::fmt,core::fmt::Display,src/libs/net-backend/src/error.rs,42,qualified_path,rust,production
core::fmt,core::fmt::Formatter,src/libs/net-backend/src/error.rs,43,qualified_path,rust,production
core::fmt,core::fmt::Result,src/libs/net-backend/src/error.rs,43,qualified_path,rust,production
core::fmt,core::fmt::Write,src/libs/nvx/src/panic.rs,8,import,rust,production
core::fmt,core::fmt::Debug,src/libs/sys/src/sys/event/descriptor.rs,12,import,rust,production
core::fmt,core::fmt::Formatter,src/libs/sys/src/sys/event/descriptor.rs,72,qualified_path,rust,production
core::fmt,core::fmt::Result,src/libs/sys/src/sys/event/descriptor.rs,72,qualified_path,rust,production
core::fmt,core::fmt::Debug,src/libs/sys/src/sys/event/exception.rs,12,import,rust,production
core::fmt,core::fmt::Debug,src/libs/sys/src/sys/event/information.rs,25,import,rust,production
core::fmt,core::fmt::Debug,src/libs/sys/src/sys/event/interrupt.rs,12,import,rust,production
core::fmt,core::fmt::Debug,src/libs/sys/src/sys/event/scheduling/creation.rs,10,import,rust,production
core::fmt,core::fmt::Debug,src/libs/sys/src/sys/event/scheduling/event.rs,12,import,rust,production
core::fmt,core::fmt::Debug,src/libs/sys/src/sys/event/scheduling/termination.rs,12,import,rust,production
core::fmt,core::fmt,src/libs/sys/src/sys/ipc/typ.rs,12,import,rust,production
core::fmt,core::fmt::Debug,src/libs/sys/src/sys/ipc/typ.rs,103,qualified_path,rust,production
core::fmt,core::fmt::Formatter,src/libs/sys/src/sys/ipc/typ.rs,104,qualified_path,rust,production
core::fmt,core::fmt::Result,src/libs/sys/src/sys/ipc/typ.rs,104,qualified_path,rust,production
core::fmt,core::fmt::Debug,src/libs/sys/src/sys/mm/access.rs,459,qualified_path,rust,production
core::fmt,core::fmt::Formatter,src/libs/sys/src/sys/mm/access.rs,460,qualified_path,rust,production
core::fmt,core::fmt::Result,src/libs/sys/src/sys/mm/access.rs,460,qualified_path,rust,production
core::fmt,core::fmt::Debug,src/libs/sys/src/sys/mm/address/mod.rs,46,qualified_path,verus,production
core::fmt,core::fmt::Debug,src/libs/sys/src/sys/mm/address/phys.rs,248,qualified_path,rust,production
core::fmt,core::fmt::Formatter,src/libs/sys/src/sys/mm/address/phys.rs,249,qualified_path,rust,production
core::fmt,core::fmt::Result,src/libs/sys/src/sys/mm/address/phys.rs,249,qualified_path,rust,production
core::fmt,core::fmt::Debug,src/libs/sys/src/sys/mm/address/virt.rs,291,qualified_path,verus,production
core::fmt,core::fmt::Formatter,src/libs/sys/src/sys/mm/address/virt.rs,292,qualified_path,verus,production
core::fmt,core::fmt::Result,src/libs/sys/src/sys/mm/address/virt.rs,292,qualified_path,verus,production
core::fmt,core::fmt::Debug,src/libs/sys/src/sys/pm/gid.rs,69,qualified_path,rust,production
core::fmt,core::fmt::Formatter,src/libs/sys/src/sys/pm/gid.rs,70,qualified_path,rust,production
core::fmt,core::fmt::Result,src/libs/sys/src/sys/pm/gid.rs,70,qualified_path,rust,production
core::fmt,core::fmt::Debug,src/libs/sys/src/sys/pm/pid.rs,230,qualified_path,rust,production
core::fmt,core::fmt::Formatter,src/libs/sys/src/sys/pm/pid.rs,231,qualified_path,rust,production
core::fmt,core::fmt::Result,src/libs/sys/src/sys/pm/pid.rs,231,qualified_path,rust,production
core::fmt,core::fmt::Debug,src/libs/sys/src/sys/pm/tid.rs,212,qualified_path,rust,production
core::fmt,core::fmt::Formatter,src/libs/sys/src/sys/pm/tid.rs,213,qualified_path,rust,production
core::fmt,core::fmt::Result,src/libs/sys/src/sys/pm/tid.rs,213,qualified_path,rust,production
core::fmt,core::fmt::Debug,src/libs/sys/src/sys/pm/uid.rs,69,qualified_path,rust,production
core::fmt,core::fmt::Formatter,src/libs/sys/src/sys/pm/uid.rs,70,qualified_path,rust,production
core::fmt,core::fmt::Result,src/libs/sys/src/sys/pm/uid.rs,70,qualified_path,rust,production
core::fmt,core::fmt::Write,src/libs/sysalloc/src/allocator.rs,10,import,rust,production
core::fmt,core::fmt,src/libs/sysapi/src/dirent.rs,25,import,rust,production
core::fmt,core::fmt::Debug,src/libs/sysapi/src/dirent.rs,94,qualified_path,rust,production
core::fmt,core::fmt::Formatter,src/libs/sysapi/src/dirent.rs,95,qualified_path,rust,production
core::fmt,core::fmt::Result,src/libs/sysapi/src/dirent.rs,95,qualified_path,rust,production
core::fmt,core::fmt::Debug,src/libs/sysapi/src/dirent.rs,160,qualified_path,rust,production
core::fmt,core::fmt::Formatter,src/libs/sysapi/src/dirent.rs,161,qualified_path,rust,production
core::fmt,core::fmt::Result,src/libs/sysapi/src/dirent.rs,161,qualified_path,rust,production
core::fmt,core::fmt::Display,src/libs/sysapi/src/sys_select.rs,53,qualified_path,rust,production
core::fmt,core::fmt::Formatter,src/libs/sysapi/src/sys_select.rs,54,qualified_path,rust,production
core::fmt,core::fmt::Result,src/libs/sysapi/src/sys_select.rs,54,qualified_path,rust,production
core::fmt,core::fmt,src/libs/sysapi/src/sys_socket.rs,19,import,rust,production
core::fmt,core::fmt::Debug,src/libs/sysapi/src/sys_socket.rs,180,qualified_path,rust,production
core::fmt,core::fmt::Formatter,src/libs/sysapi/src/sys_socket.rs,181,qualified_path,rust,production
core::fmt,core::fmt::Result,src/libs/sysapi/src/sys_socket.rs,181,qualified_path,rust,production
core::fmt,core::fmt::Debug,src/libs/syscall/src/fcntl/message/fadvise.rs,12,import,rust,production
core::fmt,core::fmt::Debug,src/libs/syscall/src/fcntl/message/fallocate.rs,12,import,rust,production
core::fmt,core::fmt::Debug,src/libs/syscall/src/fcntl/message/fcntl.rs,12,import,rust,production
core::fmt,core::fmt::Debug,src/libs/syscall/src/message/part.rs,12,import,rust,production
core::fmt,core::fmt::Formatter,src/libs/syscall/src/message/part.rs,270,qualified_path,rust,production
core::fmt,core::fmt::Result,src/libs/syscall/src/message/part.rs,270,qualified_path,rust,production
core::fmt,core::fmt,src/libs/syscall/src/safe/dir/mod.rs,30,import,rust,production
core::fmt,core::fmt::Debug,src/libs/syscall/src/safe/dir/mod.rs,191,qualified_path,rust,production
core::fmt,core::fmt::Formatter,src/libs/syscall/src/safe/dir/mod.rs,192,qualified_path,rust,production
core::fmt,core::fmt::Result,src/libs/syscall/src/safe/dir/mod.rs,192,qualified_path,rust,production
core::fmt,core::fmt::Debug,src/libs/syscall/src/safe/dir/mod.rs,250,qualified_path,rust,production
core::fmt,core::fmt::Formatter,src/libs/syscall/src/safe/dir/mod.rs,251,qualified_path,rust,production
core::fmt,core::fmt::Result,src/libs/syscall/src/safe/dir/mod.rs,251,qualified_path,rust,production
core::fmt,core::fmt,src/libs/syscall/src/safe/fs/permissions.rs,9,import,rust,production
core::fmt,core::fmt::Debug,src/libs/syscall/src/safe/fs/permissions.rs,366,qualified_path,rust,production
core::fmt,core::fmt::Formatter,src/libs/syscall/src/safe/fs/permissions.rs,367,qualified_path,rust,production
core::fmt,core::fmt::Result,src/libs/syscall/src/safe/fs/permissions.rs,367,qualified_path,rust,production
core::fmt,core::fmt,src/libs/syscall/src/sys/ioctl/message/tty.rs,12,import,rust,production
core::fmt,core::fmt::Debug,src/libs/syscall/src/sys/ioctl/message/tty.rs,101,qualified_path,rust,production
core::fmt,core::fmt::Formatter,src/libs/syscall/src/sys/ioctl/message/tty.rs,102,qualified_path,rust,production
core::fmt,core::fmt::Result,src/libs/syscall/src/sys/ioctl/message/tty.rs,102,qualified_path,rust,production
core::fmt,core::fmt::Debug,src/libs/syscall/src/sys/ioctl/message/tty.rs,167,qualified_path,rust,production
core::fmt,core::fmt::Formatter,src/libs/syscall/src/sys/ioctl/message/tty.rs,168,qualified_path,rust,production
core::fmt,core::fmt::Result,src/libs/syscall/src/sys/ioctl/message/tty.rs,168,qualified_path,rust,production
core::fmt,core::fmt::Debug,src/libs/syscall/src/sys/socket/message/accept.rs,12,import,rust,production
core::fmt,core::fmt::Formatter,src/libs/syscall/src/sys/socket/message/accept.rs,129,qualified_path,rust,production
core::fmt,core::fmt::Result,src/libs/syscall/src/sys/socket/message/accept.rs,129,qualified_path,rust,production
core::fmt,core::fmt::Debug,src/libs/syscall/src/sys/socket/message/bind.rs,13,import,rust,production
core::fmt,core::fmt::Formatter,src/libs/syscall/src/sys/socket/message/bind.rs,82,qualified_path,rust,production
core::fmt,core::fmt::Result,src/libs/syscall/src/sys/socket/message/bind.rs,82,qualified_path,rust,production
core::fmt,core::fmt::Debug,src/libs/syscall/src/sys/socket/message/connect.rs,16,import,rust,production
core::fmt,core::fmt::Formatter,src/libs/syscall/src/sys/socket/message/connect.rs,94,qualified_path,rust,production
core::fmt,core::fmt::Result,src/libs/syscall/src/sys/socket/message/connect.rs,94,qualified_path,rust,production
core::fmt,core::fmt::Debug,src/libs/syscall/src/sys/socket/message/getpeername.rs,13,import,rust,production
core::fmt,core::fmt::Debug,src/libs/syscall/src/sys/socket/message/getsockname.rs,13,import,rust,production
core::fmt,core::fmt::Debug,src/libs/syscall/src/sys/socket/message/listen.rs,12,import,rust,production
core::fmt,core::fmt::Debug,src/libs/syscall/src/sys/socket/message/recvfrom.rs,13,import,rust,production
core::fmt,core::fmt::Formatter,src/libs/syscall/src/sys/socket/message/recvfrom.rs,154,qualified_path,rust,production
core::fmt,core::fmt::Result,src/libs/syscall/src/sys/socket/message/recvfrom.rs,154,qualified_path,rust,production
core::fmt,core::fmt::Debug,src/libs/syscall/src/sys/socket/message/sendto.rs,13,import,rust,production
core::fmt,core::fmt::Formatter,src/libs/syscall/src/sys/socket/message/sendto.rs,104,qualified_path,rust,production
core::fmt,core::fmt::Result,src/libs/syscall/src/sys/socket/message/sendto.rs,104,qualified_path,rust,production
core::fmt,core::fmt::Debug,src/libs/syscall/src/sys/socket/message/shutdown.rs,13,import,rust,production
core::fmt,core::fmt::Debug,src/libs/syscall/src/sys/socket/message/socket.rs,17,import,rust,production
core::fmt,core::fmt::Debug,src/libs/syscall/src/sys/socket/message/socketpair.rs,17,import,rust,production
core::fmt,core::fmt::Debug,src/libs/syscall/src/sys/stat/message/fchmod.rs,12,import,rust,production
core::fmt,core::fmt::Debug,src/libs/syscall/src/sys/stat/message/fchmodat.rs,25,import,rust,production
core::fmt,core::fmt::Debug,src/libs/syscall/src/unistd/message/chdir.rs,25,import,rust,production
core::fmt,core::fmt,src/libs/syscall/src/unistd/message/close.rs,12,import,rust,production
core::fmt,core::fmt::Debug,src/libs/syscall/src/unistd/message/close.rs,77,qualified_path,rust,production
core::fmt,core::fmt::Formatter,src/libs/syscall/src/unistd/message/close.rs,78,qualified_path,rust,production
core::fmt,core::fmt::Result,src/libs/syscall/src/unistd/message/close.rs,78,qualified_path,rust,production
core::fmt,core::fmt,src/libs/syscall/src/unistd/message/dup2.rs,12,import,rust,production
core::fmt,core::fmt::Debug,src/libs/syscall/src/unistd/message/dup2.rs,90,qualified_path,rust,production
core::fmt,core::fmt::Formatter,src/libs/syscall/src/unistd/message/dup2.rs,91,qualified_path,rust,production
core::fmt,core::fmt::Result,src/libs/syscall/src/unistd/message/dup2.rs,91,qualified_path,rust,production
core::fmt,core::fmt::Debug,src/libs/syscall/src/unistd/message/dup2.rs,153,qualified_path,rust,production
core::fmt,core::fmt::Formatter,src/libs/syscall/src/unistd/message/dup2.rs,154,qualified_path,rust,production
core::fmt,core::fmt::Result,src/libs/syscall/src/unistd/message/dup2.rs,154,qualified_path,rust,production
core::fmt,core::fmt::Debug,src/libs/syscall/src/unistd/message/faccessat.rs,25,import,rust,production
core::fmt,core::fmt::Debug,src/libs/syscall/src/unistd/message/fchdir.rs,12,import,rust,production
core::fmt,core::fmt::Debug,src/libs/syscall/src/unistd/message/fchown.rs,12,import,rust,production
core::fmt,core::fmt::Debug,src/libs/syscall/src/unistd/message/fchownat.rs,25,import,rust,production
core::fmt,core::fmt,src/libs/syscall/src/unistd/message/fdatasync.rs,12,import,rust,production
core::fmt,core::fmt::Debug,src/libs/syscall/src/unistd/message/fdatasync.rs,81,qualified_path,rust,production
core::fmt,core::fmt::Formatter,src/libs/syscall/src/unistd/message/fdatasync.rs,82,qualified_path,rust,production
core::fmt,core::fmt::Result,src/libs/syscall/src/unistd/message/fdatasync.rs,82,qualified_path,rust,production
core::fmt,core::fmt::Debug,src/libs/syscall/src/unistd/message/fsync.rs,25,import,rust,production
core::fmt,core::fmt::Formatter,src/libs/syscall/src/unistd/message/fsync.rs,77,qualified_path,rust,production
core::fmt,core::fmt::Result,src/libs/syscall/src/unistd/message/fsync.rs,77,qualified_path,rust,production
core::fmt,core::fmt,src/libs/syscall/src/unistd/message/register_socket.rs,12,import,rust,production
core::fmt,core::fmt::Debug,src/libs/syscall/src/unistd/message/register_socket.rs,88,qualified_path,rust,production
core::fmt,core::fmt::Formatter,src/libs/syscall/src/unistd/message/register_socket.rs,89,qualified_path,rust,production
core::fmt,core::fmt::Result,src/libs/syscall/src/unistd/message/register_socket.rs,89,qualified_path,rust,production
core::fmt,core::fmt::Debug,src/libs/syscall/src/unistd/message/register_socket.rs,159,qualified_path,rust,production
core::fmt,core::fmt::Formatter,src/libs/syscall/src/unistd/message/register_socket.rs,160,qualified_path,rust,production
core::fmt,core::fmt::Result,src/libs/syscall/src/unistd/message/register_socket.rs,160,qualified_path,rust,production
core::fmt,core::fmt,src/libs/syscall/src/unistd/message/resolve_fd.rs,12,import,rust,production
core::fmt,core::fmt::Debug,src/libs/syscall/src/unistd/message/resolve_fd.rs,90,qualified_path,rust,production
core::fmt,core::fmt::Formatter,src/libs/syscall/src/unistd/message/resolve_fd.rs,91,qualified_path,rust,production
core::fmt,core::fmt::Result,src/libs/syscall/src/unistd/message/resolve_fd.rs,91,qualified_path,rust,production
core::fmt,core::fmt::Debug,src/libs/syscall/src/venv.rs,8,import,rust,production
core::fmt,core::fmt::Formatter,src/libs/syscall/src/venv.rs,48,qualified_path,rust,production
core::fmt,core::fmt::Result,src/libs/syscall/src/venv.rs,48,qualified_path,rust,production
core::fmt,core::fmt,src/libs/syslog/src/standalone.rs,8,import,rust,production
core::fmt,core::fmt::Write,src/libs/syslog/src/standalone.rs,8,import,rust,production
core::fmt,core::fmt::Debug,src/libs/syslog/src/standalone.rs,141,qualified_path,rust,production
core::fmt,core::fmt::Formatter,src/libs/syslog/src/standalone.rs,142,qualified_path,rust,production
core::fmt,core::fmt::Result,src/libs/syslog/src/standalone.rs,142,qualified_path,rust,production
core::fmt,core::fmt::Write,src/libs/syslog/src/standalone.rs,158,qualified_path,rust,production
core::fmt,core::fmt::Result,src/libs/syslog/src/standalone.rs,159,qualified_path,rust,production
core::fmt,core::fmt::Debug,src/libs/vfs/src/filesystem/handle.rs,215,qualified_path,rust,production
core::fmt,core::fmt::Formatter,src/libs/vfs/src/filesystem/handle.rs,216,qualified_path,rust,production
core::fmt,core::fmt::Result,src/libs/vfs/src/filesystem/handle.rs,216,qualified_path,rust,production
core::fmt,core::fmt::Write,src/tests/integration/test-rust-kernel/src/mmio_ramfs.rs,10,import,verus,test_or_benchmark
core::hint,core::hint::black_box,src/benchmarks/snapshot-rust-nostd/src/main.rs,203,qualified_path,verus,test_or_benchmark
core::hint,core::hint::black_box,src/benchmarks/snapshot-rust-nostd/src/main.rs,215,qualified_path,verus,test_or_benchmark
core::hint,core::hint::black_box,src/benchmarks/snapshot-rust-nostd/src/main.rs,216,qualified_path,verus,test_or_benchmark
core::hint,core::hint::spin_loop,src/daemons/memd/src/main.rs,167,qualified_path,rust,production
core::hint,core::hint::spin_loop,src/daemons/vfsd/src/main.rs,165,qualified_path,rust,production
core::hint,core::hint::spin_loop,src/daemons/vfsd/src/main.rs,385,qualified_path,rust,production
core::hint,core::hint::spin_loop,src/kernel/src/hal/arch/shared/cpu/interrupt/xapic.rs,527,qualified_path,verus,production
core::hint,core::hint::unlikely,src/kernel/src/hal/mod.rs,37,import,rust,production
core::hint,core::hint,src/kernel/src/hal/platform/microvm/mod.rs,289,import,rust,production
core::hint,core::hint::black_box,src/kernel/src/hal/platform/microvm/mod.rs,325,qualified_path,rust,production
core::hint,core::hint,src/kernel/src/hal/platform/microvm/mod.rs,350,import,rust,production
core::hint,core::hint::black_box,src/kernel/src/hal/platform/microvm/mod.rs,355,qualified_path,rust,production
core::hint,core::hint,src/kernel/src/hal/platform/microvm/mod.rs,377,import,rust,production
core::hint,core::hint::black_box,src/kernel/src/hal/platform/microvm/mod.rs,382,qualified_path,rust,production
core::hint,core::hint::spin_loop,src/kernel/src/hal/platform/microvm/mod.rs,408,qualified_path,rust,production
core::hint,core::hint::spin_loop,src/kernel/src/hal/platform/microvm/pvclock.rs,175,qualified_path,rust,production
core::hint,core::hint::spin_loop,src/kernel/src/hal/platform/microvm/pvclock.rs,198,qualified_path,rust,production
core::hint,core::hint::spin_loop,src/kernel/src/hal/platform/pit.rs,223,qualified_path,rust,production
core::hint,core::hint::spin_loop,src/kernel/src/kmain.rs,687,qualified_path,rust,production
core::hint,core::hint::unlikely,src/kernel/src/mm/phys/frame.rs,32,import,verus,production
core::hint,core::hint::unlikely,src/kernel/src/mm/phys/manager.rs,21,import,rust,production
core::hint,core::hint::unlikely,src/kernel/src/mm/virt/manager.rs,46,import,verus,production
core::hint,core::hint::cold_path,src/kernel/src/pm/process/manager/unsafe.rs,60,import,rust,production
core::hint,core::hint::unlikely,src/kernel/src/pm/process/manager/unsafe.rs,60,import,rust,production
core::hint,core::hint::unreachable_unchecked,src/kernel/src/pm/process/manager/unsafe.rs,309,qualified_path,rust,production
core::hint,core::hint::unreachable_unchecked,src/kernel/src/pm/process/manager/unsafe.rs,453,qualified_path,rust,production
core::hint,core::hint::unreachable_unchecked,src/kernel/src/pm/process/manager/unsafe.rs,591,qualified_path,rust,production
core::hint,core::hint::unlikely,src/libs/sys/src/sys/kcall/pm.rs,33,import,rust,production
core::hint,core::hint::spin_loop,src/libs/syscall/src/dlfcn/syscall/dynlib.rs,223,qualified_path,rust,production
core::hint,core::hint::black_box,src/tests/integration/test-rust-dlfcn/src/tests/dlfcn_pie.rs,84,qualified_path,verus,test_or_benchmark
core::hint,core::hint::black_box,src/tests/integration/test-rust-execv-big-target/src/main.rs,63,qualified_path,rust,test_or_benchmark
core::hint,core::hint::black_box,src/tests/integration/test-rust-execv-big-target/src/main.rs,64,qualified_path,rust,test_or_benchmark
core::hint,core::hint::black_box,src/tests/integration/test-rust-fork-exec-pipe-bulk-target/src/main.rs,109,qualified_path,rust,test_or_benchmark
core::hint,core::hint::black_box,src/tests/integration/test-rust-fork-exec-pipe-bulk-target/src/main.rs,110,qualified_path,rust,test_or_benchmark
core::hint,core::hint::black_box,src/tests/integration/test-rust-kernel/src/demand_paging.rs,110,qualified_path,rust,test_or_benchmark
core::hint,core::hint::black_box,src/tests/integration/test-rust-kernel/src/demand_paging.rs,122,qualified_path,rust,test_or_benchmark
core::hint,core::hint::black_box,src/tests/integration/test-rust-kernel/src/demand_paging.rs,151,qualified_path,rust,test_or_benchmark
core::hint,core::hint::black_box,src/tests/integration/test-rust-kernel/src/demand_paging.rs,167,qualified_path,rust,test_or_benchmark
core::hint,core::hint::black_box,src/tests/integration/test-rust-kernel/src/demand_paging.rs,184,qualified_path,rust,test_or_benchmark
core::hint,core::hint::spin_loop,src/tests/integration/test-rust-kill/src/tests/kill.rs,259,qualified_path,rust,test_or_benchmark
core::hint,core::hint::spin_loop,src/tests/integration/test-rust-linux-app/src/file_system.rs,544,qualified_path,rust,test_or_benchmark
core::hint,core::hint::spin_loop,src/tests/integration/test-rust-linux-app/src/file_system.rs,569,qualified_path,rust,test_or_benchmark
core::hint,core::hint::spin_loop,src/tests/integration/test-rust-linux-app/src/file_system.rs,698,qualified_path,rust,test_or_benchmark
core::hint,core::hint::spin_loop,src/tests/integration/test-rust-linux-app/src/file_system.rs,723,qualified_path,rust,test_or_benchmark
core::hint,core::hint::spin_loop,src/tests/integration/test-rust-linux-app/src/file_system.rs,819,qualified_path,rust,test_or_benchmark
core::hint,core::hint::spin_loop,src/tests/integration/test-rust-linux-app/src/file_system.rs,844,qualified_path,rust,test_or_benchmark
core::hint,core::hint::spin_loop,src/tests/integration/test-rust-snapshot-test/src/main.rs,115,qualified_path,rust,test_or_benchmark
core::hint,core::hint::black_box,src/tests/stress/test-rust-fork-exec-pipe-loop-target/src/main.rs,103,qualified_path,verus,test_or_benchmark
core::hint,core::hint::black_box,src/tests/stress/test-rust-fork-exec-pipe-loop-target/src/main.rs,104,qualified_path,verus,test_or_benchmark
core::intrinsics,core::intrinsics::fmaf32,src/libs/libc_math/src/fmaf.rs,27,qualified_path,rust,production
core::intrinsics,core::intrinsics::sqrtf64,src/libs/libc_math/src/sqrt.rs,25,qualified_path,rust,production
core::intrinsics,core::intrinsics::sqrtf32,src/libs/libc_math/src/sqrtf.rs,19,qualified_path,rust,production
core::marker,core::marker::PhantomData,src/libs/arch/src/x86/mem/paging/table.rs,108,qualified_path,rust,production
core::marker,core::marker::PhantomData,src/libs/arch/src/x86/mem/paging/table.rs,125,qualified_path,rust,production
core::marker,core::marker::PhantomData,src/libs/bump_allocator/src/lib.rs,89,import,rust,production
core::marker,core::marker::PhantomData,src/libs/fat32/src/fat/file.rs,22,import,verus,production
core::mem,core::mem::size_of_val,src/daemons/networkd/src/dispatch.rs,378,qualified_path,rust,production
core::mem,core::mem::size_of,src/daemons/networkd/src/wire.rs,22,qualified_path,rust,production
core::mem,core::mem::size_of,src/daemons/networkd/src/wire.rs,25,qualified_path,rust,production
core::mem,core::mem::size_of,src/daemons/networkd/src/wire.rs,28,qualified_path,rust,production
core::mem,core::mem::size_of,src/daemons/networkd/src/wire.rs,31,qualified_path,rust,production
core::mem,core::mem::size_of,src/daemons/networkd/src/wire.rs,34,qualified_path,rust,production
core::mem,core::mem::take,src/daemons/vfsd/src/pending.rs,251,qualified_path,rust,production
core::mem,core::mem::size_of,src/daemons/vfsd/src/pending.rs,415,qualified_path,rust,production
core::mem,core::mem,src/kernel/src/event/manager.rs,34,import,rust,production
core::mem,core::mem::zeroed,src/kernel/src/event/manager.rs,1427,qualified_path,rust,production
core::mem,core::mem::zeroed,src/kernel/src/event/manager.rs,1433,qualified_path,rust,production
core::mem,core::mem::zeroed,src/kernel/src/event/manager.rs,1443,qualified_path,rust,production
core::mem,core::mem::zeroed,src/kernel/src/event/manager.rs,1449,qualified_path,rust,production
core::mem,core::mem::zeroed,src/kernel/src/event/manager/test.rs,123,qualified_path,rust,production
core::mem,core::mem::offset_of,src/kernel/src/hal/arch/x86/cpu/context.rs,113,qualified_path,rust,production
core::mem,core::mem::offset_of,src/kernel/src/hal/arch/x86/cpu/context.rs,115,qualified_path,rust,production
core::mem,core::mem::offset_of,src/kernel/src/hal/arch/x86/cpu/context.rs,117,qualified_path,rust,production
core::mem,core::mem::offset_of,src/kernel/src/hal/arch/x86/cpu/context.rs,119,qualified_path,rust,production
core::mem,core::mem::offset_of,src/kernel/src/hal/arch/x86/cpu/context.rs,121,qualified_path,rust,production
core::mem,core::mem::offset_of,src/kernel/src/hal/arch/x86/cpu/context.rs,123,qualified_path,rust,production
core::mem,core::mem::offset_of,src/kernel/src/hal/arch/x86/cpu/context.rs,125,qualified_path,rust,production
core::mem,core::mem::offset_of,src/kernel/src/hal/arch/x86/cpu/context.rs,127,qualified_path,rust,production
core::mem,core::mem::offset_of,src/kernel/src/hal/arch/x86/cpu/context.rs,129,qualified_path,rust,production
core::mem,core::mem::offset_of,src/kernel/src/hal/arch/x86/cpu/context.rs,131,qualified_path,rust,production
core::mem,core::mem::offset_of,src/kernel/src/hal/arch/x86/cpu/context.rs,133,qualified_path,rust,production
core::mem,core::mem::offset_of,src/kernel/src/hal/arch/x86/cpu/context.rs,135,qualified_path,rust,production
core::mem,core::mem::offset_of,src/kernel/src/hal/arch/x86/cpu/context.rs,137,qualified_path,rust,production
core::mem,core::mem::offset_of,src/kernel/src/hal/arch/x86/cpu/context.rs,139,qualified_path,rust,production
core::mem,core::mem::offset_of,src/kernel/src/hal/arch/x86/cpu/context.rs,141,qualified_path,rust,production
core::mem,core::mem::offset_of,src/kernel/src/hal/arch/x86/cpu/context.rs,143,qualified_path,rust,production
core::mem,core::mem::offset_of,src/kernel/src/hal/arch/x86/cpu/context.rs,145,qualified_path,rust,production
core::mem,core::mem::size_of,src/kernel/src/hal/arch/x86/cpu/context.rs,152,qualified_path,rust,production
core::mem,core::mem::offset_of,src/kernel/src/hal/arch/x86/cpu/exception/info.rs,41,qualified_path,rust,production
core::mem,core::mem::offset_of,src/kernel/src/hal/arch/x86/cpu/exception/info.rs,43,qualified_path,rust,production
core::mem,core::mem::offset_of,src/kernel/src/hal/arch/x86/cpu/exception/info.rs,45,qualified_path,rust,production
core::mem,core::mem::offset_of,src/kernel/src/hal/arch/x86/cpu/exception/info.rs,47,qualified_path,rust,production
core::mem,core::mem::size_of,src/kernel/src/hal/arch/x86/cpu/exception/info.rs,50,qualified_path,rust,production
core::mem,core::mem,src/kernel/src/hal/arch/x86/cpu/idt.rs,20,import,rust,production
core::mem,core::mem::size_of,src/kernel/src/hal/arch/x86/cpu/idt.rs,134,qualified_path,rust,production
core::mem,core::mem::size_of,src/kernel/src/hal/arch/x86/cpu/idt.rs,142,qualified_path,rust,production
core::mem,core::mem::size_of,src/kernel/src/hal/arch/x86/cpu/sigframe.rs,74,qualified_path,rust,production
core::mem,core::mem::offset_of,src/kernel/src/hal/arch/x86/cpu/sigframe.rs,77,qualified_path,rust,production
core::mem,core::mem::offset_of,src/kernel/src/hal/arch/x86/cpu/sigframe.rs,79,qualified_path,rust,production
core::mem,core::mem::offset_of,src/kernel/src/hal/arch/x86/cpu/sigframe.rs,81,qualified_path,rust,production
core::mem,core::mem::offset_of,src/kernel/src/hal/arch/x86/cpu/sigframe.rs,83,qualified_path,rust,production
core::mem,core::mem::offset_of,src/kernel/src/hal/arch/x86/cpu/sigframe.rs,85,qualified_path,rust,production
core::mem,core::mem::offset_of,src/kernel/src/hal/arch/x86/cpu/sigframe.rs,87,qualified_path,rust,production
core::mem,core::mem::offset_of,src/kernel/src/hal/arch/x86/cpu/sigframe.rs,89,qualified_path,rust,production
core::mem,core::mem::offset_of,src/kernel/src/hal/arch/x86/cpu/sigframe.rs,91,qualified_path,rust,production
core::mem,core::mem::offset_of,src/kernel/src/hal/arch/x86/cpu/sigframe.rs,93,qualified_path,rust,production
core::mem,core::mem::offset_of,src/kernel/src/hal/arch/x86/cpu/sigframe.rs,95,qualified_path,rust,production
core::mem,core::mem,src/kernel/src/hal/arch/x86/cpu/tss.rs,10,import,rust,production
core::mem,core::mem::size_of,src/kernel/src/hal/arch/x86/cpu/tss.rs,92,qualified_path,rust,production
core::mem,core::mem,src/kernel/src/hal/arch/x86/mem/gdt.rs,30,import,rust,production
core::mem,core::mem::size_of,src/kernel/src/hal/arch/x86/mem/gdt.rs,316,qualified_path,rust,production
core::mem,core::mem::size_of,src/kernel/src/hal/arch/x86_64/asm/fast_memcpy.rs,28,qualified_path,rust,production
core::mem,core::mem::size_of,src/kernel/src/hal/arch/x86_64/asm/fast_memset.rs,25,qualified_path,rust,production
core::mem,core::mem::size_of,src/kernel/src/hal/arch/x86_64/asm/hooks.rs,20,qualified_path,rust,production
core::mem,core::mem::offset_of,src/kernel/src/hal/arch/x86_64/cpu/context.rs,120,qualified_path,rust,production
core::mem,core::mem::offset_of,src/kernel/src/hal/arch/x86_64/cpu/context.rs,122,qualified_path,rust,production
core::mem,core::mem::offset_of,src/kernel/src/hal/arch/x86_64/cpu/context.rs,124,qualified_path,rust,production
core::mem,core::mem::offset_of,src/kernel/src/hal/arch/x86_64/cpu/context.rs,126,qualified_path,rust,production
core::mem,core::mem::offset_of,src/kernel/src/hal/arch/x86_64/cpu/context.rs,128,qualified_path,rust,production
core::mem,core::mem::offset_of,src/kernel/src/hal/arch/x86_64/cpu/context.rs,130,qualified_path,rust,production
core::mem,core::mem::offset_of,src/kernel/src/hal/arch/x86_64/cpu/context.rs,132,qualified_path,rust,production
core::mem,core::mem::offset_of,src/kernel/src/hal/arch/x86_64/cpu/context.rs,134,qualified_path,rust,production
core::mem,core::mem::offset_of,src/kernel/src/hal/arch/x86_64/cpu/context.rs,136,qualified_path,rust,production
core::mem,core::mem::offset_of,src/kernel/src/hal/arch/x86_64/cpu/context.rs,138,qualified_path,rust,production
core::mem,core::mem::offset_of,src/kernel/src/hal/arch/x86_64/cpu/context.rs,140,qualified_path,rust,production
core::mem,core::mem::offset_of,src/kernel/src/hal/arch/x86_64/cpu/context.rs,142,qualified_path,rust,production
core::mem,core::mem::offset_of,src/kernel/src/hal/arch/x86_64/cpu/context.rs,144,qualified_path,rust,production
core::mem,core::mem::offset_of,src/kernel/src/hal/arch/x86_64/cpu/context.rs,146,qualified_path,rust,production
core::mem,core::mem::offset_of,src/kernel/src/hal/arch/x86_64/cpu/context.rs,148,qualified_path,rust,production
core::mem,core::mem::offset_of,src/kernel/src/hal/arch/x86_64/cpu/context.rs,150,qualified_path,rust,production
core::mem,core::mem::offset_of,src/kernel/src/hal/arch/x86_64/cpu/context.rs,152,qualified_path,rust,production
core::mem,core::mem::offset_of,src/kernel/src/hal/arch/x86_64/cpu/context.rs,154,qualified_path,rust,production
core::mem,core::mem::offset_of,src/kernel/src/hal/arch/x86_64/cpu/context.rs,156,qualified_path,rust,production
core::mem,core::mem::offset_of,src/kernel/src/hal/arch/x86_64/cpu/context.rs,159,qualified_path,rust,production
core::mem,core::mem::offset_of,src/kernel/src/hal/arch/x86_64/cpu/context.rs,161,qualified_path,rust,production
core::mem,core::mem::offset_of,src/kernel/src/hal/arch/x86_64/cpu/context.rs,163,qualified_path,rust,production
core::mem,core::mem::offset_of,src/kernel/src/hal/arch/x86_64/cpu/context.rs,166,qualified_path,rust,production
core::mem,core::mem::size_of,src/kernel/src/hal/arch/x86_64/cpu/context.rs,173,qualified_path,rust,production
core::mem,core::mem::offset_of,src/kernel/src/hal/arch/x86_64/cpu/exception/info.rs,44,qualified_path,rust,production
core::mem,core::mem::offset_of,src/kernel/src/hal/arch/x86_64/cpu/exception/info.rs,46,qualified_path,rust,production
core::mem,core::mem::offset_of,src/kernel/src/hal/arch/x86_64/cpu/exception/info.rs,48,qualified_path,rust,production
core::mem,core::mem::offset_of,src/kernel/src/hal/arch/x86_64/cpu/exception/info.rs,50,qualified_path,rust,production
core::mem,core::mem::size_of,src/kernel/src/hal/arch/x86_64/cpu/exception/info.rs,53,qualified_path,rust,production
core::mem,core::mem,src/kernel/src/hal/arch/x86_64/cpu/idt.rs,19,import,rust,production
core::mem,core::mem::size_of,src/kernel/src/hal/arch/x86_64/cpu/idt.rs,129,qualified_path,rust,production
core::mem,core::mem::zeroed,src/kernel/src/hal/arch/x86_64/cpu/idt.rs,135,qualified_path,rust,production
core::mem,core::mem::zeroed,src/kernel/src/hal/arch/x86_64/cpu/idt.rs,137,qualified_path,rust,production
core::mem,core::mem,src/kernel/src/hal/arch/x86_64/cpu/tss.rs,10,import,rust,production
core::mem,core::mem::size_of,src/kernel/src/hal/arch/x86_64/cpu/tss.rs,91,qualified_path,rust,production
core::mem,core::mem,src/kernel/src/hal/arch/x86_64/mem/gdt.rs,30,import,rust,production
core::mem,core::mem::size_of,src/kernel/src/hal/arch/x86_64/mem/gdt.rs,313,qualified_path,rust,production
core::mem,core::mem::offset_of,src/kernel/src/hal/cpu/signal_frame.rs,154,qualified_path,rust,production
core::mem,core::mem::offset_of,src/kernel/src/hal/cpu/signal_frame.rs,165,qualified_path,rust,production
core::mem,core::mem::ManuallyDrop,src/kernel/src/hal/io/mmio/region.rs,20,import,rust,production
core::mem,core::mem::ManuallyDrop::new,src/kernel/src/hal/io/mmio/region.rs,128,qualified_path,rust,production
core::mem,core::mem::ManuallyDrop::take,src/kernel/src/hal/io/mmio/region.rs,143,qualified_path,rust,production
core::mem,core::mem::MaybeUninit,src/kernel/src/hal/mod.rs,37,import,rust,production
core::mem,core::mem::MaybeUninit::uninit,src/kernel/src/hal/mod.rs,72,qualified_path,rust,production
core::mem,core::mem::take,src/kernel/src/hal/mod.rs,194,qualified_path,rust,production
core::mem,core::mem::size_of,src/kernel/src/hal/platform/acpi.rs,42,qualified_path,rust,production
core::mem,core::mem::size_of,src/kernel/src/hal/platform/acpi.rs,43,qualified_path,rust,production
core::mem,core::mem::size_of,src/kernel/src/hal/platform/madt.rs,189,qualified_path,rust,production
core::mem,core::mem::zeroed,src/kernel/src/hal/platform/microvm/mod.rs,126,qualified_path,rust,production
core::mem,core::mem::zeroed,src/kernel/src/hal/platform/microvm/mod.rs,129,qualified_path,rust,production
core::mem,core::mem::size_of,src/kernel/src/klog.rs,235,qualified_path,verus,production
core::mem,core::mem,src/kernel/src/kmain.rs,526,import,rust,production
core::mem,core::mem::forget,src/kernel/src/kmain.rs,592,qualified_path,rust,production
core::mem,core::mem::MaybeUninit,src/kernel/src/mm/elf.rs,35,import,rust,production
core::mem,core::mem::MaybeUninit::uninit,src/kernel/src/mm/elf.rs,219,qualified_path,rust,production
core::mem,core::mem::size_of,src/kernel/src/mm/elf.rs,228,qualified_path,rust,production
core::mem,core::mem::MaybeUninit::uninit,src/kernel/src/mm/elf.rs,233,qualified_path,rust,production
core::mem,core::mem::size_of,src/kernel/src/mm/kheap.proof.rs,1750,qualified_path,verus,production
core::mem,core::mem,src/kernel/src/mm/kredzone.rs,9,import,rust,production
core::mem,core::mem::size_of,src/kernel/src/mm/kredzone.rs,38,qualified_path,rust,production
core::mem,core::mem::size_of,src/kernel/src/mm/kredzone.rs,70,qualified_path,rust,production
core::mem,core::mem::size_of,src/kernel/src/mm/kstack.rs,191,qualified_path,rust,production
core::mem,core::mem::size_of,src/kernel/src/mm/kstack.rs,244,qualified_path,rust,production
core::mem,core::mem::MaybeUninit,src/kernel/src/mm/phys/frame.rs,32,import,verus,production
core::mem,core::mem::MaybeUninit::uninit,src/kernel/src/mm/phys/frame.rs,615,qualified_path,verus,production
core::mem,core::mem::MaybeUninit,src/kernel/src/mm/phys/manager.rs,21,import,rust,production
core::mem,core::mem::MaybeUninit::uninit,src/kernel/src/mm/phys/manager.rs,48,qualified_path,rust,production
core::mem,core::mem::ManuallyDrop,src/kernel/src/mm/phys/upool.rs,12,import,rust,production
core::mem,core::mem::ManuallyDrop::new,src/kernel/src/mm/phys/upool.rs,71,qualified_path,rust,production
core::mem,core::mem::ManuallyDrop,src/kernel/src/mm/virt/manager.rs,46,import,verus,production
core::mem,core::mem::MaybeUninit,src/kernel/src/mm/virt/manager.rs,46,import,verus,production
core::mem,core::mem::MaybeUninit::uninit,src/kernel/src/mm/virt/manager.rs,92,qualified_path,verus,production
core::mem,core::mem::MaybeUninit::uninit,src/kernel/src/mm/virt/manager.rs,308,qualified_path,verus,production
core::mem,core::mem::ManuallyDrop::new,src/kernel/src/mm/virt/manager.rs,369,qualified_path,verus,production
core::mem,core::mem::MaybeUninit::uninit,src/kernel/src/mm/virt/manager.rs,458,qualified_path,verus,production
core::mem,core::mem::size_of,src/kernel/src/mm/virt/page_table_allocator.rs,43,qualified_path,rust,production
core::mem,core::mem::ManuallyDrop,src/kernel/src/mm/virt/vmem.rs,60,import,verus,production
core::mem,core::mem::MaybeUninit,src/kernel/src/mm/virt/vmem.rs,60,import,verus,production
core::mem,core::mem::MaybeUninit::uninit,src/kernel/src/mm/virt/vmem.rs,887,qualified_path,verus,production
core::mem,core::mem::ManuallyDrop::new,src/kernel/src/mm/virt/vmem.rs,1073,qualified_path,verus,production
core::mem,core::mem::size_of,src/kernel/src/pm/kcall/create_thread.rs,20,import,rust,production
core::mem,core::mem::size_of,src/kernel/src/pm/kcall/duplicate.rs,19,import,rust,production
core::mem,core::mem::size_of,src/kernel/src/pm/kcall/execv.rs,17,import,rust,production
core::mem,core::mem::size_of,src/kernel/src/pm/kcall/gettime.rs,42,qualified_path,rust,production
core::mem,core::mem::size_of,src/kernel/src/pm/kcall/sigaction.rs,20,import,rust,production
core::mem,core::mem::size_of,src/kernel/src/pm/kcall/sigpending.rs,16,import,rust,production
core::mem,core::mem::size_of,src/kernel/src/pm/kcall/sigprocmask.rs,16,import,rust,production
core::mem,core::mem::size_of,src/kernel/src/pm/kcall/sigsuspend.rs,18,import,verus,production
core::mem,core::mem::size_of,src/kernel/src/pm/mod.rs,111,qualified_path,rust,production
core::mem,core::mem::size_of,src/kernel/src/pm/mod.rs,124,qualified_path,rust,production
core::mem,core::mem::take,src/kernel/src/pm/process/manager/mod.rs,3332,qualified_path,rust,production
core::mem,core::mem::size_of,src/kernel/src/pm/process/manager/signal.rs,480,qualified_path,rust,production
core::mem,core::mem::size_of,src/kernel/src/pm/process/manager/signal.rs,503,qualified_path,rust,production
core::mem,core::mem::size_of,src/kernel/src/pm/process/manager/signal.rs,525,qualified_path,rust,production
core::mem,core::mem::size_of,src/kernel/src/pm/process/manager/signal.rs,589,qualified_path,rust,production
core::mem,core::mem::MaybeUninit,src/kernel/src/pm/process/manager/unsafe.rs,60,import,rust,production
core::mem,core::mem::MaybeUninit::uninit,src/kernel/src/pm/process/manager/unsafe.rs,94,qualified_path,rust,production
core::mem,core::mem::size_of,src/kernel/src/pm/process/manager/unsafe.rs,575,qualified_path,rust,production
core::mem,core::mem::take,src/kernel/src/pm/process/manager/unsafe.rs,612,qualified_path,rust,production
core::mem,core::mem::take,src/kernel/src/pm/process/manager/unsafe.rs,620,qualified_path,rust,production
core::mem,core::mem::replace,src/kernel/src/pm/process/state/mod.rs,421,qualified_path,verus,production
core::mem,core::mem::replace,src/kernel/src/pm/process/state/running.rs,176,qualified_path,verus,production
core::mem,core::mem::size_of,src/kernel/src/pm/process/state/sigframe.rs,111,qualified_path,rust,production
core::mem,core::mem::size_of,src/kernel/src/pm/process/state/sigframe_test.rs,103,qualified_path,verus,production
core::mem,core::mem::replace,src/kernel/src/pm/process/state/signal.rs,370,qualified_path,verus,production
core::mem,core::mem,src/kernel/src/stdio.rs,13,import,rust,production
core::mem,core::mem::size_of,src/kernel/src/stdio.rs,67,qualified_path,rust,production
core::mem,core::mem::size_of,src/kernel/src/stdio.rs,74,qualified_path,rust,production
core::mem,core::mem::size_of,src/kernel/src/stdio.rs,103,qualified_path,rust,production
core::mem,core::mem::size_of,src/libs/arch/src/x86/cpu/acpi.rs,100,qualified_path,rust,production
core::mem,core::mem::size_of,src/libs/arch/src/x86/cpu/madt.rs,34,qualified_path,rust,production
core::mem,core::mem::offset_of,src/libs/arch/src/x86/cpu/tss.rs,39,qualified_path,rust,production
core::mem,core::mem::size_of,src/libs/arch/src/x86/mem/constants.rs,20,qualified_path,rust,production
core::mem,core::mem::size_of,src/libs/arch/src/x86/mem/paging/mod.rs,39,qualified_path,rust,production
core::mem,core::mem::size_of,src/libs/arch/src/x86/mem/paging/pde.rs,266,qualified_path,rust,production
core::mem,core::mem::size_of,src/libs/arch/src/x86/mem/paging/pte.rs,267,qualified_path,rust,production
core::mem,core::mem::offset_of,src/libs/arch/src/x86_64/cpu/tss.rs,41,qualified_path,rust,production
core::mem,core::mem::MaybeUninit,src/libs/bump_allocator/src/lib.rs,89,import,rust,production
core::mem,core::mem::size_of,src/libs/bump_allocator/src/lib.rs,302,qualified_path,rust,production
core::mem,core::mem::align_of,src/libs/bump_allocator/src/lib.rs,305,qualified_path,rust,production
core::mem,core::mem::MaybeUninit,src/libs/bump_allocator/src/lib.rs,388,qualified_path,rust,production
core::mem,core::mem::size_of,src/libs/config/build.rs,212,qualified_path,rust,production
core::mem,core::mem::size_of,src/libs/config/src/lib.rs,73,qualified_path,rust,production
core::mem,core::mem::size_of,src/libs/elf/src/elf32.rs,206,qualified_path,rust,production
core::mem,core::mem::offset_of,src/libs/elf/src/elf32.rs,208,qualified_path,rust,production
core::mem,core::mem::offset_of,src/libs/elf/src/elf32.rs,210,qualified_path,rust,production
core::mem,core::mem::offset_of,src/libs/elf/src/elf32.rs,212,qualified_path,rust,production
core::mem,core::mem::size_of,src/libs/elf/src/elf32.rs,280,qualified_path,rust,production
core::mem,core::mem::size_of,src/libs/elf/src/elf32.rs,411,qualified_path,rust,production
core::mem,core::mem::offset_of,src/libs/elf/src/elf32.rs,413,qualified_path,rust,production
core::mem,core::mem::offset_of,src/libs/elf/src/elf32.rs,415,qualified_path,rust,production
core::mem,core::mem::offset_of,src/libs/elf/src/elf32.rs,417,qualified_path,rust,production
core::mem,core::mem::offset_of,src/libs/elf/src/elf32.rs,419,qualified_path,rust,production
core::mem,core::mem::offset_of,src/libs/elf/src/elf32.rs,421,qualified_path,rust,production
core::mem,core::mem::size_of,src/libs/elf/src/elf32.rs,447,qualified_path,rust,production
core::mem,core::mem::offset_of,src/libs/elf/src/elf32.rs,449,qualified_path,rust,production
core::mem,core::mem::offset_of,src/libs/elf/src/elf32.rs,451,qualified_path,rust,production
core::mem,core::mem::offset_of,src/libs/elf/src/elf32.rs,453,qualified_path,rust,production
core::mem,core::mem::offset_of,src/libs/elf/src/elf32.rs,455,qualified_path,rust,production
core::mem,core::mem::size_of,src/libs/elf/src/elf64.rs,143,qualified_path,rust,production
core::mem,core::mem,src/libs/elf/src/relocation.rs,8,import,rust,production
core::mem,core::mem::size_of,src/libs/elf/src/symtab.rs,39,import,rust,production
core::mem,core::mem::ManuallyDrop,src/libs/fat32/src/fat/filesystem.rs,603,qualified_path,verus,production
core::mem,core::mem::ManuallyDrop::new,src/libs/fat32/src/fat/filesystem.rs,612,qualified_path,verus,production
core::mem,core::mem::ManuallyDrop::drop,src/libs/fat32/src/fat/filesystem.rs,629,qualified_path,verus,production
core::mem,core::mem::ManuallyDrop,src/libs/fat32/src/fat/filesystem.rs,1048,qualified_path,verus,production
core::mem,core::mem::ManuallyDrop::new,src/libs/fat32/src/fat/filesystem.rs,1056,qualified_path,verus,production
core::mem,core::mem::ManuallyDrop::drop,src/libs/fat32/src/fat/filesystem.rs,1073,qualified_path,verus,production
core::mem,core::mem::size_of,src/libs/hostfs-api/src/lib.rs,134,qualified_path,rust,production
core::mem,core::mem,src/libs/hostfs-api/src/lstat.rs,24,import,rust,production
core::mem,core::mem::size_of,src/libs/hostfs-api/src/lstat.rs,85,qualified_path,rust,production
core::mem,core::mem::size_of,src/libs/hostfs-api/src/lstat.rs,153,qualified_path,rust,production
core::mem,core::mem::size_of,src/libs/hostfs-api/src/lstat.rs,155,qualified_path,rust,production
core::mem,core::mem::size_of,src/libs/hostfs-api/src/lstat.rs,157,qualified_path,rust,production
core::mem,core::mem::size_of,src/libs/hostfs-api/src/lstat.rs,159,qualified_path,rust,production
core::mem,core::mem,src/libs/hostfs-api/src/readlink.rs,31,import,rust,production
core::mem,core::mem::size_of,src/libs/hostfs-api/src/readlink.rs,79,qualified_path,rust,production
core::mem,core::mem::size_of,src/libs/hostfs-api/src/readlink.rs,149,qualified_path,rust,production
core::mem,core::mem::size_of,src/libs/hostfs-api/src/readlink.rs,151,qualified_path,rust,production
core::mem,core::mem,src/libs/libc_dlfcn/src/lib.rs,17,import,rust,production
core::mem,core::mem::transmute,src/libs/libc_dlfcn/src/lib.rs,80,qualified_path,rust,production
core::mem,core::mem::size_of,src/libs/libc_glob/src/bindings.rs,12,import,rust,production
core::mem,core::mem,src/libs/libc_netdb/src/lib.rs,14,import,rust,production
core::mem,core::mem::size_of,src/libs/libc_netdb/src/lib.rs,786,qualified_path,rust,production
core::mem,core::mem::size_of,src/libs/libc_netdb/src/lib.rs,787,qualified_path,rust,production
core::mem,core::mem::swap,src/libs/libc_regex/src/matcher.rs,205,qualified_path,rust,production
core::mem,core::mem::align_of,src/libs/libc_setjmp/src/jmp_buf.rs,38,import,rust,production
core::mem,core::mem::size_of,src/libs/libc_setjmp/src/jmp_buf.rs,38,import,rust,production
core::mem,core::mem::align_of,src/libs/libc_setjmp/src/sigjmp_buf.rs,40,import,rust,production
core::mem,core::mem::size_of,src/libs/libc_setjmp/src/sigjmp_buf.rs,40,import,rust,production
core::mem,core::mem::size_of,src/libs/libc_stdio/src/fdopen.rs,67,qualified_path,rust,production
core::mem,core::mem::size_of,src/libs/libc_stdio/src/fopen.rs,99,qualified_path,rust,production
core::mem,core::mem::size_of,src/libs/libc_stdlib/src/block_header.rs,12,import,rust,production
core::mem,core::mem::align_of,src/libs/libc_stdlib/src/block_header.rs,30,qualified_path,rust,production
core::mem,core::mem::align_of,src/libs/libc_string/src/bcopy.rs,14,import,rust,production
core::mem,core::mem::align_of,src/libs/libc_string/src/bzero.rs,14,import,rust,production
core::mem,core::mem::align_of,src/libs/libc_string/src/memccpy.rs,8,import,rust,production
core::mem,core::mem::align_of,src/libs/libc_string/src/memchr.rs,8,import,rust,production
core::mem,core::mem::align_of,src/libs/libc_string/src/memcmp.rs,14,import,rust,production
core::mem,core::mem::align_of,src/libs/libc_string/src/memcpy.rs,14,import,rust,production
core::mem,core::mem::size_of,src/libs/libc_string/src/memcpy.rs,14,import,rust,production
core::mem,core::mem::align_of,src/libs/libc_string/src/memmove.rs,14,import,rust,production
core::mem,core::mem::align_of,src/libs/libc_string/src/memrchr.rs,8,import,rust,production
core::mem,core::mem::align_of,src/libs/libc_string/src/memset.rs,8,import,rust,production
core::mem,core::mem::size_of,src/libs/libc_string/src/memset.rs,8,import,rust,production
core::mem,core::mem::align_of,src/libs/libc_string/src/stpcpy.rs,8,import,rust,production
core::mem,core::mem::align_of,src/libs/libc_string/src/stpncpy.rs,8,import,rust,production
core::mem,core::mem::align_of,src/libs/libc_string/src/strcasestr.rs,8,import,rust,production
core::mem,core::mem::align_of,src/libs/libc_string/src/strcat.rs,14,import,rust,production
core::mem,core::mem::align_of,src/libs/libc_string/src/strchr.rs,8,import,rust,production
core::mem,core::mem::align_of,src/libs/libc_string/src/strchrnul.rs,8,import,rust,production
core::mem,core::mem::align_of,src/libs/libc_string/src/strcmp.rs,14,import,rust,production
core::mem,core::mem::align_of,src/libs/libc_string/src/strcpy.rs,14,import,rust,production
core::mem,core::mem::align_of,src/libs/libc_string/src/strcspn.rs,14,import,rust,production
core::mem,core::mem::align_of,src/libs/libc_string/src/strdup.rs,14,import,rust,production
core::mem,core::mem::align_of,src/libs/libc_string/src/strlcat.rs,14,import,rust,production
core::mem,core::mem::align_of,src/libs/libc_string/src/strlcpy.rs,14,import,rust,production
core::mem,core::mem::align_of,src/libs/libc_string/src/strncat.rs,14,import,rust,production
core::mem,core::mem::align_of,src/libs/libc_string/src/strncmp.rs,14,import,rust,production
core::mem,core::mem::align_of,src/libs/libc_string/src/strncpy.rs,14,import,rust,production
core::mem,core::mem::align_of,src/libs/libc_string/src/strndup.rs,14,import,rust,production
core::mem,core::mem::align_of,src/libs/libc_string/src/strnlen.rs,14,import,rust,production
core::mem,core::mem::align_of,src/libs/libc_string/src/strpbrk.rs,14,import,rust,production
core::mem,core::mem::align_of,src/libs/libc_string/src/strrchr.rs,8,import,rust,production
core::mem,core::mem::align_of,src/libs/libc_string/src/strsep.rs,14,import,rust,production
core::mem,core::mem::align_of,src/libs/libc_string/src/strspn.rs,14,import,rust,production
core::mem,core::mem::align_of,src/libs/libc_string/src/strstr.rs,14,import,rust,production
core::mem,core::mem::align_of,src/libs/libc_string/src/strtok.rs,14,import,rust,production
core::mem,core::mem::align_of,src/libs/libc_string/src/strtok_r.rs,14,import,rust,production
core::mem,core::mem::align_of,src/libs/libc_string/src/strxfrm.rs,9,import,rust,production
core::mem,core::mem::size_of,src/libs/multibin/src/lib.rs,21,qualified_path,rust,production
core::mem,core::mem::size_of,src/libs/multibin/src/lib.rs,24,qualified_path,rust,production
core::mem,core::mem::size_of,src/libs/multiimage/src/lib.rs,83,qualified_path,rust,production
core::mem,core::mem::size_of,src/libs/multiimage/src/lib.rs,86,qualified_path,rust,production
core::mem,core::mem::align_of,src/libs/multiimage/src/lib.rs,230,qualified_path,rust,production
core::mem,core::mem,src/libs/net-backend/src/io.rs,28,import,rust,production
core::mem,core::mem::size_of_val,src/libs/net-backend/src/io.rs,170,qualified_path,rust,production
core::mem,core::mem::zeroed,src/libs/net-backend/src/io.rs,235,qualified_path,rust,production
core::mem,core::mem::size_of,src/libs/net-backend/src/io.rs,236,qualified_path,rust,production
core::mem,core::mem::transmute,src/libs/net-backend/src/platform/unix.rs,105,qualified_path,rust,production
core::mem,core::mem::transmute,src/libs/net-backend/src/platform/unix.rs,111,qualified_path,rust,production
core::mem,core::mem::transmute,src/libs/net-backend/src/platform/windows.rs,112,qualified_path,rust,production
core::mem,core::mem::transmute,src/libs/net-backend/src/platform/windows.rs,118,qualified_path,rust,production
core::mem,core::mem::zeroed,src/libs/net-backend/src/platform/windows.rs,139,qualified_path,rust,production
core::mem,core::mem::zeroed,src/libs/net-backend/src/query.rs,36,qualified_path,rust,production
core::mem,core::mem::size_of,src/libs/net-backend/src/query.rs,37,qualified_path,rust,production
core::mem,core::mem::zeroed,src/libs/net-backend/src/query.rs,65,qualified_path,rust,production
core::mem,core::mem::size_of,src/libs/net-backend/src/query.rs,66,qualified_path,rust,production
core::mem,core::mem,src/libs/net-backend/src/socket.rs,33,import,rust,production
core::mem,core::mem::size_of_val,src/libs/net-backend/src/socket.rs,146,qualified_path,rust,production
core::mem,core::mem::size_of,src/libs/net-backend/src/socket.rs,180,qualified_path,rust,production
core::mem,core::mem::zeroed,src/libs/net-backend/src/socket.rs,238,qualified_path,rust,production
core::mem,core::mem::size_of,src/libs/net-backend/src/socket.rs,239,qualified_path,rust,production
core::mem,core::mem::size_of,src/libs/net-backend/src/socket.rs,354,qualified_path,rust,production
core::mem,core::mem::size_of,src/libs/net-backend/src/socket.rs,430,qualified_path,rust,production
core::mem,core::mem::size_of,src/libs/net-backend/src/socket.rs,476,qualified_path,rust,production
core::mem,core::mem::size_of,src/libs/net-backend/src/socket.rs,513,qualified_path,rust,production
core::mem,core::mem::size_of,src/libs/net-backend/src/socket.rs,533,qualified_path,rust,production
core::mem,core::mem::size_of,src/libs/net-backend/src/socket.rs,537,qualified_path,rust,production
core::mem,core::mem::size_of,src/libs/net-backend/src/socket.rs,583,qualified_path,rust,production
core::mem,core::mem::size_of,src/libs/net-backend/src/socket.rs,600,qualified_path,rust,production
core::mem,core::mem::size_of,src/libs/net-backend/src/socket.rs,636,qualified_path,rust,production
core::mem,core::mem::size_of,src/libs/net-backend/src/socket.rs,651,qualified_path,rust,production
core::mem,core::mem::size_of,src/libs/net-backend/src/types.rs,311,qualified_path,rust,production
core::mem,core::mem::size_of,src/libs/nvx/src/pie.rs,90,qualified_path,rust,production
core::mem,core::mem::size_of,src/libs/nvx/src/pie.rs,141,qualified_path,rust,production
core::mem,core::mem::size_of,src/libs/proc/src/daemon/mod.rs,291,qualified_path,verus,production
core::mem,core::mem::size_of,src/libs/proc/src/daemon/mod.rs,292,qualified_path,verus,production
core::mem,core::mem::size_of,src/libs/proc/src/daemon/mod.rs,419,qualified_path,verus,production
core::mem,core::mem::size_of,src/libs/proc/src/daemon/mod.rs,420,qualified_path,verus,production
core::mem,core::mem::ManuallyDrop,src/libs/proc/src/daemon/mod.rs,1956,import,verus,production
core::mem,core::mem::ManuallyDrop::new,src/libs/proc/src/daemon/mod.rs,1984,qualified_path,verus,production
core::mem,core::mem,src/libs/proc/src/message/exec.rs,12,import,rust,production
core::mem,core::mem::size_of,src/libs/proc/src/message/exec.rs,96,qualified_path,rust,production
core::mem,core::mem::transmute,src/libs/proc/src/message/exec.rs,128,qualified_path,rust,production
core::mem,core::mem::transmute,src/libs/proc/src/message/exec.rs,141,qualified_path,rust,production
core::mem,core::mem::size_of,src/libs/proc/src/message/exec.rs,151,qualified_path,rust,production
core::mem,core::mem::size_of,src/libs/proc/src/message/exec.rs,152,qualified_path,rust,production
core::mem,core::mem::transmute,src/libs/proc/src/message/exec.rs,186,qualified_path,rust,production
core::mem,core::mem::transmute,src/libs/proc/src/message/exec.rs,199,qualified_path,rust,production
core::mem,core::mem,src/libs/proc/src/message/fork_clone.rs,12,import,rust,production
core::mem,core::mem::size_of,src/libs/proc/src/message/fork_clone.rs,87,qualified_path,rust,production
core::mem,core::mem::size_of,src/libs/proc/src/message/fork_clone.rs,88,qualified_path,rust,production
core::mem,core::mem::transmute,src/libs/proc/src/message/fork_clone.rs,122,qualified_path,rust,production
core::mem,core::mem::transmute,src/libs/proc/src/message/fork_clone.rs,135,qualified_path,rust,production
core::mem,core::mem::size_of,src/libs/proc/src/message/fork_clone.rs,145,qualified_path,rust,production
core::mem,core::mem::size_of,src/libs/proc/src/message/fork_clone.rs,146,qualified_path,rust,production
core::mem,core::mem::transmute,src/libs/proc/src/message/fork_clone.rs,180,qualified_path,rust,production
core::mem,core::mem::transmute,src/libs/proc/src/message/fork_clone.rs,193,qualified_path,rust,production
core::mem,core::mem,src/libs/proc/src/message/fork_sync.rs,12,import,rust,production
core::mem,core::mem::size_of,src/libs/proc/src/message/fork_sync.rs,78,qualified_path,rust,production
core::mem,core::mem::transmute,src/libs/proc/src/message/fork_sync.rs,110,qualified_path,rust,production
core::mem,core::mem::transmute,src/libs/proc/src/message/fork_sync.rs,123,qualified_path,rust,production
core::mem,core::mem::size_of,src/libs/proc/src/message/fork_sync.rs,132,qualified_path,rust,production
core::mem,core::mem::transmute,src/libs/proc/src/message/fork_sync.rs,165,qualified_path,rust,production
core::mem,core::mem::transmute,src/libs/proc/src/message/fork_sync.rs,178,qualified_path,rust,production
core::mem,core::mem,src/libs/proc/src/message/job_control.rs,25,import,rust,production
core::mem,core::mem::size_of,src/libs/proc/src/message/job_control.rs,141,qualified_path,rust,production
core::mem,core::mem::size_of,src/libs/proc/src/message/job_control.rs,142,qualified_path,rust,production
core::mem,core::mem::size_of,src/libs/proc/src/message/job_control.rs,143,qualified_path,rust,production
core::mem,core::mem::transmute,src/libs/proc/src/message/job_control.rs,162,qualified_path,rust,production
core::mem,core::mem::transmute,src/libs/proc/src/message/job_control.rs,167,qualified_path,rust,production
core::mem,core::mem::size_of,src/libs/proc/src/message/job_control.rs,174,qualified_path,rust,production
core::mem,core::mem::size_of,src/libs/proc/src/message/job_control.rs,175,qualified_path,rust,production
core::mem,core::mem::transmute,src/libs/proc/src/message/job_control.rs,188,qualified_path,rust,production
core::mem,core::mem::transmute,src/libs/proc/src/message/job_control.rs,193,qualified_path,rust,production
core::mem,core::mem,src/libs/proc/src/message/kill.rs,12,import,rust,production
core::mem,core::mem::size_of,src/libs/proc/src/message/kill.rs,73,qualified_path,rust,production
core::mem,core::mem::size_of,src/libs/proc/src/message/kill.rs,74,qualified_path,rust,production
core::mem,core::mem::transmute,src/libs/proc/src/message/kill.rs,108,qualified_path,rust,production
core::mem,core::mem::transmute,src/libs/proc/src/message/kill.rs,121,qualified_path,rust,production
core::mem,core::mem::size_of,src/libs/proc/src/message/kill.rs,127,qualified_path,rust,production
core::mem,core::mem::transmute,src/libs/proc/src/message/kill.rs,159,qualified_path,rust,production
core::mem,core::mem::transmute,src/libs/proc/src/message/kill.rs,172,qualified_path,rust,production
core::mem,core::mem,src/libs/proc/src/message/lookup.rs,12,import,rust,production
core::mem,core::mem::transmute,src/libs/proc/src/message/lookup.rs,114,qualified_path,rust,production
core::mem,core::mem::transmute,src/libs/proc/src/message/lookup.rs,127,qualified_path,rust,production
core::mem,core::mem::size_of,src/libs/proc/src/message/lookup.rs,152,qualified_path,rust,production
core::mem,core::mem::size_of,src/libs/proc/src/message/lookup.rs,153,qualified_path,rust,production
core::mem,core::mem::transmute,src/libs/proc/src/message/lookup.rs,190,qualified_path,rust,production
core::mem,core::mem::transmute,src/libs/proc/src/message/lookup.rs,203,qualified_path,rust,production
core::mem,core::mem,src/libs/proc/src/message/mod.rs,40,import,rust,production
core::mem,core::mem::size_of,src/libs/proc/src/message/mod.rs,199,qualified_path,rust,production
core::mem,core::mem::transmute,src/libs/proc/src/message/mod.rs,237,qualified_path,rust,production
core::mem,core::mem::transmute,src/libs/proc/src/message/mod.rs,252,qualified_path,rust,production
core::mem,core::mem,src/libs/proc/src/message/process_exit.rs,12,import,rust,production
core::mem,core::mem::size_of,src/libs/proc/src/message/process_exit.rs,58,qualified_path,rust,production
core::mem,core::mem::transmute,src/libs/proc/src/message/process_exit.rs,90,qualified_path,rust,production
core::mem,core::mem::transmute,src/libs/proc/src/message/process_exit.rs,103,qualified_path,rust,production
core::mem,core::mem,src/libs/proc/src/message/shutdown.rs,12,import,rust,production
core::mem,core::mem::size_of,src/libs/proc/src/message/shutdown.rs,53,qualified_path,rust,production
core::mem,core::mem::transmute,src/libs/proc/src/message/shutdown.rs,89,qualified_path,rust,production
core::mem,core::mem::transmute,src/libs/proc/src/message/shutdown.rs,102,qualified_path,rust,production
core::mem,core::mem,src/libs/proc/src/message/signup.rs,12,import,rust,production
core::mem,core::mem::size_of,src/libs/proc/src/message/signup.rs,81,qualified_path,rust,production
core::mem,core::mem::transmute,src/libs/proc/src/message/signup.rs,115,qualified_path,rust,production
core::mem,core::mem::transmute,src/libs/proc/src/message/signup.rs,128,qualified_path,rust,production
core::mem,core::mem::size_of,src/libs/proc/src/message/signup.rs,166,qualified_path,rust,production
core::mem,core::mem::size_of,src/libs/proc/src/message/signup.rs,167,qualified_path,rust,production
core::mem,core::mem::transmute,src/libs/proc/src/message/signup.rs,201,qualified_path,rust,production
core::mem,core::mem::transmute,src/libs/proc/src/message/signup.rs,214,qualified_path,rust,production
core::mem,core::mem,src/libs/proc/src/message/terminal.rs,28,import,rust,production
core::mem,core::mem::size_of,src/libs/proc/src/message/terminal.rs,89,qualified_path,rust,production
core::mem,core::mem::transmute,src/libs/proc/src/message/terminal.rs,101,qualified_path,rust,production
core::mem,core::mem::transmute,src/libs/proc/src/message/terminal.rs,106,qualified_path,rust,production
core::mem,core::mem::size_of,src/libs/proc/src/message/terminal.rs,113,qualified_path,rust,production
core::mem,core::mem::size_of,src/libs/proc/src/message/terminal.rs,114,qualified_path,rust,production
core::mem,core::mem::transmute,src/libs/proc/src/message/terminal.rs,132,qualified_path,rust,production
core::mem,core::mem::transmute,src/libs/proc/src/message/terminal.rs,137,qualified_path,rust,production
core::mem,core::mem,src/libs/proc/src/message/wait.rs,12,import,rust,production
core::mem,core::mem::size_of,src/libs/proc/src/message/wait.rs,116,qualified_path,rust,production
core::mem,core::mem::transmute,src/libs/proc/src/message/wait.rs,165,qualified_path,rust,production
core::mem,core::mem::transmute,src/libs/proc/src/message/wait.rs,178,qualified_path,rust,production
core::mem,core::mem::size_of,src/libs/proc/src/message/wait.rs,185,qualified_path,rust,production
core::mem,core::mem::size_of,src/libs/proc/src/message/wait.rs,186,qualified_path,rust,production
core::mem,core::mem::size_of,src/libs/proc/src/message/wait.rs,187,qualified_path,rust,production
core::mem,core::mem::transmute,src/libs/proc/src/message/wait.rs,223,qualified_path,rust,production
core::mem,core::mem::transmute,src/libs/proc/src/message/wait.rs,236,qualified_path,rust,production
core::mem,core::mem::replace,src/libs/sorted-vec/src/lib.rs,147,qualified_path,rust,production
core::mem,core::mem::size_of,src/libs/sys/src/sys/event/descriptor.rs,58,qualified_path,rust,production
core::mem,core::mem::size_of,src/libs/sys/src/sys/event/descriptor.rs,62,qualified_path,rust,production
core::mem,core::mem::size_of,src/libs/sys/src/sys/event/descriptor.rs,109,qualified_path,rust,production
core::mem,core::mem::size_of,src/libs/sys/src/sys/event/descriptor.rs,121,qualified_path,rust,production
core::mem,core::mem::size_of,src/libs/sys/src/sys/event/information.rs,46,qualified_path,rust,production
core::mem,core::mem::size_of,src/libs/sys/src/sys/event/information.rs,48,qualified_path,rust,production
core::mem,core::mem::size_of,src/libs/sys/src/sys/event/information.rs,50,qualified_path,rust,production
core::mem,core::mem::size_of,src/libs/sys/src/sys/event/information.rs,52,qualified_path,rust,production
core::mem,core::mem::size_of,src/libs/sys/src/sys/event/information.rs,61,qualified_path,rust,production
core::mem,core::mem::size_of,src/libs/sys/src/sys/event/information.rs,63,qualified_path,rust,production
core::mem,core::mem::size_of,src/libs/sys/src/sys/event/information.rs,67,qualified_path,rust,production
core::mem,core::mem::size_of,src/libs/sys/src/sys/event/information.rs,69,qualified_path,rust,production
core::mem,core::mem::size_of,src/libs/sys/src/sys/event/information.rs,73,qualified_path,rust,production
core::mem,core::mem::size_of,src/libs/sys/src/sys/event/information.rs,75,qualified_path,rust,production
core::mem,core::mem::size_of,src/libs/sys/src/sys/event/information.rs,79,qualified_path,rust,production
core::mem,core::mem::size_of,src/libs/sys/src/sys/event/information.rs,144,qualified_path,rust,production
core::mem,core::mem::size_of,src/libs/sys/src/sys/event/information.rs,149,qualified_path,rust,production
core::mem,core::mem::size_of,src/libs/sys/src/sys/event/information.rs,262,qualified_path,rust,production
core::mem,core::mem::size_of,src/libs/sys/src/sys/event/information.rs,291,qualified_path,rust,production
core::mem,core::mem::size_of,src/libs/sys/src/sys/event/information.rs,293,qualified_path,rust,production
core::mem,core::mem::size_of,src/libs/sys/src/sys/event/information.rs,297,qualified_path,rust,production
core::mem,core::mem::size_of,src/libs/sys/src/sys/event/scheduling/creation.rs,68,qualified_path,rust,production
core::mem,core::mem::size_of,src/libs/sys/src/sys/event/scheduling/creation.rs,69,qualified_path,rust,production
core::mem,core::mem::size_of,src/libs/sys/src/sys/event/scheduling/creation.rs,70,qualified_path,rust,production
core::mem,core::mem::size_of,src/libs/sys/src/sys/event/scheduling/creation.rs,73,qualified_path,rust,production
core::mem,core::mem::size_of,src/libs/sys/src/sys/event/scheduling/creation.rs,75,qualified_path,rust,production
core::mem,core::mem::size_of,src/libs/sys/src/sys/event/scheduling/creation.rs,77,qualified_path,rust,production
core::mem,core::mem::size_of,src/libs/sys/src/sys/event/scheduling/creation.rs,79,qualified_path,rust,production
core::mem,core::mem::size_of,src/libs/sys/src/sys/event/scheduling/creation.rs,81,qualified_path,rust,production
core::mem,core::mem::size_of,src/libs/sys/src/sys/event/scheduling/creation.rs,100,qualified_path,rust,production
core::mem,core::mem::size_of,src/libs/sys/src/sys/event/scheduling/creation.rs,110,qualified_path,rust,production
core::mem,core::mem::size_of,src/libs/sys/src/sys/event/scheduling/creation.rs,118,qualified_path,rust,production
core::mem,core::mem::size_of,src/libs/sys/src/sys/event/scheduling/termination.rs,157,qualified_path,rust,production
core::mem,core::mem::size_of,src/libs/sys/src/sys/event/scheduling/termination.rs,158,qualified_path,rust,production
core::mem,core::mem::size_of,src/libs/sys/src/sys/event/scheduling/termination.rs,159,qualified_path,rust,production
core::mem,core::mem::size_of,src/libs/sys/src/sys/event/scheduling/termination.rs,162,qualified_path,rust,production
core::mem,core::mem::size_of,src/libs/sys/src/sys/event/scheduling/termination.rs,164,qualified_path,rust,production
core::mem,core::mem::size_of,src/libs/sys/src/sys/event/scheduling/termination.rs,166,qualified_path,rust,production
core::mem,core::mem::size_of,src/libs/sys/src/sys/event/scheduling/termination.rs,168,qualified_path,rust,production
core::mem,core::mem::size_of,src/libs/sys/src/sys/event/scheduling/termination.rs,170,qualified_path,rust,production
core::mem,core::mem::size_of,src/libs/sys/src/sys/event/scheduling/termination.rs,172,qualified_path,rust,production
core::mem,core::mem::size_of,src/libs/sys/src/sys/event/scheduling/termination.rs,174,qualified_path,rust,production
core::mem,core::mem::size_of,src/libs/sys/src/sys/event/scheduling/termination.rs,193,qualified_path,rust,production
core::mem,core::mem::size_of,src/libs/sys/src/sys/event/scheduling/termination.rs,201,qualified_path,rust,production
core::mem,core::mem::size_of,src/libs/sys/src/sys/event/scheduling/termination.rs,209,qualified_path,rust,production
core::mem,core::mem::size_of,src/libs/sys/src/sys/event/scheduling/termination.rs,217,qualified_path,rust,production
core::mem,core::mem,src/libs/sys/src/sys/ipc/message/kernel.rs,25,import,verus,production
core::mem,core::mem::size_of,src/libs/sys/src/sys/ipc/message/kernel.rs,107,qualified_path,verus,production
core::mem,core::mem::size_of,src/libs/sys/src/sys/ipc/message/kernel.rs,150,qualified_path,verus,production
core::mem,core::mem::size_of,src/libs/sys/src/sys/ipc/message/kernel.rs,199,qualified_path,verus,production
core::mem,core::mem::transmute,src/libs/sys/src/sys/ipc/message/kernel.rs,250,qualified_path,verus,production
core::mem,core::mem::transmute,src/libs/sys/src/sys/ipc/message/kernel.rs,270,qualified_path,verus,production
core::mem,core::mem::size_of,src/libs/sys/src/sys/ipc/message/kernel.rs,354,qualified_path,verus,production
core::mem,core::mem::transmute,src/libs/sys/src/sys/ipc/message/kernel.rs,474,qualified_path,verus,production
core::mem,core::mem::transmute,src/libs/sys/src/sys/ipc/message/kernel.rs,497,qualified_path,verus,production
core::mem,core::mem::size_of,src/libs/sys/src/sys/ipc/message/kernel.rs,543,qualified_path,verus,production
core::mem,core::mem::transmute,src/libs/sys/src/sys/ipc/message/kernel.rs,649,qualified_path,verus,production
core::mem,core::mem::transmute,src/libs/sys/src/sys/ipc/message/kernel.rs,675,qualified_path,verus,production
core::mem,core::mem::size_of,src/libs/sys/src/sys/ipc/message/kernel.rs,732,qualified_path,verus,production
core::mem,core::mem::transmute,src/libs/sys/src/sys/ipc/message/kernel.rs,795,qualified_path,verus,production
core::mem,core::mem::transmute,src/libs/sys/src/sys/ipc/message/kernel.rs,821,qualified_path,verus,production
core::mem,core::mem::size_of,src/libs/sys/src/sys/ipc/message/kernel.rs,913,qualified_path,verus,production
core::mem,core::mem::transmute,src/libs/sys/src/sys/ipc/message/kernel.rs,1021,qualified_path,verus,production
core::mem,core::mem::transmute,src/libs/sys/src/sys/ipc/message/kernel.rs,1047,qualified_path,verus,production
core::mem,core::mem::size_of,src/libs/sys/src/sys/ipc/message/kernel.rs,1088,qualified_path,verus,production
core::mem,core::mem::size_of,src/libs/sys/src/sys/ipc/message/kernel.rs,1209,qualified_path,verus,production
core::mem,core::mem::size_of,src/libs/sys/src/sys/ipc/message/kernel.rs,1260,qualified_path,verus,production
core::mem,core::mem,src/libs/sys/src/sys/ipc/message/system.rs,15,import,rust,production
core::mem,core::mem::size_of,src/libs/sys/src/sys/ipc/message/system.rs,81,qualified_path,rust,production
core::mem,core::mem::transmute,src/libs/sys/src/sys/ipc/message/system.rs,118,qualified_path,rust,production
core::mem,core::mem::transmute,src/libs/sys/src/sys/ipc/message/system.rs,133,qualified_path,rust,production
core::mem,core::mem,src/libs/sys/src/sys/ipc/typ.rs,12,import,rust,production
core::mem,core::mem::size_of,src/libs/sys/src/sys/ipc/typ.rs,52,qualified_path,rust,production
core::mem,core::mem::offset_of,src/libs/sys/src/sys/kcall/arch/x86.rs,312,qualified_path,rust,production
core::mem,core::mem::offset_of,src/libs/sys/src/sys/kcall/arch/x86.rs,314,qualified_path,rust,production
core::mem,core::mem::offset_of,src/libs/sys/src/sys/kcall/arch/x86.rs,316,qualified_path,rust,production
core::mem,core::mem::offset_of,src/libs/sys/src/sys/kcall/arch/x86.rs,318,qualified_path,rust,production
core::mem,core::mem::offset_of,src/libs/sys/src/sys/kcall/arch/x86.rs,320,qualified_path,rust,production
core::mem,core::mem::offset_of,src/libs/sys/src/sys/kcall/arch/x86.rs,322,qualified_path,rust,production
core::mem,core::mem::size_of,src/libs/sys/src/sys/pm/pid.rs,102,qualified_path,rust,production
core::mem,core::mem::size_of,src/libs/sys/src/sys/pm/pid.rs,106,qualified_path,rust,production
core::mem,core::mem::size_of,src/libs/sys/src/sys/pm/tid.rs,84,qualified_path,rust,production
core::mem,core::mem::size_of,src/libs/sys/src/sys/pm/tid.rs,88,qualified_path,rust,production
core::mem,core::mem::size_of,src/libs/sysalloc/src/tda.rs,30,qualified_path,rust,production
core::mem,core::mem::size_of,src/libs/sysalloc/src/tda.rs,33,qualified_path,rust,production
core::mem,core::mem::align_of,src/libs/sysalloc/src/tda.rs,154,qualified_path,rust,production
core::mem,core::mem::align_of,src/libs/sysalloc/src/tda.rs,309,qualified_path,rust,production
core::mem,core::mem::size_of,src/libs/sysapi/src/dirent.rs,78,qualified_path,rust,production
core::mem,core::mem::size_of,src/libs/sysapi/src/dirent.rs,80,qualified_path,rust,production
core::mem,core::mem::size_of,src/libs/sysapi/src/dirent.rs,131,qualified_path,rust,production
core::mem,core::mem::size_of,src/libs/sysapi/src/dirent.rs,133,qualified_path,rust,production
core::mem,core::mem::size_of,src/libs/sysapi/src/dirent.rs,135,qualified_path,rust,production
core::mem,core::mem::size_of,src/libs/sysapi/src/dirent.rs,137,qualified_path,rust,production
core::mem,core::mem::size_of,src/libs/sysapi/src/dirent.rs,139,qualified_path,rust,production
core::mem,core::mem,src/libs/sysapi/src/grp.rs,18,import,rust,production
core::mem,core::mem,src/libs/sysapi/src/netdb.rs,24,import,rust,production
core::mem,core::mem::size_of,src/libs/sysapi/src/netdb.rs,126,qualified_path,rust,production
core::mem,core::mem::align_of,src/libs/sysapi/src/netdb.rs,127,qualified_path,rust,production
core::mem,core::mem::size_of,src/libs/sysapi/src/netdb.rs,155,qualified_path,rust,production
core::mem,core::mem::align_of,src/libs/sysapi/src/netdb.rs,156,qualified_path,rust,production
core::mem,core::mem::size_of,src/libs/sysapi/src/netinet_in.rs,18,import,rust,production
core::mem,core::mem::size_of,src/libs/sysapi/src/poll.rs,81,qualified_path,rust,production
core::mem,core::mem::size_of,src/libs/sysapi/src/poll.rs,82,qualified_path,rust,production
core::mem,core::mem::size_of,src/libs/sysapi/src/poll.rs,83,qualified_path,rust,production
core::mem,core::mem,src/libs/sysapi/src/pwd.rs,21,import,rust,production
core::mem,core::mem::size_of,src/libs/sysapi/src/sched.rs,47,qualified_path,rust,production
core::mem,core::mem::size_of,src/libs/sysapi/src/sys_ioctl.rs,58,qualified_path,rust,production
core::mem,core::mem::size_of,src/libs/sysapi/src/sys_resource.rs,42,qualified_path,rust,production
core::mem,core::mem::size_of,src/libs/sysapi/src/sys_resource.rs,44,qualified_path,rust,production
core::mem,core::mem::size_of,src/libs/sysapi/src/sys_select.rs,21,import,rust,production
core::mem,core::mem::size_of,src/libs/sysapi/src/sys_socket.rs,19,import,rust,production
core::mem,core::mem::size_of,src/libs/sysapi/src/sys_stat.rs,29,import,rust,production
core::mem,core::mem::size_of,src/libs/sysapi/src/sys_types.rs,40,import,rust,production
core::mem,core::mem::size_of,src/libs/sysapi/src/sys_un.rs,24,import,rust,production
core::mem,core::mem::size_of,src/libs/sysapi/src/termios.rs,195,qualified_path,rust,production
core::mem,core::mem::size_of,src/libs/sysapi/src/termios.rs,197,qualified_path,rust,production
core::mem,core::mem::size_of,src/libs/sysapi/src/termios.rs,198,qualified_path,rust,production
core::mem,core::mem::size_of,src/libs/sysapi/src/termios.rs,199,qualified_path,rust,production
core::mem,core::mem::size_of,src/libs/sysapi/src/termios.rs,200,qualified_path,rust,production
core::mem,core::mem::size_of,src/libs/sysapi/src/termios.rs,201,qualified_path,rust,production
core::mem,core::mem::align_of,src/libs/sysapi/src/termios.rs,203,qualified_path,rust,production
core::mem,core::mem::size_of,src/libs/sysapi/src/termios.rs,204,qualified_path,rust,production
core::mem,core::mem::size_of,src/libs/sysapi/src/termios.rs,206,qualified_path,rust,production
core::mem,core::mem::size_of,src/libs/sysapi/src/termios.rs,213,qualified_path,rust,production
core::mem,core::mem::size_of,src/libs/sysapi/src/termios.rs,214,qualified_path,rust,production
core::mem,core::mem::size_of,src/libs/sysapi/src/time.rs,18,import,rust,production
core::mem,core::mem::ManuallyDrop,src/libs/syscall/src/dirent/bindings/dirfd.rs,13,import,rust,production
core::mem,core::mem::ManuallyDrop::new,src/libs/syscall/src/dirent/bindings/dirfd.rs,62,qualified_path,rust,production
core::mem,core::mem::ManuallyDrop,src/libs/syscall/src/dirent/bindings/readdir.rs,13,import,rust,production
core::mem,core::mem::ManuallyDrop::new,src/libs/syscall/src/dirent/bindings/readdir.rs,73,qualified_path,rust,production
core::mem,core::mem,src/libs/syscall/src/dirent/message/getdents.rs,20,import,rust,production
core::mem,core::mem::size_of,src/libs/syscall/src/dirent/message/getdents.rs,72,qualified_path,rust,production
core::mem,core::mem::transmute,src/libs/syscall/src/dirent/message/getdents.rs,93,qualified_path,rust,production
core::mem,core::mem::transmute,src/libs/syscall/src/dirent/message/getdents.rs,97,qualified_path,rust,production
core::mem,core::mem::size_of,src/libs/syscall/src/dirent/message/getdents.rs,138,qualified_path,rust,production
core::mem,core::mem::size_of,src/libs/syscall/src/dirent/message/getdents.rs,139,qualified_path,rust,production
core::mem,core::mem::size_of,src/libs/syscall/src/dirent/message/getdents.rs,140,qualified_path,rust,production
core::mem,core::mem::size_of,src/libs/syscall/src/dirent/message/getdents.rs,141,qualified_path,rust,production
core::mem,core::mem::size_of,src/libs/syscall/src/dirent/message/getdents.rs,142,qualified_path,rust,production
core::mem,core::mem::size_of,src/libs/syscall/src/dirent/message/getdents.rs,202,qualified_path,rust,production
core::mem,core::mem::size_of,src/libs/syscall/src/dirent/message/getdents.rs,206,qualified_path,rust,production
core::mem,core::mem::size_of,src/libs/syscall/src/dirent/message/getdents.rs,212,qualified_path,rust,production
core::mem,core::mem::size_of,src/libs/syscall/src/dirent/message/getdents.rs,216,qualified_path,rust,production
core::mem,core::mem::size_of,src/libs/syscall/src/dirent/message/getdents.rs,219,qualified_path,rust,production
core::mem,core::mem::size_of,src/libs/syscall/src/dirent/message/getdents.rs,223,qualified_path,rust,production
core::mem,core::mem::size_of,src/libs/syscall/src/dirent/message/getdents.rs,226,qualified_path,rust,production
core::mem,core::mem::size_of,src/libs/syscall/src/dirent/message/getdents.rs,229,qualified_path,rust,production
core::mem,core::mem::size_of,src/libs/syscall/src/dirent/message/getdents.rs,233,qualified_path,rust,production
core::mem,core::mem::size_of,src/libs/syscall/src/dirent/message/getdents.rs,241,qualified_path,rust,production
core::mem,core::mem,src/libs/syscall/src/dlfcn/mod.rs,8,import,rust,production
core::mem,core::mem::size_of,src/libs/syscall/src/dlfcn/mod.rs,56,qualified_path,rust,production
core::mem,core::mem::size_of,src/libs/syscall/src/dlfcn/mod.rs,57,qualified_path,rust,production
core::mem,core::mem::size_of,src/libs/syscall/src/dlfcn/mod.rs,58,qualified_path,rust,production
core::mem,core::mem::size_of,src/libs/syscall/src/dlfcn/mod.rs,59,qualified_path,rust,production
core::mem,core::mem,src/libs/syscall/src/dlfcn/syscall/dynlib.rs,35,import,rust,production
core::mem,core::mem::size_of,src/libs/syscall/src/dlfcn/syscall/dynlib.rs,634,qualified_path,rust,production
core::mem,core::mem::size_of,src/libs/syscall/src/dlfcn/syscall/dynlib.rs,652,qualified_path,rust,production
core::mem,core::mem::size_of,src/libs/syscall/src/dlfcn/syscall/dynlib.rs,687,qualified_path,rust,production
core::mem,core::mem::size_of,src/libs/syscall/src/dlfcn/syscall/dynlib.rs,758,qualified_path,rust,production
core::mem,core::mem::size_of,src/libs/syscall/src/dlfcn/syscall/dynlib.rs,1446,qualified_path,rust,production
core::mem,core::mem::transmute,src/libs/syscall/src/dlfcn/syscall/dynlib.rs,1453,qualified_path,rust,production
core::mem,core::mem::size_of,src/libs/syscall/src/dlfcn/syscall/dynlib.rs,1490,qualified_path,rust,production
core::mem,core::mem::transmute,src/libs/syscall/src/dlfcn/syscall/dynlib.rs,1495,qualified_path,rust,production
core::mem,core::mem::size_of,src/libs/syscall/src/dlfcn/syscall/exe_link.rs,256,qualified_path,rust,production
core::mem,core::mem::size_of,src/libs/syscall/src/dlfcn/syscall/exe_link.rs,307,qualified_path,rust,production
core::mem,core::mem::size_of,src/libs/syscall/src/dlfcn/syscall/exe_link.rs,334,qualified_path,rust,production
core::mem,core::mem::size_of,src/libs/syscall/src/dlfcn/syscall/mod.rs,289,qualified_path,verus,production
core::mem,core::mem,src/libs/syscall/src/fcntl/message/fadvise.rs,12,import,rust,production
core::mem,core::mem::size_of,src/libs/syscall/src/fcntl/message/fadvise.rs,47,qualified_path,rust,production
core::mem,core::mem::size_of,src/libs/syscall/src/fcntl/message/fadvise.rs,48,qualified_path,rust,production
core::mem,core::mem::size_of,src/libs/syscall/src/fcntl/message/fadvise.rs,49,qualified_path,rust,production
core::mem,core::mem::size_of,src/libs/syscall/src/fcntl/message/fadvise.rs,50,qualified_path,rust,production
core::mem,core::mem::transmute,src/libs/syscall/src/fcntl/message/fadvise.rs,63,qualified_path,rust,production
core::mem,core::mem::transmute,src/libs/syscall/src/fcntl/message/fadvise.rs,67,qualified_path,rust,production
core::mem,core::mem::size_of,src/libs/syscall/src/fcntl/message/fadvise.rs,110,qualified_path,rust,production
core::mem,core::mem::transmute,src/libs/syscall/src/fcntl/message/fadvise.rs,120,qualified_path,rust,production
core::mem,core::mem::transmute,src/libs/syscall/src/fcntl/message/fadvise.rs,124,qualified_path,rust,production
core::mem,core::mem,src/libs/syscall/src/fcntl/message/fallocate.rs,12,import,rust,production
core::mem,core::mem::size_of,src/libs/syscall/src/fcntl/message/fallocate.rs,47,qualified_path,rust,production
core::mem,core::mem::size_of,src/libs/syscall/src/fcntl/message/fallocate.rs,48,qualified_path,rust,production
core::mem,core::mem::size_of,src/libs/syscall/src/fcntl/message/fallocate.rs,49,qualified_path,rust,production
core::mem,core::mem::transmute,src/libs/syscall/src/fcntl/message/fallocate.rs,61,qualified_path,rust,production
core::mem,core::mem::transmute,src/libs/syscall/src/fcntl/message/fallocate.rs,65,qualified_path,rust,production
core::mem,core::mem::size_of,src/libs/syscall/src/fcntl/message/fallocate.rs,105,qualified_path,rust,production
core::mem,core::mem::transmute,src/libs/syscall/src/fcntl/message/fallocate.rs,115,qualified_path,rust,production
core::mem,core::mem::transmute,src/libs/syscall/src/fcntl/message/fallocate.rs,119,qualified_path,rust,production
core::mem,core::mem,src/libs/syscall/src/fcntl/message/fcntl.rs,12,import,rust,production
core::mem,core::mem::size_of,src/libs/syscall/src/fcntl/message/fcntl.rs,46,qualified_path,rust,production
core::mem,core::mem::size_of,src/libs/syscall/src/fcntl/message/fcntl.rs,47,qualified_path,rust,production
core::mem,core::mem::size_of,src/libs/syscall/src/fcntl/message/fcntl.rs,48,qualified_path,rust,production
core::mem,core::mem::transmute,src/libs/syscall/src/fcntl/message/fcntl.rs,60,qualified_path,rust,production
core::mem,core::mem::transmute,src/libs/syscall/src/fcntl/message/fcntl.rs,64,qualified_path,rust,production
core::mem,core::mem::size_of,src/libs/syscall/src/fcntl/message/fcntl.rs,105,qualified_path,rust,production
core::mem,core::mem::transmute,src/libs/syscall/src/fcntl/message/fcntl.rs,115,qualified_path,rust,production
core::mem,core::mem::transmute,src/libs/syscall/src/fcntl/message/fcntl.rs,119,qualified_path,rust,production
core::mem,core::mem,src/libs/syscall/src/fcntl/message/openat.rs,25,import,rust,production
core::mem,core::mem::size_of,src/libs/syscall/src/fcntl/message/openat.rs,67,qualified_path,rust,production
core::mem,core::mem::size_of,src/libs/syscall/src/fcntl/message/openat.rs,69,qualified_path,rust,production
core::mem,core::mem::size_of,src/libs/syscall/src/fcntl/message/openat.rs,71,qualified_path,rust,production
core::mem,core::mem::size_of,src/libs/syscall/src/fcntl/message/openat.rs,73,qualified_path,rust,production
core::mem,core::mem::size_of,src/libs/syscall/src/fcntl/message/openat.rs,253,qualified_path,rust,production
core::mem,core::mem::transmute,src/libs/syscall/src/fcntl/message/openat.rs,264,qualified_path,rust,production
core::mem,core::mem::transmute,src/libs/syscall/src/fcntl/message/openat.rs,268,qualified_path,rust,production
core::mem,core::mem,src/libs/syscall/src/fcntl/message/renameat.rs,25,import,rust,production
core::mem,core::mem::size_of,src/libs/syscall/src/fcntl/message/renameat.rs,63,qualified_path,rust,production
core::mem,core::mem::size_of,src/libs/syscall/src/fcntl/message/renameat.rs,65,qualified_path,rust,production
core::mem,core::mem::size_of,src/libs/syscall/src/fcntl/message/renameat.rs,67,qualified_path,rust,production
core::mem,core::mem::size_of,src/libs/syscall/src/fcntl/message/renameat.rs,69,qualified_path,rust,production
core::mem,core::mem::size_of,src/libs/syscall/src/fcntl/message/renameat.rs,320,qualified_path,rust,production
core::mem,core::mem::transmute,src/libs/syscall/src/fcntl/message/renameat.rs,330,qualified_path,rust,production
core::mem,core::mem::transmute,src/libs/syscall/src/fcntl/message/renameat.rs,334,qualified_path,rust,production
core::mem,core::mem,src/libs/syscall/src/fcntl/message/unlinkat.rs,25,import,rust,production
core::mem,core::mem::size_of,src/libs/syscall/src/fcntl/message/unlinkat.rs,65,qualified_path,rust,production
core::mem,core::mem::size_of,src/libs/syscall/src/fcntl/message/unlinkat.rs,67,qualified_path,rust,production
core::mem,core::mem::size_of,src/libs/syscall/src/fcntl/message/unlinkat.rs,69,qualified_path,rust,production
core::mem,core::mem::size_of,src/libs/syscall/src/fcntl/message/unlinkat.rs,247,qualified_path,rust,production
core::mem,core::mem::transmute,src/libs/syscall/src/fcntl/message/unlinkat.rs,257,qualified_path,rust,production
core::mem,core::mem::transmute,src/libs/syscall/src/fcntl/message/unlinkat.rs,261,qualified_path,rust,production
core::mem,core::mem,src/libs/syscall/src/lib.rs,111,import,rust,production
core::mem,core::mem::size_of,src/libs/syscall/src/lib.rs,716,qualified_path,rust,production
core::mem,core::mem::transmute,src/libs/syscall/src/lib.rs,728,qualified_path,rust,production
core::mem,core::mem::transmute,src/libs/syscall/src/lib.rs,734,qualified_path,rust,production
core::mem,core::mem,src/libs/syscall/src/message/part.rs,12,import,rust,production
core::mem,core::mem::size_of,src/libs/syscall/src/message/part.rs,58,qualified_path,rust,production
core::mem,core::mem::size_of,src/libs/syscall/src/message/part.rs,59,qualified_path,rust,production
core::mem,core::mem::size_of,src/libs/syscall/src/message/part.rs,60,qualified_path,rust,production
core::mem,core::mem::transmute,src/libs/syscall/src/message/part.rs,162,qualified_path,rust,production
core::mem,core::mem::transmute,src/libs/syscall/src/message/part.rs,175,qualified_path,rust,production
core::mem,core::mem,src/libs/syscall/src/poll/message.rs,18,import,rust,production
core::mem,core::mem::size_of,src/libs/syscall/src/poll/message.rs,60,qualified_path,rust,production
core::mem,core::mem::size_of,src/libs/syscall/src/poll/message.rs,62,qualified_path,rust,production
core::mem,core::mem::size_of,src/libs/syscall/src/poll/message.rs,72,qualified_path,rust,production
core::mem,core::mem::size_of,src/libs/syscall/src/poll/message.rs,195,qualified_path,rust,production
core::mem,core::mem::size_of,src/libs/syscall/src/poll/message.rs,196,qualified_path,rust,production
core::mem,core::mem::size_of,src/libs/syscall/src/poll/message.rs,206,qualified_path,rust,production
core::mem,core::mem::size_of,src/libs/syscall/src/poll/message.rs,208,qualified_path,rust,production
core::mem,core::mem::size_of,src/libs/syscall/src/poll/message.rs,218,qualified_path,rust,production
core::mem,core::mem::size_of,src/libs/syscall/src/poll/message.rs,220,qualified_path,rust,production
core::mem,core::mem::size_of,src/libs/syscall/src/poll/message.rs,273,qualified_path,rust,production
core::mem,core::mem::size_of,src/libs/syscall/src/poll/message.rs,277,qualified_path,rust,production
core::mem,core::mem::size_of,src/libs/syscall/src/poll/message.rs,374,qualified_path,rust,production
core::mem,core::mem::size_of,src/libs/syscall/src/poll/message.rs,375,qualified_path,rust,production
core::mem,core::mem::size_of,src/libs/syscall/src/poll/message.rs,385,qualified_path,rust,production
core::mem,core::mem::size_of,src/libs/syscall/src/poll/message.rs,387,qualified_path,rust,production
core::mem,core::mem::size_of,src/libs/syscall/src/poll/message.rs,397,qualified_path,rust,production
core::mem,core::mem::size_of,src/libs/syscall/src/poll/message.rs,399,qualified_path,rust,production
core::mem,core::mem::align_of,src/libs/syscall/src/pthread/bindings/pthread_attr_destroy.rs,71,qualified_path,rust,production
core::mem,core::mem::align_of,src/libs/syscall/src/pthread/bindings/pthread_attr_getstack.rs,81,qualified_path,rust,production
core::mem,core::mem::align_of,src/libs/syscall/src/pthread/bindings/pthread_attr_getstack.rs,99,qualified_path,rust,production
core::mem,core::mem::align_of,src/libs/syscall/src/pthread/bindings/pthread_attr_getstack.rs,117,qualified_path,rust,production
core::mem,core::mem::align_of,src/libs/syscall/src/pthread/bindings/pthread_attr_init.rs,74,qualified_path,rust,production
core::mem,core::mem::align_of,src/libs/syscall/src/pthread/bindings/pthread_condattr_getpshared.rs,58,qualified_path,rust,production
core::mem,core::mem::align_of,src/libs/syscall/src/pthread/bindings/pthread_condattr_getpshared.rs,76,qualified_path,rust,production
core::mem,core::mem::align_of,src/libs/syscall/src/pthread/bindings/pthread_condattr_init.rs,50,qualified_path,rust,production
core::mem,core::mem::align_of,src/libs/syscall/src/pthread/bindings/pthread_getattr_np.rs,67,qualified_path,rust,production
core::mem,core::mem::align_of,src/libs/syscall/src/pthread/bindings/pthread_rwlock_destroy.rs,8,import,rust,production
core::mem,core::mem::align_of,src/libs/syscall/src/pthread/bindings/pthread_rwlock_init.rs,8,import,rust,production
core::mem,core::mem::align_of,src/libs/syscall/src/pthread/bindings/pthread_rwlock_rdlock.rs,8,import,rust,production
core::mem,core::mem::align_of,src/libs/syscall/src/pthread/bindings/pthread_rwlock_unlock.rs,8,import,rust,production
core::mem,core::mem::align_of,src/libs/syscall/src/pthread/bindings/pthread_rwlock_wrlock.rs,8,import,rust,production
core::mem,core::mem::ManuallyDrop,src/libs/syscall/src/safe/file/stdio.rs,12,import,rust,production
core::mem,core::mem::ManuallyDrop::new,src/libs/syscall/src/safe/file/stdio.rs,42,qualified_path,rust,production
core::mem,core::mem::ManuallyDrop::new,src/libs/syscall/src/safe/file/stdio.rs,100,qualified_path,rust,production
core::mem,core::mem::ManuallyDrop::new,src/libs/syscall/src/safe/file/stdio.rs,171,qualified_path,rust,production
core::mem,core::mem::align_of,src/libs/syscall/src/safe/mem/stack.rs,12,import,rust,production
core::mem,core::mem,src/libs/syscall/src/sys/ioctl/message/tty.rs,12,import,rust,production
core::mem,core::mem::size_of,src/libs/syscall/src/sys/ioctl/message/tty.rs,57,qualified_path,rust,production
core::mem,core::mem::size_of,src/libs/syscall/src/sys/ioctl/message/tty.rs,58,qualified_path,rust,production
core::mem,core::mem::size_of,src/libs/syscall/src/sys/ioctl/message/tty.rs,59,qualified_path,rust,production
core::mem,core::mem::transmute,src/libs/syscall/src/sys/ioctl/message/tty.rs,71,qualified_path,rust,production
core::mem,core::mem::transmute,src/libs/syscall/src/sys/ioctl/message/tty.rs,75,qualified_path,rust,production
core::mem,core::mem::size_of,src/libs/syscall/src/sys/ioctl/message/tty.rs,129,qualified_path,rust,production
core::mem,core::mem::transmute,src/libs/syscall/src/sys/ioctl/message/tty.rs,139,qualified_path,rust,production
core::mem,core::mem::transmute,src/libs/syscall/src/sys/ioctl/message/tty.rs,143,qualified_path,rust,production
core::mem,core::mem,src/libs/syscall/src/sys/mount/message/mount.rs,22,import,rust,production
core::mem,core::mem::size_of,src/libs/syscall/src/sys/mount/message/mount.rs,64,qualified_path,rust,production
core::mem,core::mem::size_of,src/libs/syscall/src/sys/mount/message/mount.rs,65,qualified_path,rust,production
core::mem,core::mem::size_of,src/libs/syscall/src/sys/mount/message/mount.rs,66,qualified_path,rust,production
core::mem,core::mem::size_of,src/libs/syscall/src/sys/mount/message/mount.rs,67,qualified_path,rust,production
core::mem,core::mem::size_of,src/libs/syscall/src/sys/mount/message/mount.rs,221,qualified_path,rust,production
core::mem,core::mem::transmute,src/libs/syscall/src/sys/mount/message/mount.rs,231,qualified_path,rust,production
core::mem,core::mem::transmute,src/libs/syscall/src/sys/mount/message/mount.rs,235,qualified_path,rust,production
core::mem,core::mem,src/libs/syscall/src/sys/mount/message/umount.rs,22,import,rust,production
core::mem,core::mem::size_of,src/libs/syscall/src/sys/mount/message/umount.rs,58,qualified_path,rust,production
core::mem,core::mem::size_of,src/libs/syscall/src/sys/mount/message/umount.rs,151,qualified_path,rust,production
core::mem,core::mem::transmute,src/libs/syscall/src/sys/mount/message/umount.rs,161,qualified_path,rust,production
core::mem,core::mem::transmute,src/libs/syscall/src/sys/mount/message/umount.rs,165,qualified_path,rust,production
core::mem,core::mem::align_of,src/libs/syscall/src/sys/select/bindings/mod.rs,82,qualified_path,rust,production
core::mem,core::mem::align_of,src/libs/syscall/src/sys/select/bindings/mod.rs,97,qualified_path,rust,production
core::mem,core::mem::align_of,src/libs/syscall/src/sys/select/bindings/mod.rs,112,qualified_path,rust,production
core::mem,core::mem,src/libs/syscall/src/sys/select/message/mod.rs,19,import,rust,production
core::mem,core::mem::size_of,src/libs/syscall/src/sys/select/message/mod.rs,109,qualified_path,rust,production
core::mem,core::mem::size_of,src/libs/syscall/src/sys/select/message/mod.rs,111,qualified_path,rust,production
core::mem,core::mem::size_of,src/libs/syscall/src/sys/select/message/mod.rs,116,qualified_path,rust,production
core::mem,core::mem::size_of,src/libs/syscall/src/sys/select/message/mod.rs,302,qualified_path,rust,production
core::mem,core::mem::size_of,src/libs/syscall/src/sys/select/message/mod.rs,307,qualified_path,rust,production
core::mem,core::mem,src/libs/syscall/src/sys/socket/bindings/getpeername.rs,15,import,rust,production
core::mem,core::mem::size_of,src/libs/syscall/src/sys/socket/bindings/getpeername.rs,81,qualified_path,rust,production
core::mem,core::mem,src/libs/syscall/src/sys/socket/bindings/getsockname.rs,15,import,rust,production
core::mem,core::mem::size_of,src/libs/syscall/src/sys/socket/bindings/getsockname.rs,81,qualified_path,rust,production
core::mem,core::mem,src/libs/syscall/src/sys/socket/bindings/recvfrom.rs,12,import,rust,production
core::mem,core::mem::size_of,src/libs/syscall/src/sys/socket/bindings/recvfrom.rs,156,qualified_path,rust,production
core::mem,core::mem,src/libs/syscall/src/sys/socket/bindings/recvmsg.rs,16,import,rust,production
core::mem,core::mem::size_of,src/libs/syscall/src/sys/socket/bindings/recvmsg.rs,133,qualified_path,rust,production
core::mem,core::mem,src/libs/syscall/src/sys/socket/bindings/sendmsg.rs,16,import,rust,production
core::mem,core::mem::size_of,src/libs/syscall/src/sys/socket/bindings/sendmsg.rs,162,qualified_path,rust,production
core::mem,core::mem::size_of,src/libs/syscall/src/sys/socket/bindings/sendto.rs,135,qualified_path,rust,production
core::mem,core::mem::size_of,src/libs/syscall/src/sys/socket/bindings/socketpair.rs,79,qualified_path,rust,production
core::mem,core::mem,src/libs/syscall/src/sys/socket/message/accept.rs,12,import,rust,production
core::mem,core::mem::size_of,src/libs/syscall/src/sys/socket/message/accept.rs,43,qualified_path,rust,production
core::mem,core::mem::transmute,src/libs/syscall/src/sys/socket/message/accept.rs,53,qualified_path,rust,production
core::mem,core::mem::transmute,src/libs/syscall/src/sys/socket/message/accept.rs,57,qualified_path,rust,production
core::mem,core::mem::size_of,src/libs/syscall/src/sys/socket/message/accept.rs,92,qualified_path,rust,production
core::mem,core::mem::transmute,src/libs/syscall/src/sys/socket/message/accept.rs,103,qualified_path,rust,production
core::mem,core::mem::transmute,src/libs/syscall/src/sys/socket/message/accept.rs,107,qualified_path,rust,production
core::mem,core::mem,src/libs/syscall/src/sys/socket/message/bind.rs,13,import,rust,production
core::mem,core::mem::size_of,src/libs/syscall/src/sys/socket/message/bind.rs,45,qualified_path,rust,production
core::mem,core::mem::transmute,src/libs/syscall/src/sys/socket/message/bind.rs,56,qualified_path,rust,production
core::mem,core::mem::transmute,src/libs/syscall/src/sys/socket/message/bind.rs,60,qualified_path,rust,production
core::mem,core::mem::transmute,src/libs/syscall/src/sys/socket/message/bind.rs,113,qualified_path,rust,production
core::mem,core::mem::transmute,src/libs/syscall/src/sys/socket/message/bind.rs,117,qualified_path,rust,production
core::mem,core::mem,src/libs/syscall/src/sys/socket/message/connect.rs,16,import,rust,production
core::mem,core::mem::size_of,src/libs/syscall/src/sys/socket/message/connect.rs,49,qualified_path,rust,production
core::mem,core::mem::size_of,src/libs/syscall/src/sys/socket/message/connect.rs,50,qualified_path,rust,production
core::mem,core::mem::size_of,src/libs/syscall/src/sys/socket/message/connect.rs,51,qualified_path,rust,production
core::mem,core::mem::transmute,src/libs/syscall/src/sys/socket/message/connect.rs,63,qualified_path,rust,production
core::mem,core::mem::transmute,src/libs/syscall/src/sys/socket/message/connect.rs,67,qualified_path,rust,production
core::mem,core::mem::transmute,src/libs/syscall/src/sys/socket/message/connect.rs,119,qualified_path,rust,production
core::mem,core::mem::transmute,src/libs/syscall/src/sys/socket/message/connect.rs,123,qualified_path,rust,production
core::mem,core::mem,src/libs/syscall/src/sys/socket/message/getpeername.rs,13,import,rust,production
core::mem,core::mem::size_of,src/libs/syscall/src/sys/socket/message/getpeername.rs,44,qualified_path,rust,production
core::mem,core::mem::transmute,src/libs/syscall/src/sys/socket/message/getpeername.rs,54,qualified_path,rust,production
core::mem,core::mem::transmute,src/libs/syscall/src/sys/socket/message/getpeername.rs,58,qualified_path,rust,production
core::mem,core::mem::size_of,src/libs/syscall/src/sys/socket/message/getpeername.rs,90,qualified_path,rust,production
core::mem,core::mem::transmute,src/libs/syscall/src/sys/socket/message/getpeername.rs,100,qualified_path,rust,production
core::mem,core::mem::transmute,src/libs/syscall/src/sys/socket/message/getpeername.rs,104,qualified_path,rust,production
core::mem,core::mem,src/libs/syscall/src/sys/socket/message/getsockname.rs,13,import,rust,production
core::mem,core::mem::size_of,src/libs/syscall/src/sys/socket/message/getsockname.rs,44,qualified_path,rust,production
core::mem,core::mem::transmute,src/libs/syscall/src/sys/socket/message/getsockname.rs,54,qualified_path,rust,production
core::mem,core::mem::transmute,src/libs/syscall/src/sys/socket/message/getsockname.rs,58,qualified_path,rust,production
core::mem,core::mem::size_of,src/libs/syscall/src/sys/socket/message/getsockname.rs,90,qualified_path,rust,production
core::mem,core::mem::transmute,src/libs/syscall/src/sys/socket/message/getsockname.rs,100,qualified_path,rust,production
core::mem,core::mem::transmute,src/libs/syscall/src/sys/socket/message/getsockname.rs,104,qualified_path,rust,production
core::mem,core::mem,src/libs/syscall/src/sys/socket/message/listen.rs,12,import,rust,production
core::mem,core::mem::size_of,src/libs/syscall/src/sys/socket/message/listen.rs,44,qualified_path,rust,production
core::mem,core::mem::transmute,src/libs/syscall/src/sys/socket/message/listen.rs,55,qualified_path,rust,production
core::mem,core::mem::transmute,src/libs/syscall/src/sys/socket/message/listen.rs,59,qualified_path,rust,production
core::mem,core::mem::transmute,src/libs/syscall/src/sys/socket/message/listen.rs,101,qualified_path,rust,production
core::mem,core::mem::transmute,src/libs/syscall/src/sys/socket/message/listen.rs,105,qualified_path,rust,production
core::mem,core::mem,src/libs/syscall/src/sys/socket/message/recv.rs,12,import,rust,production
core::mem,core::mem::size_of,src/libs/syscall/src/sys/socket/message/recv.rs,44,qualified_path,rust,production
core::mem,core::mem::size_of,src/libs/syscall/src/sys/socket/message/recv.rs,45,qualified_path,rust,production
core::mem,core::mem::size_of,src/libs/syscall/src/sys/socket/message/recv.rs,46,qualified_path,rust,production
core::mem,core::mem::transmute,src/libs/syscall/src/sys/socket/message/recv.rs,58,qualified_path,rust,production
core::mem,core::mem::transmute,src/libs/syscall/src/sys/socket/message/recv.rs,62,qualified_path,rust,production
core::mem,core::mem::size_of,src/libs/syscall/src/sys/socket/message/recv.rs,100,qualified_path,rust,production
core::mem,core::mem::transmute,src/libs/syscall/src/sys/socket/message/recv.rs,110,qualified_path,rust,production
core::mem,core::mem::transmute,src/libs/syscall/src/sys/socket/message/recv.rs,114,qualified_path,rust,production
core::mem,core::mem,src/libs/syscall/src/sys/socket/message/recvfrom.rs,13,import,rust,production
core::mem,core::mem::size_of,src/libs/syscall/src/sys/socket/message/recvfrom.rs,51,qualified_path,rust,production
core::mem,core::mem::size_of,src/libs/syscall/src/sys/socket/message/recvfrom.rs,52,qualified_path,rust,production
core::mem,core::mem::size_of,src/libs/syscall/src/sys/socket/message/recvfrom.rs,53,qualified_path,rust,production
core::mem,core::mem::transmute,src/libs/syscall/src/sys/socket/message/recvfrom.rs,65,qualified_path,rust,production
core::mem,core::mem::transmute,src/libs/syscall/src/sys/socket/message/recvfrom.rs,69,qualified_path,rust,production
core::mem,core::mem::size_of,src/libs/syscall/src/sys/socket/message/recvfrom.rs,109,qualified_path,rust,production
core::mem,core::mem::size_of,src/libs/syscall/src/sys/socket/message/recvfrom.rs,110,qualified_path,rust,production
core::mem,core::mem::size_of,src/libs/syscall/src/sys/socket/message/recvfrom.rs,111,qualified_path,rust,production
core::mem,core::mem::transmute,src/libs/syscall/src/sys/socket/message/recvfrom.rs,123,qualified_path,rust,production
core::mem,core::mem::transmute,src/libs/syscall/src/sys/socket/message/recvfrom.rs,127,qualified_path,rust,production
core::mem,core::mem,src/libs/syscall/src/sys/socket/message/send.rs,12,import,rust,production
core::mem,core::mem::size_of,src/libs/syscall/src/sys/socket/message/send.rs,52,qualified_path,rust,production
core::mem,core::mem::size_of,src/libs/syscall/src/sys/socket/message/send.rs,53,qualified_path,rust,production
core::mem,core::mem::size_of,src/libs/syscall/src/sys/socket/message/send.rs,54,qualified_path,rust,production
core::mem,core::mem::transmute,src/libs/syscall/src/sys/socket/message/send.rs,66,qualified_path,rust,production
core::mem,core::mem::transmute,src/libs/syscall/src/sys/socket/message/send.rs,70,qualified_path,rust,production
core::mem,core::mem::size_of,src/libs/syscall/src/sys/socket/message/send.rs,104,qualified_path,rust,production
core::mem,core::mem::transmute,src/libs/syscall/src/sys/socket/message/send.rs,114,qualified_path,rust,production
core::mem,core::mem::transmute,src/libs/syscall/src/sys/socket/message/send.rs,118,qualified_path,rust,production
core::mem,core::mem,src/libs/syscall/src/sys/socket/message/sendto.rs,13,import,rust,production
core::mem,core::mem::size_of,src/libs/syscall/src/sys/socket/message/sendto.rs,56,qualified_path,rust,production
core::mem,core::mem::size_of,src/libs/syscall/src/sys/socket/message/sendto.rs,57,qualified_path,rust,production
core::mem,core::mem::size_of,src/libs/syscall/src/sys/socket/message/sendto.rs,58,qualified_path,rust,production
core::mem,core::mem::size_of,src/libs/syscall/src/sys/socket/message/sendto.rs,59,qualified_path,rust,production
core::mem,core::mem::transmute,src/libs/syscall/src/sys/socket/message/sendto.rs,72,qualified_path,rust,production
core::mem,core::mem::transmute,src/libs/syscall/src/sys/socket/message/sendto.rs,76,qualified_path,rust,production
core::mem,core::mem::size_of,src/libs/syscall/src/sys/socket/message/sendto.rs,129,qualified_path,rust,production
core::mem,core::mem::transmute,src/libs/syscall/src/sys/socket/message/sendto.rs,139,qualified_path,rust,production
core::mem,core::mem::transmute,src/libs/syscall/src/sys/socket/message/sendto.rs,143,qualified_path,rust,production
core::mem,core::mem,src/libs/syscall/src/sys/socket/message/shutdown.rs,13,import,rust,production
core::mem,core::mem::size_of,src/libs/syscall/src/sys/socket/message/shutdown.rs,45,qualified_path,rust,production
core::mem,core::mem::transmute,src/libs/syscall/src/sys/socket/message/shutdown.rs,56,qualified_path,rust,production
core::mem,core::mem::transmute,src/libs/syscall/src/sys/socket/message/shutdown.rs,60,qualified_path,rust,production
core::mem,core::mem::transmute,src/libs/syscall/src/sys/socket/message/shutdown.rs,103,qualified_path,rust,production
core::mem,core::mem::transmute,src/libs/syscall/src/sys/socket/message/shutdown.rs,107,qualified_path,rust,production
core::mem,core::mem,src/libs/syscall/src/sys/socket/message/socket.rs,17,import,rust,production
core::mem,core::mem::size_of,src/libs/syscall/src/sys/socket/message/socket.rs,50,qualified_path,rust,production
core::mem,core::mem::size_of,src/libs/syscall/src/sys/socket/message/socket.rs,51,qualified_path,rust,production
core::mem,core::mem::size_of,src/libs/syscall/src/sys/socket/message/socket.rs,52,qualified_path,rust,production
core::mem,core::mem::transmute,src/libs/syscall/src/sys/socket/message/socket.rs,64,qualified_path,rust,production
core::mem,core::mem::transmute,src/libs/syscall/src/sys/socket/message/socket.rs,68,qualified_path,rust,production
core::mem,core::mem::size_of,src/libs/syscall/src/sys/socket/message/socket.rs,107,qualified_path,rust,production
core::mem,core::mem::transmute,src/libs/syscall/src/sys/socket/message/socket.rs,117,qualified_path,rust,production
core::mem,core::mem::transmute,src/libs/syscall/src/sys/socket/message/socket.rs,121,qualified_path,rust,production
core::mem,core::mem,src/libs/syscall/src/sys/socket/message/socketpair.rs,17,import,rust,production
core::mem,core::mem::size_of,src/libs/syscall/src/sys/socket/message/socketpair.rs,51,qualified_path,rust,production
core::mem,core::mem::size_of,src/libs/syscall/src/sys/socket/message/socketpair.rs,52,qualified_path,rust,production
core::mem,core::mem::size_of,src/libs/syscall/src/sys/socket/message/socketpair.rs,53,qualified_path,rust,production
core::mem,core::mem::transmute,src/libs/syscall/src/sys/socket/message/socketpair.rs,65,qualified_path,rust,production
core::mem,core::mem::transmute,src/libs/syscall/src/sys/socket/message/socketpair.rs,69,qualified_path,rust,production
core::mem,core::mem::size_of,src/libs/syscall/src/sys/socket/message/socketpair.rs,110,qualified_path,rust,production
core::mem,core::mem::transmute,src/libs/syscall/src/sys/socket/message/socketpair.rs,121,qualified_path,rust,production
core::mem,core::mem::transmute,src/libs/syscall/src/sys/socket/message/socketpair.rs,125,qualified_path,rust,production
core::mem,core::mem,src/libs/syscall/src/sys/socket/mod.rs,31,import,rust,production
core::mem,core::mem::size_of,src/libs/syscall/src/sys/socket/mod.rs,212,qualified_path,rust,production
core::mem,core::mem::size_of,src/libs/syscall/src/sys/socket/mod.rs,246,qualified_path,rust,production
core::mem,core::mem::size_of,src/libs/syscall/src/sys/socket/mod.rs,274,qualified_path,rust,production
core::mem,core::mem::size_of,src/libs/syscall/src/sys/socket/mod.rs,296,qualified_path,rust,production
core::mem,core::mem::size_of,src/libs/syscall/src/sys/socket/mod.rs,389,qualified_path,rust,production
core::mem,core::mem::size_of,src/libs/syscall/src/sys/socket/mod.rs,392,qualified_path,rust,production
core::mem,core::mem::size_of,src/libs/syscall/src/sys/socket/mod.rs,416,qualified_path,rust,production
core::mem,core::mem::size_of,src/libs/syscall/src/sys/socket/mod.rs,442,qualified_path,rust,production
core::mem,core::mem::size_of,src/libs/syscall/src/sys/socket/mod.rs,473,qualified_path,rust,production
core::mem,core::mem::size_of,src/libs/syscall/src/sys/socket/mod.rs,500,qualified_path,rust,production
core::mem,core::mem,src/libs/syscall/src/sys/stat/message/fchmod.rs,12,import,rust,production
core::mem,core::mem::size_of,src/libs/syscall/src/sys/stat/message/fchmod.rs,51,qualified_path,rust,production
core::mem,core::mem::transmute,src/libs/syscall/src/sys/stat/message/fchmod.rs,62,qualified_path,rust,production
core::mem,core::mem::transmute,src/libs/syscall/src/sys/stat/message/fchmod.rs,66,qualified_path,rust,production
core::mem,core::mem::transmute,src/libs/syscall/src/sys/stat/message/fchmod.rs,113,qualified_path,rust,production
core::mem,core::mem,src/libs/syscall/src/sys/stat/message/fchmodat.rs,25,import,rust,production
core::mem,core::mem::size_of,src/libs/syscall/src/sys/stat/message/fchmodat.rs,69,qualified_path,rust,production
core::mem,core::mem::size_of,src/libs/syscall/src/sys/stat/message/fchmodat.rs,71,qualified_path,rust,production
core::mem,core::mem::size_of,src/libs/syscall/src/sys/stat/message/fchmodat.rs,73,qualified_path,rust,production
core::mem,core::mem::size_of,src/libs/syscall/src/sys/stat/message/fchmodat.rs,75,qualified_path,rust,production
core::mem,core::mem::transmute,src/libs/syscall/src/sys/stat/message/fchmodat.rs,282,qualified_path,rust,production
core::mem,core::mem,src/libs/syscall/src/sys/stat/message/fstat.rs,12,import,rust,production
core::mem,core::mem::size_of,src/libs/syscall/src/sys/stat/message/fstat.rs,46,qualified_path,rust,production
core::mem,core::mem::transmute,src/libs/syscall/src/sys/stat/message/fstat.rs,58,qualified_path,rust,production
core::mem,core::mem::transmute,src/libs/syscall/src/sys/stat/message/fstat.rs,63,qualified_path,rust,production
core::mem,core::mem,src/libs/syscall/src/sys/stat/message/fstatat.rs,21,import,rust,production
core::mem,core::mem::size_of,src/libs/syscall/src/sys/stat/message/fstatat.rs,68,qualified_path,rust,production
core::mem,core::mem::size_of,src/libs/syscall/src/sys/stat/message/fstatat.rs,70,qualified_path,rust,production
core::mem,core::mem::size_of,src/libs/syscall/src/sys/stat/message/fstatat.rs,72,qualified_path,rust,production
core::mem,core::mem,src/libs/syscall/src/sys/stat/message/futimens.rs,12,import,rust,production
core::mem,core::mem::size_of,src/libs/syscall/src/sys/stat/message/futimens.rs,51,qualified_path,rust,production
core::mem,core::mem::size_of,src/libs/syscall/src/sys/stat/message/futimens.rs,56,qualified_path,rust,production
core::mem,core::mem::size_of,src/libs/syscall/src/sys/stat/message/futimens.rs,76,qualified_path,rust,production
core::mem,core::mem::size_of,src/libs/syscall/src/sys/stat/message/futimens.rs,123,qualified_path,rust,production
core::mem,core::mem::transmute,src/libs/syscall/src/sys/stat/message/futimens.rs,133,qualified_path,rust,production
core::mem,core::mem::transmute,src/libs/syscall/src/sys/stat/message/futimens.rs,137,qualified_path,rust,production
core::mem,core::mem,src/libs/syscall/src/sys/stat/message/mkdirat.rs,22,import,rust,production
core::mem,core::mem::size_of,src/libs/syscall/src/sys/stat/message/mkdirat.rs,68,qualified_path,rust,production
core::mem,core::mem::size_of,src/libs/syscall/src/sys/stat/message/mkdirat.rs,70,qualified_path,rust,production
core::mem,core::mem::size_of,src/libs/syscall/src/sys/stat/message/mkdirat.rs,72,qualified_path,rust,production
core::mem,core::mem::size_of,src/libs/syscall/src/sys/stat/message/mkdirat.rs,272,qualified_path,rust,production
core::mem,core::mem::transmute,src/libs/syscall/src/sys/stat/message/mkdirat.rs,282,qualified_path,rust,production
core::mem,core::mem::transmute,src/libs/syscall/src/sys/stat/message/mkdirat.rs,286,qualified_path,rust,production
core::mem,core::mem,src/libs/syscall/src/sys/stat/message/umask.rs,12,import,rust,production
core::mem,core::mem::size_of,src/libs/syscall/src/sys/stat/message/umask.rs,44,qualified_path,rust,production
core::mem,core::mem::transmute,src/libs/syscall/src/sys/stat/message/umask.rs,54,qualified_path,rust,production
core::mem,core::mem::transmute,src/libs/syscall/src/sys/stat/message/umask.rs,58,qualified_path,rust,production
core::mem,core::mem::size_of,src/libs/syscall/src/sys/stat/message/umask.rs,99,qualified_path,rust,production
core::mem,core::mem::transmute,src/libs/syscall/src/sys/stat/message/umask.rs,109,qualified_path,rust,production
core::mem,core::mem::transmute,src/libs/syscall/src/sys/stat/message/umask.rs,113,qualified_path,rust,production
core::mem,core::mem,src/libs/syscall/src/sys/stat/message/utimensat.rs,22,import,rust,production
core::mem,core::mem::size_of,src/libs/syscall/src/sys/stat/message/utimensat.rs,70,qualified_path,rust,production
core::mem,core::mem::size_of,src/libs/syscall/src/sys/stat/message/utimensat.rs,72,qualified_path,rust,production
core::mem,core::mem::size_of,src/libs/syscall/src/sys/stat/message/utimensat.rs,74,qualified_path,rust,production
core::mem,core::mem::size_of,src/libs/syscall/src/sys/stat/message/utimensat.rs,299,qualified_path,rust,production
core::mem,core::mem::transmute,src/libs/syscall/src/sys/stat/message/utimensat.rs,309,qualified_path,rust,production
core::mem,core::mem::transmute,src/libs/syscall/src/sys/stat/message/utimensat.rs,313,qualified_path,rust,production
core::mem,core::mem,src/libs/syscall/src/sys/time/message/mod.rs,12,import,rust,production
core::mem,core::mem::transmute,src/libs/syscall/src/sys/time/message/mod.rs,51,qualified_path,rust,production
core::mem,core::mem::transmute,src/libs/syscall/src/sys/time/message/mod.rs,55,qualified_path,rust,production
core::mem,core::mem::size_of,src/libs/syscall/src/sys/time/message/mod.rs,92,qualified_path,rust,production
core::mem,core::mem::transmute,src/libs/syscall/src/sys/time/message/mod.rs,103,qualified_path,rust,production
core::mem,core::mem::transmute,src/libs/syscall/src/sys/time/message/mod.rs,107,qualified_path,rust,production
core::mem,core::mem,src/libs/syscall/src/sys/times/message/mod.rs,12,import,rust,production
core::mem,core::mem::transmute,src/libs/syscall/src/sys/times/message/mod.rs,51,qualified_path,rust,production
core::mem,core::mem::transmute,src/libs/syscall/src/sys/times/message/mod.rs,55,qualified_path,rust,production
core::mem,core::mem::size_of,src/libs/syscall/src/sys/times/message/mod.rs,92,qualified_path,rust,production
core::mem,core::mem::transmute,src/libs/syscall/src/sys/times/message/mod.rs,103,qualified_path,rust,production
core::mem,core::mem::transmute,src/libs/syscall/src/sys/times/message/mod.rs,107,qualified_path,rust,production
core::mem,core::mem,src/libs/syscall/src/unistd/message/chdir.rs,25,import,rust,production
core::mem,core::mem::size_of,src/libs/syscall/src/unistd/message/chdir.rs,59,qualified_path,rust,production
core::mem,core::mem::transmute,src/libs/syscall/src/unistd/message/chdir.rs,222,qualified_path,rust,production
core::mem,core::mem,src/libs/syscall/src/unistd/message/close.rs,12,import,rust,production
core::mem,core::mem::size_of,src/libs/syscall/src/unistd/message/close.rs,41,qualified_path,rust,production
core::mem,core::mem::transmute,src/libs/syscall/src/unistd/message/close.rs,51,qualified_path,rust,production
core::mem,core::mem::transmute,src/libs/syscall/src/unistd/message/close.rs,55,qualified_path,rust,production
core::mem,core::mem::size_of,src/libs/syscall/src/unistd/message/close.rs,96,qualified_path,rust,production
core::mem,core::mem::transmute,src/libs/syscall/src/unistd/message/close.rs,106,qualified_path,rust,production
core::mem,core::mem::transmute,src/libs/syscall/src/unistd/message/close.rs,110,qualified_path,rust,production
core::mem,core::mem,src/libs/syscall/src/unistd/message/dup2.rs,12,import,rust,production
core::mem,core::mem::size_of,src/libs/syscall/src/unistd/message/dup2.rs,52,qualified_path,rust,production
core::mem,core::mem::transmute,src/libs/syscall/src/unistd/message/dup2.rs,63,qualified_path,rust,production
core::mem,core::mem::transmute,src/libs/syscall/src/unistd/message/dup2.rs,67,qualified_path,rust,production
core::mem,core::mem::size_of,src/libs/syscall/src/unistd/message/dup2.rs,117,qualified_path,rust,production
core::mem,core::mem::transmute,src/libs/syscall/src/unistd/message/dup2.rs,127,qualified_path,rust,production
core::mem,core::mem::transmute,src/libs/syscall/src/unistd/message/dup2.rs,131,qualified_path,rust,production
core::mem,core::mem,src/libs/syscall/src/unistd/message/faccessat.rs,25,import,rust,production
core::mem,core::mem::size_of,src/libs/syscall/src/unistd/message/faccessat.rs,66,qualified_path,rust,production
core::mem,core::mem::size_of,src/libs/syscall/src/unistd/message/faccessat.rs,68,qualified_path,rust,production
core::mem,core::mem::size_of,src/libs/syscall/src/unistd/message/faccessat.rs,70,qualified_path,rust,production
core::mem,core::mem::size_of,src/libs/syscall/src/unistd/message/faccessat.rs,72,qualified_path,rust,production
core::mem,core::mem::transmute,src/libs/syscall/src/unistd/message/faccessat.rs,278,qualified_path,rust,production
core::mem,core::mem,src/libs/syscall/src/unistd/message/fchdir.rs,12,import,rust,production
core::mem,core::mem::size_of,src/libs/syscall/src/unistd/message/fchdir.rs,45,qualified_path,rust,production
core::mem,core::mem::transmute,src/libs/syscall/src/unistd/message/fchdir.rs,55,qualified_path,rust,production
core::mem,core::mem::transmute,src/libs/syscall/src/unistd/message/fchdir.rs,59,qualified_path,rust,production
core::mem,core::mem::transmute,src/libs/syscall/src/unistd/message/fchdir.rs,105,qualified_path,rust,production
core::mem,core::mem::transmute,src/libs/syscall/src/unistd/message/fchdir.rs,109,qualified_path,rust,production
core::mem,core::mem,src/libs/syscall/src/unistd/message/fchown.rs,12,import,rust,production
core::mem,core::mem::size_of,src/libs/syscall/src/unistd/message/fchown.rs,54,qualified_path,rust,production
core::mem,core::mem::size_of,src/libs/syscall/src/unistd/message/fchown.rs,55,qualified_path,rust,production
core::mem,core::mem::size_of,src/libs/syscall/src/unistd/message/fchown.rs,56,qualified_path,rust,production
core::mem,core::mem::transmute,src/libs/syscall/src/unistd/message/fchown.rs,68,qualified_path,rust,production
core::mem,core::mem::transmute,src/libs/syscall/src/unistd/message/fchown.rs,72,qualified_path,rust,production
core::mem,core::mem::transmute,src/libs/syscall/src/unistd/message/fchown.rs,120,qualified_path,rust,production
core::mem,core::mem,src/libs/syscall/src/unistd/message/fchownat.rs,25,import,rust,production
core::mem,core::mem::size_of,src/libs/syscall/src/unistd/message/fchownat.rs,74,qualified_path,rust,production
core::mem,core::mem::size_of,src/libs/syscall/src/unistd/message/fchownat.rs,76,qualified_path,rust,production
core::mem,core::mem::size_of,src/libs/syscall/src/unistd/message/fchownat.rs,78,qualified_path,rust,production
core::mem,core::mem::size_of,src/libs/syscall/src/unistd/message/fchownat.rs,80,qualified_path,rust,production
core::mem,core::mem::size_of,src/libs/syscall/src/unistd/message/fchownat.rs,82,qualified_path,rust,production
core::mem,core::mem::transmute,src/libs/syscall/src/unistd/message/fchownat.rs,308,qualified_path,rust,production
core::mem,core::mem,src/libs/syscall/src/unistd/message/fdatasync.rs,12,import,rust,production
core::mem,core::mem::size_of,src/libs/syscall/src/unistd/message/fdatasync.rs,41,qualified_path,rust,production
core::mem,core::mem::transmute,src/libs/syscall/src/unistd/message/fdatasync.rs,51,qualified_path,rust,production
core::mem,core::mem::transmute,src/libs/syscall/src/unistd/message/fdatasync.rs,55,qualified_path,rust,production
core::mem,core::mem::size_of,src/libs/syscall/src/unistd/message/fdatasync.rs,99,qualified_path,rust,production
core::mem,core::mem::transmute,src/libs/syscall/src/unistd/message/fdatasync.rs,109,qualified_path,rust,production
core::mem,core::mem::transmute,src/libs/syscall/src/unistd/message/fdatasync.rs,113,qualified_path,rust,production
core::mem,core::mem,src/libs/syscall/src/unistd/message/fsync.rs,12,import,rust,production
core::mem,core::mem::size_of,src/libs/syscall/src/unistd/message/fsync.rs,39,qualified_path,rust,production
core::mem,core::mem::transmute,src/libs/syscall/src/unistd/message/fsync.rs,49,qualified_path,rust,production
core::mem,core::mem::transmute,src/libs/syscall/src/unistd/message/fsync.rs,53,qualified_path,rust,production
core::mem,core::mem::size_of,src/libs/syscall/src/unistd/message/fsync.rs,94,qualified_path,rust,production
core::mem,core::mem::transmute,src/libs/syscall/src/unistd/message/fsync.rs,104,qualified_path,rust,production
core::mem,core::mem::transmute,src/libs/syscall/src/unistd/message/fsync.rs,108,qualified_path,rust,production
core::mem,core::mem,src/libs/syscall/src/unistd/message/ftruncate.rs,12,import,rust,production
core::mem,core::mem::size_of,src/libs/syscall/src/unistd/message/ftruncate.rs,42,qualified_path,rust,production
core::mem,core::mem::transmute,src/libs/syscall/src/unistd/message/ftruncate.rs,53,qualified_path,rust,production
core::mem,core::mem::transmute,src/libs/syscall/src/unistd/message/ftruncate.rs,57,qualified_path,rust,production
core::mem,core::mem::size_of,src/libs/syscall/src/unistd/message/ftruncate.rs,96,qualified_path,rust,production
core::mem,core::mem::transmute,src/libs/syscall/src/unistd/message/ftruncate.rs,106,qualified_path,rust,production
core::mem,core::mem::transmute,src/libs/syscall/src/unistd/message/ftruncate.rs,110,qualified_path,rust,production
core::mem,core::mem::transmute,src/libs/syscall/src/unistd/message/getcwd.rs,62,qualified_path,rust,production
core::mem,core::mem::transmute,src/libs/syscall/src/unistd/message/getcwd.rs,66,qualified_path,rust,production
core::mem,core::mem::size_of,src/libs/syscall/src/unistd/message/getcwd.rs,102,qualified_path,rust,production
core::mem,core::mem,src/libs/syscall/src/unistd/message/getids.rs,12,import,rust,production
core::mem,core::mem::transmute,src/libs/syscall/src/unistd/message/getids.rs,50,qualified_path,rust,production
core::mem,core::mem::transmute,src/libs/syscall/src/unistd/message/getids.rs,54,qualified_path,rust,production
core::mem,core::mem::size_of,src/libs/syscall/src/unistd/message/getids.rs,91,qualified_path,rust,production
core::mem,core::mem::size_of,src/libs/syscall/src/unistd/message/getids.rs,92,qualified_path,rust,production
core::mem,core::mem::transmute,src/libs/syscall/src/unistd/message/getids.rs,105,qualified_path,rust,production
core::mem,core::mem::transmute,src/libs/syscall/src/unistd/message/getids.rs,109,qualified_path,rust,production
core::mem,core::mem,src/libs/syscall/src/unistd/message/linkat.rs,22,import,rust,production
core::mem,core::mem::size_of,src/libs/syscall/src/unistd/message/linkat.rs,69,qualified_path,rust,production
core::mem,core::mem::size_of,src/libs/syscall/src/unistd/message/linkat.rs,71,qualified_path,rust,production
core::mem,core::mem::size_of,src/libs/syscall/src/unistd/message/linkat.rs,73,qualified_path,rust,production
core::mem,core::mem::size_of,src/libs/syscall/src/unistd/message/linkat.rs,75,qualified_path,rust,production
core::mem,core::mem::size_of,src/libs/syscall/src/unistd/message/linkat.rs,77,qualified_path,rust,production
core::mem,core::mem::size_of,src/libs/syscall/src/unistd/message/linkat.rs,305,qualified_path,rust,production
core::mem,core::mem::transmute,src/libs/syscall/src/unistd/message/linkat.rs,315,qualified_path,rust,production
core::mem,core::mem::transmute,src/libs/syscall/src/unistd/message/linkat.rs,319,qualified_path,rust,production
core::mem,core::mem,src/libs/syscall/src/unistd/message/lseek.rs,12,import,rust,production
core::mem,core::mem::size_of,src/libs/syscall/src/unistd/message/lseek.rs,42,qualified_path,rust,production
core::mem,core::mem::size_of,src/libs/syscall/src/unistd/message/lseek.rs,43,qualified_path,rust,production
core::mem,core::mem::size_of,src/libs/syscall/src/unistd/message/lseek.rs,44,qualified_path,rust,production
core::mem,core::mem::transmute,src/libs/syscall/src/unistd/message/lseek.rs,56,qualified_path,rust,production
core::mem,core::mem::transmute,src/libs/syscall/src/unistd/message/lseek.rs,60,qualified_path,rust,production
core::mem,core::mem::size_of,src/libs/syscall/src/unistd/message/lseek.rs,98,qualified_path,rust,production
core::mem,core::mem::transmute,src/libs/syscall/src/unistd/message/lseek.rs,108,qualified_path,rust,production
core::mem,core::mem::transmute,src/libs/syscall/src/unistd/message/lseek.rs,112,qualified_path,rust,production
core::mem,core::mem,src/libs/syscall/src/unistd/message/pipe.rs,12,import,rust,production
core::mem,core::mem::transmute,src/libs/syscall/src/unistd/message/pipe.rs,46,qualified_path,rust,production
core::mem,core::mem::transmute,src/libs/syscall/src/unistd/message/pipe.rs,50,qualified_path,rust,production
core::mem,core::mem::size_of,src/libs/syscall/src/unistd/message/pipe.rs,92,qualified_path,rust,production
core::mem,core::mem::transmute,src/libs/syscall/src/unistd/message/pipe.rs,104,qualified_path,rust,production
core::mem,core::mem::transmute,src/libs/syscall/src/unistd/message/pipe.rs,108,qualified_path,rust,production
core::mem,core::mem,src/libs/syscall/src/unistd/message/pread.rs,12,import,rust,production
core::mem,core::mem::size_of,src/libs/syscall/src/unistd/message/pread.rs,47,qualified_path,rust,production
core::mem,core::mem::size_of,src/libs/syscall/src/unistd/message/pread.rs,48,qualified_path,rust,production
core::mem,core::mem::size_of,src/libs/syscall/src/unistd/message/pread.rs,49,qualified_path,rust,production
core::mem,core::mem::transmute,src/libs/syscall/src/unistd/message/pread.rs,61,qualified_path,rust,production
core::mem,core::mem::transmute,src/libs/syscall/src/unistd/message/pread.rs,65,qualified_path,rust,production
core::mem,core::mem::size_of,src/libs/syscall/src/unistd/message/pread.rs,105,qualified_path,rust,production
core::mem,core::mem::transmute,src/libs/syscall/src/unistd/message/pread.rs,112,qualified_path,rust,production
core::mem,core::mem::transmute,src/libs/syscall/src/unistd/message/pread.rs,116,qualified_path,rust,production
core::mem,core::mem,src/libs/syscall/src/unistd/message/pwrite.rs,12,import,rust,production
core::mem,core::mem::size_of,src/libs/syscall/src/unistd/message/pwrite.rs,47,qualified_path,rust,production
core::mem,core::mem::size_of,src/libs/syscall/src/unistd/message/pwrite.rs,48,qualified_path,rust,production
core::mem,core::mem::size_of,src/libs/syscall/src/unistd/message/pwrite.rs,49,qualified_path,rust,production
core::mem,core::mem::transmute,src/libs/syscall/src/unistd/message/pwrite.rs,61,qualified_path,rust,production
core::mem,core::mem::transmute,src/libs/syscall/src/unistd/message/pwrite.rs,65,qualified_path,rust,production
core::mem,core::mem::size_of,src/libs/syscall/src/unistd/message/pwrite.rs,106,qualified_path,rust,production
core::mem,core::mem::transmute,src/libs/syscall/src/unistd/message/pwrite.rs,116,qualified_path,rust,production
core::mem,core::mem::transmute,src/libs/syscall/src/unistd/message/pwrite.rs,120,qualified_path,rust,production
core::mem,core::mem,src/libs/syscall/src/unistd/message/read.rs,12,import,rust,production
core::mem,core::mem::size_of,src/libs/syscall/src/unistd/message/read.rs,42,qualified_path,rust,production
core::mem,core::mem::transmute,src/libs/syscall/src/unistd/message/read.rs,53,qualified_path,rust,production
core::mem,core::mem::transmute,src/libs/syscall/src/unistd/message/read.rs,57,qualified_path,rust,production
core::mem,core::mem::size_of,src/libs/syscall/src/unistd/message/read.rs,94,qualified_path,rust,production
core::mem,core::mem::transmute,src/libs/syscall/src/unistd/message/read.rs,101,qualified_path,rust,production
core::mem,core::mem::transmute,src/libs/syscall/src/unistd/message/read.rs,105,qualified_path,rust,production
core::mem,core::mem,src/libs/syscall/src/unistd/message/readlinkat.rs,21,import,rust,production
core::mem,core::mem::size_of,src/libs/syscall/src/unistd/message/readlinkat.rs,65,qualified_path,rust,production
core::mem,core::mem::size_of,src/libs/syscall/src/unistd/message/readlinkat.rs,67,qualified_path,rust,production
core::mem,core::mem::size_of,src/libs/syscall/src/unistd/message/readlinkat.rs,69,qualified_path,rust,production
core::mem,core::mem::size_of,src/libs/syscall/src/unistd/message/readlinkat.rs,253,qualified_path,rust,production
core::mem,core::mem,src/libs/syscall/src/unistd/message/register_socket.rs,12,import,rust,production
core::mem,core::mem::size_of,src/libs/syscall/src/unistd/message/register_socket.rs,50,qualified_path,rust,production
core::mem,core::mem::transmute,src/libs/syscall/src/unistd/message/register_socket.rs,60,qualified_path,rust,production
core::mem,core::mem::transmute,src/libs/syscall/src/unistd/message/register_socket.rs,64,qualified_path,rust,production
core::mem,core::mem::size_of,src/libs/syscall/src/unistd/message/register_socket.rs,119,qualified_path,rust,production
core::mem,core::mem::transmute,src/libs/syscall/src/unistd/message/register_socket.rs,130,qualified_path,rust,production
core::mem,core::mem::transmute,src/libs/syscall/src/unistd/message/register_socket.rs,134,qualified_path,rust,production
core::mem,core::mem,src/libs/syscall/src/unistd/message/resolve_fd.rs,12,import,rust,production
core::mem,core::mem::size_of,src/libs/syscall/src/unistd/message/resolve_fd.rs,51,qualified_path,rust,production
core::mem,core::mem::size_of,src/libs/syscall/src/unistd/message/resolve_fd.rs,52,qualified_path,rust,production
core::mem,core::mem::transmute,src/libs/syscall/src/unistd/message/resolve_fd.rs,63,qualified_path,rust,production
core::mem,core::mem::transmute,src/libs/syscall/src/unistd/message/resolve_fd.rs,67,qualified_path,rust,production
core::mem,core::mem::size_of,src/libs/syscall/src/unistd/message/resolve_fd.rs,134,qualified_path,rust,production
core::mem,core::mem::size_of,src/libs/syscall/src/unistd/message/resolve_fd.rs,135,qualified_path,rust,production
core::mem,core::mem::size_of,src/libs/syscall/src/unistd/message/resolve_fd.rs,136,qualified_path,rust,production
core::mem,core::mem::transmute,src/libs/syscall/src/unistd/message/resolve_fd.rs,148,qualified_path,rust,production
core::mem,core::mem::transmute,src/libs/syscall/src/unistd/message/resolve_fd.rs,152,qualified_path,rust,production
core::mem,core::mem,src/libs/syscall/src/unistd/message/symlinkat.rs,22,import,rust,production
core::mem,core::mem::size_of,src/libs/syscall/src/unistd/message/symlinkat.rs,65,qualified_path,rust,production
core::mem,core::mem::size_of,src/libs/syscall/src/unistd/message/symlinkat.rs,67,qualified_path,rust,production
core::mem,core::mem::size_of,src/libs/syscall/src/unistd/message/symlinkat.rs,69,qualified_path,rust,production
core::mem,core::mem::size_of,src/libs/syscall/src/unistd/message/symlinkat.rs,259,qualified_path,rust,production
core::mem,core::mem::transmute,src/libs/syscall/src/unistd/message/symlinkat.rs,269,qualified_path,rust,production
core::mem,core::mem::transmute,src/libs/syscall/src/unistd/message/symlinkat.rs,273,qualified_path,rust,production
core::mem,core::mem,src/libs/syscall/src/unistd/message/write.rs,12,import,rust,production
core::mem,core::mem::size_of,src/libs/syscall/src/unistd/message/write.rs,45,qualified_path,rust,production
core::mem,core::mem::transmute,src/libs/syscall/src/unistd/message/write.rs,52,qualified_path,rust,production
core::mem,core::mem::transmute,src/libs/syscall/src/unistd/message/write.rs,56,qualified_path,rust,production
core::mem,core::mem::size_of,src/libs/syscall/src/unistd/message/write.rs,95,qualified_path,rust,production
core::mem,core::mem::transmute,src/libs/syscall/src/unistd/message/write.rs,105,qualified_path,rust,production
core::mem,core::mem::transmute,src/libs/syscall/src/unistd/message/write.rs,109,qualified_path,rust,production
core::mem,core::mem::size_of,src/libs/vfs/src/fd/mod.rs,1836,qualified_path,verus,production
core::mem,core::mem::transmute,src/libs/vfs/src/filesystem.rs,417,qualified_path,verus,production
core::mem,core::mem::ManuallyDrop,src/libs/vfs/src/filesystem/handle.rs,15,import,rust,production
core::mem,core::mem::ManuallyDrop::new,src/libs/vfs/src/filesystem/handle.rs,60,qualified_path,rust,production
core::mem,core::mem::ManuallyDrop::drop,src/libs/vfs/src/filesystem/handle.rs,229,qualified_path,rust,production
core::mem,core::mem::take,src/libs/vfs/src/line_discipline/discipline.rs,303,qualified_path,rust,production
core::mem,core::mem::take,src/libs/vfs/src/line_discipline/discipline.rs,371,qualified_path,rust,production
core::mem,core::mem::size_of,src/tests/integration/test-rust-c-bindings/src/main.rs,65,import,rust,test_or_benchmark
core::mem,core::mem::transmute,src/tests/integration/test-rust-dlfcn/src/tests/dlfcn.rs,103,qualified_path,rust,test_or_benchmark
core::mem,core::mem::transmute,src/tests/integration/test-rust-dlfcn/src/tests/dlfcn.rs,111,qualified_path,rust,test_or_benchmark
core::mem,core::mem::transmute,src/tests/integration/test-rust-dlfcn/src/tests/dlfcn.rs,119,qualified_path,rust,test_or_benchmark
core::mem,core::mem::transmute,src/tests/integration/test-rust-dlfcn/src/tests/dlfcn.rs,127,qualified_path,rust,test_or_benchmark
core::mem,core::mem::transmute,src/tests/integration/test-rust-dlfcn/src/tests/dlfcn.rs,144,qualified_path,rust,test_or_benchmark
core::mem,core::mem::transmute,src/tests/integration/test-rust-dlfcn/src/tests/dlfcn_global.rs,39,qualified_path,rust,test_or_benchmark
core::mem,core::mem::transmute,src/tests/integration/test-rust-dlfcn/src/tests/dlfcn_global.rs,63,qualified_path,rust,test_or_benchmark
core::mem,core::mem::transmute,src/tests/integration/test-rust-dlfcn/src/tests/dlfcn_pie.rs,110,qualified_path,verus,test_or_benchmark
core::mem,core::mem::transmute,src/tests/integration/test-rust-dlfcn/src/tests/dlfcn_pie.rs,118,qualified_path,verus,test_or_benchmark
core::mem,core::mem::align_of,src/tests/integration/test-rust-kernel/src/rendezvous.rs,80,qualified_path,verus,test_or_benchmark
core::mem,core::mem::align_of,src/tests/integration/test-rust-kernel/src/rendezvous.rs,577,qualified_path,verus,test_or_benchmark
core::mem,core::mem::align_of,src/tests/integration/test-rust-kernel/src/rendezvous.rs,624,qualified_path,verus,test_or_benchmark
core::mem,core::mem::align_of,src/tests/integration/test-rust-kernel/src/rendezvous.rs,1010,qualified_path,verus,test_or_benchmark
core::mem,core::mem::align_of,src/tests/integration/test-rust-kernel/src/rendezvous.rs,1089,qualified_path,verus,test_or_benchmark
core::mem,core::mem::align_of,src/tests/integration/test-rust-kernel/src/rendezvous.rs,1160,qualified_path,verus,test_or_benchmark
core::mem,core::mem::align_of,src/tests/integration/test-rust-kernel/src/rendezvous.rs,1252,qualified_path,verus,test_or_benchmark
core::mem,core::mem::align_of,src/tests/integration/test-rust-kernel/src/rendezvous.rs,1392,qualified_path,verus,test_or_benchmark
core::mem,core::mem::align_of,src/tests/integration/test-rust-kernel/src/rendezvous.rs,1414,qualified_path,verus,test_or_benchmark
core::mem,core::mem::align_of,src/tests/integration/test-rust-kernel/src/rendezvous.rs,1525,qualified_path,verus,test_or_benchmark
core::mem,core::mem::align_of,src/tests/integration/test-rust-kernel/src/rendezvous.rs,1575,qualified_path,verus,test_or_benchmark
core::mem,core::mem::align_of,src/tests/integration/test-rust-kernel/src/rendezvous.rs,1652,qualified_path,verus,test_or_benchmark
core::mem,core::mem::align_of,src/tests/integration/test-rust-kernel/src/rendezvous.rs,1726,qualified_path,verus,test_or_benchmark
core::mem,core::mem::align_of,src/tests/integration/test-rust-kernel/src/rendezvous.rs,1866,qualified_path,verus,test_or_benchmark
core::mem,core::mem::align_of,src/tests/integration/test-rust-kernel/src/rendezvous.rs,1911,qualified_path,verus,test_or_benchmark
core::mem,core::mem::align_of,src/tests/integration/test-rust-kernel/src/rendezvous.rs,2116,qualified_path,verus,test_or_benchmark
core::mem,core::mem::align_of,src/tests/integration/test-rust-kernel/src/tls.rs,467,qualified_path,rust,test_or_benchmark
core::mem,core::mem::forget,src/tests/integration/test-rust-thread/src/runtime.rs,92,qualified_path,rust,test_or_benchmark
core::mem,core::mem::zeroed,src/tests/integration/test-rust-thread/src/tests/attributes.rs,35,qualified_path,rust,test_or_benchmark
core::mem,core::mem::zeroed,src/tests/integration/test-rust-thread/src/tests/attributes.rs,51,qualified_path,rust,test_or_benchmark
core::mem,core::mem::zeroed,src/tests/integration/test-rust-thread/src/tests/attributes.rs,72,qualified_path,rust,test_or_benchmark
core::mem,core::mem::zeroed,src/tests/integration/test-rust-vfs-test/src/main.rs,671,qualified_path,rust,test_or_benchmark
core::mem,core::mem::zeroed,src/tests/integration/test-rust-vfs-test/src/main.rs,689,qualified_path,rust,test_or_benchmark
core::mem,core::mem::zeroed,src/tests/integration/test-rust-vfs-test/src/main.rs,737,qualified_path,rust,test_or_benchmark
core::mem,core::mem::zeroed,src/tests/integration/test-rust-vfs-test/src/main.rs,1539,qualified_path,rust,test_or_benchmark
core::mem,core::mem::zeroed,src/tests/integration/test-rust-vfs-test/src/main.rs,1548,qualified_path,rust,test_or_benchmark
core::mem,core::mem::zeroed,src/tests/integration/test-rust-vfs-test/src/main.rs,1557,qualified_path,rust,test_or_benchmark
core::mem,core::mem::zeroed,src/tests/integration/test-rust-vfs-test/src/main.rs,1564,qualified_path,rust,test_or_benchmark
core::mem,core::mem::zeroed,src/tests/integration/test-rust-vfs-test/src/main.rs,1579,qualified_path,rust,test_or_benchmark
core::mem,core::mem::zeroed,src/tests/integration/test-rust-vfs-test/src/main.rs,1601,qualified_path,rust,test_or_benchmark
core::mem,core::mem::zeroed,src/tests/integration/test-rust-vfs-test/src/main.rs,1645,qualified_path,rust,test_or_benchmark
core::mem,core::mem::size_of,src/uservm/src/guest_profiler/gva.rs,104,qualified_path,rust,production
core::mem,core::mem::size_of,src/uservm/src/standalone.rs,853,qualified_path,rust,production
core::ops,core::ops::Index,src/kernel/src/hal/arch/shared/cpu/interrupt/map.rs,9,import,rust,production
core::ops,core::ops::DerefMut,src/kernel/src/hal/arch/shared/mem/mmu/page_directory.rs,30,import,rust,production
core::ops,core::ops::DerefMut,src/kernel/src/hal/arch/shared/mem/mmu/page_table.rs,30,import,rust,production
core::ops,core::ops::Deref,src/kernel/src/hal/mem/types/address/aligned/page.rs,23,import,verus,production
core::ops,core::ops::Deref,src/kernel/src/hal/mem/types/address/aligned/pgtab.rs,10,import,verus,production
core::ops,core::ops::Deref,src/kernel/src/mm/phys/kframe.rs,21,import,rust,production
core::ops,core::ops::DerefMut,src/kernel/src/mm/phys/kframe.rs,21,import,rust,production
core::ops,core::ops::Deref,src/kernel/src/mm/virt/mod.rs,31,import,rust,production
core::ops,core::ops::DerefMut,src/kernel/src/mm/virt/mod.rs,31,import,rust,production
core::ops,core::ops::ControlFlow,src/kernel/src/mm/virt/vmem.rs,60,import,verus,production
core::ops,core::ops::ControlFlow::Continue,src/kernel/src/mm/virt/vmem.rs,809,qualified_path,verus,production
core::ops,core::ops::ControlFlow::Break,src/kernel/src/mm/virt/vmem.rs,897,qualified_path,verus,production
core::ops,core::ops::ControlFlow::Continue,src/kernel/src/mm/virt/vmem.rs,899,qualified_path,verus,production
core::ops,core::ops::Deref,src/libs/bitmap/src/lib.rs,738,qualified_path,rust,production
core::ops,core::ops::Deref,src/libs/cache/src/lib.rs,42,import,rust,production
core::ops,core::ops::DerefMut,src/libs/cache/src/lib.rs,42,import,rust,production
core::ops,core::ops::Deref,src/libs/elf/src/relocation.rs,8,import,rust,production
core::ops,core::ops::DerefMut,src/libs/elf/src/relocation.rs,8,import,rust,production
core::ops,core::ops::Deref,src/libs/fat32/src/fat/filesystem.rs,618,qualified_path,verus,production
core::ops,core::ops::Deref,src/libs/fat32/src/fat/filesystem.rs,1062,qualified_path,verus,production
core::ops,core::ops::Drop,src/libs/libc_pthread/src/lib.rs,582,qualified_path,rust,production
core::ops,core::ops::Deref,src/libs/raw-array/src/lib.rs,33,import,rust,production
core::ops,core::ops::DerefMut,src/libs/raw-array/src/lib.rs,33,import,rust,production
core::ops,core::ops::Add,src/libs/sys/src/sys/mm/address/virt.rs,297,qualified_path,verus,production
core::ops,core::ops::AddAssign,src/libs/sys/src/sys/mm/address/virt.rs,305,qualified_path,verus,production
core::panic,core::panic::PanicInfo,src/kernel/src/kpanic.rs,15,import,rust,production
core::panic,core::panic::PanicMessage,src/kernel/src/kpanic.rs,15,import,rust,production
core::panic,core::panic::PanicMessage,src/libs/nvx/src/panic.rs,8,import,rust,production
core::panic,core::panic::PanicInfo,src/libs/nvx/src/panic.rs,34,qualified_path,rust,production
core::pin,core::pin::Pin,src/kernel/src/hal/arch/x86/cpu/tss.rs,10,import,rust,production
core::pin,core::pin::Pin::new,src/kernel/src/hal/arch/x86/cpu/tss.rs,62,qualified_path,rust,production
core::pin,core::pin::Pin,src/kernel/src/hal/arch/x86/mem/gdt.rs,30,import,rust,production
core::pin,core::pin::Pin::new,src/kernel/src/hal/arch/x86/mem/gdt.rs,314,qualified_path,rust,production
core::pin,core::pin::Pin,src/kernel/src/hal/arch/x86_64/cpu/tss.rs,10,import,rust,production
core::pin,core::pin::Pin::new,src/kernel/src/hal/arch/x86_64/cpu/tss.rs,61,qualified_path,rust,production
core::pin,core::pin::Pin,src/kernel/src/hal/arch/x86_64/mem/gdt.rs,30,import,rust,production
core::pin,core::pin::Pin::new,src/kernel/src/hal/arch/x86_64/mem/gdt.rs,311,qualified_path,rust,production
core::pin,core::pin::Pin,src/kernel/src/pm/thread/state.rs,30,import,rust,production
core::prelude::v1,core::prelude::v1::Ok,src/libs/nvx/src/lib.rs,71,qualified_path,rust,production
core::prelude::v1,core::prelude::v1::Ok,src/libs/nvx/src/lib.rs,81,qualified_path,rust,production
core::prelude::v1,core::prelude::v1::Ok,src/libs/nvx/src/lib.rs,87,qualified_path,rust,production
core::ptr,core::ptr::copy_nonoverlapping,src/kernel/src/hal/arch/shared/cpu/fpu.rs,146,qualified_path,rust,production
core::ptr,core::ptr::copy_nonoverlapping,src/kernel/src/hal/arch/shared/cpu/fpu.rs,162,qualified_path,rust,production
core::ptr,core::ptr::null_mut,src/kernel/src/hal/arch/x86/cpu/idt.rs,159,qualified_path,rust,production
core::ptr,core::ptr::null_mut,src/kernel/src/hal/arch/x86/cpu/idt.rs,165,qualified_path,rust,production
core::ptr,core::ptr::read_volatile,src/kernel/src/hal/arch/x86/cpu/sigframe.rs,109,qualified_path,rust,production
core::ptr,core::ptr::write_volatile,src/kernel/src/hal/arch/x86/cpu/sigframe.rs,118,qualified_path,rust,production
core::ptr,core::ptr::null_mut,src/kernel/src/hal/arch/x86/mem/gdt.rs,210,qualified_path,rust,production
core::ptr,core::ptr::null_mut,src/kernel/src/hal/arch/x86_64/mem/gdt.rs,197,qualified_path,rust,production
core::ptr,core::ptr::read_volatile,src/kernel/src/hal/arch/x86_64/mem/mmu/hwpt.rs,97,qualified_path,rust,production
core::ptr,core::ptr::write_volatile,src/kernel/src/hal/arch/x86_64/mem/mmu/hwpt.rs,108,qualified_path,rust,production
core::ptr,core::ptr::read_volatile,src/kernel/src/hal/platform/microvm/mod.rs,582,qualified_path,rust,production
core::ptr,core::ptr::read_volatile,src/kernel/src/hal/platform/microvm/mod.rs,755,qualified_path,rust,production
core::ptr,core::ptr::read_volatile,src/kernel/src/hal/platform/microvm/mod.rs,757,qualified_path,rust,production
core::ptr,core::ptr::read_volatile,src/kernel/src/hal/platform/microvm/mod.rs,758,qualified_path,rust,production
core::ptr,core::ptr::read_volatile,src/kernel/src/hal/platform/microvm/mod.rs,761,qualified_path,rust,production
core::ptr,core::ptr::read_volatile,src/kernel/src/hal/platform/microvm/mod.rs,764,qualified_path,rust,production
core::ptr,core::ptr::read_volatile,src/kernel/src/hal/platform/microvm/mod.rs,852,qualified_path,rust,production
core::ptr,core::ptr::read_volatile,src/kernel/src/hal/platform/microvm/pvclock.rs,122,qualified_path,rust,production
core::ptr,core::ptr::read_volatile,src/kernel/src/hal/platform/microvm/pvclock.rs,132,qualified_path,rust,production
core::ptr,core::ptr::read_volatile,src/kernel/src/hal/platform/microvm/pvclock.rs,135,qualified_path,rust,production
core::ptr,core::ptr::read_volatile,src/kernel/src/hal/platform/microvm/pvclock.rs,166,qualified_path,rust,production
core::ptr,core::ptr::read_volatile,src/kernel/src/hal/platform/microvm/pvclock.rs,184,qualified_path,rust,production
core::ptr,core::ptr::read_volatile,src/kernel/src/hal/platform/microvm/pvclock.rs,195,qualified_path,rust,production
core::ptr,core::ptr::read_volatile,src/kernel/src/hal/platform/microvm/pvclock.rs,238,qualified_path,rust,production
core::ptr,core::ptr::null_mut,src/kernel/src/kargs.rs,21,qualified_path,rust,production
core::ptr,core::ptr::null_mut,src/kernel/src/klog.rs,247,qualified_path,verus,production
core::ptr,core::ptr::copy_nonoverlapping,src/kernel/src/mm/elf.rs,200,qualified_path,rust,production
core::ptr,core::ptr,src/kernel/src/mm/kheap.rs,27,import,rust,production
core::ptr,core::ptr::null_mut,src/kernel/src/mm/kheap.rs,105,qualified_path,rust,production
core::ptr,core::ptr::addr_of_mut,src/kernel/src/mm/kheap.rs,410,qualified_path,rust,production
core::ptr,core::ptr::null_mut,src/kernel/src/mm/kheap.rs,416,qualified_path,rust,production
core::ptr,core::ptr::null_mut,src/kernel/src/mm/kheap.rs,421,qualified_path,rust,production
core::ptr,core::ptr::addr_of_mut,src/kernel/src/mm/kheap.rs,426,qualified_path,rust,production
core::ptr,core::ptr::addr_of_mut,src/kernel/src/mm/kredzone.rs,47,qualified_path,rust,production
core::ptr,core::ptr::addr_of,src/kernel/src/mm/kredzone.rs,79,qualified_path,rust,production
core::ptr,core::ptr::addr_of_mut,src/kernel/src/mm/phys/test.rs,69,qualified_path,rust,production
core::ptr,core::ptr::addr_of_mut,src/kernel/src/mm/virt/page_table_allocator.rs,92,qualified_path,rust,production
core::ptr,core::ptr::read_volatile,src/kernel/src/pm/clock.rs,114,qualified_path,rust,production
core::ptr,core::ptr::addr_of,src/libs/arch/src/x86/cpu/idt.rs,121,qualified_path,rust,production
core::ptr,core::ptr::addr_of,src/libs/arch/src/x86/cpu/idt.rs,122,qualified_path,rust,production
core::ptr,core::ptr::addr_of,src/libs/arch/src/x86/cpu/idt.rs,123,qualified_path,rust,production
core::ptr,core::ptr::addr_of,src/libs/arch/src/x86/cpu/idt.rs,130,qualified_path,rust,production
core::ptr,core::ptr::addr_of,src/libs/arch/src/x86/cpu/idt.rs,136,qualified_path,rust,production
core::ptr,core::ptr::read_volatile,src/libs/arch/src/x86/mem/paging/table.rs,143,qualified_path,rust,production
core::ptr,core::ptr::write_volatile,src/libs/arch/src/x86/mem/paging/table.rs,158,qualified_path,rust,production
core::ptr,core::ptr::addr_of_mut,src/libs/bump_allocator/src/lib.rs,351,qualified_path,rust,production
core::ptr,core::ptr::addr_of_mut,src/libs/bump_allocator/src/lib.rs,379,qualified_path,rust,production
core::ptr,core::ptr::addr_of_mut,src/libs/bump_allocator/src/lib.rs,410,qualified_path,rust,production
core::ptr,core::ptr,src/libs/elf/src/hash.rs,32,import,rust,production
core::ptr,core::ptr::read_unaligned,src/libs/elf/src/hash.rs,132,qualified_path,rust,production
core::ptr,core::ptr::null_mut,src/libs/fat32/src/fat/filesystem.rs,642,qualified_path,verus,production
core::ptr,core::ptr::null,src/libs/fat32/src/fat/filesystem.rs,1084,qualified_path,verus,production
core::ptr,core::ptr::copy_nonoverlapping,src/libs/fat32/src/fat/storage.rs,131,qualified_path,verus,production
core::ptr,core::ptr::copy_nonoverlapping,src/libs/fat32/src/fat/storage.rs,154,qualified_path,verus,production
core::ptr,core::ptr::copy_nonoverlapping,src/libs/fat32/src/fat/storage.rs,303,qualified_path,verus,production
core::ptr,core::ptr::null_mut,src/libs/fat32/src/fat/storage.rs,384,qualified_path,verus,production
core::ptr,core::ptr::null,src/libs/fat32/src/fat/storage.rs,645,qualified_path,verus,production
core::ptr,core::ptr,src/libs/libc_arpa_inet/src/lib.rs,14,import,rust,production
core::ptr,core::ptr::addr_of_mut,src/libs/libc_arpa_inet/src/lib.rs,127,qualified_path,rust,production
core::ptr,core::ptr::copy_nonoverlapping,src/libs/libc_arpa_inet/src/lib.rs,130,qualified_path,rust,production
core::ptr,core::ptr::null,src/libs/libc_arpa_inet/src/lib.rs,176,qualified_path,rust,production
core::ptr,core::ptr::null,src/libs/libc_arpa_inet/src/lib.rs,184,qualified_path,rust,production
core::ptr,core::ptr::null,src/libs/libc_arpa_inet/src/lib.rs,191,qualified_path,rust,production
core::ptr,core::ptr::null,src/libs/libc_assert/src/assert_func.rs,343,qualified_path,rust,production
core::ptr,core::ptr::null,src/libs/libc_assert/src/assert_func.rs,353,qualified_path,rust,production
core::ptr,core::ptr::null_mut,src/libs/libc_ctype/src/locale.rs,131,qualified_path,rust,production
core::ptr,core::ptr::null_mut,src/libs/libc_ctype/src/locale.rs,144,qualified_path,rust,production
core::ptr,core::ptr::null_mut,src/libs/libc_dirent/src/bindings.rs,53,qualified_path,rust,production
core::ptr,core::ptr,src/libs/libc_dlfcn/src/lib.rs,17,import,rust,production
core::ptr,core::ptr::null_mut,src/libs/libc_dlfcn/src/lib.rs,298,qualified_path,rust,production
core::ptr,core::ptr::null_mut,src/libs/libc_dlfcn/src/lib.rs,345,qualified_path,rust,production
core::ptr,core::ptr::null_mut,src/libs/libc_dlfcn/src/lib.rs,356,qualified_path,rust,production
core::ptr,core::ptr::null_mut,src/libs/libc_dlfcn/src/lib.rs,367,qualified_path,rust,production
core::ptr,core::ptr::null_mut,src/libs/libc_dlfcn/src/lib.rs,411,qualified_path,rust,production
core::ptr,core::ptr::null_mut,src/libs/libc_dlfcn/src/lib.rs,421,qualified_path,rust,production
core::ptr,core::ptr::null_mut,src/libs/libc_dlfcn/src/lib.rs,438,qualified_path,rust,production
core::ptr,core::ptr,src/libs/libc_glob/src/bindings.rs,12,import,rust,production
core::ptr,core::ptr::null_mut,src/libs/libc_glob/src/bindings.rs,196,qualified_path,rust,production
core::ptr,core::ptr::copy_nonoverlapping,src/libs/libc_glob/src/bindings.rs,198,qualified_path,rust,production
core::ptr,core::ptr::write_bytes,src/libs/libc_glob/src/bindings.rs,245,qualified_path,rust,production
core::ptr,core::ptr::null_mut,src/libs/libc_glob/src/bindings.rs,268,qualified_path,rust,production
core::ptr,core::ptr::null_mut,src/libs/libc_glob/src/bindings.rs,600,qualified_path,rust,production
core::ptr,core::ptr,src/libs/libc_grp/src/bindings.rs,8,import,rust,production
core::ptr,core::ptr::null,src/libs/libc_grp/src/bindings.rs,36,qualified_path,rust,production
core::ptr,core::ptr::null,src/libs/libc_grp/src/bindings.rs,41,qualified_path,rust,production
core::ptr,core::ptr::null,src/libs/libc_grp/src/bindings.rs,42,qualified_path,rust,production
core::ptr,core::ptr::null,src/libs/libc_grp/src/bindings.rs,44,qualified_path,rust,production
core::ptr,core::ptr::addr_of_mut,src/libs/libc_grp/src/bindings.rs,69,qualified_path,rust,production
core::ptr,core::ptr::addr_of,src/libs/libc_grp/src/bindings.rs,76,qualified_path,rust,production
core::ptr,core::ptr::null_mut,src/libs/libc_grp/src/bindings.rs,284,qualified_path,rust,production
core::ptr,core::ptr::null_mut,src/libs/libc_inttypes/src/strtoimax.rs,224,qualified_path,rust,production
core::ptr,core::ptr::null_mut,src/libs/libc_inttypes/src/strtoimax.rs,232,qualified_path,rust,production
core::ptr,core::ptr::null_mut,src/libs/libc_inttypes/src/strtoimax.rs,240,qualified_path,rust,production
core::ptr,core::ptr::null_mut,src/libs/libc_inttypes/src/strtoimax.rs,248,qualified_path,rust,production
core::ptr,core::ptr::null_mut,src/libs/libc_inttypes/src/strtoimax.rs,256,qualified_path,rust,production
core::ptr,core::ptr::null_mut,src/libs/libc_inttypes/src/strtoimax.rs,267,qualified_path,rust,production
core::ptr,core::ptr::null_mut,src/libs/libc_inttypes/src/strtoimax.rs,275,qualified_path,rust,production
core::ptr,core::ptr::null_mut,src/libs/libc_inttypes/src/strtoimax.rs,283,qualified_path,rust,production
core::ptr,core::ptr::null_mut,src/libs/libc_inttypes/src/strtoimax.rs,291,qualified_path,rust,production
core::ptr,core::ptr::null_mut,src/libs/libc_inttypes/src/strtoimax.rs,306,qualified_path,rust,production
core::ptr,core::ptr::null_mut,src/libs/libc_inttypes/src/strtoimax.rs,327,qualified_path,rust,production
core::ptr,core::ptr::null_mut,src/libs/libc_inttypes/src/strtoimax.rs,343,qualified_path,rust,production
core::ptr,core::ptr::null_mut,src/libs/libc_inttypes/src/strtoimax.rs,354,qualified_path,rust,production
core::ptr,core::ptr::null_mut,src/libs/libc_inttypes/src/strtoimax.rs,367,qualified_path,rust,production
core::ptr,core::ptr::null_mut,src/libs/libc_inttypes/src/strtoimax.rs,379,qualified_path,rust,production
core::ptr,core::ptr::null_mut,src/libs/libc_inttypes/src/strtoumax.rs,193,qualified_path,rust,production
core::ptr,core::ptr::null_mut,src/libs/libc_inttypes/src/strtoumax.rs,203,qualified_path,rust,production
core::ptr,core::ptr::null_mut,src/libs/libc_inttypes/src/strtoumax.rs,211,qualified_path,rust,production
core::ptr,core::ptr::null_mut,src/libs/libc_inttypes/src/strtoumax.rs,219,qualified_path,rust,production
core::ptr,core::ptr::null_mut,src/libs/libc_inttypes/src/strtoumax.rs,230,qualified_path,rust,production
core::ptr,core::ptr::null_mut,src/libs/libc_inttypes/src/strtoumax.rs,245,qualified_path,rust,production
core::ptr,core::ptr::null_mut,src/libs/libc_inttypes/src/strtoumax.rs,266,qualified_path,rust,production
core::ptr,core::ptr::null_mut,src/libs/libc_inttypes/src/strtoumax.rs,279,qualified_path,rust,production
core::ptr,core::ptr::null_mut,src/libs/libc_inttypes/src/strtoumax.rs,290,qualified_path,rust,production
core::ptr,core::ptr::null_mut,src/libs/libc_inttypes/src/strtoumax.rs,303,qualified_path,rust,production
core::ptr,core::ptr::null_mut,src/libs/libc_inttypes/src/strtoumax.rs,315,qualified_path,rust,production
core::ptr,core::ptr::addr_of,src/libs/libc_locale/src/localeconv.rs,141,qualified_path,rust,production
core::ptr,core::ptr::null_mut,src/libs/libc_locale/src/setlocale.rs,34,qualified_path,rust,production
core::ptr,core::ptr::null_mut,src/libs/libc_locale/src/setlocale.rs,117,qualified_path,rust,production
core::ptr,core::ptr::null,src/libs/libc_locale/src/setlocale.rs,149,qualified_path,rust,production
core::ptr,core::ptr::null,src/libs/libc_locale/src/setlocale.rs,189,qualified_path,rust,production
core::ptr,core::ptr::null,src/libs/libc_locale/src/setlocale.rs,196,qualified_path,rust,production
core::ptr,core::ptr::null_mut,src/libs/libc_locale/src/xlocale.rs,34,qualified_path,rust,production
core::ptr,core::ptr::without_provenance_mut,src/libs/libc_locale/src/xlocale.rs,53,qualified_path,rust,production
core::ptr,core::ptr::null_mut,src/libs/libc_locale/src/xlocale.rs,121,qualified_path,rust,production
core::ptr,core::ptr::null,src/libs/libc_locale/src/xlocale.rs,174,qualified_path,rust,production
core::ptr,core::ptr::null_mut,src/libs/libc_locale/src/xlocale.rs,174,qualified_path,rust,production
core::ptr,core::ptr::null_mut,src/libs/libc_locale/src/xlocale.rs,180,qualified_path,rust,production
core::ptr,core::ptr::null_mut,src/libs/libc_locale/src/xlocale.rs,189,qualified_path,rust,production
core::ptr,core::ptr::null_mut,src/libs/libc_locale/src/xlocale.rs,190,qualified_path,rust,production
core::ptr,core::ptr::null,src/libs/libc_locale/src/xlocale.rs,199,qualified_path,rust,production
core::ptr,core::ptr::null_mut,src/libs/libc_locale/src/xlocale.rs,199,qualified_path,rust,production
core::ptr,core::ptr::null_mut,src/libs/libc_mntent/src/lib.rs,122,qualified_path,rust,production
core::ptr,core::ptr::null_mut,src/libs/libc_mntent/src/lib.rs,123,qualified_path,rust,production
core::ptr,core::ptr::null_mut,src/libs/libc_mntent/src/lib.rs,124,qualified_path,rust,production
core::ptr,core::ptr::null_mut,src/libs/libc_mntent/src/lib.rs,125,qualified_path,rust,production
core::ptr,core::ptr::addr_of_mut,src/libs/libc_mntent/src/lib.rs,207,qualified_path,rust,production
core::ptr,core::ptr::addr_of_mut,src/libs/libc_mntent/src/lib.rs,208,qualified_path,rust,production
core::ptr,core::ptr::null_mut,src/libs/libc_mntent/src/lib.rs,242,qualified_path,rust,production
core::ptr,core::ptr::null_mut,src/libs/libc_mntent/src/lib.rs,247,qualified_path,rust,production
core::ptr,core::ptr::null_mut,src/libs/libc_mntent/src/lib.rs,329,qualified_path,rust,production
core::ptr,core::ptr::null_mut,src/libs/libc_mntent/src/parse.rs,136,qualified_path,rust,production
core::ptr,core::ptr::null_mut,src/libs/libc_mntent/src/parse.rs,251,qualified_path,rust,production
core::ptr,core::ptr::null_mut,src/libs/libc_mntent/src/parse.rs,255,qualified_path,rust,production
core::ptr,core::ptr::null_mut,src/libs/libc_mntent/src/parse.rs,265,qualified_path,rust,production
core::ptr,core::ptr::null_mut,src/libs/libc_mntent/src/parse.rs,283,qualified_path,rust,production
core::ptr,core::ptr::null_mut,src/libs/libc_mntent/src/parse.rs,328,qualified_path,rust,production
core::ptr,core::ptr::null_mut,src/libs/libc_mntent/src/parse.rs,329,qualified_path,rust,production
core::ptr,core::ptr::null_mut,src/libs/libc_mntent/src/parse.rs,330,qualified_path,rust,production
core::ptr,core::ptr::null_mut,src/libs/libc_mntent/src/parse.rs,331,qualified_path,rust,production
core::ptr,core::ptr,src/libs/libc_netdb/src/lib.rs,14,import,rust,production
core::ptr,core::ptr::null_mut,src/libs/libc_netdb/src/lib.rs,197,qualified_path,rust,production
core::ptr,core::ptr::null_mut,src/libs/libc_netdb/src/lib.rs,264,qualified_path,rust,production
core::ptr,core::ptr::null_mut,src/libs/libc_netdb/src/lib.rs,265,qualified_path,rust,production
core::ptr,core::ptr::null_mut,src/libs/libc_netdb/src/lib.rs,315,qualified_path,rust,production
core::ptr,core::ptr::null_mut,src/libs/libc_netdb/src/lib.rs,342,qualified_path,rust,production
core::ptr,core::ptr::null_mut,src/libs/libc_netdb/src/lib.rs,369,qualified_path,rust,production
core::ptr,core::ptr::null_mut,src/libs/libc_netdb/src/lib.rs,397,qualified_path,rust,production
core::ptr,core::ptr::null_mut,src/libs/libc_netdb/src/lib.rs,425,qualified_path,rust,production
core::ptr,core::ptr::null,src/libs/libc_netdb/src/lib.rs,493,qualified_path,rust,production
core::ptr,core::ptr::null_mut,src/libs/libc_netdb/src/lib.rs,548,qualified_path,rust,production
core::ptr,core::ptr::null_mut,src/libs/libc_netdb/src/lib.rs,793,qualified_path,rust,production
core::ptr,core::ptr::copy_nonoverlapping,src/libs/libc_netdb/src/lib.rs,801,qualified_path,rust,production
core::ptr,core::ptr::null,src/libs/libc_netdb/src/lib.rs,805,qualified_path,rust,production
core::ptr,core::ptr::write,src/libs/libc_netdb/src/lib.rs,816,qualified_path,rust,production
core::ptr,core::ptr::null_mut,src/libs/libc_netdb/src/lib.rs,826,qualified_path,rust,production
core::ptr,core::ptr::write,src/libs/libc_netdb/src/lib.rs,828,qualified_path,rust,production
core::ptr,core::ptr::addr_of,src/libs/libc_pthread/src/lib.rs,466,qualified_path,rust,production
core::ptr,core::ptr::write_unaligned,src/libs/libc_pthread/src/lib.rs,573,qualified_path,rust,production
core::ptr,core::ptr::write_unaligned,src/libs/libc_pthread/src/lib.rs,601,qualified_path,rust,production
core::ptr,core::ptr::read_unaligned,src/libs/libc_pthread/src/lib.rs,689,qualified_path,rust,production
core::ptr,core::ptr::write_unaligned,src/libs/libc_pthread/src/lib.rs,748,qualified_path,rust,production
core::ptr,core::ptr,src/libs/libc_pwd/src/bindings.rs,13,import,rust,production
core::ptr,core::ptr::null,src/libs/libc_pwd/src/bindings.rs,52,qualified_path,rust,production
core::ptr,core::ptr::null,src/libs/libc_pwd/src/bindings.rs,53,qualified_path,rust,production
core::ptr,core::ptr::null,src/libs/libc_pwd/src/bindings.rs,56,qualified_path,rust,production
core::ptr,core::ptr::null,src/libs/libc_pwd/src/bindings.rs,57,qualified_path,rust,production
core::ptr,core::ptr::null,src/libs/libc_pwd/src/bindings.rs,58,qualified_path,rust,production
core::ptr,core::ptr::addr_of_mut,src/libs/libc_pwd/src/bindings.rs,130,qualified_path,rust,production
core::ptr,core::ptr::copy_nonoverlapping,src/libs/libc_pwd/src/bindings.rs,134,qualified_path,rust,production
core::ptr,core::ptr::addr_of_mut,src/libs/libc_pwd/src/bindings.rs,142,qualified_path,rust,production
core::ptr,core::ptr::addr_of,src/libs/libc_pwd/src/bindings.rs,151,qualified_path,rust,production
core::ptr,core::ptr::null_mut,src/libs/libc_regex/src/regfree.rs,43,qualified_path,rust,production
core::ptr,core::ptr::null_mut,src/libs/libc_regex/src/tests.rs,44,qualified_path,rust,production
core::ptr,core::ptr::null,src/libs/libc_regex/src/tests.rs,243,qualified_path,rust,production
core::ptr,core::ptr::null,src/libs/libc_regex/src/tests.rs,257,qualified_path,rust,production
core::ptr,core::ptr::eq,src/libs/libc_stdio/src/fclose.rs,64,qualified_path,rust,production
core::ptr,core::ptr::eq,src/libs/libc_stdio/src/fclose.rs,65,qualified_path,rust,production
core::ptr,core::ptr::eq,src/libs/libc_stdio/src/fclose.rs,66,qualified_path,rust,production
core::ptr,core::ptr::null_mut,src/libs/libc_stdio/src/fdopen.rs,57,qualified_path,rust,production
core::ptr,core::ptr::null_mut,src/libs/libc_stdio/src/fdopen.rs,63,qualified_path,rust,production
core::ptr,core::ptr::null_mut,src/libs/libc_stdio/src/fdopen.rs,69,qualified_path,rust,production
core::ptr,core::ptr::null_mut,src/libs/libc_stdio/src/fgets.rs,49,qualified_path,rust,production
core::ptr,core::ptr::null_mut,src/libs/libc_stdio/src/fgets.rs,68,qualified_path,rust,production
core::ptr,core::ptr::null_mut,src/libs/libc_stdio/src/fopen.rs,72,qualified_path,rust,production
core::ptr,core::ptr::null_mut,src/libs/libc_stdio/src/fopen.rs,87,qualified_path,rust,production
core::ptr,core::ptr::null_mut,src/libs/libc_stdio/src/fopen.rs,95,qualified_path,rust,production
core::ptr,core::ptr::null_mut,src/libs/libc_stdio/src/fopen.rs,103,qualified_path,rust,production
core::ptr,core::ptr::null,src/libs/libc_stdio/src/format_engine.rs,689,qualified_path,verus,production
core::ptr,core::ptr::null,src/libs/libc_stdio/src/format_engine.rs,1140,qualified_path,verus,production
core::ptr,core::ptr::null,src/libs/libc_stdio/src/format_engine.rs,1170,qualified_path,verus,production
core::ptr,core::ptr::null,src/libs/libc_stdio/src/format_engine.rs,1285,qualified_path,verus,production
core::ptr,core::ptr::null_mut,src/libs/libc_stdio/src/freopen.rs,77,qualified_path,rust,production
core::ptr,core::ptr::null_mut,src/libs/libc_stdio/src/freopen.rs,84,qualified_path,rust,production
core::ptr,core::ptr::null_mut,src/libs/libc_stdio/src/freopen.rs,97,qualified_path,rust,production
core::ptr,core::ptr::null_mut,src/libs/libc_stdio/src/freopen.rs,113,qualified_path,rust,production
core::ptr,core::ptr::null_mut,src/libs/libc_stdio/src/freopen.rs,120,qualified_path,rust,production
core::ptr,core::ptr::null_mut,src/libs/libc_stdio/src/freopen.rs,129,qualified_path,rust,production
core::ptr,core::ptr::null_mut,src/libs/libc_stdio/src/popen.rs,56,qualified_path,rust,production
core::ptr,core::ptr::null_mut,src/libs/libc_stdio/src/tmpfile.rs,96,qualified_path,rust,production
core::ptr,core::ptr::null_mut,src/libs/libc_stdio/src/tmpfile.rs,106,qualified_path,rust,production
core::ptr,core::ptr::null_mut,src/libs/libc_stdio/src/tmpfile.rs,110,qualified_path,rust,production
core::ptr,core::ptr::null_mut,src/libs/libc_stdio/src/ungetc.rs,132,qualified_path,rust,production
core::ptr,core::ptr::null_mut,src/libs/libc_stdio/src/vasprintf.rs,69,qualified_path,rust,production
core::ptr,core::ptr::null_mut,src/libs/libc_stdio/src/vsscanf.rs,403,qualified_path,rust,production
core::ptr,core::ptr::null_mut,src/libs/libc_stdio/src/vsscanf.rs,433,qualified_path,rust,production
core::ptr,core::ptr::null_mut,src/libs/libc_stdlib/src/aligned_alloc.rs,12,import,rust,production
core::ptr,core::ptr::null_mut,src/libs/libc_stdlib/src/atexit.rs,418,qualified_path,rust,production
core::ptr,core::ptr::null_mut,src/libs/libc_stdlib/src/atof.rs,41,qualified_path,rust,production
core::ptr,core::ptr::copy_nonoverlapping,src/libs/libc_stdlib/src/block_header.rs,12,import,rust,production
core::ptr,core::ptr::null_mut,src/libs/libc_stdlib/src/block_header.rs,12,import,rust,production
core::ptr,core::ptr::null_mut,src/libs/libc_stdlib/src/bsearch.rs,8,import,rust,production
core::ptr,core::ptr::null_mut,src/libs/libc_stdlib/src/calloc.rs,12,import,rust,production
core::ptr,core::ptr::null,src/libs/libc_stdlib/src/env_table.rs,155,qualified_path,rust,production
core::ptr,core::ptr::null,src/libs/libc_stdlib/src/env_table.rs,607,qualified_path,rust,production
core::ptr,core::ptr::null,src/libs/libc_stdlib/src/env_table.rs,627,qualified_path,rust,production
core::ptr,core::ptr::null,src/libs/libc_stdlib/src/env_table.rs,677,qualified_path,rust,production
core::ptr,core::ptr::null,src/libs/libc_stdlib/src/env_table.rs,711,qualified_path,rust,production
core::ptr,core::ptr::null,src/libs/libc_stdlib/src/env_table.rs,731,qualified_path,rust,production
core::ptr,core::ptr::null,src/libs/libc_stdlib/src/env_table.rs,753,qualified_path,rust,production
core::ptr,core::ptr::null,src/libs/libc_stdlib/src/env_table.rs,816,qualified_path,rust,production
core::ptr,core::ptr::null_mut,src/libs/libc_stdlib/src/free.rs,48,qualified_path,rust,production
core::ptr,core::ptr::null_mut,src/libs/libc_stdlib/src/getenv.rs,47,qualified_path,rust,production
core::ptr,core::ptr::null_mut,src/libs/libc_stdlib/src/getenv.rs,55,qualified_path,rust,production
core::ptr,core::ptr::null_mut,src/libs/libc_stdlib/src/getenv.rs,62,qualified_path,rust,production
core::ptr,core::ptr::null_mut,src/libs/libc_stdlib/src/getenv.rs,68,qualified_path,rust,production
core::ptr,core::ptr::null_mut,src/libs/libc_stdlib/src/locale.rs,146,qualified_path,rust,production
core::ptr,core::ptr::null_mut,src/libs/libc_stdlib/src/locale.rs,148,qualified_path,rust,production
core::ptr,core::ptr::null_mut,src/libs/libc_stdlib/src/locale.rs,157,qualified_path,rust,production
core::ptr,core::ptr::null_mut,src/libs/libc_stdlib/src/locale.rs,160,qualified_path,rust,production
core::ptr,core::ptr::null_mut,src/libs/libc_stdlib/src/locale.rs,170,qualified_path,rust,production
core::ptr,core::ptr::null_mut,src/libs/libc_stdlib/src/locale.rs,172,qualified_path,rust,production
core::ptr,core::ptr::null_mut,src/libs/libc_stdlib/src/malloc.rs,12,import,rust,production
core::ptr,core::ptr::null_mut,src/libs/libc_stdlib/src/malloc_usable_size.rs,77,qualified_path,rust,production
core::ptr,core::ptr::null_mut,src/libs/libc_stdlib/src/memalign.rs,12,import,rust,production
core::ptr,core::ptr::null_mut,src/libs/libc_stdlib/src/mkdtemp.rs,70,qualified_path,rust,production
core::ptr,core::ptr::null_mut,src/libs/libc_stdlib/src/mkdtemp.rs,87,qualified_path,rust,production
core::ptr,core::ptr::null_mut,src/libs/libc_stdlib/src/mkdtemp.rs,94,qualified_path,rust,production
core::ptr,core::ptr::null_mut,src/libs/libc_stdlib/src/posix_memalign.rs,124,qualified_path,rust,production
core::ptr,core::ptr::null_mut,src/libs/libc_stdlib/src/posix_memalign.rs,132,qualified_path,rust,production
core::ptr,core::ptr::null_mut,src/libs/libc_stdlib/src/posix_memalign.rs,141,qualified_path,rust,production
core::ptr,core::ptr::null_mut,src/libs/libc_stdlib/src/posix_memalign.rs,150,qualified_path,rust,production
core::ptr,core::ptr::null_mut,src/libs/libc_stdlib/src/posix_memalign.rs,159,qualified_path,rust,production
core::ptr,core::ptr::null_mut,src/libs/libc_stdlib/src/posix_memalign.rs,167,qualified_path,rust,production
core::ptr,core::ptr::null_mut,src/libs/libc_stdlib/src/pty.rs,15,import,rust,production
core::ptr,core::ptr::null_mut,src/libs/libc_stdlib/src/pty.rs,161,import,rust,production
core::ptr,core::ptr::null_mut,src/libs/libc_stdlib/src/realloc.rs,14,import,rust,production
core::ptr,core::ptr::null_mut,src/libs/libc_stdlib/src/realloc.rs,98,qualified_path,rust,production
core::ptr,core::ptr::null_mut,src/libs/libc_stdlib/src/realloc.rs,109,qualified_path,rust,production
core::ptr,core::ptr::null_mut,src/libs/libc_stdlib/src/realloc.rs,121,qualified_path,rust,production
core::ptr,core::ptr::null_mut,src/libs/libc_stdlib/src/reallocarray.rs,12,import,rust,production
core::ptr,core::ptr::null_mut,src/libs/libc_stdlib/src/reallocarray.rs,83,qualified_path,rust,production
core::ptr,core::ptr::null_mut,src/libs/libc_stdlib/src/reallocarray.rs,92,qualified_path,rust,production
core::ptr,core::ptr::null_mut,src/libs/libc_stdlib/src/realpath.rs,387,qualified_path,rust,production
core::ptr,core::ptr::null_mut,src/libs/libc_stdlib/src/realpath.rs,394,qualified_path,rust,production
core::ptr,core::ptr::null_mut,src/libs/libc_stdlib/src/realpath.rs,400,qualified_path,rust,production
core::ptr,core::ptr::null_mut,src/libs/libc_stdlib/src/realpath.rs,418,qualified_path,rust,production
core::ptr,core::ptr::null_mut,src/libs/libc_stdlib/src/realpath.rs,424,qualified_path,rust,production
core::ptr,core::ptr::null_mut,src/libs/libc_stdlib/src/realpath.rs,432,qualified_path,rust,production
core::ptr,core::ptr::null_mut,src/libs/libc_stdlib/src/realpath.rs,443,qualified_path,rust,production
core::ptr,core::ptr::copy_nonoverlapping,src/libs/libc_stdlib/src/realpath.rs,454,qualified_path,rust,production
core::ptr,core::ptr::null_mut,src/libs/libc_stdlib/src/strtod.rs,184,qualified_path,rust,production
core::ptr,core::ptr::null_mut,src/libs/libc_stdlib/src/strtod.rs,409,qualified_path,rust,production
core::ptr,core::ptr::null_mut,src/libs/libc_stdlib/src/strtod.rs,416,qualified_path,rust,production
core::ptr,core::ptr::null_mut,src/libs/libc_stdlib/src/strtod.rs,423,qualified_path,rust,production
core::ptr,core::ptr::null_mut,src/libs/libc_stdlib/src/strtod.rs,430,qualified_path,rust,production
core::ptr,core::ptr::null_mut,src/libs/libc_stdlib/src/strtod.rs,437,qualified_path,rust,production
core::ptr,core::ptr::null_mut,src/libs/libc_stdlib/src/strtod.rs,446,qualified_path,rust,production
core::ptr,core::ptr::null_mut,src/libs/libc_stdlib/src/strtod.rs,453,qualified_path,rust,production
core::ptr,core::ptr::null_mut,src/libs/libc_stdlib/src/strtod.rs,460,qualified_path,rust,production
core::ptr,core::ptr::null_mut,src/libs/libc_stdlib/src/strtod.rs,470,qualified_path,rust,production
core::ptr,core::ptr::null_mut,src/libs/libc_stdlib/src/strtod.rs,477,qualified_path,rust,production
core::ptr,core::ptr::null_mut,src/libs/libc_stdlib/src/strtod.rs,486,qualified_path,rust,production
core::ptr,core::ptr::null_mut,src/libs/libc_stdlib/src/strtod.rs,493,qualified_path,rust,production
core::ptr,core::ptr::null_mut,src/libs/libc_stdlib/src/strtod.rs,503,qualified_path,rust,production
core::ptr,core::ptr::null_mut,src/libs/libc_stdlib/src/strtod.rs,510,qualified_path,rust,production
core::ptr,core::ptr::null_mut,src/libs/libc_stdlib/src/strtod.rs,521,qualified_path,rust,production
core::ptr,core::ptr::null_mut,src/libs/libc_stdlib/src/strtod.rs,530,qualified_path,rust,production
core::ptr,core::ptr::null_mut,src/libs/libc_stdlib/src/strtof.rs,89,qualified_path,rust,production
core::ptr,core::ptr::null_mut,src/libs/libc_stdlib/src/strtof.rs,96,qualified_path,rust,production
core::ptr,core::ptr::null_mut,src/libs/libc_stdlib/src/strtof.rs,103,qualified_path,rust,production
core::ptr,core::ptr::null_mut,src/libs/libc_stdlib/src/strtof.rs,110,qualified_path,rust,production
core::ptr,core::ptr::null_mut,src/libs/libc_stdlib/src/strtof.rs,122,qualified_path,rust,production
core::ptr,core::ptr::null_mut,src/libs/libc_stdlib/src/strtof.rs,131,qualified_path,rust,production
core::ptr,core::ptr::null_mut,src/libs/libc_stdlib/src/strtol.rs,85,qualified_path,rust,production
core::ptr,core::ptr::null_mut,src/libs/libc_stdlib/src/strtol.rs,220,qualified_path,rust,production
core::ptr,core::ptr::null_mut,src/libs/libc_stdlib/src/strtol.rs,227,qualified_path,rust,production
core::ptr,core::ptr::null_mut,src/libs/libc_stdlib/src/strtol.rs,234,qualified_path,rust,production
core::ptr,core::ptr::null_mut,src/libs/libc_stdlib/src/strtol.rs,241,qualified_path,rust,production
core::ptr,core::ptr::null_mut,src/libs/libc_stdlib/src/strtol.rs,248,qualified_path,rust,production
core::ptr,core::ptr::null_mut,src/libs/libc_stdlib/src/strtol.rs,255,qualified_path,rust,production
core::ptr,core::ptr::null_mut,src/libs/libc_stdlib/src/strtol.rs,262,qualified_path,rust,production
core::ptr,core::ptr::null_mut,src/libs/libc_stdlib/src/strtol.rs,272,qualified_path,rust,production
core::ptr,core::ptr::null_mut,src/libs/libc_stdlib/src/strtol.rs,281,qualified_path,rust,production
core::ptr,core::ptr::null_mut,src/libs/libc_stdlib/src/strtol.rs,289,qualified_path,rust,production
core::ptr,core::ptr::null_mut,src/libs/libc_stdlib/src/strtol.rs,300,qualified_path,rust,production
core::ptr,core::ptr::null_mut,src/libs/libc_stdlib/src/strtold.rs,55,qualified_path,rust,production
core::ptr,core::ptr::null_mut,src/libs/libc_stdlib/src/strtoll.rs,84,qualified_path,rust,production
core::ptr,core::ptr::null_mut,src/libs/libc_stdlib/src/strtoll.rs,222,qualified_path,rust,production
core::ptr,core::ptr::null_mut,src/libs/libc_stdlib/src/strtoll.rs,229,qualified_path,rust,production
core::ptr,core::ptr::null_mut,src/libs/libc_stdlib/src/strtoll.rs,236,qualified_path,rust,production
core::ptr,core::ptr::null_mut,src/libs/libc_stdlib/src/strtoll.rs,244,qualified_path,rust,production
core::ptr,core::ptr::null_mut,src/libs/libc_stdlib/src/strtoll.rs,253,qualified_path,rust,production
core::ptr,core::ptr::null_mut,src/libs/libc_stdlib/src/strtoul.rs,83,qualified_path,rust,production
core::ptr,core::ptr::null_mut,src/libs/libc_stdlib/src/strtoul.rs,219,qualified_path,rust,production
core::ptr,core::ptr::null_mut,src/libs/libc_stdlib/src/strtoul.rs,226,qualified_path,rust,production
core::ptr,core::ptr::null_mut,src/libs/libc_stdlib/src/strtoul.rs,236,qualified_path,rust,production
core::ptr,core::ptr::null_mut,src/libs/libc_stdlib/src/strtoul.rs,244,qualified_path,rust,production
core::ptr,core::ptr::null_mut,src/libs/libc_stdlib/src/strtoull.rs,83,qualified_path,rust,production
core::ptr,core::ptr::null_mut,src/libs/libc_stdlib/src/strtoull.rs,216,qualified_path,rust,production
core::ptr,core::ptr::null_mut,src/libs/libc_stdlib/src/strtoull.rs,223,qualified_path,rust,production
core::ptr,core::ptr::null_mut,src/libs/libc_stdlib/src/strtoull.rs,231,qualified_path,rust,production
core::ptr,core::ptr::eq,src/libs/libc_string/src/bcopy.rs,64,qualified_path,rust,production
core::ptr,core::ptr::null_mut,src/libs/libc_string/src/locale.rs,106,qualified_path,rust,production
core::ptr,core::ptr::null_mut,src/libs/libc_string/src/locale.rs,117,qualified_path,rust,production
core::ptr,core::ptr::null_mut,src/libs/libc_string/src/memccpy.rs,78,qualified_path,rust,production
core::ptr,core::ptr::null_mut,src/libs/libc_string/src/memchr.rs,67,qualified_path,rust,production
core::ptr,core::ptr::eq,src/libs/libc_string/src/memmove.rs,83,qualified_path,rust,production
core::ptr,core::ptr::null_mut,src/libs/libc_string/src/memrchr.rs,66,qualified_path,rust,production
core::ptr,core::ptr::null_mut,src/libs/libc_string/src/strcasestr.rs,93,qualified_path,rust,production
core::ptr,core::ptr::null_mut,src/libs/libc_string/src/strchr.rs,61,qualified_path,rust,production
core::ptr,core::ptr::null_mut,src/libs/libc_string/src/strdup.rs,69,qualified_path,rust,production
core::ptr,core::ptr::copy_nonoverlapping,src/libs/libc_string/src/strerror_r.rs,67,qualified_path,rust,production
core::ptr,core::ptr::null_mut,src/libs/libc_string/src/strerror_r.rs,141,qualified_path,rust,production
core::ptr,core::ptr::null_mut,src/libs/libc_string/src/strndup.rs,72,qualified_path,rust,production
core::ptr,core::ptr::null_mut,src/libs/libc_string/src/strpbrk.rs,70,qualified_path,rust,production
core::ptr,core::ptr::null_mut,src/libs/libc_string/src/strrchr.rs,54,qualified_path,rust,production
core::ptr,core::ptr::null_mut,src/libs/libc_string/src/strsep.rs,74,qualified_path,rust,production
core::ptr,core::ptr::null_mut,src/libs/libc_string/src/strsep.rs,89,qualified_path,rust,production
core::ptr,core::ptr::null_mut,src/libs/libc_string/src/strstr.rs,79,qualified_path,rust,production
core::ptr,core::ptr::null_mut,src/libs/libc_string/src/strtok.rs,21,qualified_path,rust,production
core::ptr,core::ptr::null_mut,src/libs/libc_string/src/strtok.rs,75,qualified_path,rust,production
core::ptr,core::ptr::null_mut,src/libs/libc_string/src/strtok.rs,84,qualified_path,rust,production
core::ptr,core::ptr::null_mut,src/libs/libc_string/src/strtok.rs,85,qualified_path,rust,production
core::ptr,core::ptr::null_mut,src/libs/libc_string/src/strtok.rs,99,qualified_path,rust,production
core::ptr,core::ptr::null_mut,src/libs/libc_string/src/strtok.rs,148,qualified_path,rust,production
core::ptr,core::ptr::null_mut,src/libs/libc_string/src/strtok.rs,152,qualified_path,rust,production
core::ptr,core::ptr::null_mut,src/libs/libc_string/src/strtok.rs,156,qualified_path,rust,production
core::ptr,core::ptr::null_mut,src/libs/libc_string/src/strtok.rs,170,qualified_path,rust,production
core::ptr,core::ptr::null_mut,src/libs/libc_string/src/strtok.rs,174,qualified_path,rust,production
core::ptr,core::ptr::null_mut,src/libs/libc_string/src/strtok_r.rs,76,qualified_path,rust,production
core::ptr,core::ptr::null_mut,src/libs/libc_string/src/strtok_r.rs,85,qualified_path,rust,production
core::ptr,core::ptr::null_mut,src/libs/libc_string/src/strtok_r.rs,86,qualified_path,rust,production
core::ptr,core::ptr::null_mut,src/libs/libc_string/src/strtok_r.rs,100,qualified_path,rust,production
core::ptr,core::ptr::null_mut,src/libs/libc_string/src/strtok_r.rs,137,qualified_path,rust,production
core::ptr,core::ptr::null_mut,src/libs/libc_string/src/strtok_r.rs,143,qualified_path,rust,production
core::ptr,core::ptr::null_mut,src/libs/libc_string/src/strtok_r.rs,147,qualified_path,rust,production
core::ptr,core::ptr::null_mut,src/libs/libc_string/src/strtok_r.rs,151,qualified_path,rust,production
core::ptr,core::ptr::null_mut,src/libs/libc_string/src/strtok_r.rs,159,qualified_path,rust,production
core::ptr,core::ptr::null_mut,src/libs/libc_string/src/strtok_r.rs,165,qualified_path,rust,production
core::ptr,core::ptr::null_mut,src/libs/libc_string/src/strtok_r.rs,169,qualified_path,rust,production
core::ptr,core::ptr::null_mut,src/libs/libc_string/src/strtok_r.rs,178,qualified_path,rust,production
core::ptr,core::ptr::copy_nonoverlapping,src/libs/libc_string/src/strxfrm.rs,74,qualified_path,rust,production
core::ptr,core::ptr::null_mut,src/libs/libc_string/src/strxfrm.rs,164,qualified_path,rust,production
core::ptr,core::ptr::addr_of_mut,src/libs/libc_time/src/asctime.rs,38,qualified_path,rust,production
core::ptr,core::ptr::null,src/libs/libc_time/src/asctime.rs,70,qualified_path,rust,production
core::ptr,core::ptr::null_mut,src/libs/libc_time/src/asctime_r.rs,104,qualified_path,rust,production
core::ptr,core::ptr::null_mut,src/libs/libc_time/src/asctime_r.rs,113,qualified_path,rust,production
core::ptr,core::ptr::null_mut,src/libs/libc_time/src/asctime_r.rs,118,qualified_path,rust,production
core::ptr,core::ptr::null_mut,src/libs/libc_time/src/asctime_r.rs,128,qualified_path,rust,production
core::ptr,core::ptr::null_mut,src/libs/libc_time/src/asctime_r.rs,135,qualified_path,rust,production
core::ptr,core::ptr::null_mut,src/libs/libc_time/src/ctime.rs,43,qualified_path,rust,production
core::ptr,core::ptr::null_mut,src/libs/libc_time/src/ctime.rs,51,qualified_path,rust,production
core::ptr,core::ptr::addr_of_mut,src/libs/libc_time/src/ctime.rs,54,qualified_path,rust,production
core::ptr,core::ptr::null,src/libs/libc_time/src/ctime.rs,75,qualified_path,rust,production
core::ptr,core::ptr::null_mut,src/libs/libc_time/src/ctime_r.rs,43,qualified_path,rust,production
core::ptr,core::ptr::null_mut,src/libs/libc_time/src/ctime_r.rs,49,qualified_path,rust,production
core::ptr,core::ptr::addr_of_mut,src/libs/libc_time/src/gmtime.rs,38,qualified_path,rust,production
core::ptr,core::ptr::null,src/libs/libc_time/src/gmtime.rs,61,qualified_path,rust,production
core::ptr,core::ptr::null_mut,src/libs/libc_time/src/gmtime_r.rs,61,qualified_path,rust,production
core::ptr,core::ptr::null_mut,src/libs/libc_time/src/gmtime_r.rs,100,qualified_path,rust,production
core::ptr,core::ptr::null,src/libs/libc_time/src/gmtime_r.rs,183,qualified_path,rust,production
core::ptr,core::ptr::null_mut,src/libs/libc_time/src/gmtime_r.rs,190,qualified_path,rust,production
core::ptr,core::ptr::null_mut,src/libs/libc_time/src/locale.rs,80,qualified_path,rust,production
core::ptr,core::ptr::addr_of_mut,src/libs/libc_time/src/localtime.rs,40,qualified_path,rust,production
core::ptr,core::ptr::null,src/libs/libc_time/src/localtime.rs,63,qualified_path,rust,production
core::ptr,core::ptr::null_mut,src/libs/libc_time/src/mktime.rs,168,qualified_path,rust,production
core::ptr,core::ptr::null_mut,src/libs/libc_time/src/strptime.rs,149,qualified_path,rust,production
core::ptr,core::ptr::null_mut,src/libs/libc_time/src/strptime.rs,177,qualified_path,rust,production
core::ptr,core::ptr::null_mut,src/libs/libc_time/src/strptime.rs,198,qualified_path,rust,production
core::ptr,core::ptr::null_mut,src/libs/libc_time/src/strptime.rs,212,qualified_path,rust,production
core::ptr,core::ptr::null_mut,src/libs/libc_time/src/strptime.rs,219,qualified_path,rust,production
core::ptr,core::ptr::null_mut,src/libs/libc_time/src/strptime.rs,226,qualified_path,rust,production
core::ptr,core::ptr::null_mut,src/libs/libc_time/src/strptime.rs,234,qualified_path,rust,production
core::ptr,core::ptr::null_mut,src/libs/libc_time/src/strptime.rs,242,qualified_path,rust,production
core::ptr,core::ptr::null_mut,src/libs/libc_time/src/strptime.rs,249,qualified_path,rust,production
core::ptr,core::ptr::null_mut,src/libs/libc_time/src/strptime.rs,256,qualified_path,rust,production
core::ptr,core::ptr::null_mut,src/libs/libc_time/src/strptime.rs,264,qualified_path,rust,production
core::ptr,core::ptr::null_mut,src/libs/libc_time/src/strptime.rs,271,qualified_path,rust,production
core::ptr,core::ptr::null_mut,src/libs/libc_time/src/strptime.rs,278,qualified_path,rust,production
core::ptr,core::ptr::null_mut,src/libs/libc_time/src/strptime.rs,282,qualified_path,rust,production
core::ptr,core::ptr::null_mut,src/libs/libc_time/src/strptime.rs,289,qualified_path,rust,production
core::ptr,core::ptr::null_mut,src/libs/libc_time/src/strptime.rs,296,qualified_path,rust,production
core::ptr,core::ptr::null_mut,src/libs/libc_time/src/strptime.rs,305,qualified_path,rust,production
core::ptr,core::ptr::null_mut,src/libs/libc_time/src/strptime.rs,315,qualified_path,rust,production
core::ptr,core::ptr::null_mut,src/libs/libc_time/src/strptime.rs,321,qualified_path,rust,production
core::ptr,core::ptr::null_mut,src/libs/libc_time/src/strptime.rs,328,qualified_path,rust,production
core::ptr,core::ptr::null_mut,src/libs/libc_time/src/strptime.rs,335,qualified_path,rust,production
core::ptr,core::ptr::null_mut,src/libs/libc_time/src/strptime.rs,343,qualified_path,rust,production
core::ptr,core::ptr::null_mut,src/libs/libc_time/src/strptime.rs,351,qualified_path,rust,production
core::ptr,core::ptr::null_mut,src/libs/libc_time/src/strptime.rs,358,qualified_path,rust,production
core::ptr,core::ptr::null_mut,src/libs/libc_time/src/strptime.rs,363,qualified_path,rust,production
core::ptr,core::ptr::null_mut,src/libs/libc_time/src/time.rs,99,qualified_path,rust,production
core::ptr,core::ptr::null_mut,src/libs/libc_time/src/timegm.rs,96,qualified_path,rust,production
core::ptr,core::ptr::null_mut,src/libs/libc_wchar/src/fgetws.rs,61,qualified_path,rust,production
core::ptr,core::ptr::null_mut,src/libs/libc_wchar/src/fgetws.rs,87,qualified_path,rust,production
core::ptr,core::ptr::null_mut,src/libs/libc_wchar/src/locale.rs,96,qualified_path,rust,production
core::ptr,core::ptr::null_mut,src/libs/libc_wchar/src/locale.rs,107,qualified_path,rust,production
core::ptr,core::ptr::addr_of_mut,src/libs/libc_wchar/src/multibyte.rs,85,qualified_path,rust,production
core::ptr,core::ptr::addr_of_mut,src/libs/libc_wchar/src/multibyte.rs,90,qualified_path,rust,production
core::ptr,core::ptr::null_mut,src/libs/libc_wchar/src/multibyte.rs,196,qualified_path,rust,production
core::ptr,core::ptr::null_mut,src/libs/libc_wchar/src/multibyte.rs,324,qualified_path,rust,production
core::ptr,core::ptr::null_mut,src/libs/libc_wchar/src/multibyte.rs,326,qualified_path,rust,production
core::ptr,core::ptr::null,src/libs/libc_wchar/src/multibyte.rs,416,qualified_path,rust,production
core::ptr,core::ptr::null,src/libs/libc_wchar/src/multibyte.rs,458,qualified_path,rust,production
core::ptr,core::ptr::null,src/libs/libc_wchar/src/multibyte.rs,560,qualified_path,rust,production
core::ptr,core::ptr::null,src/libs/libc_wchar/src/multibyte.rs,618,qualified_path,rust,production
core::ptr,core::ptr::null,src/libs/libc_wchar/src/multibyte.rs,709,qualified_path,rust,production
core::ptr,core::ptr::null_mut,src/libs/libc_wchar/src/multibyte.rs,709,qualified_path,rust,production
core::ptr,core::ptr::null_mut,src/libs/libc_wchar/src/multibyte.rs,736,qualified_path,rust,production
core::ptr,core::ptr::null_mut,src/libs/libc_wchar/src/multibyte.rs,770,qualified_path,rust,production
core::ptr,core::ptr::null_mut,src/libs/libc_wchar/src/multibyte.rs,781,qualified_path,rust,production
core::ptr,core::ptr::null_mut,src/libs/libc_wchar/src/multibyte.rs,794,qualified_path,rust,production
core::ptr,core::ptr::null_mut,src/libs/libc_wchar/src/multibyte.rs,807,qualified_path,rust,production
core::ptr,core::ptr::null_mut,src/libs/libc_wchar/src/multibyte.rs,820,qualified_path,rust,production
core::ptr,core::ptr::null_mut,src/libs/libc_wchar/src/multibyte.rs,833,qualified_path,rust,production
core::ptr,core::ptr::null_mut,src/libs/libc_wchar/src/multibyte.rs,847,qualified_path,rust,production
core::ptr,core::ptr::null_mut,src/libs/libc_wchar/src/multibyte.rs,858,qualified_path,rust,production
core::ptr,core::ptr::null_mut,src/libs/libc_wchar/src/multibyte.rs,872,qualified_path,rust,production
core::ptr,core::ptr::null_mut,src/libs/libc_wchar/src/multibyte.rs,888,qualified_path,rust,production
core::ptr,core::ptr::null_mut,src/libs/libc_wchar/src/multibyte.rs,903,qualified_path,rust,production
core::ptr,core::ptr::null_mut,src/libs/libc_wchar/src/multibyte.rs,920,qualified_path,rust,production
core::ptr,core::ptr::null_mut,src/libs/libc_wchar/src/multibyte.rs,934,qualified_path,rust,production
core::ptr,core::ptr::null_mut,src/libs/libc_wchar/src/multibyte.rs,947,qualified_path,rust,production
core::ptr,core::ptr::null_mut,src/libs/libc_wchar/src/multibyte.rs,963,qualified_path,rust,production
core::ptr,core::ptr::null_mut,src/libs/libc_wchar/src/multibyte.rs,980,qualified_path,rust,production
core::ptr,core::ptr::null_mut,src/libs/libc_wchar/src/multibyte.rs,994,qualified_path,rust,production
core::ptr,core::ptr::null_mut,src/libs/libc_wchar/src/wcschr.rs,51,qualified_path,rust,production
core::ptr,core::ptr::null_mut,src/libs/libc_wchar/src/wcspbrk.rs,54,qualified_path,rust,production
core::ptr,core::ptr::null_mut,src/libs/libc_wchar/src/wcsrchr.rs,43,qualified_path,rust,production
core::ptr,core::ptr::null_mut,src/libs/libc_wchar/src/wcsstr.rs,38,qualified_path,rust,production
core::ptr,core::ptr::null_mut,src/libs/libc_wchar/src/wcstod.rs,41,qualified_path,rust,production
core::ptr,core::ptr::null_mut,src/libs/libc_wchar/src/wcstod.rs,62,qualified_path,rust,production
core::ptr,core::ptr::null_mut,src/libs/libc_wchar/src/wcstod.rs,72,qualified_path,rust,production
core::ptr,core::ptr::null_mut,src/libs/libc_wchar/src/wcstod.rs,82,qualified_path,rust,production
core::ptr,core::ptr::null_mut,src/libs/libc_wchar/src/wcstod.rs,95,qualified_path,rust,production
core::ptr,core::ptr::null_mut,src/libs/libc_wchar/src/wcstof.rs,45,qualified_path,rust,production
core::ptr,core::ptr::null_mut,src/libs/libc_wchar/src/wcstof.rs,66,qualified_path,rust,production
core::ptr,core::ptr::null_mut,src/libs/libc_wchar/src/wcstof.rs,76,qualified_path,rust,production
core::ptr,core::ptr::null_mut,src/libs/libc_wchar/src/wcstof.rs,86,qualified_path,rust,production
core::ptr,core::ptr::null_mut,src/libs/libc_wchar/src/wcstok.rs,49,qualified_path,rust,production
core::ptr,core::ptr::null_mut,src/libs/libc_wchar/src/wcstok.rs,58,qualified_path,rust,production
core::ptr,core::ptr::null_mut,src/libs/libc_wchar/src/wcstok.rs,88,qualified_path,rust,production
core::ptr,core::ptr::null_mut,src/libs/libc_wchar/src/wcstok.rs,94,qualified_path,rust,production
core::ptr,core::ptr::null_mut,src/libs/libc_wchar/src/wcstok.rs,98,qualified_path,rust,production
core::ptr,core::ptr::null_mut,src/libs/libc_wchar/src/wcstok.rs,102,qualified_path,rust,production
core::ptr,core::ptr::null_mut,src/libs/libc_wchar/src/wcstok.rs,111,qualified_path,rust,production
core::ptr,core::ptr::null_mut,src/libs/libc_wchar/src/wcstok.rs,124,qualified_path,rust,production
core::ptr,core::ptr::null_mut,src/libs/libc_wchar/src/wcstol.rs,49,qualified_path,rust,production
core::ptr,core::ptr::null_mut,src/libs/libc_wchar/src/wcstol.rs,74,qualified_path,rust,production
core::ptr,core::ptr::null_mut,src/libs/libc_wchar/src/wcstol.rs,84,qualified_path,rust,production
core::ptr,core::ptr::null_mut,src/libs/libc_wchar/src/wcstol.rs,93,qualified_path,rust,production
core::ptr,core::ptr::null_mut,src/libs/libc_wchar/src/wcstol.rs,106,qualified_path,rust,production
core::ptr,core::ptr::null_mut,src/libs/libc_wchar/src/wcstold.rs,47,qualified_path,rust,production
core::ptr,core::ptr::null_mut,src/libs/libc_wchar/src/wcstold.rs,68,qualified_path,rust,production
core::ptr,core::ptr::null_mut,src/libs/libc_wchar/src/wcstold.rs,78,qualified_path,rust,production
core::ptr,core::ptr::null_mut,src/libs/libc_wchar/src/wcstold.rs,88,qualified_path,rust,production
core::ptr,core::ptr::null_mut,src/libs/libc_wchar/src/wcstoll.rs,49,qualified_path,rust,production
core::ptr,core::ptr::null_mut,src/libs/libc_wchar/src/wcstoll.rs,72,qualified_path,rust,production
core::ptr,core::ptr::null_mut,src/libs/libc_wchar/src/wcstoll.rs,80,qualified_path,rust,production
core::ptr,core::ptr::null_mut,src/libs/libc_wchar/src/wcstoul.rs,49,qualified_path,rust,production
core::ptr,core::ptr::null_mut,src/libs/libc_wchar/src/wcstoul.rs,73,qualified_path,rust,production
core::ptr,core::ptr::null_mut,src/libs/libc_wchar/src/wcstoul.rs,81,qualified_path,rust,production
core::ptr,core::ptr::null_mut,src/libs/libc_wchar/src/wcstoul.rs,91,qualified_path,rust,production
core::ptr,core::ptr::null_mut,src/libs/libc_wchar/src/wcstoull.rs,49,qualified_path,rust,production
core::ptr,core::ptr::null_mut,src/libs/libc_wchar/src/wcstoull.rs,72,qualified_path,rust,production
core::ptr,core::ptr::null_mut,src/libs/libc_wchar/src/wcstoull.rs,80,qualified_path,rust,production
core::ptr,core::ptr::null_mut,src/libs/libc_wchar/src/wcsxfrm.rs,70,qualified_path,rust,production
core::ptr,core::ptr::null_mut,src/libs/libc_wchar/src/wmemchr.rs,37,qualified_path,rust,production
core::ptr,core::ptr::null_mut,src/libs/libc_wctype/src/locale.rs,183,qualified_path,rust,production
core::ptr,core::ptr::null_mut,src/libs/libc_wctype/src/locale.rs,191,qualified_path,rust,production
core::ptr,core::ptr::null_mut,src/libs/nanvix_libc/src/lib.rs,371,qualified_path,rust,production
core::ptr,core::ptr::copy_nonoverlapping,src/libs/nanvix_libc/src/lib.rs,454,qualified_path,rust,production
core::ptr,core::ptr::copy_nonoverlapping,src/libs/nanvix_libc/src/lib.rs,469,qualified_path,rust,production
core::ptr,core::ptr::copy_nonoverlapping,src/libs/nanvix_libc/src/lib.rs,487,qualified_path,rust,production
core::ptr,core::ptr::copy_nonoverlapping,src/libs/nanvix_libc/src/lib.rs,488,qualified_path,rust,production
core::ptr,core::ptr::copy_nonoverlapping,src/libs/nanvix_libc/src/lib.rs,516,qualified_path,rust,production
core::ptr,core::ptr::copy_nonoverlapping,src/libs/nanvix_libc/src/lib.rs,521,qualified_path,rust,production
core::ptr,core::ptr::dangling_mut,src/libs/nanvix_libc/src/lib.rs,548,qualified_path,rust,production
core::ptr,core::ptr::copy_nonoverlapping,src/libs/nanvix_libc/src/lib.rs,581,qualified_path,rust,production
core::ptr,core::ptr::null_mut,src/libs/nanvix_libc/src/start.rs,115,qualified_path,rust,production
core::ptr,core::ptr::null_mut,src/libs/nanvix_libc/src/start.rs,445,qualified_path,rust,production
core::ptr,core::ptr::null_mut,src/libs/nanvix_libc/src/start.rs,454,qualified_path,rust,production
core::ptr,core::ptr,src/libs/nanvix_libc/src/start.rs,524,import,rust,production
core::ptr,core::ptr::null_mut,src/libs/nanvix_libc/src/start.rs,550,qualified_path,rust,production
core::ptr,core::ptr::null_mut,src/libs/nvx-crt0/src/lib.rs,190,qualified_path,rust,production
core::ptr,core::ptr::addr_of,src/libs/nvx-crt0/src/lib.rs,323,qualified_path,rust,production
core::ptr,core::ptr,src/libs/raw-array/src/lib.rs,33,import,rust,production
core::ptr,core::ptr::NonNull,src/libs/raw-array/src/lib.rs,64,qualified_path,rust,production
core::ptr,core::ptr::NonNull,src/libs/raw-array/src/lib.rs,66,qualified_path,rust,production
core::ptr,core::ptr::NonNull,src/libs/raw-array/src/lib.rs,95,qualified_path,rust,production
core::ptr,core::ptr::NonNull::new,src/libs/raw-array/src/lib.rs,97,qualified_path,rust,production
core::ptr,core::ptr::write_bytes,src/libs/raw-array/src/lib.rs,107,qualified_path,rust,production
core::ptr,core::ptr::NonNull,src/libs/raw-array/src/lib.rs,147,qualified_path,rust,production
core::ptr,core::ptr::NonNull::new,src/libs/raw-array/src/lib.rs,147,qualified_path,rust,production
core::ptr,core::ptr::write_bytes,src/libs/raw-array/src/lib.rs,153,qualified_path,rust,production
core::ptr,core::ptr,src/libs/raw-array/src/test.rs,9,import,rust,production
core::ptr,core::ptr::null_mut,src/libs/raw-array/src/test.rs,43,qualified_path,rust,production
core::ptr,core::ptr::write_bytes,src/libs/slab/src/lib.rs,382,qualified_path,rust,production
core::ptr,core::ptr,src/libs/sysalloc/src/allocator.rs,21,import,rust,production
core::ptr,core::ptr::null_mut,src/libs/sysalloc/src/allocator.rs,230,qualified_path,rust,production
core::ptr,core::ptr::null_mut,src/libs/sysalloc/src/allocator.rs,234,qualified_path,rust,production
core::ptr,core::ptr::NonNull::new,src/libs/sysalloc/src/allocator.rs,240,qualified_path,rust,production
core::ptr,core::ptr::copy_nonoverlapping,src/libs/sysalloc/src/tda.rs,236,qualified_path,rust,production
core::ptr,core::ptr::null_mut,src/libs/sysalloc/src/tda.rs,275,qualified_path,rust,production
core::ptr,core::ptr::read_unaligned,src/libs/sysapi/src/sys_ioctl.rs,91,qualified_path,rust,production
core::ptr,core::ptr::addr_of,src/libs/sysapi/src/sys_select.rs,121,qualified_path,rust,production
core::ptr,core::ptr::addr_of_mut,src/libs/sysapi/src/sys_select.rs,169,qualified_path,rust,production
core::ptr,core::ptr::addr_of_mut,src/libs/sysapi/src/sys_select.rs,218,qualified_path,rust,production
core::ptr,core::ptr::addr_of_mut,src/libs/sysapi/src/sys_select.rs,256,qualified_path,rust,production
core::ptr,core::ptr::addr_of,src/libs/sysapi/src/sys_select.rs,300,qualified_path,rust,production
core::ptr,core::ptr::addr_of,src/libs/sysapi/src/sys_types.rs,411,qualified_path,rust,production
core::ptr,core::ptr::addr_of_mut,src/libs/sysapi/src/sys_types.rs,447,qualified_path,rust,production
core::ptr,core::ptr,src/libs/syscall/src/dirent/bindings/opendir.rs,16,import,rust,production
core::ptr,core::ptr::null_mut,src/libs/syscall/src/dirent/bindings/opendir.rs,59,qualified_path,rust,production
core::ptr,core::ptr::null_mut,src/libs/syscall/src/dirent/bindings/opendir.rs,68,qualified_path,rust,production
core::ptr,core::ptr::null_mut,src/libs/syscall/src/dirent/bindings/opendir.rs,78,qualified_path,rust,production
core::ptr,core::ptr,src/libs/syscall/src/dirent/bindings/readdir.rs,13,import,rust,production
core::ptr,core::ptr::null_mut,src/libs/syscall/src/dirent/bindings/readdir.rs,70,qualified_path,rust,production
core::ptr,core::ptr::null_mut,src/libs/syscall/src/dirent/bindings/readdir.rs,78,qualified_path,rust,production
core::ptr,core::ptr::null_mut,src/libs/syscall/src/dirent/bindings/readdir.rs,94,qualified_path,rust,production
core::ptr,core::ptr::addr_of,src/libs/syscall/src/fcntl/syscall/openat.rs,105,qualified_path,rust,production
core::ptr,core::ptr::addr_of,src/libs/syscall/src/fdtable.rs,385,qualified_path,rust,production
core::ptr,core::ptr::addr_of,src/libs/syscall/src/fdtable.rs,386,qualified_path,rust,production
core::ptr,core::ptr::addr_of,src/libs/syscall/src/fdtable.rs,387,qualified_path,rust,production
core::ptr,core::ptr::write,src/libs/syscall/src/pthread/bindings/pthread_condattr_init.rs,57,qualified_path,rust,production
core::ptr,core::ptr::null_mut,src/libs/syscall/src/pthread/bindings/pthread_getspecific.rs,24,qualified_path,rust,production
core::ptr,core::ptr,src/libs/syscall/src/safe/mem/segment.rs,12,import,rust,production
core::ptr,core::ptr::copy_nonoverlapping,src/libs/syscall/src/safe/mem/segment.rs,185,qualified_path,rust,production
core::ptr,core::ptr::write_bytes,src/libs/syscall/src/sched/bindings/sched_getaffinity.rs,96,qualified_path,rust,production
core::ptr,core::ptr::addr_of,src/libs/syscall/src/sys/socket/syscall/mod.rs,112,qualified_path,rust,production
core::ptr,core::ptr::addr_of,src/libs/syscall/src/sys/socket/syscall/mod.rs,113,qualified_path,rust,production
core::ptr,core::ptr::null,src/libs/syscall/src/unistd/bindings/execl.rs,61,qualified_path,rust,production
core::ptr,core::ptr::null,src/libs/syscall/src/unistd/bindings/execle.rs,67,qualified_path,rust,production
core::ptr,core::ptr::null,src/libs/syscall/src/unistd/bindings/execlp.rs,62,qualified_path,rust,production
core::ptr,core::ptr::null_mut,src/libs/syscall/src/unistd/bindings/getcwd.rs,76,qualified_path,rust,production
core::ptr,core::ptr::null_mut,src/libs/syscall/src/unistd/bindings/getcwd.rs,83,qualified_path,rust,production
core::ptr,core::ptr::null_mut,src/libs/syscall/src/unistd/bindings/getcwd.rs,98,qualified_path,rust,production
core::ptr,core::ptr::null_mut,src/libs/syscall/src/unistd/bindings/getcwd.rs,109,qualified_path,rust,production
core::ptr,core::ptr::null_mut,src/libs/syscall/src/unistd/bindings/getcwd.rs,121,qualified_path,rust,production
core::ptr,core::ptr::copy_nonoverlapping,src/libs/syscall/src/unistd/bindings/getlogin_r.rs,67,qualified_path,rust,production
core::ptr,core::ptr::null_mut,src/libs/syscall/src/unistd/bindings/getopt.rs,44,qualified_path,rust,production
core::ptr,core::ptr::null,src/libs/syscall/src/unistd/bindings/getopt.rs,62,qualified_path,rust,production
core::ptr,core::ptr::null,src/libs/syscall/src/unistd/bindings/getopt.rs,75,qualified_path,rust,production
core::ptr,core::ptr::null_mut,src/libs/syscall/src/unistd/bindings/getopt_long.rs,235,qualified_path,rust,production
core::ptr,core::ptr::null_mut,src/libs/syscall/src/unistd/bindings/getopt_long.rs,239,qualified_path,rust,production
core::ptr,core::ptr::addr_of_mut,src/libs/syscall/src/unistd/bindings/tcgetpgrp.rs,43,qualified_path,rust,production
core::ptr,core::ptr::addr_of_mut,src/libs/syscall/src/unistd/bindings/tcsetpgrp.rs,53,qualified_path,rust,production
core::ptr,core::ptr::copy_nonoverlapping,src/libs/syscall/src/unistd/bindings/ttyname_r.rs,75,qualified_path,rust,production
core::ptr,core::ptr::null_mut,src/libs/syscall/src/unistd/syscall/getopt.rs,41,qualified_path,verus,production
core::ptr,core::ptr::null,src/libs/syscall/src/unistd/syscall/getopt.rs,45,qualified_path,verus,production
core::ptr,core::ptr::null,src/libs/syscall/src/unistd/syscall/getopt.rs,67,qualified_path,verus,production
core::ptr,core::ptr::null,src/libs/syscall/src/unistd/syscall/getopt.rs,122,qualified_path,verus,production
core::ptr,core::ptr::null,src/libs/syscall/src/unistd/syscall/getopt.rs,165,qualified_path,verus,production
core::ptr,core::ptr::null,src/libs/syscall/src/unistd/syscall/getopt.rs,176,qualified_path,verus,production
core::ptr,core::ptr::null,src/libs/syscall/src/unistd/syscall/getopt.rs,182,qualified_path,verus,production
core::ptr,core::ptr::null,src/libs/syscall/src/unistd/syscall/getopt.rs,198,qualified_path,verus,production
core::ptr,core::ptr::addr_of,src/libs/syscall/src/unistd/syscall/pipe.rs,80,qualified_path,rust,production
core::ptr,core::ptr::copy_nonoverlapping,src/libs/vfs/src/descriptor/direct_read_handle.rs,60,qualified_path,rust,production
core::ptr,core::ptr::write_bytes,src/libs/vfs/src/fd/mod.rs,1188,qualified_path,verus,production
core::ptr,core::ptr::write_bytes,src/libs/vfs/src/fd/mod.rs,1347,qualified_path,verus,production
core::ptr,core::ptr::slice_from_raw_parts_mut,src/libs/vfs/src/state.rs,123,qualified_path,verus,production
core::ptr,core::ptr::slice_from_raw_parts_mut,src/libs/vfs/src/state.rs,367,qualified_path,verus,production
core::ptr,core::ptr,src/tests/integration/test-rust-dlfcn/src/tests/dlfcn.rs,30,import,rust,test_or_benchmark
core::ptr,core::ptr::null,src/tests/integration/test-rust-dlfcn/src/tests/dlfcn.rs,162,qualified_path,rust,test_or_benchmark
core::ptr,core::ptr::null,src/tests/integration/test-rust-dlfcn/src/tests/dlfcn.rs,163,qualified_path,rust,test_or_benchmark
core::ptr,core::ptr::null,src/tests/integration/test-rust-dlfcn/src/tests/dlfcn.rs,164,qualified_path,rust,test_or_benchmark
core::ptr,core::ptr::null,src/tests/integration/test-rust-dlfcn/src/tests/dlfcn.rs,165,qualified_path,rust,test_or_benchmark
core::ptr,core::ptr,src/tests/integration/test-rust-fork-kcall/src/tests/bulk_unaligned.rs,32,import,rust,test_or_benchmark
core::ptr,core::ptr::addr_of_mut,src/tests/integration/test-rust-fork-kcall/src/tests/bulk_unaligned.rs,142,qualified_path,rust,test_or_benchmark
core::ptr,core::ptr::addr_of_mut,src/tests/integration/test-rust-fork-kcall/src/tests/bulk_unaligned.rs,192,qualified_path,rust,test_or_benchmark
core::ptr,core::ptr::addr_of_mut,src/tests/integration/test-rust-fork-kcall/src/tests/bulk_unaligned.rs,248,qualified_path,rust,test_or_benchmark
core::ptr,core::ptr::addr_of_mut,src/tests/integration/test-rust-fork-kcall/src/tests/bulk_unaligned.rs,277,qualified_path,rust,test_or_benchmark
core::ptr,core::ptr,src/tests/integration/test-rust-fork-kcall/src/tests/fork.rs,34,import,verus,test_or_benchmark
core::ptr,core::ptr::addr_of_mut,src/tests/integration/test-rust-fork-kcall/src/tests/fork.rs,402,qualified_path,verus,test_or_benchmark
core::ptr,core::ptr::addr_of_mut,src/tests/integration/test-rust-fork-kcall/src/tests/fork.rs,403,qualified_path,verus,test_or_benchmark
core::ptr,core::ptr::addr_of_mut,src/tests/integration/test-rust-fork-kcall/src/tests/fork.rs,429,qualified_path,verus,test_or_benchmark
core::ptr,core::ptr::addr_of,src/tests/integration/test-rust-fork-kcall/src/tests/fork.rs,439,qualified_path,verus,test_or_benchmark
core::ptr,core::ptr::addr_of_mut,src/tests/integration/test-rust-fork-kcall/src/tests/fork.rs,459,qualified_path,verus,test_or_benchmark
core::ptr,core::ptr::addr_of,src/tests/integration/test-rust-fork-kcall/src/tests/fork.rs,463,qualified_path,verus,test_or_benchmark
core::ptr,core::ptr::addr_of_mut,src/tests/integration/test-rust-fork-kcall/src/tests/fork.rs,541,qualified_path,verus,test_or_benchmark
core::ptr,core::ptr::addr_of_mut,src/tests/integration/test-rust-fork-kcall/src/tests/fork.rs,542,qualified_path,verus,test_or_benchmark
core::ptr,core::ptr::write_bytes,src/tests/integration/test-rust-kernel/src/getppid.rs,175,qualified_path,rust,test_or_benchmark
core::ptr,core::ptr,src/tests/integration/test-rust-kernel/src/mmio_ramfs.rs,10,import,verus,test_or_benchmark
core::ptr,core::ptr::read_volatile,src/tests/integration/test-rust-kernel/src/mmio_ramfs.rs,224,qualified_path,verus,test_or_benchmark
core::ptr,core::ptr::null_mut,src/tests/integration/test-rust-kernel/src/rendezvous.rs,1059,qualified_path,verus,test_or_benchmark
core::ptr,core::ptr::null_mut,src/tests/integration/test-rust-kernel/src/rendezvous.rs,1216,qualified_path,verus,test_or_benchmark
core::ptr,core::ptr::addr_of_mut,src/tests/integration/test-rust-kernel/src/rendezvous.rs,1330,qualified_path,verus,test_or_benchmark
core::ptr,core::ptr::write,src/tests/integration/test-rust-kernel/src/rendezvous.rs,1332,qualified_path,verus,test_or_benchmark
core::ptr,core::ptr::null_mut,src/tests/integration/test-rust-kernel/src/rendezvous.rs,1459,qualified_path,verus,test_or_benchmark
core::ptr,core::ptr::null_mut,src/tests/integration/test-rust-kernel/src/rendezvous.rs,2211,qualified_path,verus,test_or_benchmark
core::ptr,core::ptr::null_mut,src/tests/integration/test-rust-kernel/src/rendezvous.rs,2410,qualified_path,verus,test_or_benchmark
core::ptr,core::ptr::write_volatile,src/tests/integration/test-rust-kernel/src/tls.rs,199,qualified_path,rust,test_or_benchmark
core::ptr,core::ptr::write_volatile,src/tests/integration/test-rust-kernel/src/tls.rs,225,qualified_path,rust,test_or_benchmark
core::ptr,core::ptr::write_volatile,src/tests/integration/test-rust-kernel/src/tls.rs,263,qualified_path,rust,test_or_benchmark
core::ptr,core::ptr::write_volatile,src/tests/integration/test-rust-kernel/src/tls.rs,264,qualified_path,rust,test_or_benchmark
core::ptr,core::ptr::write_volatile,src/tests/integration/test-rust-kernel/src/tls.rs,298,qualified_path,rust,test_or_benchmark
core::ptr,core::ptr::null_mut,src/tests/integration/test-rust-kernel/src/tls.rs,307,qualified_path,rust,test_or_benchmark
core::ptr,core::ptr::write_volatile,src/tests/integration/test-rust-kernel/src/tls.rs,353,qualified_path,rust,test_or_benchmark
core::ptr,core::ptr::write_volatile,src/tests/integration/test-rust-kernel/src/tls.rs,412,qualified_path,rust,test_or_benchmark
core::ptr,core::ptr::write_volatile,src/tests/integration/test-rust-kernel/src/tls.rs,413,qualified_path,rust,test_or_benchmark
core::ptr,core::ptr::write_volatile,src/tests/integration/test-rust-kernel/src/tls.rs,573,qualified_path,rust,test_or_benchmark
core::ptr,core::ptr::write_volatile,src/tests/integration/test-rust-kernel/src/tls.rs,581,qualified_path,rust,test_or_benchmark
core::ptr,core::ptr::write_volatile,src/tests/integration/test-rust-kernel/src/tls.rs,626,qualified_path,rust,test_or_benchmark
core::ptr,core::ptr::write_volatile,src/tests/integration/test-rust-kernel/src/tls.rs,634,qualified_path,rust,test_or_benchmark
core::ptr,core::ptr::write_volatile,src/tests/integration/test-rust-kernel/src/tls.rs,694,qualified_path,rust,test_or_benchmark
core::ptr,core::ptr::write_volatile,src/tests/integration/test-rust-kernel/src/tls.rs,702,qualified_path,rust,test_or_benchmark
core::ptr,core::ptr,src/tests/integration/test-rust-kill/src/tests/kill.rs,46,import,rust,test_or_benchmark
core::ptr,core::ptr::null_mut,src/tests/integration/test-rust-kill/src/tests/kill.rs,271,qualified_path,rust,test_or_benchmark
core::ptr,core::ptr::read_volatile,src/tests/integration/test-rust-kill/src/tests/kill.rs,389,qualified_path,rust,test_or_benchmark
core::ptr,core::ptr::null_mut,src/tests/integration/test-rust-kill/src/tests/kill.rs,425,qualified_path,rust,test_or_benchmark
core::ptr,core::ptr::null_mut,src/tests/integration/test-rust-kill/src/tests/kill.rs,454,qualified_path,rust,test_or_benchmark
core::ptr,core::ptr::null_mut,src/tests/integration/test-rust-kill/src/tests/kill.rs,506,qualified_path,rust,test_or_benchmark
core::ptr,core::ptr::null_mut,src/tests/integration/test-rust-kill/src/tests/kill.rs,606,qualified_path,rust,test_or_benchmark
core::ptr,core::ptr::null_mut,src/tests/integration/test-rust-kill/src/tests/kill.rs,640,qualified_path,rust,test_or_benchmark
core::ptr,core::ptr::null,src/tests/integration/test-rust-kill/src/tests/kill.rs,710,qualified_path,rust,test_or_benchmark
core::ptr,core::ptr::null_mut,src/tests/integration/test-rust-kill/src/tests/kill.rs,719,qualified_path,rust,test_or_benchmark
core::ptr,core::ptr::null_mut,src/tests/integration/test-rust-kill/src/tests/kill.rs,753,qualified_path,rust,test_or_benchmark
core::ptr,core::ptr::null_mut,src/tests/integration/test-rust-kill/src/tests/kill.rs,887,qualified_path,rust,test_or_benchmark
core::ptr,core::ptr::null_mut,src/tests/integration/test-rust-kill/src/tests/kill.rs,939,qualified_path,rust,test_or_benchmark
core::ptr,core::ptr::null,src/tests/integration/test-rust-kill/src/tests/kill.rs,1056,qualified_path,rust,test_or_benchmark
core::ptr,core::ptr::null,src/tests/integration/test-rust-kill/src/tests/kill.rs,1068,qualified_path,rust,test_or_benchmark
core::ptr,core::ptr::null_mut,src/tests/integration/test-rust-kill/src/tests/kill.rs,1132,qualified_path,rust,test_or_benchmark
core::ptr,core::ptr::null_mut,src/tests/integration/test-rust-kill/src/tests/kill.rs,1140,qualified_path,rust,test_or_benchmark
core::ptr,core::ptr::null_mut,src/tests/integration/test-rust-kill/src/tests/kill.rs,1197,qualified_path,rust,test_or_benchmark
core::ptr,core::ptr::null_mut,src/tests/integration/test-rust-kill/src/tests/kill.rs,1240,qualified_path,rust,test_or_benchmark
core::ptr,core::ptr::null_mut,src/tests/integration/test-rust-kill/src/tests/kill.rs,1254,qualified_path,rust,test_or_benchmark
core::ptr,core::ptr::null,src/tests/integration/test-rust-misc/src/tests/env.rs,112,qualified_path,rust,test_or_benchmark
core::ptr,core::ptr::null,src/tests/integration/test-rust-misc/src/tests/env.rs,180,qualified_path,rust,test_or_benchmark
core::ptr,core::ptr::null,src/tests/integration/test-rust-misc/src/tests/env.rs,190,qualified_path,rust,test_or_benchmark
core::ptr,core::ptr::null,src/tests/integration/test-rust-misc/src/tests/env.rs,217,qualified_path,rust,test_or_benchmark
core::ptr,core::ptr::write_volatile,src/tests/integration/test-rust-mmio-fault/src/main.rs,88,qualified_path,rust,test_or_benchmark
core::ptr,core::ptr::from_mut,src/tests/integration/test-rust-pipe-dup2/src/main.rs,220,qualified_path,rust,test_or_benchmark
core::ptr,core::ptr::from_mut,src/tests/integration/test-rust-pipe-dup2/src/main.rs,234,qualified_path,rust,test_or_benchmark
core::ptr,core::ptr::from_mut,src/tests/integration/test-rust-pipe-dup2/src/main.rs,249,qualified_path,rust,test_or_benchmark
core::ptr,core::ptr::from_mut,src/tests/integration/test-rust-pipe-dup2/src/main.rs,257,qualified_path,rust,test_or_benchmark
core::ptr,core::ptr::from_mut,src/tests/integration/test-rust-pipe-dup2/src/main.rs,275,qualified_path,rust,test_or_benchmark
core::ptr,core::ptr::from_mut,src/tests/integration/test-rust-pipe-dup2/src/main.rs,283,qualified_path,rust,test_or_benchmark
core::ptr,core::ptr::null,src/tests/integration/test-rust-setenv/src/tests/setenv.rs,117,qualified_path,rust,test_or_benchmark
core::ptr,core::ptr::null,src/tests/integration/test-rust-setenv/src/tests/setenv.rs,181,qualified_path,rust,test_or_benchmark
core::ptr,core::ptr::null,src/tests/integration/test-rust-setenv/src/tests/setenv.rs,191,qualified_path,rust,test_or_benchmark
core::ptr,core::ptr::null,src/tests/integration/test-rust-setenv/src/tests/setenv.rs,214,qualified_path,rust,test_or_benchmark
core::ptr,core::ptr,src/tests/integration/test-rust-sigsegv/src/main.rs,19,import,rust,test_or_benchmark
core::ptr,core::ptr::null_mut,src/tests/integration/test-rust-sigsegv/src/main.rs,129,qualified_path,rust,test_or_benchmark
core::ptr,core::ptr::with_exposed_provenance_mut,src/tests/integration/test-rust-sigsegv/src/main.rs,134,qualified_path,rust,test_or_benchmark
core::ptr,core::ptr::write_volatile,src/tests/integration/test-rust-sigsegv/src/main.rs,137,qualified_path,rust,test_or_benchmark
core::ptr,core::ptr::read_volatile,src/tests/integration/test-rust-sigsegv/src/main.rs,155,qualified_path,rust,test_or_benchmark
core::ptr,core::ptr,src/tests/integration/test-rust-thread/src/tests/cond_timedwait.rs,12,import,rust,test_or_benchmark
core::ptr,core::ptr::addr_of_mut,src/tests/integration/test-rust-thread/src/tests/cond_timedwait.rs,87,qualified_path,rust,test_or_benchmark
core::ptr,core::ptr::addr_of,src/tests/integration/test-rust-thread/src/tests/cond_timedwait.rs,93,qualified_path,rust,test_or_benchmark
core::ptr,core::ptr::addr_of,src/tests/integration/test-rust-thread/src/tests/cond_timedwait.rs,94,qualified_path,rust,test_or_benchmark
core::ptr,core::ptr::addr_of_mut,src/tests/integration/test-rust-thread/src/tests/cond_timedwait.rs,111,qualified_path,rust,test_or_benchmark
core::ptr,core::ptr,src/tests/integration/test-rust-thread/src/tests/condvars.rs,14,import,rust,test_or_benchmark
core::ptr,core::ptr::addr_of_mut,src/tests/integration/test-rust-thread/src/tests/condvars.rs,65,qualified_path,rust,test_or_benchmark
core::ptr,core::ptr::addr_of_mut,src/tests/integration/test-rust-thread/src/tests/condvars.rs,70,qualified_path,rust,test_or_benchmark
core::ptr,core::ptr,src/tests/integration/test-rust-thread/src/tests/mutex_timedlock.rs,12,import,rust,test_or_benchmark
core::ptr,core::ptr::addr_of_mut,src/tests/integration/test-rust-thread/src/tests/mutex_timedlock.rs,57,qualified_path,rust,test_or_benchmark
core::ptr,core::ptr::addr_of_mut,src/tests/integration/test-rust-thread/src/tests/mutex_timedlock.rs,69,qualified_path,rust,test_or_benchmark
core::ptr,core::ptr::addr_of_mut,src/tests/integration/test-rust-thread/src/tests/mutex_timedlock.rs,87,qualified_path,rust,test_or_benchmark
core::ptr,core::ptr,src/tests/integration/test-rust-thread/src/tests/mutexes.rs,14,import,rust,test_or_benchmark
core::ptr,core::ptr::addr_of_mut,src/tests/integration/test-rust-thread/src/tests/mutexes.rs,74,qualified_path,rust,test_or_benchmark
core::ptr,core::ptr::addr_of_mut,src/tests/integration/test-rust-thread/src/tests/mutexes.rs,175,qualified_path,rust,test_or_benchmark
core::ptr,core::ptr::addr_of_mut,src/tests/integration/test-rust-thread/src/tests/mutexes.rs,184,qualified_path,rust,test_or_benchmark
core::ptr,core::ptr::addr_of_mut,src/tests/integration/test-rust-thread/src/tests/mutexes.rs,188,qualified_path,rust,test_or_benchmark
core::ptr,core::ptr::addr_of_mut,src/tests/integration/test-rust-thread/src/tests/mutexes.rs,201,qualified_path,rust,test_or_benchmark
core::ptr,core::ptr::addr_of_mut,src/tests/integration/test-rust-thread/src/tests/mutexes.rs,215,qualified_path,rust,test_or_benchmark
core::ptr,core::ptr::addr_of_mut,src/tests/integration/test-rust-thread/src/tests/mutexes.rs,219,qualified_path,rust,test_or_benchmark
core::ptr,core::ptr::addr_of_mut,src/tests/integration/test-rust-thread/src/tests/mutexes.rs,236,qualified_path,rust,test_or_benchmark
core::ptr,core::ptr::addr_of_mut,src/tests/integration/test-rust-thread/src/tests/mutexes.rs,247,qualified_path,rust,test_or_benchmark
core::ptr,core::ptr::addr_of_mut,src/tests/integration/test-rust-thread/src/tests/mutexes.rs,261,qualified_path,rust,test_or_benchmark
core::ptr,core::ptr,src/tests/integration/test-rust-thread/src/tests/once.rs,9,import,rust,test_or_benchmark
core::ptr,core::ptr::addr_of_mut,src/tests/integration/test-rust-thread/src/tests/once.rs,125,qualified_path,rust,test_or_benchmark
core::ptr,core::ptr::addr_of_mut,src/tests/integration/test-rust-thread/src/tests/once.rs,155,qualified_path,rust,test_or_benchmark
core::ptr,core::ptr::addr_of_mut,src/tests/integration/test-rust-thread/src/tests/once.rs,170,qualified_path,rust,test_or_benchmark
core::ptr,core::ptr::addr_of_mut,src/tests/integration/test-rust-thread/src/tests/once.rs,234,qualified_path,rust,test_or_benchmark
core::ptr,core::ptr,src/tests/integration/test-rust-thread/src/tests/rwlocks.rs,9,import,rust,test_or_benchmark
core::ptr,core::ptr::addr_of_mut,src/tests/integration/test-rust-thread/src/tests/rwlocks.rs,93,qualified_path,rust,test_or_benchmark
core::ptr,core::ptr::addr_of_mut,src/tests/integration/test-rust-thread/src/tests/rwlocks.rs,107,qualified_path,rust,test_or_benchmark
core::ptr,core::ptr::addr_of_mut,src/tests/integration/test-rust-thread/src/tests/rwlocks.rs,117,qualified_path,rust,test_or_benchmark
core::ptr,core::ptr::addr_of_mut,src/tests/integration/test-rust-thread/src/tests/rwlocks.rs,135,qualified_path,rust,test_or_benchmark
core::ptr,core::ptr::addr_of_mut,src/tests/integration/test-rust-thread/src/tests/rwlocks.rs,151,qualified_path,rust,test_or_benchmark
core::ptr,core::ptr::addr_of_mut,src/tests/integration/test-rust-thread/src/tests/rwlocks.rs,173,qualified_path,rust,test_or_benchmark
core::ptr,core::ptr::addr_of_mut,src/tests/integration/test-rust-thread/src/tests/rwlocks.rs,178,qualified_path,rust,test_or_benchmark
core::ptr,core::ptr::addr_of_mut,src/tests/integration/test-rust-thread/src/tests/rwlocks.rs,181,qualified_path,rust,test_or_benchmark
core::ptr,core::ptr::addr_of_mut,src/tests/integration/test-rust-thread/src/tests/rwlocks.rs,191,qualified_path,rust,test_or_benchmark
core::ptr,core::ptr::addr_of_mut,src/tests/integration/test-rust-thread/src/tests/rwlocks.rs,227,qualified_path,rust,test_or_benchmark
core::ptr,core::ptr::addr_of_mut,src/tests/integration/test-rust-thread/src/tests/rwlocks.rs,240,qualified_path,rust,test_or_benchmark
core::ptr,core::ptr::addr_of_mut,src/tests/integration/test-rust-thread/src/tests/rwlocks.rs,251,qualified_path,rust,test_or_benchmark
core::ptr,core::ptr::addr_of_mut,src/tests/integration/test-rust-thread/src/tests/rwlocks.rs,263,qualified_path,rust,test_or_benchmark
core::ptr,core::ptr::addr_of_mut,src/tests/integration/test-rust-thread/src/tests/rwlocks.rs,279,qualified_path,rust,test_or_benchmark
core::ptr,core::ptr,src/tests/integration/test-rust-thread/src/tests/tda.rs,8,import,rust,test_or_benchmark
core::ptr,core::ptr::addr_of_mut,src/tests/integration/test-rust-thread/src/tests/tda.rs,36,qualified_path,rust,test_or_benchmark
core::ptr,core::ptr,src/tests/integration/test-rust-thread/src/tests/thread_local.rs,9,import,rust,test_or_benchmark
core::ptr,core::ptr::addr_of_mut,src/tests/integration/test-rust-thread/src/tests/thread_local.rs,57,qualified_path,rust,test_or_benchmark
core::ptr,core::ptr::addr_of_mut,src/tests/integration/test-rust-thread/src/tests/thread_local.rs,89,qualified_path,rust,test_or_benchmark
core::ptr,core::ptr,src/tests/integration/test-rust-vfs-test/src/main.rs,25,import,rust,test_or_benchmark
core::ptr,core::ptr::read_volatile,src/tests/integration/test-rust-vfs-test/src/main.rs,145,qualified_path,rust,test_or_benchmark
core::ptr,core::ptr::null_mut,src/tests/stress/test-rust-memory/src/tests/alloc.rs,190,qualified_path,rust,test_or_benchmark
core::ptr,core::ptr::null_mut,src/tests/stress/test-rust-memory/src/tests/alloc.rs,278,qualified_path,rust,test_or_benchmark
core::ptr,core::ptr::null_mut,src/tests/stress/test-rust-memory/src/tests/heap.rs,130,qualified_path,rust,test_or_benchmark
core::ptr,core::ptr::null_mut,src/tests/stress/test-rust-memory/src/tests/heap.rs,135,qualified_path,rust,test_or_benchmark
core::ptr,core::ptr::null_mut,src/tests/stress/test-rust-memory/src/tests/heap.rs,184,qualified_path,rust,test_or_benchmark
core::ptr,core::ptr::null_mut,src/tests/stress/test-rust-memory/src/tests/heap.rs,228,qualified_path,rust,test_or_benchmark
core::ptr,core::ptr::null_mut,src/tests/stress/test-rust-memory/src/tests/heap.rs,246,qualified_path,rust,test_or_benchmark
core::ptr,core::ptr::null_mut,src/tests/stress/test-rust-memory/src/tests/heap.rs,259,qualified_path,rust,test_or_benchmark
core::ptr,core::ptr::null_mut,src/tests/stress/test-rust-memory/src/tests/heap.rs,324,qualified_path,rust,test_or_benchmark
core::ptr,core::ptr::null_mut,src/tests/stress/test-rust-memory/src/tests/heap.rs,345,qualified_path,rust,test_or_benchmark
core::ptr,core::ptr::null_mut,src/tests/stress/test-rust-memory/src/tests/heap.rs,380,qualified_path,rust,test_or_benchmark
core::ptr,core::ptr::null_mut,src/tests/stress/test-rust-memory/src/tests/heap.rs,407,qualified_path,rust,test_or_benchmark
core::ptr,core::ptr::null_mut,src/tests/stress/test-rust-memory/src/tests/heap.rs,408,qualified_path,rust,test_or_benchmark
core::ptr,core::ptr::null_mut,src/tests/stress/test-rust-memory/src/tests/heap.rs,434,qualified_path,rust,test_or_benchmark
core::ptr,core::ptr::null_mut,src/tests/stress/test-rust-memory/src/tests/heap.rs,478,qualified_path,rust,test_or_benchmark
core::ptr,core::ptr::null_mut,src/tests/stress/test-rust-memory/src/tests/heap.rs,494,qualified_path,rust,test_or_benchmark
core::ptr,core::ptr::without_provenance_mut,src/tests/stress/test-rust-memory/src/tests/mmap.rs,53,qualified_path,rust,test_or_benchmark
core::ptr,core::ptr,src/tests/stress/test-rust-stress/src/tests/common.rs,8,import,rust,test_or_benchmark
core::ptr,core::ptr::addr_of_mut,src/tests/stress/test-rust-stress/src/tests/common.rs,125,qualified_path,rust,test_or_benchmark
core::ptr,core::ptr::write_bytes,src/tests/stress/test-rust-stress/src/tests/heap_max_capacity.rs,235,qualified_path,rust,test_or_benchmark
core::ptr,core::ptr,src/uservm/src/elf.rs,15,import,verus,production
core::ptr,core::ptr::read_unaligned,src/uservm/src/elf.rs,105,qualified_path,verus,production
core::ptr,core::ptr::read_unaligned,src/uservm/src/elf.rs,164,qualified_path,verus,production
core::ptr,core::ptr::read_unaligned,src/uservm/src/elf.rs,263,qualified_path,verus,production
core::ptr,core::ptr::read_unaligned,src/uservm/src/elf.rs,294,qualified_path,verus,production
core::ptr,core::ptr::read_unaligned,src/uservm/src/vmm/microvm/kvm/vcpu/mod.rs,1145,qualified_path,verus,production
core::ptr,core::ptr::null_mut,src/uservm/src/vmm/microvm/mod.rs,316,qualified_path,verus,production
core::ptr,core::ptr::addr_of_mut,src/uservm/src/vmm/microvm/mod.rs,1709,qualified_path,verus,production
core::result,core::result::Result::Ok,src/libs/nanvix_libc/src/start.rs,360,qualified_path,rust,production
core::result,core::result::Result::Err,src/libs/nanvix_libc/src/start.rs,361,qualified_path,rust,production
core::result,core::result::Result::Ok,src/libs/nanvix_libc/src/start.rs,372,qualified_path,rust,production
core::result,core::result::Result::Ok,src/libs/nanvix_libc/src/start.rs,378,qualified_path,rust,production
core::result,core::result::Result::Err,src/libs/nanvix_libc/src/start.rs,381,qualified_path,rust,production
core::result,core::result::Result,src/uservm/src/memory_thread.rs,322,qualified_path,rust,production
core::result,core::result::Result,src/uservm/src/memory_thread.rs,356,qualified_path,rust,production
core::result,core::result::Result,src/uservm/src/memory_thread.rs,410,qualified_path,rust,production
core::slice,core::slice::from_raw_parts,src/daemons/vfsd/src/init.rs,60,qualified_path,verus,production
core::slice,core::slice::from_raw_parts,src/kernel/src/debug.rs,86,qualified_path,rust,production
core::slice,core::slice::from_raw_parts,src/kernel/src/hal/platform/microvm/mod.rs,588,qualified_path,rust,production
core::slice,core::slice::from_raw_parts,src/kernel/src/hal/platform/microvm/mod.rs,632,qualified_path,rust,production
core::slice,core::slice::from_raw_parts,src/kernel/src/hal/platform/microvm/mod.rs,699,qualified_path,rust,production
core::slice,core::slice::from_raw_parts,src/kernel/src/kargs.rs,96,qualified_path,rust,production
core::slice,core::slice::from_raw_parts,src/kernel/src/kmod.rs,98,qualified_path,rust,production
core::slice,core::slice::from_raw_parts_mut,src/kernel/src/kmod.rs,112,qualified_path,rust,production
core::slice,core::slice::from_raw_parts,src/kernel/src/mm/phys/kframe.rs,113,qualified_path,rust,production
core::slice,core::slice::from_raw_parts_mut,src/kernel/src/mm/phys/kframe.rs,123,qualified_path,rust,production
core::slice,core::slice::from_raw_parts,src/kernel/src/mm/virt/mod.rs,64,qualified_path,rust,production
core::slice,core::slice::from_raw_parts_mut,src/kernel/src/mm/virt/mod.rs,76,qualified_path,rust,production
core::slice,core::slice::from_raw_parts,src/kernel/src/mm/virt/mod.rs,97,qualified_path,rust,production
core::slice,core::slice::from_raw_parts_mut,src/kernel/src/mm/virt/mod.rs,109,qualified_path,rust,production
core::slice,core::slice::from_raw_parts,src/kernel/src/pm/process/manager/unsafe.rs,392,qualified_path,rust,production
core::slice,core::slice::from_raw_parts,src/kernel/src/pm/process/manager/unsafe.rs,407,qualified_path,rust,production
core::slice,core::slice::from_raw_parts,src/kernel/src/pm/process/manager/unsafe.rs,573,qualified_path,rust,production
core::slice,core::slice::from_raw_parts,src/libs/arch/src/x86/cpu/acpi.rs,152,qualified_path,rust,production
core::slice,core::slice::from_raw_parts,src/libs/elf/src/relocation.rs,143,qualified_path,rust,production
core::slice,core::slice::from_raw_parts_mut,src/libs/elf/src/relocation.rs,149,qualified_path,rust,production
core::slice,core::slice::from_raw_parts,src/libs/elf/src/relocation.rs,266,qualified_path,rust,production
core::slice,core::slice::from_raw_parts,src/libs/elf/src/relocation.rs,319,qualified_path,rust,production
core::slice,core::slice::from_raw_parts_mut,src/libs/elf/src/relocation.rs,325,qualified_path,rust,production
core::slice,core::slice::from_raw_parts,src/libs/fat32/src/fat/filesystem.rs,977,qualified_path,verus,production
core::slice,core::slice::from_raw_parts,src/libs/libc_assert/src/assert_func.rs,154,qualified_path,rust,production
core::slice,core::slice::from_raw_parts,src/libs/libc_fnmatch/src/fnmatch.rs,174,qualified_path,rust,production
core::slice,core::slice,src/libs/libc_netdb/src/lib.rs,14,import,rust,production
core::slice,core::slice::from_raw_parts,src/libs/libc_netdb/src/lib.rs,257,qualified_path,rust,production
core::slice,core::slice::from_raw_parts,src/libs/libc_stdio/src/format_engine.rs,661,qualified_path,verus,production
core::slice,core::slice::from_raw_parts,src/libs/libc_stdio/src/format_engine.rs,667,qualified_path,verus,production
core::slice,core::slice::from_raw_parts,src/libs/libc_stdlib/src/realpath.rs,404,qualified_path,rust,production
core::slice,core::slice::from_raw_parts,src/libs/libc_string/src/memcpy.rs,321,qualified_path,rust,production
core::slice,core::slice::from_raw_parts,src/libs/libc_string/src/memcpy.rs,322,qualified_path,rust,production
core::slice,core::slice::from_raw_parts,src/libs/libc_string/src/memcpy.rs,344,qualified_path,rust,production
core::slice,core::slice::from_raw_parts,src/libs/libc_string/src/memcpy.rs,345,qualified_path,rust,production
core::slice,core::slice,src/libs/libc_sys_stat/src/lib.rs,14,import,rust,production
core::slice,core::slice::from_raw_parts,src/libs/libc_sys_stat/src/lib.rs,214,qualified_path,rust,production
core::slice,core::slice::from_raw_parts,src/libs/libc_sys_stat/src/lib.rs,554,qualified_path,rust,production
core::slice,core::slice,src/libs/libc_sys_time/src/utimes.rs,8,import,rust,production
core::slice,core::slice::from_raw_parts,src/libs/libc_sys_time/src/utimes.rs,72,qualified_path,rust,production
core::slice,core::slice,src/libs/libc_sys_uio/src/lib.rs,14,import,rust,production
core::slice,core::slice::from_raw_parts,src/libs/libc_sys_uio/src/lib.rs,126,qualified_path,rust,production
core::slice,core::slice::from_raw_parts_mut,src/libs/libc_sys_uio/src/lib.rs,250,qualified_path,rust,production
core::slice,core::slice::from_raw_parts_mut,src/libs/libc_sys_uio/src/lib.rs,366,qualified_path,rust,production
core::slice,core::slice::from_raw_parts,src/libs/libc_sys_uio/src/lib.rs,484,qualified_path,rust,production
core::slice,core::slice::from_raw_parts,src/libs/libc_time/src/strftime.rs,298,qualified_path,rust,production
core::slice,core::slice::from_raw_parts,src/libs/nvx/src/pie.rs,63,qualified_path,rust,production
core::slice,core::slice::from_raw_parts,src/libs/nvx/src/pie.rs,92,qualified_path,rust,production
core::slice,core::slice::from_raw_parts,src/libs/nvx/src/pie.rs,142,qualified_path,rust,production
core::slice,core::slice,src/libs/raw-array/src/lib.rs,33,import,rust,production
core::slice,core::slice::from_raw_parts_mut,src/libs/raw-array/src/lib.rs,170,qualified_path,rust,production
core::slice,core::slice::from_raw_parts_mut,src/libs/raw-array/src/lib.rs,173,qualified_path,rust,production
core::slice,core::slice::from_raw_parts,src/libs/raw-array/src/lib.rs,190,qualified_path,rust,production
core::slice,core::slice::from_raw_parts,src/libs/raw-array/src/lib.rs,193,qualified_path,rust,production
core::slice,core::slice::Iter,src/libs/sorted-vec/src/lib.rs,309,qualified_path,rust,production
core::slice,core::slice::Iter,src/libs/sorted-vec/src/lib.rs,362,qualified_path,rust,production
core::slice,core::slice::from_raw_parts,src/libs/sysapi/src/sys_ioctl.rs,74,qualified_path,rust,production
core::slice,core::slice::from_raw_parts,src/libs/syscall/src/dlfcn/syscall/exe_link.rs,271,qualified_path,rust,production
core::slice,core::slice::from_raw_parts_mut,src/libs/syscall/src/poll/bindings.rs,61,qualified_path,rust,production
core::slice,core::slice::from_raw_parts_mut,src/libs/syscall/src/sys/ioctl/control.rs,162,qualified_path,verus,production
core::slice,core::slice,src/libs/syscall/src/sys/socket/bindings/recv.rs,12,import,rust,production
core::slice,core::slice::from_raw_parts_mut,src/libs/syscall/src/sys/socket/bindings/recv.rs,114,qualified_path,rust,production
core::slice,core::slice,src/libs/syscall/src/sys/socket/bindings/recvfrom.rs,12,import,rust,production
core::slice,core::slice::from_raw_parts_mut,src/libs/syscall/src/sys/socket/bindings/recvfrom.rs,133,qualified_path,rust,production
core::slice,core::slice,src/libs/syscall/src/sys/socket/bindings/recvmsg.rs,16,import,rust,production
core::slice,core::slice::from_raw_parts_mut,src/libs/syscall/src/sys/socket/bindings/recvmsg.rs,197,qualified_path,rust,production
core::slice,core::slice,src/libs/syscall/src/sys/socket/bindings/send.rs,12,import,rust,production
core::slice,core::slice::from_raw_parts,src/libs/syscall/src/sys/socket/bindings/send.rs,106,qualified_path,rust,production
core::slice,core::slice,src/libs/syscall/src/sys/socket/bindings/sendmsg.rs,16,import,rust,production
core::slice,core::slice::from_raw_parts,src/libs/syscall/src/sys/socket/bindings/sendmsg.rs,152,qualified_path,rust,production
core::slice,core::slice,src/libs/syscall/src/sys/socket/bindings/sendto.rs,15,import,rust,production
core::slice,core::slice::from_raw_parts,src/libs/syscall/src/sys/socket/bindings/sendto.rs,126,qualified_path,rust,production
core::slice,core::slice,src/libs/syscall/src/sys/socket/bindings/socketpair.rs,17,import,rust,production
core::slice,core::slice::from_raw_parts_mut,src/libs/syscall/src/sys/socket/bindings/socketpair.rs,89,qualified_path,rust,production
core::slice,core::slice,src/libs/syscall/src/unistd/bindings/getcwd.rs,16,import,rust,production
core::slice,core::slice::from_raw_parts_mut,src/libs/syscall/src/unistd/bindings/getcwd.rs,103,qualified_path,rust,production
core::slice,core::slice,src/libs/syscall/src/unistd/bindings/getentropy.rs,9,import,rust,production
core::slice,core::slice::from_raw_parts_mut,src/libs/syscall/src/unistd/bindings/getentropy.rs,102,qualified_path,rust,production
core::slice,core::slice,src/libs/syscall/src/unistd/bindings/gethostname.rs,13,import,rust,production
core::slice,core::slice::from_raw_parts_mut,src/libs/syscall/src/unistd/bindings/gethostname.rs,83,qualified_path,rust,production
core::slice,core::slice::from_raw_parts,src/libs/syscall/src/unistd/bindings/getopt.rs,210,qualified_path,rust,production
core::slice,core::slice,src/libs/syscall/src/unistd/bindings/pread.rs,13,import,rust,production
core::slice,core::slice::from_raw_parts_mut,src/libs/syscall/src/unistd/bindings/pread.rs,83,qualified_path,rust,production
core::slice,core::slice,src/libs/syscall/src/unistd/bindings/pwrite.rs,12,import,rust,production
core::slice,core::slice::from_raw_parts,src/libs/syscall/src/unistd/bindings/pwrite.rs,87,qualified_path,rust,production
core::slice,core::slice::from_raw_parts_mut,src/libs/syscall/src/unistd/bindings/read.rs,80,qualified_path,rust,production
core::slice,core::slice,src/libs/syscall/src/unistd/bindings/readlinkat.rs,12,import,rust,production
core::slice,core::slice::from_raw_parts_mut,src/libs/syscall/src/unistd/bindings/readlinkat.rs,92,qualified_path,rust,production
core::slice,core::slice,src/libs/syscall/src/unistd/bindings/setgroups.rs,12,import,rust,production
core::slice,core::slice::from_raw_parts,src/libs/syscall/src/unistd/bindings/setgroups.rs,72,qualified_path,rust,production
core::slice,core::slice,src/libs/syscall/src/unistd/bindings/write.rs,12,import,rust,production
core::slice,core::slice::from_raw_parts,src/libs/syscall/src/unistd/bindings/write.rs,85,qualified_path,rust,production
core::slice,core::slice::from_raw_parts_mut,src/libs/syscall/src/unistd/exec/mod.rs,109,qualified_path,verus,production
core::slice,core::slice::from_raw_parts,src/tests/integration/test-rust-cmdline-env-nostd/src/main.rs,88,qualified_path,rust,test_or_benchmark
core::slice,core::slice::from_raw_parts,src/tests/integration/test-rust-fork-exec-argv-space-target/src/main.rs,87,qualified_path,verus,test_or_benchmark
core::slice,core::slice,src/tests/integration/test-rust-fork-kcall/src/tests/bulk_unaligned.rs,32,import,rust,test_or_benchmark
core::slice,core::slice::from_raw_parts_mut,src/tests/integration/test-rust-fork-kcall/src/tests/bulk_unaligned.rs,154,qualified_path,rust,test_or_benchmark
core::slice,core::slice::from_raw_parts_mut,src/tests/integration/test-rust-kernel/src/rendezvous.rs,590,qualified_path,verus,test_or_benchmark
core::slice,core::slice::from_raw_parts_mut,src/tests/integration/test-rust-kernel/src/rendezvous.rs,635,qualified_path,verus,test_or_benchmark
core::slice,core::slice::from_raw_parts_mut,src/tests/integration/test-rust-kernel/src/rendezvous.rs,1020,qualified_path,verus,test_or_benchmark
core::slice,core::slice::from_raw_parts_mut,src/tests/integration/test-rust-kernel/src/rendezvous.rs,1098,qualified_path,verus,test_or_benchmark
core::slice,core::slice::from_raw_parts_mut,src/tests/integration/test-rust-kernel/src/rendezvous.rs,1170,qualified_path,verus,test_or_benchmark
core::slice,core::slice::from_raw_parts_mut,src/tests/integration/test-rust-kernel/src/rendezvous.rs,1261,qualified_path,verus,test_or_benchmark
core::slice,core::slice::from_raw_parts_mut,src/tests/integration/test-rust-kernel/src/rendezvous.rs,1402,qualified_path,verus,test_or_benchmark
core::slice,core::slice::from_raw_parts_mut,src/tests/integration/test-rust-kernel/src/rendezvous.rs,1424,qualified_path,verus,test_or_benchmark
core::slice,core::slice::from_raw_parts_mut,src/tests/integration/test-rust-kernel/src/rendezvous.rs,1535,qualified_path,verus,test_or_benchmark
core::slice,core::slice::from_raw_parts_mut,src/tests/integration/test-rust-kernel/src/rendezvous.rs,1585,qualified_path,verus,test_or_benchmark
core::slice,core::slice::from_raw_parts_mut,src/tests/integration/test-rust-kernel/src/rendezvous.rs,1664,qualified_path,verus,test_or_benchmark
core::slice,core::slice::from_raw_parts_mut,src/tests/integration/test-rust-kernel/src/rendezvous.rs,1736,qualified_path,verus,test_or_benchmark
core::slice,core::slice::from_raw_parts_mut,src/tests/integration/test-rust-kernel/src/rendezvous.rs,1876,qualified_path,verus,test_or_benchmark
core::slice,core::slice::from_raw_parts_mut,src/tests/integration/test-rust-kernel/src/rendezvous.rs,1921,qualified_path,verus,test_or_benchmark
core::slice,core::slice::from_raw_parts_mut,src/tests/integration/test-rust-kernel/src/rendezvous.rs,2129,qualified_path,verus,test_or_benchmark
core::slice,core::slice::from_raw_parts_mut,src/tests/integration/test-rust-kernel/src/rendezvous.rs,2152,qualified_path,verus,test_or_benchmark
core::slice,core::slice::from_raw_parts,src/tests/stress/test-rust-fork-exec-loop-target/src/main.rs,106,qualified_path,verus,test_or_benchmark
core::str,core::str::from_utf8,src/benchmarks/mount-bench-nostd/src/main.rs,154,qualified_path,rust,test_or_benchmark
core::str,core::str::from_utf8,src/benchmarks/vfs-bench-nostd/src/main.rs,130,qualified_path,rust,test_or_benchmark
core::str,core::str::from_utf8,src/daemons/hostfsd/src/handler.rs,753,qualified_path,verus,production
core::str,core::str::from_utf8,src/daemons/hostfsd/src/handler.rs,790,qualified_path,verus,production
core::str,core::str::from_utf8,src/daemons/hostfsd/src/handler.rs,832,qualified_path,verus,production
core::str,core::str::from_utf8,src/daemons/hostfsd/src/handler.rs,1131,qualified_path,verus,production
core::str,core::str::from_utf8,src/daemons/hostfsd/src/handler.rs,1622,qualified_path,verus,production
core::str,core::str::from_utf8,src/daemons/hostfsd/src/handler.rs,1661,qualified_path,verus,production
core::str,core::str::from_utf8,src/daemons/hostfsd/src/handler.rs,1699,qualified_path,verus,production
core::str,core::str::from_utf8,src/daemons/hostfsd/src/handler.rs,1747,qualified_path,verus,production
core::str,core::str::from_utf8,src/daemons/hostfsd/src/handler.rs,1755,qualified_path,verus,production
core::str,core::str::from_utf8,src/daemons/hostfsd/tests/handler_test.rs,692,qualified_path,verus,test_or_benchmark
core::str,core::str::from_utf8,src/daemons/hostfsd/tests/handler_test.rs,717,qualified_path,verus,test_or_benchmark
core::str,core::str::from_utf8,src/daemons/hostfsd/tests/handler_test.rs,770,qualified_path,verus,test_or_benchmark
core::str,core::str::from_utf8,src/kernel/src/debug.rs,26,qualified_path,rust,production
core::str,core::str::from_utf8,src/kernel/src/hal/platform/microvm/mod.rs,589,qualified_path,rust,production
core::str,core::str::from_utf8,src/kernel/src/hal/platform/microvm/mod.rs,706,qualified_path,rust,production
core::str,core::str::from_utf8_unchecked,src/kernel/src/kargs.rs,96,qualified_path,rust,production
core::str,core::str::from_utf8_unchecked,src/kernel/src/klog.rs,329,qualified_path,verus,production
core::str,core::str::from_utf8_unchecked,src/kernel/src/kmod.rs,98,qualified_path,rust,production
core::str,core::str::from_utf8,src/kernel/src/multibin.rs,68,qualified_path,rust,production
core::str,core::str::from_utf8,src/kernel/src/pm/process/manager/unsafe.rs,391,qualified_path,rust,production
core::str,core::str::from_utf8,src/kernel/src/pm/process/manager/unsafe.rs,406,qualified_path,rust,production
core::str,core::str::from_utf8,src/libs/cmdline/src/lib.rs,92,qualified_path,rust,production
core::str,core::str::from_utf8,src/libs/libc_stdio/src/format_engine.rs,955,qualified_path,verus,production
core::str,core::str::from_utf8,src/libs/libc_stdlib/src/env_table.rs,112,qualified_path,rust,production
core::str,core::str::from_utf8,src/libs/libc_stdlib/src/env_table.rs,258,qualified_path,rust,production
core::str,core::str::from_utf8,src/libs/libc_stdlib/src/env_table.rs,297,qualified_path,rust,production
core::str,core::str::from_utf8,src/libs/libc_stdlib/src/env_table.rs,435,qualified_path,rust,production
core::str,core::str::from_utf8,src/libs/multibin/src/lib.rs,665,qualified_path,rust,production
core::str,core::str::FromStr,src/libs/syscall/src/netinet/in_.rs,9,import,rust,production
core::str,core::str::from_utf8,src/libs/syscall/src/safe/fs/mod.rs,376,qualified_path,rust,production
core::str,core::str::from_utf8_unchecked,src/tests/integration/test-rust-execv-test/src/main.rs,63,qualified_path,rust,test_or_benchmark
core::str,core::str::from_utf8,src/tests/integration/test-rust-mount-test/src/readdir_ops.rs,96,qualified_path,rust,test_or_benchmark
core::str,core::str::from_utf8,src/tests/stress/test-rust-fork-exec-loop-test/src/main.rs,123,qualified_path,verus,test_or_benchmark
core::sync::atomic,core::sync::atomic::Ordering,src/benchmarks/snapshot-rust-nostd/src/main.rs,16,import,verus,test_or_benchmark
core::sync::atomic,core::sync::atomic::Ordering::SeqCst,src/benchmarks/snapshot-rust-nostd/src/main.rs,145,qualified_path,verus,test_or_benchmark
core::sync::atomic,core::sync::atomic::Ordering::SeqCst,src/benchmarks/snapshot-rust-nostd/src/main.rs,146,qualified_path,verus,test_or_benchmark
core::sync::atomic,core::sync::atomic::Ordering,src/benchmarks/socket-echo-rust-nostd/src/main.rs,17,import,rust,test_or_benchmark
core::sync::atomic,core::sync::atomic::Ordering::SeqCst,src/benchmarks/socket-echo-rust-nostd/src/main.rs,117,qualified_path,rust,test_or_benchmark
core::sync::atomic,core::sync::atomic::Ordering::SeqCst,src/benchmarks/socket-echo-rust-nostd/src/main.rs,118,qualified_path,rust,test_or_benchmark
core::sync::atomic,core::sync::atomic::AtomicBool,src/daemons/vfsd/src/hostfs.rs,40,import,rust,production
core::sync::atomic,core::sync::atomic::Ordering,src/daemons/vfsd/src/hostfs.rs,40,import,rust,production
core::sync::atomic,core::sync::atomic::AtomicBool::new,src/daemons/vfsd/src/hostfs.rs,58,qualified_path,rust,production
core::sync::atomic,core::sync::atomic::Ordering::Release,src/daemons/vfsd/src/hostfs.rs,62,qualified_path,rust,production
core::sync::atomic,core::sync::atomic::Ordering::Release,src/daemons/vfsd/src/hostfs.rs,67,qualified_path,rust,production
core::sync::atomic,core::sync::atomic::Ordering::Acquire,src/daemons/vfsd/src/hostfs.rs,72,qualified_path,rust,production
core::sync::atomic,core::sync::atomic::AtomicBool,src/kernel/src/hal/mod.rs,37,import,rust,production
core::sync::atomic,core::sync::atomic::Ordering,src/kernel/src/hal/mod.rs,37,import,rust,production
core::sync::atomic,core::sync::atomic::Ordering::Relaxed,src/kernel/src/hal/mod.rs,65,qualified_path,rust,production
core::sync::atomic,core::sync::atomic::AtomicBool::new,src/kernel/src/hal/mod.rs,75,qualified_path,rust,production
core::sync::atomic,core::sync::atomic::Ordering::Relaxed,src/kernel/src/hal/platform/microvm/mod.rs,320,qualified_path,rust,production
core::sync::atomic,core::sync::atomic::Ordering::Relaxed,src/kernel/src/hal/platform/microvm/mod.rs,321,qualified_path,rust,production
core::sync::atomic,core::sync::atomic::Ordering::Relaxed,src/kernel/src/hal/platform/microvm/mod.rs,352,qualified_path,rust,production
core::sync::atomic,core::sync::atomic::Ordering::Relaxed,src/kernel/src/hal/platform/microvm/mod.rs,379,qualified_path,rust,production
core::sync::atomic,core::sync::atomic::Ordering,src/kernel/src/hal/platform/microvm/pvclock.rs,15,import,rust,production
core::sync::atomic,core::sync::atomic::fence,src/kernel/src/hal/platform/microvm/pvclock.rs,15,import,rust,production
core::sync::atomic,core::sync::atomic::AtomicU32,src/kernel/src/hal/platform/microvm/pvclock.rs,108,import,rust,production
core::sync::atomic,core::sync::atomic::AtomicU32::new,src/kernel/src/hal/platform/microvm/pvclock.rs,113,qualified_path,rust,production
core::sync::atomic,core::sync::atomic::AtomicU32::new,src/kernel/src/hal/platform/microvm/pvclock.rs,114,qualified_path,rust,production
core::sync::atomic,core::sync::atomic::AtomicU32::new,src/kernel/src/hal/platform/microvm/pvclock.rs,115,qualified_path,rust,production
core::sync::atomic,core::sync::atomic::AtomicU32::new,src/kernel/src/hal/platform/microvm/pvclock.rs,116,qualified_path,rust,production
core::sync::atomic,core::sync::atomic::Ordering::Relaxed,src/kernel/src/hal/platform/microvm/pvclock.rs,129,qualified_path,rust,production
core::sync::atomic,core::sync::atomic::Ordering::Acquire,src/kernel/src/hal/platform/microvm/pvclock.rs,130,qualified_path,rust,production
core::sync::atomic,core::sync::atomic::Ordering::Acquire,src/kernel/src/hal/platform/microvm/pvclock.rs,133,qualified_path,rust,production
core::sync::atomic,core::sync::atomic::Ordering::Relaxed,src/kernel/src/hal/platform/microvm/pvclock.rs,137,qualified_path,rust,production
core::sync::atomic,core::sync::atomic::Ordering::Relaxed,src/kernel/src/hal/platform/microvm/pvclock.rs,138,qualified_path,rust,production
core::sync::atomic,core::sync::atomic::Ordering::Relaxed,src/kernel/src/hal/platform/microvm/pvclock.rs,139,qualified_path,rust,production
core::sync::atomic,core::sync::atomic::Ordering::Relaxed,src/kernel/src/hal/platform/microvm/pvclock.rs,140,qualified_path,rust,production
core::sync::atomic,core::sync::atomic::Ordering::Relaxed,src/kernel/src/hal/platform/microvm/pvclock.rs,147,qualified_path,rust,production
core::sync::atomic,core::sync::atomic::Ordering::Relaxed,src/kernel/src/hal/platform/microvm/pvclock.rs,148,qualified_path,rust,production
core::sync::atomic,core::sync::atomic::Ordering::Relaxed,src/kernel/src/hal/platform/microvm/pvclock.rs,149,qualified_path,rust,production
core::sync::atomic,core::sync::atomic::Ordering::Acquire,src/kernel/src/hal/platform/microvm/pvclock.rs,180,qualified_path,rust,production
core::sync::atomic,core::sync::atomic::Ordering::Acquire,src/kernel/src/hal/platform/microvm/pvclock.rs,191,qualified_path,rust,production
core::sync::atomic,core::sync::atomic::AtomicU32,src/kernel/src/hal/platform/pit.rs,13,import,rust,production
core::sync::atomic,core::sync::atomic::Ordering,src/kernel/src/hal/platform/pit.rs,13,import,rust,production
core::sync::atomic,core::sync::atomic::AtomicU32::new,src/kernel/src/hal/platform/pit.rs,29,qualified_path,rust,production
core::sync::atomic,core::sync::atomic::Ordering::SeqCst,src/kernel/src/hal/platform/pit.rs,112,qualified_path,rust,production
core::sync::atomic,core::sync::atomic::Ordering::SeqCst,src/kernel/src/hal/platform/pit.rs,155,qualified_path,rust,production
core::sync::atomic,core::sync::atomic::Ordering::SeqCst,src/kernel/src/hal/platform/pit.rs,246,qualified_path,rust,production
core::sync::atomic,core::sync::atomic::AtomicUsize,src/kernel/src/ipc/bulk_pull.rs,17,import,rust,production
core::sync::atomic,core::sync::atomic::Ordering,src/kernel/src/ipc/bulk_pull.rs,17,import,rust,production
core::sync::atomic,core::sync::atomic::Ordering::Relaxed,src/kernel/src/ipc/bulk_pull.rs,40,qualified_path,rust,production
core::sync::atomic,core::sync::atomic::AtomicUsize::new,src/kernel/src/ipc/bulk_pull.rs,138,qualified_path,rust,production
core::sync::atomic,core::sync::atomic::AtomicUsize,src/kernel/src/ipc/rendezvous.rs,21,import,rust,production
core::sync::atomic,core::sync::atomic::Ordering,src/kernel/src/ipc/rendezvous.rs,21,import,rust,production
core::sync::atomic,core::sync::atomic::Ordering::Relaxed,src/kernel/src/ipc/rendezvous.rs,48,qualified_path,rust,production
core::sync::atomic,core::sync::atomic::AtomicUsize::new,src/kernel/src/ipc/rendezvous.rs,571,qualified_path,rust,production
core::sync::atomic,core::sync::atomic::AtomicPtr,src/kernel/src/kargs.rs,9,import,rust,production
core::sync::atomic,core::sync::atomic::AtomicUsize,src/kernel/src/kargs.rs,9,import,rust,production
core::sync::atomic,core::sync::atomic::Ordering,src/kernel/src/kargs.rs,9,import,rust,production
core::sync::atomic,core::sync::atomic::AtomicPtr::new,src/kernel/src/kargs.rs,21,qualified_path,rust,production
core::sync::atomic,core::sync::atomic::AtomicUsize::new,src/kernel/src/kargs.rs,24,qualified_path,rust,production
core::sync::atomic,core::sync::atomic::Ordering::Release,src/kernel/src/kargs.rs,75,qualified_path,rust,production
core::sync::atomic,core::sync::atomic::Ordering::Release,src/kernel/src/kargs.rs,76,qualified_path,rust,production
core::sync::atomic,core::sync::atomic::Ordering::Acquire,src/kernel/src/kargs.rs,90,qualified_path,rust,production
core::sync::atomic,core::sync::atomic::Ordering::Acquire,src/kernel/src/kargs.rs,91,qualified_path,rust,production
core::sync::atomic,core::sync::atomic::AtomicBool,src/kernel/src/kmain.rs,56,import,rust,production
core::sync::atomic,core::sync::atomic::AtomicUsize,src/kernel/src/kmain.rs,56,import,rust,production
core::sync::atomic,core::sync::atomic::Ordering,src/kernel/src/kmain.rs,56,import,rust,production
core::sync::atomic,core::sync::atomic::AtomicUsize::new,src/kernel/src/kmain.rs,153,qualified_path,rust,production
core::sync::atomic,core::sync::atomic::AtomicUsize::new,src/kernel/src/kmain.rs,156,qualified_path,rust,production
core::sync::atomic,core::sync::atomic::AtomicUsize::new,src/kernel/src/kmain.rs,159,qualified_path,rust,production
core::sync::atomic,core::sync::atomic::AtomicUsize::new,src/kernel/src/kmain.rs,162,qualified_path,rust,production
core::sync::atomic,core::sync::atomic::AtomicUsize::new,src/kernel/src/kmain.rs,165,qualified_path,rust,production
core::sync::atomic,core::sync::atomic::AtomicUsize::new,src/kernel/src/kmain.rs,168,qualified_path,rust,production
core::sync::atomic,core::sync::atomic::AtomicUsize::new,src/kernel/src/kmain.rs,171,qualified_path,rust,production
core::sync::atomic,core::sync::atomic::AtomicUsize::new,src/kernel/src/kmain.rs,174,qualified_path,rust,production
core::sync::atomic,core::sync::atomic::AtomicUsize::new,src/kernel/src/kmain.rs,177,qualified_path,rust,production
core::sync::atomic,core::sync::atomic::AtomicUsize::new,src/kernel/src/kmain.rs,180,qualified_path,rust,production
core::sync::atomic,core::sync::atomic::AtomicUsize::new,src/kernel/src/kmain.rs,183,qualified_path,rust,production
core::sync::atomic,core::sync::atomic::AtomicUsize::new,src/kernel/src/kmain.rs,186,qualified_path,rust,production
core::sync::atomic,core::sync::atomic::AtomicUsize::new,src/kernel/src/kmain.rs,189,qualified_path,rust,production
core::sync::atomic,core::sync::atomic::AtomicUsize::new,src/kernel/src/kmain.rs,192,qualified_path,rust,production
core::sync::atomic,core::sync::atomic::AtomicUsize::new,src/kernel/src/kmain.rs,197,qualified_path,rust,production
core::sync::atomic,core::sync::atomic::AtomicBool::new,src/kernel/src/kmain.rs,202,qualified_path,rust,production
core::sync::atomic,core::sync::atomic::Ordering::SeqCst,src/kernel/src/kmain.rs,210,qualified_path,rust,production
core::sync::atomic,core::sync::atomic::Ordering::SeqCst,src/kernel/src/kmain.rs,413,qualified_path,rust,production
core::sync::atomic,core::sync::atomic::Ordering::Acquire,src/kernel/src/kmain.rs,567,qualified_path,rust,production
core::sync::atomic,core::sync::atomic::Ordering::Acquire,src/kernel/src/kmain.rs,586,qualified_path,rust,production
core::sync::atomic,core::sync::atomic::Ordering::Acquire,src/kernel/src/kmain.rs,598,qualified_path,rust,production
core::sync::atomic,core::sync::atomic::Ordering::Acquire,src/kernel/src/kmain.rs,679,qualified_path,rust,production
core::sync::atomic,core::sync::atomic::AtomicU32,src/kernel/src/mm/kstack.rs,51,qualified_path,rust,production
core::sync::atomic,core::sync::atomic::AtomicU32::new,src/kernel/src/mm/kstack.rs,52,qualified_path,rust,production
core::sync::atomic,core::sync::atomic::Ordering::Release,src/kernel/src/mm/kstack.rs,301,qualified_path,rust,production
core::sync::atomic,core::sync::atomic::Ordering::Release,src/kernel/src/mm/kstack.rs,330,qualified_path,rust,production
core::sync::atomic,core::sync::atomic::Ordering::Relaxed,src/kernel/src/mm/kstack.rs,331,qualified_path,rust,production
core::sync::atomic,core::sync::atomic::AtomicBool,src/kernel/src/mm/phys/frame.rs,32,import,verus,production
core::sync::atomic,core::sync::atomic::Ordering,src/kernel/src/mm/phys/frame.rs,32,import,verus,production
core::sync::atomic,core::sync::atomic::Ordering::Relaxed,src/kernel/src/mm/phys/frame.rs,608,qualified_path,verus,production
core::sync::atomic,core::sync::atomic::AtomicBool::new,src/kernel/src/mm/phys/frame.rs,618,qualified_path,verus,production
core::sync::atomic,core::sync::atomic::AtomicBool,src/kernel/src/mm/phys/manager.rs,21,import,rust,production
core::sync::atomic,core::sync::atomic::Ordering,src/kernel/src/mm/phys/manager.rs,21,import,rust,production
core::sync::atomic,core::sync::atomic::Ordering::Relaxed,src/kernel/src/mm/phys/manager.rs,41,qualified_path,rust,production
core::sync::atomic,core::sync::atomic::AtomicBool::new,src/kernel/src/mm/phys/manager.rs,51,qualified_path,rust,production
core::sync::atomic,core::sync::atomic::AtomicU32,src/kernel/src/mm/virt/identity_map.rs,64,import,verus,production
core::sync::atomic,core::sync::atomic::AtomicUsize,src/kernel/src/mm/virt/identity_map.rs,64,import,verus,production
core::sync::atomic,core::sync::atomic::Ordering,src/kernel/src/mm/virt/identity_map.rs,64,import,verus,production
core::sync::atomic,core::sync::atomic::AtomicUsize::new,src/kernel/src/mm/virt/identity_map.rs,82,qualified_path,verus,production
core::sync::atomic,core::sync::atomic::AtomicU32::new,src/kernel/src/mm/virt/identity_map.rs,85,qualified_path,verus,production
core::sync::atomic,core::sync::atomic::Ordering::Release,src/kernel/src/mm/virt/identity_map.rs,133,qualified_path,verus,production
core::sync::atomic,core::sync::atomic::Ordering::Release,src/kernel/src/mm/virt/identity_map.rs,134,qualified_path,verus,production
core::sync::atomic,core::sync::atomic::Ordering::Acquire,src/kernel/src/mm/virt/identity_map.rs,283,qualified_path,verus,production
core::sync::atomic,core::sync::atomic::Ordering::Acquire,src/kernel/src/mm/virt/identity_map.rs,364,qualified_path,verus,production
core::sync::atomic,core::sync::atomic::Ordering::Acquire,src/kernel/src/mm/virt/identity_map.rs,646,qualified_path,verus,production
core::sync::atomic,core::sync::atomic::Ordering,src/kernel/src/mm/virt/identity_map.rs,688,import,verus,production
core::sync::atomic,core::sync::atomic::Ordering::Acquire,src/kernel/src/mm/virt/identity_map.rs,698,qualified_path,verus,production
core::sync::atomic,core::sync::atomic::Ordering::Acquire,src/kernel/src/mm/virt/identity_map.rs,734,qualified_path,verus,production
core::sync::atomic,core::sync::atomic::AtomicBool,src/kernel/src/mm/virt/manager.rs,46,import,verus,production
core::sync::atomic,core::sync::atomic::Ordering,src/kernel/src/mm/virt/manager.rs,46,import,verus,production
core::sync::atomic,core::sync::atomic::Ordering::Relaxed,src/kernel/src/mm/virt/manager.rs,69,qualified_path,verus,production
core::sync::atomic,core::sync::atomic::AtomicBool::new,src/kernel/src/mm/virt/manager.rs,95,qualified_path,verus,production
core::sync::atomic,core::sync::atomic::AtomicU32,src/kernel/src/pm/clock.rs,28,import,rust,production
core::sync::atomic,core::sync::atomic::AtomicU32::new,src/kernel/src/pm/clock.rs,62,qualified_path,rust,production
core::sync::atomic,core::sync::atomic::AtomicU32::new,src/kernel/src/pm/clock.rs,63,qualified_path,rust,production
core::sync::atomic,core::sync::atomic::Ordering,src/kernel/src/pm/mod.rs,33,import,rust,production
core::sync::atomic,core::sync::atomic::Ordering::Relaxed,src/kernel/src/pm/mod.rs,46,qualified_path,rust,production
core::sync::atomic,core::sync::atomic::AtomicBool,src/kernel/src/pm/process/manager/unsafe.rs,60,import,rust,production
core::sync::atomic,core::sync::atomic::AtomicI32,src/kernel/src/pm/process/manager/unsafe.rs,60,import,rust,production
core::sync::atomic,core::sync::atomic::AtomicUsize,src/kernel/src/pm/process/manager/unsafe.rs,60,import,rust,production
core::sync::atomic,core::sync::atomic::AtomicBool::new,src/kernel/src/pm/process/manager/unsafe.rs,97,qualified_path,rust,production
core::sync::atomic,core::sync::atomic::AtomicI32::new,src/kernel/src/pm/process/manager/unsafe.rs,100,qualified_path,rust,production
core::sync::atomic,core::sync::atomic::AtomicI32::new,src/kernel/src/pm/process/manager/unsafe.rs,103,qualified_path,rust,production
core::sync::atomic,core::sync::atomic::AtomicUsize::new,src/kernel/src/pm/process/manager/unsafe.rs,106,qualified_path,rust,production
core::sync::atomic,core::sync::atomic::AtomicI32::new,src/kernel/src/pm/process/manager/unsafe.rs,109,qualified_path,rust,production
core::sync::atomic,core::sync::atomic::AtomicUsize::new,src/kernel/src/pm/process/manager/unsafe.rs,112,qualified_path,rust,production
core::sync::atomic,core::sync::atomic::AtomicUsize,src/kernel/src/pm/sync/fence.rs,8,import,rust,production
core::sync::atomic,core::sync::atomic::Ordering,src/kernel/src/pm/sync/fence.rs,8,import,rust,production
core::sync::atomic,core::sync::atomic::AtomicUsize::new,src/kernel/src/pm/sync/fence.rs,45,qualified_path,rust,production
core::sync::atomic,core::sync::atomic::Ordering::Acquire,src/kernel/src/pm/sync/fence.rs,56,qualified_path,rust,production
core::sync::atomic,core::sync::atomic::Ordering::Release,src/kernel/src/pm/sync/fence.rs,67,qualified_path,rust,production
core::sync::atomic,core::sync::atomic::AtomicBool,src/kernel/src/pm/sync/mutex.rs,13,import,verus,production
core::sync::atomic,core::sync::atomic::Ordering,src/kernel/src/pm/sync/mutex.rs,13,import,verus,production
core::sync::atomic,core::sync::atomic::Ordering::Relaxed,src/kernel/src/pm/sync/mutex.rs,79,qualified_path,verus,production
core::sync::atomic,core::sync::atomic::AtomicBool::new,src/kernel/src/pm/sync/mutex.rs,100,qualified_path,verus,production
core::sync::atomic,core::sync::atomic::Ordering::Acquire,src/kernel/src/pm/sync/mutex.rs,137,qualified_path,verus,production
core::sync::atomic,core::sync::atomic::Ordering::Relaxed,src/kernel/src/pm/sync/mutex.rs,137,qualified_path,verus,production
core::sync::atomic,core::sync::atomic::AtomicBool,src/kernel/src/pm/sync/spinlock.rs,8,import,rust,production
core::sync::atomic,core::sync::atomic::Ordering,src/kernel/src/pm/sync/spinlock.rs,8,import,rust,production
core::sync::atomic,core::sync::atomic::AtomicBool::new,src/kernel/src/pm/sync/spinlock.rs,46,qualified_path,rust,production
core::sync::atomic,core::sync::atomic::Ordering::Acquire,src/kernel/src/pm/sync/spinlock.rs,63,qualified_path,rust,production
core::sync::atomic,core::sync::atomic::Ordering::Relaxed,src/kernel/src/pm/sync/spinlock.rs,63,qualified_path,rust,production
core::sync::atomic,core::sync::atomic::Ordering::Release,src/kernel/src/pm/sync/spinlock.rs,76,qualified_path,rust,production
core::sync::atomic,core::sync::atomic::Ordering,src/kernel/src/stdio.rs,13,import,rust,production
core::sync::atomic,core::sync::atomic::Ordering::Relaxed,src/kernel/src/stdio.rs,83,qualified_path,rust,production
core::sync::atomic,core::sync::atomic::Ordering::Relaxed,src/kernel/src/stdio.rs,134,qualified_path,rust,production
core::sync::atomic,core::sync::atomic::Ordering::Relaxed,src/kernel/src/stdio.rs,240,qualified_path,rust,production
core::sync::atomic,core::sync::atomic::AtomicUsize,src/libs/bump_allocator/src/lib.rs,89,import,rust,production
core::sync::atomic,core::sync::atomic::Ordering,src/libs/bump_allocator/src/lib.rs,89,import,rust,production
core::sync::atomic,core::sync::atomic::AtomicUsize::new,src/libs/bump_allocator/src/lib.rs,222,qualified_path,rust,production
core::sync::atomic,core::sync::atomic::Ordering::Acquire,src/libs/bump_allocator/src/lib.rs,246,qualified_path,rust,production
core::sync::atomic,core::sync::atomic::Ordering::AcqRel,src/libs/bump_allocator/src/lib.rs,253,qualified_path,rust,production
core::sync::atomic,core::sync::atomic::Ordering::Acquire,src/libs/bump_allocator/src/lib.rs,253,qualified_path,rust,production
core::sync::atomic,core::sync::atomic::AtomicBool,src/libs/libc_grp/src/bindings.rs,8,import,rust,production
core::sync::atomic,core::sync::atomic::Ordering,src/libs/libc_grp/src/bindings.rs,8,import,rust,production
core::sync::atomic,core::sync::atomic::AtomicBool::new,src/libs/libc_grp/src/bindings.rs,49,qualified_path,rust,production
core::sync::atomic,core::sync::atomic::Ordering::Relaxed,src/libs/libc_grp/src/bindings.rs,233,qualified_path,rust,production
core::sync::atomic,core::sync::atomic::Ordering::Relaxed,src/libs/libc_grp/src/bindings.rs,254,qualified_path,rust,production
core::sync::atomic,core::sync::atomic::Ordering::Relaxed,src/libs/libc_grp/src/bindings.rs,283,qualified_path,rust,production
core::sync::atomic,core::sync::atomic::AtomicPtr,src/libs/libc_locale/src/setlocale.rs,8,import,rust,production
core::sync::atomic,core::sync::atomic::Ordering,src/libs/libc_locale/src/setlocale.rs,8,import,rust,production
core::sync::atomic,core::sync::atomic::AtomicPtr::new,src/libs/libc_locale/src/setlocale.rs,34,qualified_path,rust,production
core::sync::atomic,core::sync::atomic::Ordering::Relaxed,src/libs/libc_locale/src/setlocale.rs,59,qualified_path,rust,production
core::sync::atomic,core::sync::atomic::Ordering::Relaxed,src/libs/libc_locale/src/setlocale.rs,98,qualified_path,rust,production
core::sync::atomic,core::sync::atomic::Ordering::Relaxed,src/libs/libc_locale/src/setlocale.rs,105,qualified_path,rust,production
core::sync::atomic,core::sync::atomic::Ordering::Relaxed,src/libs/libc_locale/src/setlocale.rs,112,qualified_path,rust,production
core::sync::atomic,core::sync::atomic::AtomicPtr,src/libs/libc_locale/src/xlocale.rs,8,import,rust,production
core::sync::atomic,core::sync::atomic::Ordering,src/libs/libc_locale/src/xlocale.rs,8,import,rust,production
core::sync::atomic,core::sync::atomic::AtomicPtr::new,src/libs/libc_locale/src/xlocale.rs,34,qualified_path,rust,production
core::sync::atomic,core::sync::atomic::Ordering::Relaxed,src/libs/libc_locale/src/xlocale.rs,111,qualified_path,rust,production
core::sync::atomic,core::sync::atomic::Ordering::Relaxed,src/libs/libc_locale/src/xlocale.rs,125,qualified_path,rust,production
core::sync::atomic,core::sync::atomic::AtomicI32,src/libs/libc_math/src/fenv.rs,60,import,rust,production
core::sync::atomic,core::sync::atomic::Ordering,src/libs/libc_math/src/fenv.rs,60,import,rust,production
core::sync::atomic,core::sync::atomic::AtomicI32::new,src/libs/libc_math/src/fenv.rs,66,qualified_path,rust,production
core::sync::atomic,core::sync::atomic::Ordering::Relaxed,src/libs/libc_math/src/fenv.rs,70,qualified_path,rust,production
core::sync::atomic,core::sync::atomic::Ordering::Relaxed,src/libs/libc_math/src/fenv.rs,75,qualified_path,rust,production
core::sync::atomic,core::sync::atomic::AtomicI32,src/libs/libc_pthread/src/lib.rs,14,import,rust,production
core::sync::atomic,core::sync::atomic::AtomicUsize,src/libs/libc_pthread/src/lib.rs,14,import,rust,production
core::sync::atomic,core::sync::atomic::Ordering,src/libs/libc_pthread/src/lib.rs,14,import,rust,production
core::sync::atomic,core::sync::atomic::AtomicUsize::new,src/libs/libc_pthread/src/lib.rs,455,qualified_path,rust,production
core::sync::atomic,core::sync::atomic::AtomicI32::new,src/libs/libc_pthread/src/lib.rs,456,qualified_path,rust,production
core::sync::atomic,core::sync::atomic::Ordering::Relaxed,src/libs/libc_pthread/src/lib.rs,486,qualified_path,rust,production
core::sync::atomic,core::sync::atomic::Ordering::Relaxed,src/libs/libc_pthread/src/lib.rs,487,qualified_path,rust,production
core::sync::atomic,core::sync::atomic::Ordering::Relaxed,src/libs/libc_pthread/src/lib.rs,488,qualified_path,rust,production
core::sync::atomic,core::sync::atomic::Ordering::Relaxed,src/libs/libc_pthread/src/lib.rs,500,qualified_path,rust,production
core::sync::atomic,core::sync::atomic::Ordering::Relaxed,src/libs/libc_pthread/src/lib.rs,501,qualified_path,rust,production
core::sync::atomic,core::sync::atomic::Ordering::Relaxed,src/libs/libc_pthread/src/lib.rs,502,qualified_path,rust,production
core::sync::atomic,core::sync::atomic::Ordering::Relaxed,src/libs/libc_pthread/src/lib.rs,513,qualified_path,rust,production
core::sync::atomic,core::sync::atomic::Ordering::Relaxed,src/libs/libc_pthread/src/lib.rs,514,qualified_path,rust,production
core::sync::atomic,core::sync::atomic::AtomicU64,src/libs/libc_signal/src/sigprocmask.rs,12,import,rust,production
core::sync::atomic,core::sync::atomic::Ordering,src/libs/libc_signal/src/sigprocmask.rs,12,import,rust,production
core::sync::atomic,core::sync::atomic::AtomicU64::new,src/libs/libc_signal/src/sigprocmask.rs,53,qualified_path,rust,production
core::sync::atomic,core::sync::atomic::Ordering::Relaxed,src/libs/libc_signal/src/sigprocmask.rs,114,qualified_path,rust,production
core::sync::atomic,core::sync::atomic::Ordering::Relaxed,src/libs/libc_signal/src/sigprocmask.rs,131,qualified_path,rust,production
core::sync::atomic,core::sync::atomic::AtomicU32,src/libs/libc_stdio/src/tmpfile.rs,9,import,rust,production
core::sync::atomic,core::sync::atomic::Ordering,src/libs/libc_stdio/src/tmpfile.rs,9,import,rust,production
core::sync::atomic,core::sync::atomic::AtomicU32::new,src/libs/libc_stdio/src/tmpfile.rs,64,qualified_path,rust,production
core::sync::atomic,core::sync::atomic::Ordering::Relaxed,src/libs/libc_stdio/src/tmpfile.rs,71,qualified_path,rust,production
core::sync::atomic,core::sync::atomic::AtomicUsize,src/libs/libc_stdlib/src/atexit.rs,285,import,rust,production
core::sync::atomic,core::sync::atomic::Ordering,src/libs/libc_stdlib/src/atexit.rs,285,import,rust,production
core::sync::atomic,core::sync::atomic::AtomicUsize::new,src/libs/libc_stdlib/src/atexit.rs,295,qualified_path,rust,production
core::sync::atomic,core::sync::atomic::Ordering::SeqCst,src/libs/libc_stdlib/src/atexit.rs,308,qualified_path,rust,production
core::sync::atomic,core::sync::atomic::Ordering::SeqCst,src/libs/libc_stdlib/src/atexit.rs,309,qualified_path,rust,production
core::sync::atomic,core::sync::atomic::Ordering::SeqCst,src/libs/libc_stdlib/src/atexit.rs,351,qualified_path,rust,production
core::sync::atomic,core::sync::atomic::Ordering::SeqCst,src/libs/libc_stdlib/src/atexit.rs,394,qualified_path,rust,production
core::sync::atomic,core::sync::atomic::AtomicUsize,src/libs/libc_stdlib/src/env_table.rs,637,import,rust,production
core::sync::atomic,core::sync::atomic::Ordering,src/libs/libc_stdlib/src/env_table.rs,637,import,rust,production
core::sync::atomic,core::sync::atomic::AtomicUsize::new,src/libs/libc_stdlib/src/env_table.rs,641,qualified_path,rust,production
core::sync::atomic,core::sync::atomic::Ordering::Relaxed,src/libs/libc_stdlib/src/env_table.rs,644,qualified_path,rust,production
core::sync::atomic,core::sync::atomic::Ordering::Relaxed,src/libs/libc_stdlib/src/env_table.rs,648,qualified_path,rust,production
core::sync::atomic,core::sync::atomic::AtomicU32,src/libs/libc_stdlib/src/tmpname.rs,11,import,rust,production
core::sync::atomic,core::sync::atomic::Ordering,src/libs/libc_stdlib/src/tmpname.rs,11,import,rust,production
core::sync::atomic,core::sync::atomic::AtomicU32::new,src/libs/libc_stdlib/src/tmpname.rs,32,qualified_path,rust,production
core::sync::atomic,core::sync::atomic::Ordering::Relaxed,src/libs/libc_stdlib/src/tmpname.rs,100,qualified_path,rust,production
core::sync::atomic,core::sync::atomic::AtomicI32,src/libs/nvx-crt0/src/lib.rs,100,import,rust,production
core::sync::atomic,core::sync::atomic::AtomicPtr,src/libs/nvx-crt0/src/lib.rs,100,import,rust,production
core::sync::atomic,core::sync::atomic::Ordering,src/libs/nvx-crt0/src/lib.rs,100,import,rust,production
core::sync::atomic,core::sync::atomic::AtomicI32::new,src/libs/nvx-crt0/src/lib.rs,181,qualified_path,rust,production
core::sync::atomic,core::sync::atomic::AtomicPtr::new,src/libs/nvx-crt0/src/lib.rs,190,qualified_path,rust,production
core::sync::atomic,core::sync::atomic::AtomicI32,src/libs/sys/src/sys/kcall/pm.rs,33,import,rust,production
core::sync::atomic,core::sync::atomic::Ordering,src/libs/sys/src/sys/kcall/pm.rs,33,import,rust,production
core::sync::atomic,core::sync::atomic::AtomicI32::new,src/libs/sys/src/sys/kcall/pm.rs,70,qualified_path,rust,production
core::sync::atomic,core::sync::atomic::Ordering::Relaxed,src/libs/sys/src/sys/kcall/pm.rs,113,qualified_path,rust,production
core::sync::atomic,core::sync::atomic::Ordering::Relaxed,src/libs/sys/src/sys/kcall/pm.rs,122,qualified_path,rust,production
core::sync::atomic,core::sync::atomic::Ordering::Relaxed,src/libs/sys/src/sys/kcall/pm.rs,161,qualified_path,rust,production
core::sync::atomic,core::sync::atomic::AtomicBool,src/libs/sysalloc/src/tda.rs,9,import,rust,production
core::sync::atomic,core::sync::atomic::Ordering,src/libs/sysalloc/src/tda.rs,9,import,rust,production
core::sync::atomic,core::sync::atomic::AtomicBool::new,src/libs/sysalloc/src/tda.rs,60,qualified_path,rust,production
core::sync::atomic,core::sync::atomic::Ordering::Release,src/libs/sysalloc/src/tda.rs,66,qualified_path,rust,production
core::sync::atomic,core::sync::atomic::Ordering::Release,src/libs/sysalloc/src/tda.rs,73,qualified_path,rust,production
core::sync::atomic,core::sync::atomic::Ordering::Acquire,src/libs/sysalloc/src/tda.rs,78,qualified_path,rust,production
core::sync::atomic,core::sync::atomic::AtomicBool,src/libs/syscall/src/dlfcn/syscall/dynlib.rs,35,import,rust,production
core::sync::atomic,core::sync::atomic::AtomicI32,src/libs/syscall/src/dlfcn/syscall/dynlib.rs,35,import,rust,production
core::sync::atomic,core::sync::atomic::AtomicU32,src/libs/syscall/src/dlfcn/syscall/dynlib.rs,35,import,rust,production
core::sync::atomic,core::sync::atomic::Ordering,src/libs/syscall/src/dlfcn/syscall/dynlib.rs,35,import,rust,production
core::sync::atomic,core::sync::atomic::AtomicU32::new,src/libs/syscall/src/dlfcn/syscall/dynlib.rs,101,qualified_path,rust,production
core::sync::atomic,core::sync::atomic::Ordering::Relaxed,src/libs/syscall/src/dlfcn/syscall/dynlib.rs,112,qualified_path,rust,production
core::sync::atomic,core::sync::atomic::AtomicBool::new,src/libs/syscall/src/dlfcn/syscall/dynlib.rs,185,qualified_path,rust,production
core::sync::atomic,core::sync::atomic::AtomicI32::new,src/libs/syscall/src/dlfcn/syscall/dynlib.rs,186,qualified_path,rust,production
core::sync::atomic,core::sync::atomic::Ordering::Relaxed,src/libs/syscall/src/dlfcn/syscall/dynlib.rs,196,qualified_path,rust,production
core::sync::atomic,core::sync::atomic::Ordering::Release,src/libs/syscall/src/dlfcn/syscall/dynlib.rs,202,qualified_path,rust,production
core::sync::atomic,core::sync::atomic::Ordering::Acquire,src/libs/syscall/src/dlfcn/syscall/dynlib.rs,213,qualified_path,rust,production
core::sync::atomic,core::sync::atomic::Ordering::Relaxed,src/libs/syscall/src/dlfcn/syscall/dynlib.rs,216,qualified_path,rust,production
core::sync::atomic,core::sync::atomic::Ordering::Acquire,src/libs/syscall/src/dlfcn/syscall/dynlib.rs,219,qualified_path,rust,production
core::sync::atomic,core::sync::atomic::AtomicBool,src/libs/syscall/src/fdtable.rs,25,import,rust,production
core::sync::atomic,core::sync::atomic::AtomicU64,src/libs/syscall/src/fdtable.rs,26,import,rust,production
core::sync::atomic,core::sync::atomic::Ordering,src/libs/syscall/src/fdtable.rs,26,import,rust,production
core::sync::atomic,core::sync::atomic::AtomicU64::new,src/libs/syscall/src/fdtable.rs,122,qualified_path,rust,production
core::sync::atomic,core::sync::atomic::Ordering::Relaxed,src/libs/syscall/src/fdtable.rs,129,qualified_path,rust,production
core::sync::atomic,core::sync::atomic::Ordering::Relaxed,src/libs/syscall/src/fdtable.rs,152,qualified_path,rust,production
core::sync::atomic,core::sync::atomic::Ordering::Relaxed,src/libs/syscall/src/fdtable.rs,408,qualified_path,rust,production
core::sync::atomic,core::sync::atomic::AtomicBool::new,src/libs/syscall/src/fdtable.rs,424,qualified_path,rust,production
core::sync::atomic,core::sync::atomic::Ordering::Relaxed,src/libs/syscall/src/fdtable.rs,441,qualified_path,rust,production
core::sync::atomic,core::sync::atomic::Ordering::Relaxed,src/libs/syscall/src/fdtable.rs,443,qualified_path,rust,production
core::sync::atomic,core::sync::atomic::Ordering::Relaxed,src/libs/syscall/src/fdtable.rs,530,qualified_path,rust,production
core::sync::atomic,core::sync::atomic::Ordering,src/libs/vfs/src/fd/mod.rs,60,import,verus,production
core::sync::atomic,core::sync::atomic::Ordering::Relaxed,src/libs/vfs/src/fd/mod.rs,324,qualified_path,verus,production
core::sync::atomic,core::sync::atomic::Ordering::Relaxed,src/libs/vfs/src/fd/mod.rs,2403,qualified_path,verus,production
core::sync::atomic,core::sync::atomic::Ordering::Relaxed,src/libs/vfs/src/fd/mod.rs,2405,qualified_path,verus,production
core::sync::atomic,core::sync::atomic::AtomicU64,src/libs/vfs/src/pipe/pipe_end.rs,37,import,verus,production
core::sync::atomic,core::sync::atomic::Ordering,src/libs/vfs/src/pipe/pipe_end.rs,37,import,verus,production
core::sync::atomic,core::sync::atomic::AtomicU64::new,src/libs/vfs/src/pipe/pipe_end.rs,67,qualified_path,verus,production
core::sync::atomic,core::sync::atomic::Ordering::Relaxed,src/libs/vfs/src/pipe/pipe_end.rs,74,qualified_path,verus,production
core::sync::atomic,core::sync::atomic::AtomicBool,src/libs/vfs/src/process.rs,19,import,rust,production
core::sync::atomic,core::sync::atomic::AtomicI32,src/libs/vfs/src/process.rs,19,import,rust,production
core::sync::atomic,core::sync::atomic::Ordering,src/libs/vfs/src/process.rs,19,import,rust,production
core::sync::atomic,core::sync::atomic::AtomicI32::new,src/libs/vfs/src/process.rs,136,qualified_path,rust,production
core::sync::atomic,core::sync::atomic::AtomicBool::new,src/libs/vfs/src/process.rs,139,qualified_path,rust,production
core::sync::atomic,core::sync::atomic::Ordering::Relaxed,src/libs/vfs/src/process.rs,148,qualified_path,rust,production
core::sync::atomic,core::sync::atomic::Ordering::Relaxed,src/libs/vfs/src/process.rs,162,qualified_path,rust,production
core::sync::atomic,core::sync::atomic::Ordering,src/tests/integration/test-rust-cmdline-env-nostd/src/main.rs,24,import,rust,test_or_benchmark
core::sync::atomic,core::sync::atomic::Ordering::SeqCst,src/tests/integration/test-rust-cmdline-env-nostd/src/main.rs,69,qualified_path,rust,test_or_benchmark
core::sync::atomic,core::sync::atomic::Ordering::SeqCst,src/tests/integration/test-rust-cmdline-env-nostd/src/main.rs,70,qualified_path,rust,test_or_benchmark
core::sync::atomic,core::sync::atomic::Ordering,src/tests/integration/test-rust-cmdline-len/src/main.rs,25,import,rust,test_or_benchmark
core::sync::atomic,core::sync::atomic::Ordering::SeqCst,src/tests/integration/test-rust-cmdline-len/src/main.rs,49,qualified_path,rust,test_or_benchmark
core::sync::atomic,core::sync::atomic::Ordering::SeqCst,src/tests/integration/test-rust-cmdline-len/src/main.rs,50,qualified_path,rust,test_or_benchmark
core::sync::atomic,core::sync::atomic::Ordering,src/tests/integration/test-rust-execv-target/src/main.rs,16,import,rust,test_or_benchmark
core::sync::atomic,core::sync::atomic::Ordering::SeqCst,src/tests/integration/test-rust-execv-target/src/main.rs,37,qualified_path,rust,test_or_benchmark
core::sync::atomic,core::sync::atomic::Ordering::SeqCst,src/tests/integration/test-rust-execv-target/src/main.rs,42,qualified_path,rust,test_or_benchmark
core::sync::atomic,core::sync::atomic::Ordering,src/tests/integration/test-rust-fork-exec-argv-space-target/src/main.rs,41,import,verus,test_or_benchmark
core::sync::atomic,core::sync::atomic::Ordering::SeqCst,src/tests/integration/test-rust-fork-exec-argv-space-target/src/main.rs,68,qualified_path,verus,test_or_benchmark
core::sync::atomic,core::sync::atomic::Ordering::SeqCst,src/tests/integration/test-rust-fork-exec-argv-space-target/src/main.rs,72,qualified_path,verus,test_or_benchmark
core::sync::atomic,core::sync::atomic::AtomicI32,src/tests/integration/test-rust-fork-guestfs/src/tests/fork_fds.rs,46,import,rust,test_or_benchmark
core::sync::atomic,core::sync::atomic::Ordering,src/tests/integration/test-rust-fork-guestfs/src/tests/fork_fds.rs,46,import,rust,test_or_benchmark
core::sync::atomic,core::sync::atomic::Ordering::SeqCst,src/tests/integration/test-rust-fork-guestfs/src/tests/fork_fds.rs,80,qualified_path,rust,test_or_benchmark
core::sync::atomic,core::sync::atomic::AtomicI32::new,src/tests/integration/test-rust-fork-guestfs/src/tests/fork_fds.rs,119,qualified_path,rust,test_or_benchmark
core::sync::atomic,core::sync::atomic::AtomicI32,src/tests/integration/test-rust-fork-hostfs/src/tests/fork_hostfs.rs,51,import,rust,test_or_benchmark
core::sync::atomic,core::sync::atomic::Ordering,src/tests/integration/test-rust-fork-hostfs/src/tests/fork_hostfs.rs,51,import,rust,test_or_benchmark
core::sync::atomic,core::sync::atomic::Ordering::SeqCst,src/tests/integration/test-rust-fork-hostfs/src/tests/fork_hostfs.rs,85,qualified_path,rust,test_or_benchmark
core::sync::atomic,core::sync::atomic::AtomicI32::new,src/tests/integration/test-rust-fork-hostfs/src/tests/fork_hostfs.rs,127,qualified_path,rust,test_or_benchmark
core::sync::atomic,core::sync::atomic::AtomicU32,src/tests/integration/test-rust-fork-kcall/src/tests/bulk_unaligned.rs,32,import,rust,test_or_benchmark
core::sync::atomic,core::sync::atomic::Ordering,src/tests/integration/test-rust-fork-kcall/src/tests/bulk_unaligned.rs,32,import,rust,test_or_benchmark
core::sync::atomic,core::sync::atomic::Ordering::SeqCst,src/tests/integration/test-rust-fork-kcall/src/tests/bulk_unaligned.rs,64,qualified_path,rust,test_or_benchmark
core::sync::atomic,core::sync::atomic::AtomicU32::new,src/tests/integration/test-rust-fork-kcall/src/tests/bulk_unaligned.rs,111,qualified_path,rust,test_or_benchmark
core::sync::atomic,core::sync::atomic::AtomicU32::new,src/tests/integration/test-rust-fork-kcall/src/tests/bulk_unaligned.rs,115,qualified_path,rust,test_or_benchmark
core::sync::atomic,core::sync::atomic::AtomicU32,src/tests/integration/test-rust-fork-kcall/src/tests/fork.rs,34,import,verus,test_or_benchmark
core::sync::atomic,core::sync::atomic::AtomicU8,src/tests/integration/test-rust-fork-kcall/src/tests/fork.rs,34,import,verus,test_or_benchmark
core::sync::atomic,core::sync::atomic::Ordering,src/tests/integration/test-rust-fork-kcall/src/tests/fork.rs,34,import,verus,test_or_benchmark
core::sync::atomic,core::sync::atomic::Ordering::SeqCst,src/tests/integration/test-rust-fork-kcall/src/tests/fork.rs,91,qualified_path,verus,test_or_benchmark
core::sync::atomic,core::sync::atomic::AtomicU8::new,src/tests/integration/test-rust-fork-kcall/src/tests/fork.rs,128,qualified_path,verus,test_or_benchmark
core::sync::atomic,core::sync::atomic::AtomicU32::new,src/tests/integration/test-rust-fork-kcall/src/tests/fork.rs,131,qualified_path,verus,test_or_benchmark
core::sync::atomic,core::sync::atomic::AtomicUsize,src/tests/integration/test-rust-kernel/src/detach.rs,21,import,rust,test_or_benchmark
core::sync::atomic,core::sync::atomic::Ordering,src/tests/integration/test-rust-kernel/src/detach.rs,21,import,rust,test_or_benchmark
core::sync::atomic,core::sync::atomic::AtomicUsize::new,src/tests/integration/test-rust-kernel/src/detach.rs,56,qualified_path,rust,test_or_benchmark
core::sync::atomic,core::sync::atomic::Ordering::Relaxed,src/tests/integration/test-rust-kernel/src/detach.rs,108,qualified_path,rust,test_or_benchmark
core::sync::atomic,core::sync::atomic::Ordering::Acquire,src/tests/integration/test-rust-kernel/src/detach.rs,140,qualified_path,rust,test_or_benchmark
core::sync::atomic,core::sync::atomic::Ordering::Release,src/tests/integration/test-rust-kernel/src/detach.rs,148,qualified_path,rust,test_or_benchmark
core::sync::atomic,core::sync::atomic::AtomicU32,src/tests/integration/test-rust-kernel/src/duplicate.rs,19,import,verus,test_or_benchmark
core::sync::atomic,core::sync::atomic::AtomicU8,src/tests/integration/test-rust-kernel/src/duplicate.rs,19,import,verus,test_or_benchmark
core::sync::atomic,core::sync::atomic::Ordering,src/tests/integration/test-rust-kernel/src/duplicate.rs,19,import,verus,test_or_benchmark
core::sync::atomic,core::sync::atomic::Ordering::SeqCst,src/tests/integration/test-rust-kernel/src/duplicate.rs,60,qualified_path,verus,test_or_benchmark
core::sync::atomic,core::sync::atomic::AtomicU8::new,src/tests/integration/test-rust-kernel/src/duplicate.rs,102,qualified_path,verus,test_or_benchmark
core::sync::atomic,core::sync::atomic::AtomicU32::new,src/tests/integration/test-rust-kernel/src/duplicate.rs,106,qualified_path,verus,test_or_benchmark
core::sync::atomic,core::sync::atomic::AtomicU32,src/tests/integration/test-rust-kernel/src/getppid.rs,21,import,rust,test_or_benchmark
core::sync::atomic,core::sync::atomic::Ordering,src/tests/integration/test-rust-kernel/src/getppid.rs,21,import,rust,test_or_benchmark
core::sync::atomic,core::sync::atomic::Ordering::SeqCst,src/tests/integration/test-rust-kernel/src/getppid.rs,55,qualified_path,rust,test_or_benchmark
core::sync::atomic,core::sync::atomic::AtomicU32::new,src/tests/integration/test-rust-kernel/src/getppid.rs,84,qualified_path,rust,test_or_benchmark
core::sync::atomic,core::sync::atomic::AtomicBool,src/tests/integration/test-rust-kernel/src/rendezvous.rs,10,import,verus,test_or_benchmark
core::sync::atomic,core::sync::atomic::AtomicU32,src/tests/integration/test-rust-kernel/src/rendezvous.rs,10,import,verus,test_or_benchmark
core::sync::atomic,core::sync::atomic::Ordering,src/tests/integration/test-rust-kernel/src/rendezvous.rs,10,import,verus,test_or_benchmark
core::sync::atomic,core::sync::atomic::Ordering::SeqCst,src/tests/integration/test-rust-kernel/src/rendezvous.rs,41,qualified_path,verus,test_or_benchmark
core::sync::atomic,core::sync::atomic::AtomicU32::new,src/tests/integration/test-rust-kernel/src/rendezvous.rs,53,qualified_path,verus,test_or_benchmark
core::sync::atomic,core::sync::atomic::AtomicU32::new,src/tests/integration/test-rust-kernel/src/rendezvous.rs,56,qualified_path,verus,test_or_benchmark
core::sync::atomic,core::sync::atomic::AtomicU32::new,src/tests/integration/test-rust-kernel/src/rendezvous.rs,59,qualified_path,verus,test_or_benchmark
core::sync::atomic,core::sync::atomic::AtomicU32::new,src/tests/integration/test-rust-kernel/src/rendezvous.rs,62,qualified_path,verus,test_or_benchmark
core::sync::atomic,core::sync::atomic::AtomicBool::new,src/tests/integration/test-rust-kernel/src/rendezvous.rs,1302,qualified_path,verus,test_or_benchmark
core::sync::atomic,core::sync::atomic::AtomicBool::new,src/tests/integration/test-rust-kernel/src/rendezvous.rs,1307,qualified_path,verus,test_or_benchmark
core::sync::atomic,core::sync::atomic::AtomicBool::new,src/tests/integration/test-rust-kernel/src/rendezvous.rs,2476,qualified_path,verus,test_or_benchmark
core::sync::atomic,core::sync::atomic::AtomicBool,src/tests/integration/test-rust-kill/src/tests/kill.rs,46,import,rust,test_or_benchmark
core::sync::atomic,core::sync::atomic::AtomicUsize,src/tests/integration/test-rust-kill/src/tests/kill.rs,46,import,rust,test_or_benchmark
core::sync::atomic,core::sync::atomic::Ordering,src/tests/integration/test-rust-kill/src/tests/kill.rs,46,import,rust,test_or_benchmark
core::sync::atomic,core::sync::atomic::AtomicBool::new,src/tests/integration/test-rust-kill/src/tests/kill.rs,364,qualified_path,rust,test_or_benchmark
core::sync::atomic,core::sync::atomic::AtomicBool::new,src/tests/integration/test-rust-kill/src/tests/kill.rs,366,qualified_path,rust,test_or_benchmark
core::sync::atomic,core::sync::atomic::AtomicUsize::new,src/tests/integration/test-rust-kill/src/tests/kill.rs,368,qualified_path,rust,test_or_benchmark
core::sync::atomic,core::sync::atomic::AtomicUsize::new,src/tests/integration/test-rust-kill/src/tests/kill.rs,370,qualified_path,rust,test_or_benchmark
core::sync::atomic,core::sync::atomic::AtomicBool::new,src/tests/integration/test-rust-kill/src/tests/kill.rs,372,qualified_path,rust,test_or_benchmark
core::sync::atomic,core::sync::atomic::Ordering::SeqCst,src/tests/integration/test-rust-kill/src/tests/kill.rs,377,qualified_path,rust,test_or_benchmark
core::sync::atomic,core::sync::atomic::Ordering::SeqCst,src/tests/integration/test-rust-kill/src/tests/kill.rs,383,qualified_path,rust,test_or_benchmark
core::sync::atomic,core::sync::atomic::Ordering::SeqCst,src/tests/integration/test-rust-kill/src/tests/kill.rs,385,qualified_path,rust,test_or_benchmark
core::sync::atomic,core::sync::atomic::Ordering::SeqCst,src/tests/integration/test-rust-kill/src/tests/kill.rs,391,qualified_path,rust,test_or_benchmark
core::sync::atomic,core::sync::atomic::Ordering::SeqCst,src/tests/integration/test-rust-kill/src/tests/kill.rs,394,qualified_path,rust,test_or_benchmark
core::sync::atomic,core::sync::atomic::Ordering::SeqCst,src/tests/integration/test-rust-kill/src/tests/kill.rs,415,qualified_path,rust,test_or_benchmark
core::sync::atomic,core::sync::atomic::Ordering::SeqCst,src/tests/integration/test-rust-kill/src/tests/kill.rs,442,qualified_path,rust,test_or_benchmark
core::sync::atomic,core::sync::atomic::Ordering::SeqCst,src/tests/integration/test-rust-kill/src/tests/kill.rs,443,qualified_path,rust,test_or_benchmark
core::sync::atomic,core::sync::atomic::Ordering::SeqCst,src/tests/integration/test-rust-kill/src/tests/kill.rs,444,qualified_path,rust,test_or_benchmark
core::sync::atomic,core::sync::atomic::Ordering::SeqCst,src/tests/integration/test-rust-kill/src/tests/kill.rs,445,qualified_path,rust,test_or_benchmark
core::sync::atomic,core::sync::atomic::Ordering::SeqCst,src/tests/integration/test-rust-kill/src/tests/kill.rs,572,qualified_path,rust,test_or_benchmark
core::sync::atomic,core::sync::atomic::Ordering::SeqCst,src/tests/integration/test-rust-kill/src/tests/kill.rs,593,qualified_path,rust,test_or_benchmark
core::sync::atomic,core::sync::atomic::Ordering::SeqCst,src/tests/integration/test-rust-kill/src/tests/kill.rs,627,qualified_path,rust,test_or_benchmark
core::sync::atomic,core::sync::atomic::Ordering::SeqCst,src/tests/integration/test-rust-kill/src/tests/kill.rs,659,qualified_path,rust,test_or_benchmark
core::sync::atomic,core::sync::atomic::Ordering::SeqCst,src/tests/integration/test-rust-kill/src/tests/kill.rs,681,qualified_path,rust,test_or_benchmark
core::sync::atomic,core::sync::atomic::Ordering::SeqCst,src/tests/integration/test-rust-kill/src/tests/kill.rs,726,qualified_path,rust,test_or_benchmark
core::sync::atomic,core::sync::atomic::AtomicBool::new,src/tests/integration/test-rust-kill/src/tests/kill.rs,896,qualified_path,rust,test_or_benchmark
core::sync::atomic,core::sync::atomic::Ordering::SeqCst,src/tests/integration/test-rust-kill/src/tests/kill.rs,905,qualified_path,rust,test_or_benchmark
core::sync::atomic,core::sync::atomic::Ordering::SeqCst,src/tests/integration/test-rust-kill/src/tests/kill.rs,919,qualified_path,rust,test_or_benchmark
core::sync::atomic,core::sync::atomic::Ordering::SeqCst,src/tests/integration/test-rust-kill/src/tests/kill.rs,960,qualified_path,rust,test_or_benchmark
core::sync::atomic,core::sync::atomic::AtomicUsize::new,src/tests/integration/test-rust-kill/src/tests/kill.rs,1151,qualified_path,rust,test_or_benchmark
core::sync::atomic,core::sync::atomic::Ordering::SeqCst,src/tests/integration/test-rust-kill/src/tests/kill.rs,1156,qualified_path,rust,test_or_benchmark
core::sync::atomic,core::sync::atomic::Ordering::SeqCst,src/tests/integration/test-rust-kill/src/tests/kill.rs,1186,qualified_path,rust,test_or_benchmark
core::sync::atomic,core::sync::atomic::Ordering,src/tests/integration/test-rust-misc/src/tests/argv.rs,12,import,rust,test_or_benchmark
core::sync::atomic,core::sync::atomic::Ordering::SeqCst,src/tests/integration/test-rust-misc/src/tests/argv.rs,22,qualified_path,rust,test_or_benchmark
core::sync::atomic,core::sync::atomic::AtomicBool,src/tests/integration/test-rust-sigsegv/src/main.rs,19,import,rust,test_or_benchmark
core::sync::atomic,core::sync::atomic::AtomicUsize,src/tests/integration/test-rust-sigsegv/src/main.rs,19,import,rust,test_or_benchmark
core::sync::atomic,core::sync::atomic::Ordering,src/tests/integration/test-rust-sigsegv/src/main.rs,19,import,rust,test_or_benchmark
core::sync::atomic,core::sync::atomic::AtomicBool::new,src/tests/integration/test-rust-sigsegv/src/main.rs,66,qualified_path,rust,test_or_benchmark
core::sync::atomic,core::sync::atomic::AtomicUsize::new,src/tests/integration/test-rust-sigsegv/src/main.rs,69,qualified_path,rust,test_or_benchmark
core::sync::atomic,core::sync::atomic::Ordering::SeqCst,src/tests/integration/test-rust-sigsegv/src/main.rs,81,qualified_path,rust,test_or_benchmark
core::sync::atomic,core::sync::atomic::Ordering::SeqCst,src/tests/integration/test-rust-sigsegv/src/main.rs,87,qualified_path,rust,test_or_benchmark
core::sync::atomic,core::sync::atomic::Ordering::SeqCst,src/tests/integration/test-rust-sigsegv/src/main.rs,140,qualified_path,rust,test_or_benchmark
core::sync::atomic,core::sync::atomic::Ordering::SeqCst,src/tests/integration/test-rust-sigsegv/src/main.rs,145,qualified_path,rust,test_or_benchmark
core::sync::atomic,core::sync::atomic::Ordering,src/tests/integration/test-rust-snapshot-test/src/main.rs,20,import,rust,test_or_benchmark
core::sync::atomic,core::sync::atomic::Ordering::SeqCst,src/tests/integration/test-rust-snapshot-test/src/main.rs,62,qualified_path,rust,test_or_benchmark
core::sync::atomic,core::sync::atomic::Ordering::SeqCst,src/tests/integration/test-rust-snapshot-test/src/main.rs,63,qualified_path,rust,test_or_benchmark
core::sync::atomic,core::sync::atomic::AtomicU32,src/tests/integration/test-rust-testd/src/pm/terminate.rs,22,import,rust,test_or_benchmark
core::sync::atomic,core::sync::atomic::Ordering,src/tests/integration/test-rust-testd/src/pm/terminate.rs,22,import,rust,test_or_benchmark
core::sync::atomic,core::sync::atomic::Ordering::SeqCst,src/tests/integration/test-rust-testd/src/pm/terminate.rs,57,qualified_path,rust,test_or_benchmark
core::sync::atomic,core::sync::atomic::AtomicU32::new,src/tests/integration/test-rust-testd/src/pm/terminate.rs,84,qualified_path,rust,test_or_benchmark
core::sync::atomic,core::sync::atomic::AtomicI32,src/tests/integration/test-rust-thread-vfs-test/src/main.rs,51,import,rust,test_or_benchmark
core::sync::atomic,core::sync::atomic::Ordering,src/tests/integration/test-rust-thread-vfs-test/src/main.rs,51,import,rust,test_or_benchmark
core::sync::atomic,core::sync::atomic::AtomicI32::new,src/tests/integration/test-rust-thread-vfs-test/src/main.rs,126,qualified_path,rust,test_or_benchmark
core::sync::atomic,core::sync::atomic::AtomicI32::new,src/tests/integration/test-rust-thread-vfs-test/src/main.rs,129,qualified_path,rust,test_or_benchmark
core::sync::atomic,core::sync::atomic::Ordering::Acquire,src/tests/integration/test-rust-thread-vfs-test/src/main.rs,142,qualified_path,rust,test_or_benchmark
core::sync::atomic,core::sync::atomic::Ordering::Acquire,src/tests/integration/test-rust-thread-vfs-test/src/main.rs,143,qualified_path,rust,test_or_benchmark
core::sync::atomic,core::sync::atomic::Ordering::Release,src/tests/integration/test-rust-thread-vfs-test/src/main.rs,232,qualified_path,rust,test_or_benchmark
core::sync::atomic,core::sync::atomic::Ordering::Release,src/tests/integration/test-rust-thread-vfs-test/src/main.rs,233,qualified_path,rust,test_or_benchmark
core::sync::atomic,core::sync::atomic::AtomicBool,src/tests/integration/test-rust-thread/src/tests/alarm_starvation.rs,13,import,rust,test_or_benchmark
core::sync::atomic,core::sync::atomic::Ordering,src/tests/integration/test-rust-thread/src/tests/alarm_starvation.rs,13,import,rust,test_or_benchmark
core::sync::atomic,core::sync::atomic::AtomicBool::new,src/tests/integration/test-rust-thread/src/tests/alarm_starvation.rs,57,qualified_path,rust,test_or_benchmark
core::sync::atomic,core::sync::atomic::AtomicBool::new,src/tests/integration/test-rust-thread/src/tests/alarm_starvation.rs,60,qualified_path,rust,test_or_benchmark
core::sync::atomic,core::sync::atomic::AtomicBool::new,src/tests/integration/test-rust-thread/src/tests/alarm_starvation.rs,63,qualified_path,rust,test_or_benchmark
core::sync::atomic,core::sync::atomic::Ordering::SeqCst,src/tests/integration/test-rust-thread/src/tests/alarm_starvation.rs,90,qualified_path,rust,test_or_benchmark
core::sync::atomic,core::sync::atomic::Ordering::SeqCst,src/tests/integration/test-rust-thread/src/tests/alarm_starvation.rs,91,qualified_path,rust,test_or_benchmark
core::sync::atomic,core::sync::atomic::Ordering::SeqCst,src/tests/integration/test-rust-thread/src/tests/alarm_starvation.rs,92,qualified_path,rust,test_or_benchmark
core::sync::atomic,core::sync::atomic::Ordering::SeqCst,src/tests/integration/test-rust-thread/src/tests/alarm_starvation.rs,102,qualified_path,rust,test_or_benchmark
core::sync::atomic,core::sync::atomic::Ordering::SeqCst,src/tests/integration/test-rust-thread/src/tests/alarm_starvation.rs,113,qualified_path,rust,test_or_benchmark
core::sync::atomic,core::sync::atomic::Ordering::SeqCst,src/tests/integration/test-rust-thread/src/tests/alarm_starvation.rs,170,qualified_path,rust,test_or_benchmark
core::sync::atomic,core::sync::atomic::Ordering::SeqCst,src/tests/integration/test-rust-thread/src/tests/alarm_starvation.rs,180,qualified_path,rust,test_or_benchmark
core::sync::atomic,core::sync::atomic::Ordering::SeqCst,src/tests/integration/test-rust-thread/src/tests/alarm_starvation.rs,198,qualified_path,rust,test_or_benchmark
core::sync::atomic,core::sync::atomic::Ordering::SeqCst,src/tests/integration/test-rust-thread/src/tests/alarm_starvation.rs,203,qualified_path,rust,test_or_benchmark
core::sync::atomic,core::sync::atomic::Ordering::SeqCst,src/tests/integration/test-rust-thread/src/tests/alarm_starvation.rs,212,qualified_path,rust,test_or_benchmark
core::sync::atomic,core::sync::atomic::AtomicU8,src/tests/integration/test-rust-thread/src/tests/condvars.rs,14,import,rust,test_or_benchmark
core::sync::atomic,core::sync::atomic::Ordering,src/tests/integration/test-rust-thread/src/tests/condvars.rs,14,import,rust,test_or_benchmark
core::sync::atomic,core::sync::atomic::AtomicU8::new,src/tests/integration/test-rust-thread/src/tests/condvars.rs,62,qualified_path,rust,test_or_benchmark
core::sync::atomic,core::sync::atomic::Ordering::Relaxed,src/tests/integration/test-rust-thread/src/tests/condvars.rs,94,qualified_path,rust,test_or_benchmark
core::sync::atomic,core::sync::atomic::Ordering::Acquire,src/tests/integration/test-rust-thread/src/tests/condvars.rs,107,qualified_path,rust,test_or_benchmark
core::sync::atomic,core::sync::atomic::Ordering::Relaxed,src/tests/integration/test-rust-thread/src/tests/condvars.rs,126,qualified_path,rust,test_or_benchmark
core::sync::atomic,core::sync::atomic::Ordering::Release,src/tests/integration/test-rust-thread/src/tests/condvars.rs,153,qualified_path,rust,test_or_benchmark
core::sync::atomic,core::sync::atomic::Ordering::Release,src/tests/integration/test-rust-thread/src/tests/condvars.rs,155,qualified_path,rust,test_or_benchmark
core::sync::atomic,core::sync::atomic::Ordering::Release,src/tests/integration/test-rust-thread/src/tests/condvars.rs,167,qualified_path,rust,test_or_benchmark
core::sync::atomic,core::sync::atomic::Ordering::Release,src/tests/integration/test-rust-thread/src/tests/condvars.rs,175,qualified_path,rust,test_or_benchmark
core::sync::atomic,core::sync::atomic::AtomicU8,src/tests/integration/test-rust-thread/src/tests/mutexes.rs,14,import,rust,test_or_benchmark
core::sync::atomic,core::sync::atomic::Ordering,src/tests/integration/test-rust-thread/src/tests/mutexes.rs,14,import,rust,test_or_benchmark
core::sync::atomic,core::sync::atomic::AtomicU8::new,src/tests/integration/test-rust-thread/src/tests/mutexes.rs,64,qualified_path,rust,test_or_benchmark
core::sync::atomic,core::sync::atomic::AtomicU8::new,src/tests/integration/test-rust-thread/src/tests/mutexes.rs,68,qualified_path,rust,test_or_benchmark
core::sync::atomic,core::sync::atomic::Ordering::Relaxed,src/tests/integration/test-rust-thread/src/tests/mutexes.rs,99,qualified_path,rust,test_or_benchmark
core::sync::atomic,core::sync::atomic::Ordering::Acquire,src/tests/integration/test-rust-thread/src/tests/mutexes.rs,115,qualified_path,rust,test_or_benchmark
core::sync::atomic,core::sync::atomic::Ordering::Release,src/tests/integration/test-rust-thread/src/tests/mutexes.rs,153,qualified_path,rust,test_or_benchmark
core::sync::atomic,core::sync::atomic::Ordering::Release,src/tests/integration/test-rust-thread/src/tests/mutexes.rs,155,qualified_path,rust,test_or_benchmark
core::sync::atomic,core::sync::atomic::Ordering::Relaxed,src/tests/integration/test-rust-thread/src/tests/mutexes.rs,170,qualified_path,rust,test_or_benchmark
core::sync::atomic,core::sync::atomic::Ordering::Acquire,src/tests/integration/test-rust-thread/src/tests/mutexes.rs,186,qualified_path,rust,test_or_benchmark
core::sync::atomic,core::sync::atomic::Ordering::Release,src/tests/integration/test-rust-thread/src/tests/mutexes.rs,217,qualified_path,rust,test_or_benchmark
core::sync::atomic,core::sync::atomic::AtomicBool,src/tests/integration/test-rust-thread/src/tests/once.rs,9,import,rust,test_or_benchmark
core::sync::atomic,core::sync::atomic::AtomicI32,src/tests/integration/test-rust-thread/src/tests/once.rs,9,import,rust,test_or_benchmark
core::sync::atomic,core::sync::atomic::AtomicUsize,src/tests/integration/test-rust-thread/src/tests/once.rs,9,import,rust,test_or_benchmark
core::sync::atomic,core::sync::atomic::Ordering,src/tests/integration/test-rust-thread/src/tests/once.rs,9,import,rust,test_or_benchmark
core::sync::atomic,core::sync::atomic::AtomicUsize::new,src/tests/integration/test-rust-thread/src/tests/once.rs,70,qualified_path,rust,test_or_benchmark
core::sync::atomic,core::sync::atomic::AtomicUsize::new,src/tests/integration/test-rust-thread/src/tests/once.rs,74,qualified_path,rust,test_or_benchmark
core::sync::atomic,core::sync::atomic::AtomicI32::new,src/tests/integration/test-rust-thread/src/tests/once.rs,75,qualified_path,rust,test_or_benchmark
core::sync::atomic,core::sync::atomic::AtomicUsize::new,src/tests/integration/test-rust-thread/src/tests/once.rs,80,qualified_path,rust,test_or_benchmark
core::sync::atomic,core::sync::atomic::AtomicUsize::new,src/tests/integration/test-rust-thread/src/tests/once.rs,82,qualified_path,rust,test_or_benchmark
core::sync::atomic,core::sync::atomic::AtomicBool::new,src/tests/integration/test-rust-thread/src/tests/once.rs,85,qualified_path,rust,test_or_benchmark
core::sync::atomic,core::sync::atomic::AtomicUsize::new,src/tests/integration/test-rust-thread/src/tests/once.rs,87,qualified_path,rust,test_or_benchmark
core::sync::atomic,core::sync::atomic::AtomicBool::new,src/tests/integration/test-rust-thread/src/tests/once.rs,89,qualified_path,rust,test_or_benchmark
core::sync::atomic,core::sync::atomic::AtomicUsize::new,src/tests/integration/test-rust-thread/src/tests/once.rs,91,qualified_path,rust,test_or_benchmark
core::sync::atomic,core::sync::atomic::AtomicBool::new,src/tests/integration/test-rust-thread/src/tests/once.rs,94,qualified_path,rust,test_or_benchmark
core::sync::atomic,core::sync::atomic::Ordering::SeqCst,src/tests/integration/test-rust-thread/src/tests/once.rs,115,qualified_path,rust,test_or_benchmark
core::sync::atomic,core::sync::atomic::Ordering::SeqCst,src/tests/integration/test-rust-thread/src/tests/once.rs,123,qualified_path,rust,test_or_benchmark
core::sync::atomic,core::sync::atomic::Ordering::SeqCst,src/tests/integration/test-rust-thread/src/tests/once.rs,150,qualified_path,rust,test_or_benchmark
core::sync::atomic,core::sync::atomic::Ordering::SeqCst,src/tests/integration/test-rust-thread/src/tests/once.rs,159,qualified_path,rust,test_or_benchmark
core::sync::atomic,core::sync::atomic::Ordering::SeqCst,src/tests/integration/test-rust-thread/src/tests/once.rs,167,qualified_path,rust,test_or_benchmark
core::sync::atomic,core::sync::atomic::Ordering::SeqCst,src/tests/integration/test-rust-thread/src/tests/once.rs,168,qualified_path,rust,test_or_benchmark
core::sync::atomic,core::sync::atomic::Ordering::SeqCst,src/tests/integration/test-rust-thread/src/tests/once.rs,201,qualified_path,rust,test_or_benchmark
core::sync::atomic,core::sync::atomic::Ordering::SeqCst,src/tests/integration/test-rust-thread/src/tests/once.rs,202,qualified_path,rust,test_or_benchmark
core::sync::atomic,core::sync::atomic::Ordering::SeqCst,src/tests/integration/test-rust-thread/src/tests/once.rs,204,qualified_path,rust,test_or_benchmark
core::sync::atomic,core::sync::atomic::Ordering::SeqCst,src/tests/integration/test-rust-thread/src/tests/once.rs,212,qualified_path,rust,test_or_benchmark
core::sync::atomic,core::sync::atomic::Ordering::SeqCst,src/tests/integration/test-rust-thread/src/tests/once.rs,218,qualified_path,rust,test_or_benchmark
core::sync::atomic,core::sync::atomic::Ordering::SeqCst,src/tests/integration/test-rust-thread/src/tests/once.rs,219,qualified_path,rust,test_or_benchmark
core::sync::atomic,core::sync::atomic::Ordering::SeqCst,src/tests/integration/test-rust-thread/src/tests/once.rs,220,qualified_path,rust,test_or_benchmark
core::sync::atomic,core::sync::atomic::Ordering::Acquire,src/tests/integration/test-rust-thread/src/tests/once.rs,230,qualified_path,rust,test_or_benchmark
core::sync::atomic,core::sync::atomic::Ordering::SeqCst,src/tests/integration/test-rust-thread/src/tests/once.rs,247,qualified_path,rust,test_or_benchmark
core::sync::atomic,core::sync::atomic::Ordering::SeqCst,src/tests/integration/test-rust-thread/src/tests/once.rs,248,qualified_path,rust,test_or_benchmark
core::sync::atomic,core::sync::atomic::Ordering::SeqCst,src/tests/integration/test-rust-thread/src/tests/once.rs,250,qualified_path,rust,test_or_benchmark
core::sync::atomic,core::sync::atomic::Ordering::SeqCst,src/tests/integration/test-rust-thread/src/tests/once.rs,263,qualified_path,rust,test_or_benchmark
core::sync::atomic,core::sync::atomic::Ordering::SeqCst,src/tests/integration/test-rust-thread/src/tests/once.rs,264,qualified_path,rust,test_or_benchmark
core::sync::atomic,core::sync::atomic::Ordering::SeqCst,src/tests/integration/test-rust-thread/src/tests/once.rs,265,qualified_path,rust,test_or_benchmark
core::sync::atomic,core::sync::atomic::Ordering::SeqCst,src/tests/integration/test-rust-thread/src/tests/once.rs,266,qualified_path,rust,test_or_benchmark
core::sync::atomic,core::sync::atomic::Ordering::SeqCst,src/tests/integration/test-rust-thread/src/tests/once.rs,267,qualified_path,rust,test_or_benchmark
core::sync::atomic,core::sync::atomic::Ordering::SeqCst,src/tests/integration/test-rust-thread/src/tests/once.rs,268,qualified_path,rust,test_or_benchmark
core::sync::atomic,core::sync::atomic::Ordering::SeqCst,src/tests/integration/test-rust-thread/src/tests/once.rs,269,qualified_path,rust,test_or_benchmark
core::sync::atomic,core::sync::atomic::Ordering::Release,src/tests/integration/test-rust-thread/src/tests/once.rs,278,qualified_path,rust,test_or_benchmark
core::sync::atomic,core::sync::atomic::AtomicU8,src/tests/integration/test-rust-thread/src/tests/rwlocks.rs,9,import,rust,test_or_benchmark
core::sync::atomic,core::sync::atomic::Ordering,src/tests/integration/test-rust-thread/src/tests/rwlocks.rs,9,import,rust,test_or_benchmark
core::sync::atomic,core::sync::atomic::AtomicU8::new,src/tests/integration/test-rust-thread/src/tests/rwlocks.rs,43,qualified_path,rust,test_or_benchmark
core::sync::atomic,core::sync::atomic::AtomicU8::new,src/tests/integration/test-rust-thread/src/tests/rwlocks.rs,46,qualified_path,rust,test_or_benchmark
core::sync::atomic,core::sync::atomic::AtomicU8::new,src/tests/integration/test-rust-thread/src/tests/rwlocks.rs,53,qualified_path,rust,test_or_benchmark
core::sync::atomic,core::sync::atomic::AtomicU8::new,src/tests/integration/test-rust-thread/src/tests/rwlocks.rs,54,qualified_path,rust,test_or_benchmark
core::sync::atomic,core::sync::atomic::AtomicU8::new,src/tests/integration/test-rust-thread/src/tests/rwlocks.rs,55,qualified_path,rust,test_or_benchmark
core::sync::atomic,core::sync::atomic::Ordering::Relaxed,src/tests/integration/test-rust-thread/src/tests/rwlocks.rs,76,qualified_path,rust,test_or_benchmark
core::sync::atomic,core::sync::atomic::Ordering::Relaxed,src/tests/integration/test-rust-thread/src/tests/rwlocks.rs,77,qualified_path,rust,test_or_benchmark
core::sync::atomic,core::sync::atomic::Ordering::Release,src/tests/integration/test-rust-thread/src/tests/rwlocks.rs,109,qualified_path,rust,test_or_benchmark
core::sync::atomic,core::sync::atomic::Ordering::Acquire,src/tests/integration/test-rust-thread/src/tests/rwlocks.rs,112,qualified_path,rust,test_or_benchmark
core::sync::atomic,core::sync::atomic::Ordering::Release,src/tests/integration/test-rust-thread/src/tests/rwlocks.rs,119,qualified_path,rust,test_or_benchmark
core::sync::atomic,core::sync::atomic::Ordering::Acquire,src/tests/integration/test-rust-thread/src/tests/rwlocks.rs,129,qualified_path,rust,test_or_benchmark
core::sync::atomic,core::sync::atomic::Ordering::Acquire,src/tests/integration/test-rust-thread/src/tests/rwlocks.rs,139,qualified_path,rust,test_or_benchmark
core::sync::atomic,core::sync::atomic::Ordering::Release,src/tests/integration/test-rust-thread/src/tests/rwlocks.rs,140,qualified_path,rust,test_or_benchmark
core::sync::atomic,core::sync::atomic::Ordering::Release,src/tests/integration/test-rust-thread/src/tests/rwlocks.rs,143,qualified_path,rust,test_or_benchmark
core::sync::atomic,core::sync::atomic::Ordering::Acquire,src/tests/integration/test-rust-thread/src/tests/rwlocks.rs,146,qualified_path,rust,test_or_benchmark
core::sync::atomic,core::sync::atomic::Ordering::Release,src/tests/integration/test-rust-thread/src/tests/rwlocks.rs,153,qualified_path,rust,test_or_benchmark
core::sync::atomic,core::sync::atomic::Ordering::Relaxed,src/tests/integration/test-rust-thread/src/tests/rwlocks.rs,165,qualified_path,rust,test_or_benchmark
core::sync::atomic,core::sync::atomic::Ordering::Relaxed,src/tests/integration/test-rust-thread/src/tests/rwlocks.rs,166,qualified_path,rust,test_or_benchmark
core::sync::atomic,core::sync::atomic::Ordering::Relaxed,src/tests/integration/test-rust-thread/src/tests/rwlocks.rs,167,qualified_path,rust,test_or_benchmark
core::sync::atomic,core::sync::atomic::Ordering::Acquire,src/tests/integration/test-rust-thread/src/tests/rwlocks.rs,198,qualified_path,rust,test_or_benchmark
core::sync::atomic,core::sync::atomic::Ordering::Acquire,src/tests/integration/test-rust-thread/src/tests/rwlocks.rs,206,qualified_path,rust,test_or_benchmark
core::sync::atomic,core::sync::atomic::Ordering::Release,src/tests/integration/test-rust-thread/src/tests/rwlocks.rs,242,qualified_path,rust,test_or_benchmark
core::sync::atomic,core::sync::atomic::Ordering::Release,src/tests/integration/test-rust-thread/src/tests/rwlocks.rs,249,qualified_path,rust,test_or_benchmark
core::sync::atomic,core::sync::atomic::Ordering::Acquire,src/tests/integration/test-rust-thread/src/tests/rwlocks.rs,267,qualified_path,rust,test_or_benchmark
core::sync::atomic,core::sync::atomic::Ordering::Release,src/tests/integration/test-rust-thread/src/tests/rwlocks.rs,268,qualified_path,rust,test_or_benchmark
core::sync::atomic,core::sync::atomic::Ordering::Release,src/tests/integration/test-rust-thread/src/tests/rwlocks.rs,270,qualified_path,rust,test_or_benchmark
core::sync::atomic,core::sync::atomic::Ordering::Release,src/tests/integration/test-rust-thread/src/tests/rwlocks.rs,277,qualified_path,rust,test_or_benchmark
core::sync::atomic,core::sync::atomic::AtomicU8,src/tests/integration/test-rust-thread/src/tests/scheduler.rs,10,import,rust,test_or_benchmark
core::sync::atomic,core::sync::atomic::Ordering,src/tests/integration/test-rust-thread/src/tests/scheduler.rs,10,import,rust,test_or_benchmark
core::sync::atomic,core::sync::atomic::AtomicU8::new,src/tests/integration/test-rust-thread/src/tests/scheduler.rs,31,qualified_path,rust,test_or_benchmark
core::sync::atomic,core::sync::atomic::Ordering::Relaxed,src/tests/integration/test-rust-thread/src/tests/scheduler.rs,44,qualified_path,rust,test_or_benchmark
core::sync::atomic,core::sync::atomic::Ordering::Release,src/tests/integration/test-rust-thread/src/tests/scheduler.rs,57,qualified_path,rust,test_or_benchmark
core::sync::atomic,core::sync::atomic::Ordering::Acquire,src/tests/integration/test-rust-thread/src/tests/scheduler.rs,59,qualified_path,rust,test_or_benchmark
core::sync::atomic,core::sync::atomic::Ordering::Acquire,src/tests/integration/test-rust-thread/src/tests/scheduler.rs,79,qualified_path,rust,test_or_benchmark
core::sync::atomic,core::sync::atomic::Ordering::Release,src/tests/integration/test-rust-thread/src/tests/scheduler.rs,83,qualified_path,rust,test_or_benchmark
core::sync::atomic,core::sync::atomic::AtomicBool,src/tests/integration/test-rust-thread/src/tests/threads.rs,10,import,rust,test_or_benchmark
core::sync::atomic,core::sync::atomic::AtomicUsize,src/tests/integration/test-rust-thread/src/tests/threads.rs,10,import,rust,test_or_benchmark
core::sync::atomic,core::sync::atomic::Ordering,src/tests/integration/test-rust-thread/src/tests/threads.rs,10,import,rust,test_or_benchmark
core::sync::atomic,core::sync::atomic::AtomicBool::new,src/tests/integration/test-rust-thread/src/tests/threads.rs,38,qualified_path,rust,test_or_benchmark
core::sync::atomic,core::sync::atomic::AtomicUsize::new,src/tests/integration/test-rust-thread/src/tests/threads.rs,39,qualified_path,rust,test_or_benchmark
core::sync::atomic,core::sync::atomic::Ordering::Relaxed,src/tests/integration/test-rust-thread/src/tests/threads.rs,62,qualified_path,rust,test_or_benchmark
core::sync::atomic,core::sync::atomic::Ordering::Relaxed,src/tests/integration/test-rust-thread/src/tests/threads.rs,63,qualified_path,rust,test_or_benchmark
core::sync::atomic,core::sync::atomic::Ordering::Acquire,src/tests/integration/test-rust-thread/src/tests/threads.rs,84,qualified_path,rust,test_or_benchmark
core::sync::atomic,core::sync::atomic::Ordering::Release,src/tests/integration/test-rust-thread/src/tests/threads.rs,97,qualified_path,rust,test_or_benchmark
core::sync::atomic,core::sync::atomic::Ordering::Release,src/tests/integration/test-rust-thread/src/tests/threads.rs,98,qualified_path,rust,test_or_benchmark
core::sync::atomic,core::sync::atomic::Ordering,src/tests/stress/test-rust-fork-exec-loop-target/src/main.rs,40,import,verus,test_or_benchmark
core::sync::atomic,core::sync::atomic::Ordering::SeqCst,src/tests/stress/test-rust-fork-exec-loop-target/src/main.rs,87,qualified_path,verus,test_or_benchmark
core::sync::atomic,core::sync::atomic::Ordering::SeqCst,src/tests/stress/test-rust-fork-exec-loop-target/src/main.rs,91,qualified_path,verus,test_or_benchmark
core::sync::atomic,core::sync::atomic::AtomicUsize,src/tests/stress/test-rust-stress/src/tests/kcall_hammer.rs,17,import,rust,test_or_benchmark
core::sync::atomic,core::sync::atomic::Ordering,src/tests/stress/test-rust-stress/src/tests/kcall_hammer.rs,17,import,rust,test_or_benchmark
core::sync::atomic,core::sync::atomic::AtomicUsize::new,src/tests/stress/test-rust-stress/src/tests/kcall_hammer.rs,55,qualified_path,rust,test_or_benchmark
core::sync::atomic,core::sync::atomic::AtomicUsize::new,src/tests/stress/test-rust-stress/src/tests/kcall_hammer.rs,56,qualified_path,rust,test_or_benchmark
core::sync::atomic,core::sync::atomic::Ordering::Relaxed,src/tests/stress/test-rust-stress/src/tests/kcall_hammer.rs,74,qualified_path,rust,test_or_benchmark
core::sync::atomic,core::sync::atomic::Ordering::AcqRel,src/tests/stress/test-rust-stress/src/tests/kcall_hammer.rs,94,qualified_path,rust,test_or_benchmark
core::sync::atomic,core::sync::atomic::Ordering::Acquire,src/tests/stress/test-rust-stress/src/tests/kcall_hammer.rs,107,qualified_path,rust,test_or_benchmark
core::sync::atomic,core::sync::atomic::Ordering::Release,src/tests/stress/test-rust-stress/src/tests/kcall_hammer.rs,135,qualified_path,rust,test_or_benchmark
core::sync::atomic,core::sync::atomic::Ordering::AcqRel,src/tests/stress/test-rust-stress/src/tests/kcall_hammer.rs,160,qualified_path,rust,test_or_benchmark
core::sync::atomic,core::sync::atomic::AtomicUsize,src/tests/stress/test-rust-stress/src/tests/mutex_churn.rs,17,import,rust,test_or_benchmark
core::sync::atomic,core::sync::atomic::Ordering,src/tests/stress/test-rust-stress/src/tests/mutex_churn.rs,17,import,rust,test_or_benchmark
core::sync::atomic,core::sync::atomic::AtomicUsize::new,src/tests/stress/test-rust-stress/src/tests/mutex_churn.rs,53,qualified_path,rust,test_or_benchmark
core::sync::atomic,core::sync::atomic::AtomicUsize::new,src/tests/stress/test-rust-stress/src/tests/mutex_churn.rs,54,qualified_path,rust,test_or_benchmark
core::sync::atomic,core::sync::atomic::Ordering::Relaxed,src/tests/stress/test-rust-stress/src/tests/mutex_churn.rs,72,qualified_path,rust,test_or_benchmark
core::sync::atomic,core::sync::atomic::Ordering::AcqRel,src/tests/stress/test-rust-stress/src/tests/mutex_churn.rs,92,qualified_path,rust,test_or_benchmark
core::sync::atomic,core::sync::atomic::Ordering::Acquire,src/tests/stress/test-rust-stress/src/tests/mutex_churn.rs,102,qualified_path,rust,test_or_benchmark
core::sync::atomic,core::sync::atomic::Ordering::Release,src/tests/stress/test-rust-stress/src/tests/mutex_churn.rs,130,qualified_path,rust,test_or_benchmark
core::sync::atomic,core::sync::atomic::Ordering::AcqRel,src/tests/stress/test-rust-stress/src/tests/mutex_churn.rs,151,qualified_path,rust,test_or_benchmark
core::sync::atomic,core::sync::atomic::AtomicUsize,src/tests/stress/test-rust-stress/src/tests/parallel_spawners.rs,16,import,rust,test_or_benchmark
core::sync::atomic,core::sync::atomic::Ordering,src/tests/stress/test-rust-stress/src/tests/parallel_spawners.rs,16,import,rust,test_or_benchmark
core::sync::atomic,core::sync::atomic::AtomicUsize::new,src/tests/stress/test-rust-stress/src/tests/parallel_spawners.rs,49,qualified_path,rust,test_or_benchmark
core::sync::atomic,core::sync::atomic::AtomicUsize::new,src/tests/stress/test-rust-stress/src/tests/parallel_spawners.rs,50,qualified_path,rust,test_or_benchmark
core::sync::atomic,core::sync::atomic::Ordering::Relaxed,src/tests/stress/test-rust-stress/src/tests/parallel_spawners.rs,67,qualified_path,rust,test_or_benchmark
core::sync::atomic,core::sync::atomic::Ordering::AcqRel,src/tests/stress/test-rust-stress/src/tests/parallel_spawners.rs,85,qualified_path,rust,test_or_benchmark
core::sync::atomic,core::sync::atomic::Ordering::Acquire,src/tests/stress/test-rust-stress/src/tests/parallel_spawners.rs,95,qualified_path,rust,test_or_benchmark
core::sync::atomic,core::sync::atomic::Ordering::Release,src/tests/stress/test-rust-stress/src/tests/parallel_spawners.rs,123,qualified_path,rust,test_or_benchmark
core::sync::atomic,core::sync::atomic::Ordering::AcqRel,src/tests/stress/test-rust-stress/src/tests/parallel_spawners.rs,152,qualified_path,rust,test_or_benchmark
core::sync::atomic,core::sync::atomic::Ordering::Release,src/tests/stress/test-rust-stress/src/tests/parallel_spawners.rs,174,qualified_path,rust,test_or_benchmark
core::sync::atomic,core::sync::atomic::AtomicUsize,src/tests/stress/test-rust-stress/src/tests/scheduler_pressure.rs,15,import,rust,test_or_benchmark
core::sync::atomic,core::sync::atomic::Ordering,src/tests/stress/test-rust-stress/src/tests/scheduler_pressure.rs,15,import,rust,test_or_benchmark
core::sync::atomic,core::sync::atomic::AtomicUsize::new,src/tests/stress/test-rust-stress/src/tests/scheduler_pressure.rs,71,qualified_path,rust,test_or_benchmark
core::sync::atomic,core::sync::atomic::AtomicUsize::new,src/tests/stress/test-rust-stress/src/tests/scheduler_pressure.rs,74,qualified_path,rust,test_or_benchmark
core::sync::atomic,core::sync::atomic::Ordering::Relaxed,src/tests/stress/test-rust-stress/src/tests/scheduler_pressure.rs,94,qualified_path,rust,test_or_benchmark
core::sync::atomic,core::sync::atomic::Ordering::Relaxed,src/tests/stress/test-rust-stress/src/tests/scheduler_pressure.rs,95,qualified_path,rust,test_or_benchmark
core::sync::atomic,core::sync::atomic::Ordering::Relaxed,src/tests/stress/test-rust-stress/src/tests/scheduler_pressure.rs,129,qualified_path,rust,test_or_benchmark
core::sync::atomic,core::sync::atomic::Ordering::Relaxed,src/tests/stress/test-rust-stress/src/tests/scheduler_pressure.rs,143,qualified_path,rust,test_or_benchmark
core::sync::atomic,core::sync::atomic::Ordering::Relaxed,src/tests/stress/test-rust-stress/src/tests/scheduler_pressure.rs,177,qualified_path,rust,test_or_benchmark
core::sync::atomic,core::sync::atomic::Ordering::Relaxed,src/tests/stress/test-rust-stress/src/tests/scheduler_pressure.rs,178,qualified_path,rust,test_or_benchmark
core::sync::atomic,core::sync::atomic::Ordering::Relaxed,src/tests/stress/test-rust-stress/src/tests/scheduler_pressure.rs,211,qualified_path,rust,test_or_benchmark
core::sync::atomic,core::sync::atomic::AtomicUsize,src/tests/stress/test-rust-stress/src/tests/scoreboard_backpressure.rs,19,import,rust,test_or_benchmark
core::sync::atomic,core::sync::atomic::Ordering,src/tests/stress/test-rust-stress/src/tests/scoreboard_backpressure.rs,19,import,rust,test_or_benchmark
core::sync::atomic,core::sync::atomic::AtomicUsize::new,src/tests/stress/test-rust-stress/src/tests/scoreboard_backpressure.rs,74,qualified_path,rust,test_or_benchmark
core::sync::atomic,core::sync::atomic::AtomicUsize::new,src/tests/stress/test-rust-stress/src/tests/scoreboard_backpressure.rs,76,qualified_path,rust,test_or_benchmark
core::sync::atomic,core::sync::atomic::AtomicUsize::new,src/tests/stress/test-rust-stress/src/tests/scoreboard_backpressure.rs,78,qualified_path,rust,test_or_benchmark
core::sync::atomic,core::sync::atomic::Ordering::Relaxed,src/tests/stress/test-rust-stress/src/tests/scoreboard_backpressure.rs,95,qualified_path,rust,test_or_benchmark
core::sync::atomic,core::sync::atomic::Ordering::Relaxed,src/tests/stress/test-rust-stress/src/tests/scoreboard_backpressure.rs,96,qualified_path,rust,test_or_benchmark
core::sync::atomic,core::sync::atomic::Ordering::Release,src/tests/stress/test-rust-stress/src/tests/scoreboard_backpressure.rs,109,qualified_path,rust,test_or_benchmark
core::sync::atomic,core::sync::atomic::Ordering::AcqRel,src/tests/stress/test-rust-stress/src/tests/scoreboard_backpressure.rs,128,qualified_path,rust,test_or_benchmark
core::sync::atomic,core::sync::atomic::Ordering::Acquire,src/tests/stress/test-rust-stress/src/tests/scoreboard_backpressure.rs,142,qualified_path,rust,test_or_benchmark
core::sync::atomic,core::sync::atomic::Ordering::Release,src/tests/stress/test-rust-stress/src/tests/scoreboard_backpressure.rs,175,qualified_path,rust,test_or_benchmark
core::sync::atomic,core::sync::atomic::Ordering::AcqRel,src/tests/stress/test-rust-stress/src/tests/scoreboard_backpressure.rs,217,qualified_path,rust,test_or_benchmark
core::sync::atomic,core::sync::atomic::Ordering::Acquire,src/tests/stress/test-rust-stress/src/tests/scoreboard_backpressure.rs,245,qualified_path,rust,test_or_benchmark
core::sync::atomic,core::sync::atomic::AtomicUsize,src/tests/stress/test-rust-stress/src/tests/thread_fan_out.rs,15,import,rust,test_or_benchmark
core::sync::atomic,core::sync::atomic::Ordering,src/tests/stress/test-rust-stress/src/tests/thread_fan_out.rs,15,import,rust,test_or_benchmark
core::sync::atomic,core::sync::atomic::AtomicUsize::new,src/tests/stress/test-rust-stress/src/tests/thread_fan_out.rs,47,qualified_path,rust,test_or_benchmark
core::sync::atomic,core::sync::atomic::AtomicUsize::new,src/tests/stress/test-rust-stress/src/tests/thread_fan_out.rs,48,qualified_path,rust,test_or_benchmark
core::sync::atomic,core::sync::atomic::Ordering::Relaxed,src/tests/stress/test-rust-stress/src/tests/thread_fan_out.rs,65,qualified_path,rust,test_or_benchmark
core::sync::atomic,core::sync::atomic::Ordering::AcqRel,src/tests/stress/test-rust-stress/src/tests/thread_fan_out.rs,76,qualified_path,rust,test_or_benchmark
core::sync::atomic,core::sync::atomic::Ordering::Acquire,src/tests/stress/test-rust-stress/src/tests/thread_fan_out.rs,86,qualified_path,rust,test_or_benchmark
core::sync::atomic,core::sync::atomic::Ordering::Release,src/tests/stress/test-rust-stress/src/tests/thread_fan_out.rs,114,qualified_path,rust,test_or_benchmark
core::sync::atomic,core::sync::atomic::Ordering::AcqRel,src/tests/stress/test-rust-stress/src/tests/thread_fan_out.rs,136,qualified_path,rust,test_or_benchmark
core::sync::atomic,core::sync::atomic::AtomicUsize,src/tests/stress/test-rust-stress/src/tests/thread_identity.rs,15,import,rust,test_or_benchmark
core::sync::atomic,core::sync::atomic::Ordering,src/tests/stress/test-rust-stress/src/tests/thread_identity.rs,15,import,rust,test_or_benchmark
core::sync::atomic,core::sync::atomic::AtomicUsize::new,src/tests/stress/test-rust-stress/src/tests/thread_identity.rs,51,qualified_path,rust,test_or_benchmark
core::sync::atomic,core::sync::atomic::AtomicUsize::new,src/tests/stress/test-rust-stress/src/tests/thread_identity.rs,52,qualified_path,rust,test_or_benchmark
core::sync::atomic,core::sync::atomic::AtomicUsize::new,src/tests/stress/test-rust-stress/src/tests/thread_identity.rs,53,qualified_path,rust,test_or_benchmark
core::sync::atomic,core::sync::atomic::Ordering::Relaxed,src/tests/stress/test-rust-stress/src/tests/thread_identity.rs,70,qualified_path,rust,test_or_benchmark
core::sync::atomic,core::sync::atomic::Ordering::Relaxed,src/tests/stress/test-rust-stress/src/tests/thread_identity.rs,71,qualified_path,rust,test_or_benchmark
core::sync::atomic,core::sync::atomic::Ordering::AcqRel,src/tests/stress/test-rust-stress/src/tests/thread_identity.rs,85,qualified_path,rust,test_or_benchmark
core::sync::atomic,core::sync::atomic::Ordering::Acquire,src/tests/stress/test-rust-stress/src/tests/thread_identity.rs,94,qualified_path,rust,test_or_benchmark
core::sync::atomic,core::sync::atomic::Ordering::Acquire,src/tests/stress/test-rust-stress/src/tests/thread_identity.rs,95,qualified_path,rust,test_or_benchmark
core::sync::atomic,core::sync::atomic::Ordering::Release,src/tests/stress/test-rust-stress/src/tests/thread_identity.rs,134,qualified_path,rust,test_or_benchmark
core::sync::atomic,core::sync::atomic::Ordering::Release,src/tests/stress/test-rust-stress/src/tests/thread_identity.rs,152,qualified_path,rust,test_or_benchmark
core::sync::atomic,core::sync::atomic::Ordering::Release,src/tests/stress/test-rust-stress/src/tests/thread_identity.rs,153,qualified_path,rust,test_or_benchmark
core::sync::atomic,core::sync::atomic::AtomicUsize,src/tests/stress/test-rust-stress/src/tests/zombie_join_pressure.rs,16,import,rust,test_or_benchmark
core::sync::atomic,core::sync::atomic::Ordering,src/tests/stress/test-rust-stress/src/tests/zombie_join_pressure.rs,16,import,rust,test_or_benchmark
core::sync::atomic,core::sync::atomic::AtomicUsize::new,src/tests/stress/test-rust-stress/src/tests/zombie_join_pressure.rs,64,qualified_path,rust,test_or_benchmark
core::sync::atomic,core::sync::atomic::Ordering::AcqRel,src/tests/stress/test-rust-stress/src/tests/zombie_join_pressure.rs,137,qualified_path,rust,test_or_benchmark
core::sync::atomic,core::sync::atomic::Ordering::AcqRel,src/tests/stress/test-rust-stress/src/tests/zombie_join_pressure.rs,179,qualified_path,rust,test_or_benchmark
core::sync::atomic,core::sync::atomic::Ordering::Relaxed,src/tests/stress/test-rust-stress/src/tests/zombie_join_pressure.rs,180,qualified_path,rust,test_or_benchmark
core::time,core::time::Duration,src/kernel/src/ipc/rendezvous.rs,21,import,rust,production
core::time,core::time::Duration::new,src/kernel/src/ipc/rendezvous.rs,96,qualified_path,rust,production
core::time,core::time::Duration,src/kernel/src/pm/kcall/sleep.rs,14,import,rust,production
core::time,core::time::Duration::new,src/kernel/src/pm/kcall/sleep.rs,53,qualified_path,rust,production
core::time,core::time::Duration,src/libs/sys/src/sys/ipc/message/kernel.rs,25,import,verus,production
core::time,core::time::Duration,src/libs/sys/src/sys/kcall/ipc.rs,26,import,rust,production
core::time,core::time::Duration,src/libs/sys/src/sys/kcall/pm.rs,33,import,rust,production
core::time,core::time::Duration,src/libs/sys/src/sys/time/mod.rs,15,import,rust,production
core::time,core::time::Duration::new,src/libs/sys/src/sys/time/mod.rs,134,qualified_path,rust,production
core::time,core::time::Duration::new,src/libs/sys/src/sys/time/mod.rs,138,qualified_path,rust,production
core::time,core::time::Duration,src/libs/sys/src/sys/time/tests.rs,16,import,rust,production
core::time,core::time::Duration::new,src/libs/sys/src/sys/time/tests.rs,40,qualified_path,rust,production
core::time,core::time::Duration::new,src/libs/sys/src/sys/time/tests.rs,51,qualified_path,rust,production
core::time,core::time::Duration::new,src/libs/sys/src/sys/time/tests.rs,62,qualified_path,rust,production
core::time,core::time::Duration::new,src/libs/sys/src/sys/time/tests.rs,73,qualified_path,rust,production
core::time,core::time::Duration,src/libs/syscall/src/safe/time.rs,8,import,rust,production
core::time,core::time::Duration,src/libs/syscall/src/time/syscall/nanosleep.rs,8,import,rust,production
core::time,core::time::Duration::new,src/libs/syscall/src/time/syscall/nanosleep.rs,70,qualified_path,rust,production
core::time,core::time::Duration,src/libs/syscall/src/unistd/bindings/sleep.rs,8,import,rust,production
core::time,core::time::Duration::from_secs,src/libs/syscall/src/unistd/bindings/sleep.rs,51,qualified_path,rust,production
core::time,core::time::Duration::ZERO,src/libs/syscall/src/unistd/bindings/sleep.rs,87,qualified_path,rust,production
core::time,core::time::Duration,src/tests/integration/test-rust-file/src/safe/file/timestamps.rs,8,import,rust,test_or_benchmark
core::time,core::time::Duration::from_secs,src/tests/integration/test-rust-file/src/safe/file/timestamps.rs,76,qualified_path,rust,test_or_benchmark
core::time,core::time::Duration::from_secs,src/tests/integration/test-rust-file/src/safe/file/timestamps.rs,83,qualified_path,rust,test_or_benchmark
core::time,core::time::Duration,src/tests/integration/test-rust-fork-kcall/src/tests/fork.rs,34,import,verus,test_or_benchmark
core::time,core::time::Duration::from_millis,src/tests/integration/test-rust-fork-kcall/src/tests/fork.rs,112,qualified_path,verus,test_or_benchmark
core::time,core::time::Duration,src/tests/integration/test-rust-kernel/src/duplicate.rs,19,import,verus,test_or_benchmark
core::time,core::time::Duration::from_millis,src/tests/integration/test-rust-kernel/src/duplicate.rs,86,qualified_path,verus,test_or_benchmark
core::time,core::time::Duration,src/tests/integration/test-rust-kernel/src/rendezvous.rs,10,import,verus,test_or_benchmark
core::time,core::time::Duration::from_millis,src/tests/integration/test-rust-kernel/src/rendezvous.rs,2464,qualified_path,verus,test_or_benchmark
core::time,core::time::Duration::from_secs,src/tests/integration/test-rust-kernel/src/rendezvous.rs,2468,qualified_path,verus,test_or_benchmark
core::time,core::time::Duration::ZERO,src/tests/integration/test-rust-kernel/src/rendezvous.rs,2610,qualified_path,verus,test_or_benchmark
core::time,core::time::Duration::ZERO,src/tests/integration/test-rust-kernel/src/rendezvous.rs,2644,qualified_path,verus,test_or_benchmark
core::time,core::time::Duration::ZERO,src/tests/integration/test-rust-kernel/src/rendezvous.rs,2682,qualified_path,verus,test_or_benchmark
core::time,core::time::Duration::ZERO,src/tests/integration/test-rust-kernel/src/rendezvous.rs,2734,qualified_path,verus,test_or_benchmark
core::time,core::time::Duration,src/tests/integration/test-rust-thread/src/runtime.rs,9,import,rust,test_or_benchmark
core::time,core::time::Duration,src/tests/integration/test-rust-thread/src/tests/alarm_starvation.rs,13,import,rust,test_or_benchmark
core::time,core::time::Duration::from_millis,src/tests/integration/test-rust-thread/src/tests/alarm_starvation.rs,38,qualified_path,rust,test_or_benchmark
core::time,core::time::Duration::from_millis,src/tests/integration/test-rust-thread/src/tests/alarm_starvation.rs,44,qualified_path,rust,test_or_benchmark
core::time,core::time::Duration,src/tests/integration/test-rust-thread/src/tests/cond_timedwait.rs,12,import,rust,test_or_benchmark
core::time,core::time::Duration::from_secs,src/tests/integration/test-rust-thread/src/tests/cond_timedwait.rs,82,qualified_path,rust,test_or_benchmark
core::time,core::time::Duration,src/tests/integration/test-rust-thread/src/tests/condvars.rs,14,import,rust,test_or_benchmark
core::time,core::time::Duration::from_millis,src/tests/integration/test-rust-thread/src/tests/condvars.rs,168,qualified_path,rust,test_or_benchmark
core::time,core::time::Duration,src/tests/integration/test-rust-thread/src/tests/mutex_timedlock.rs,12,import,rust,test_or_benchmark
core::time,core::time::Duration::from_secs,src/tests/integration/test-rust-thread/src/tests/mutex_timedlock.rs,82,qualified_path,rust,test_or_benchmark
core::time,core::time::Duration,src/tests/integration/test-rust-thread/src/tests/nowait.rs,9,import,rust,test_or_benchmark
core::time,core::time::Duration::from_secs,src/tests/integration/test-rust-thread/src/tests/nowait.rs,23,qualified_path,rust,test_or_benchmark
core::time,core::time::Duration,src/tests/integration/test-rust-thread/src/tests/timers.rs,9,import,rust,test_or_benchmark
core::time,core::time::Duration::from_millis,src/tests/integration/test-rust-thread/src/tests/timers.rs,35,qualified_path,rust,test_or_benchmark
core::time,core::time::Duration,src/tests/stress/test-rust-stress/src/tests/scheduler_pressure.rs,15,import,rust,test_or_benchmark
core::time,core::time::Duration::from_micros,src/tests/stress/test-rust-stress/src/tests/scheduler_pressure.rs,64,qualified_path,rust,test_or_benchmark
core::time,core::time::Duration,src/tests/stress/test-rust-stress/src/tests/sleep_burst.rs,9,import,rust,test_or_benchmark
core::time,core::time::Duration::from_micros,src/tests/stress/test-rust-stress/src/tests/sleep_burst.rs,52,qualified_path,rust,test_or_benchmark
core::time,core::time::Duration,src/tests/stress/test-rust-stress/src/tests/zombie_join_pressure.rs,16,import,rust,test_or_benchmark
core::time,core::time::Duration::from_micros,src/tests/stress/test-rust-stress/src/tests/zombie_join_pressure.rs,193,qualified_path,rust,test_or_benchmark
std::alloc,std::alloc::Layout::from_size_align,src/libs/slab/src/test.rs,119,qualified_path,verus,production
std::alloc,std::alloc::alloc_zeroed,src/libs/slab/src/test.rs,120,qualified_path,verus,production
std::alloc,std::alloc::dealloc,src/libs/slab/src/test.rs,137,qualified_path,verus,production
std::alloc,std::alloc::Layout::from_size_align,src/libs/slab/src/test.rs,144,qualified_path,verus,production
std::alloc,std::alloc::alloc_zeroed,src/libs/slab/src/test.rs,145,qualified_path,verus,production
std::borrow,std::borrow::Cow,src/uservm/src/guest_profiler/perf_linux.rs,256,qualified_path,verus,production
std::cell,std::cell::RefCell,src/libs/profiler/src/lib.rs,15,import,rust,production
std::cell,std::cell::RefCell::new,src/libs/profiler/src/lib.rs,91,qualified_path,rust,production
std::cell,std::cell::RefCell::new,src/libs/profiler/src/lib.rs,115,qualified_path,rust,production
std::cell,std::cell::RefCell,src/libs/profiler/src/scope.rs,9,import,rust,production
std::cell,std::cell::Cell,src/uservm/src/vmm/microvm/mod.rs,78,import,verus,production
std::cmp,std::cmp::Reverse,src/uservm/src/guest_profiler/samples.rs,288,qualified_path,rust,production
std::collections,std::collections::HashMap,src/daemons/hostfsd/src/fd_table.rs,8,import,rust,production
std::collections,std::collections::HashMap::new,src/daemons/hostfsd/src/fd_table.rs,95,qualified_path,rust,production
std::collections,std::collections::VecDeque,src/daemons/hostfsd/src/handler.rs,115,qualified_path,verus,production
std::collections,std::collections::VecDeque::new,src/daemons/hostfsd/src/handler.rs,127,qualified_path,verus,production
std::collections,std::collections::HashMap,src/libs/config/build.rs,11,import,rust,production
std::collections,std::collections::HashMap::new,src/libs/config/build.rs,52,qualified_path,rust,production
std::collections,std::collections::HashMap,src/libs/nanvix-oci/src/config.rs,6,import,rust,production
std::collections,std::collections::HashMap,src/uservm/src/guest_profiler/samples.rs,263,import,rust,production
std::collections,std::collections::HashMap::new,src/uservm/src/guest_profiler/samples.rs,272,qualified_path,rust,production
std::collections,std::collections::BTreeMap,src/uservm/src/lib.rs,102,import,rust,production
std::collections,std::collections::BTreeSet,src/uservm/src/lib.rs,102,import,rust,production
std::collections,std::collections::BTreeSet::new,src/uservm/src/lib.rs,721,qualified_path,rust,production
std::collections,std::collections::VecDeque,src/uservm/src/pal/windows.rs,19,import,verus,production
std::collections,std::collections::VecDeque::new,src/uservm/src/pal/windows.rs,349,qualified_path,verus,production
std::collections,std::collections::VecDeque,src/uservm/src/standalone.rs,39,import,rust,production
std::collections,std::collections::VecDeque::new,src/uservm/src/standalone.rs,428,qualified_path,rust,production
std::collections,std::collections::HashMap,src/uservm/src/vmm/microvm/gdb/event_loop.rs,44,import,rust,production
std::collections,std::collections::HashMap::new,src/uservm/src/vmm/microvm/gdb/event_loop.rs,368,qualified_path,rust,production
std::collections,std::collections::HashMap,src/uservm/src/vmm/microvm/gdb/target.rs,55,import,rust,production
std::collections,std::collections::HashSet,src/uservm/src/vmm/microvm/kvm/vcpu/msr.rs,38,import,rust,production
std::collections,std::collections::VecDeque,src/uservm/src/vmm/microvm/whp/console.rs,28,import,rust,production
std::collections,std::collections::VecDeque::new,src/uservm/src/vmm/microvm/whp/console.rs,154,qualified_path,rust,production
std::collections,std::collections::HashMap,src/utils/containerd-shim-nanvix-v1/tests/integration.rs,15,import,rust,test_or_benchmark
std::collections,std::collections::HashMap::new,src/utils/containerd-shim-nanvix-v1/tests/integration.rs,311,qualified_path,rust,test_or_benchmark
std::collections,std::collections::BTreeMap,src/utils/gen-headers/src/main.rs,24,import,rust,production
std::collections,std::collections::HashMap,src/utils/gen-headers/src/main.rs,24,import,rust,production
std::collections,std::collections::BTreeMap::new,src/utils/gen-headers/src/main.rs,591,qualified_path,rust,production
std::collections,std::collections::BTreeMap::new,src/utils/gen-headers/src/main.rs,637,qualified_path,rust,production
std::collections,std::collections::HashMap,src/utils/nanvix-bench/src/benchmarks/gateway.rs,55,import,rust,test_or_benchmark
std::collections,std::collections::HashMap::new,src/utils/nanvix-bench/src/benchmarks/gateway.rs,517,qualified_path,rust,test_or_benchmark
std::collections,std::collections::HashMap,src/utils/nanvix-bench/src/benchmarks/socket_echo.rs,26,import,rust,test_or_benchmark
std::collections,std::collections::HashMap::new,src/utils/nanvix-bench/src/benchmarks/socket_echo.rs,167,qualified_path,rust,test_or_benchmark
std::collections,std::collections::HashMap,src/utils/nanvix-bench/src/benchmarks/standalone.rs,16,import,rust,test_or_benchmark
std::collections,std::collections::HashMap::new,src/utils/nanvix-bench/src/benchmarks/standalone.rs,123,qualified_path,rust,test_or_benchmark
std::collections,std::collections::HashMap,src/utils/nanvix-bench/src/benchmarks/vmm/snapshot_restore.rs,33,import,rust,test_or_benchmark
std::collections,std::collections::HashMap::new,src/utils/nanvix-bench/src/benchmarks/vmm/snapshot_restore.rs,351,qualified_path,rust,test_or_benchmark
std::collections,std::collections::HashMap,src/utils/nanvix-bench/src/benchmarks/vmm/warm_start_vmm.rs,54,import,rust,test_or_benchmark
std::collections,std::collections::HashMap::new,src/utils/nanvix-bench/src/benchmarks/vmm/warm_start_vmm.rs,419,qualified_path,rust,test_or_benchmark
std::collections,std::collections::HashSet,src/utils/nanvix-test/src/log_layout.rs,11,import,rust,production
std::collections,std::collections::HashSet::new,src/utils/nanvix-test/src/log_layout.rs,628,qualified_path,rust,production
std::collections,std::collections::HashMap,src/utils/strace/src/main.rs,15,import,rust,production
std::env,std::env,build/user/build.rs,14,import,rust,production
std::env,std::env::var,build/user/build.rs,34,qualified_path,rust,production
std::env,std::env::var,build/user/build.rs,54,qualified_path,rust,production
std::env,std::env,src/benchmarks/echo-rust-nostd/build.rs,14,import,rust,test_or_benchmark
std::env,std::env::var,src/benchmarks/echo-rust-nostd/build.rs,34,qualified_path,rust,test_or_benchmark
std::env,std::env::var,src/benchmarks/echo-rust-nostd/build.rs,54,qualified_path,rust,test_or_benchmark
std::env,std::env,src/benchmarks/mount-bench-nostd/build.rs,14,import,rust,test_or_benchmark
std::env,std::env::var,src/benchmarks/mount-bench-nostd/build.rs,27,qualified_path,rust,test_or_benchmark
std::env,std::env::var,src/benchmarks/mount-bench-nostd/build.rs,31,qualified_path,rust,test_or_benchmark
std::env,std::env,src/benchmarks/noop-rust-nostd/build.rs,14,import,rust,test_or_benchmark
std::env,std::env::var,src/benchmarks/noop-rust-nostd/build.rs,34,qualified_path,rust,test_or_benchmark
std::env,std::env::var,src/benchmarks/noop-rust-nostd/build.rs,54,qualified_path,rust,test_or_benchmark
std::env,std::env,src/benchmarks/snapshot-rust-nostd/build.rs,14,import,rust,test_or_benchmark
std::env,std::env::var,src/benchmarks/snapshot-rust-nostd/build.rs,38,qualified_path,rust,test_or_benchmark
std::env,std::env::var,src/benchmarks/snapshot-rust-nostd/build.rs,62,qualified_path,rust,test_or_benchmark
std::env,std::env::var,src/benchmarks/snapshot-rust-nostd/build.rs,82,qualified_path,rust,test_or_benchmark
std::env,std::env,src/benchmarks/socket-echo-rust-nostd/build.rs,14,import,rust,test_or_benchmark
std::env,std::env::var,src/benchmarks/socket-echo-rust-nostd/build.rs,25,qualified_path,rust,test_or_benchmark
std::env,std::env,src/benchmarks/vfs-bench-nostd/build.rs,14,import,verus,test_or_benchmark
std::env,std::env::var,src/benchmarks/vfs-bench-nostd/build.rs,109,qualified_path,verus,test_or_benchmark
std::env,std::env::var,src/benchmarks/vfs-bench-nostd/build.rs,116,qualified_path,verus,test_or_benchmark
std::env,std::env,src/daemons/memd/build.rs,14,import,rust,production
std::env,std::env::var,src/daemons/memd/build.rs,34,qualified_path,rust,production
std::env,std::env::var,src/daemons/memd/build.rs,54,qualified_path,rust,production
std::env,std::env::temp_dir,src/daemons/networkd/src/framing.rs,112,qualified_path,rust,production
std::env,std::env,src/daemons/procd/build.rs,14,import,rust,production
std::env,std::env::var,src/daemons/procd/build.rs,34,qualified_path,rust,production
std::env,std::env::var,src/daemons/procd/build.rs,54,qualified_path,rust,production
std::env,std::env,src/daemons/vfsd/build.rs,14,import,rust,production
std::env,std::env::var,src/daemons/vfsd/build.rs,34,qualified_path,rust,production
std::env,std::env::var,src/daemons/vfsd/build.rs,54,qualified_path,rust,production
std::env,std::env,src/kernel/build.rs,14,import,rust,production
std::env,std::env::var,src/kernel/build.rs,40,qualified_path,rust,production
std::env,std::env::var,src/kernel/build.rs,65,qualified_path,rust,production
std::env,std::env::var,src/libs/build-utils/src/lib.rs,67,qualified_path,rust,production
std::env,std::env,src/libs/config/build.rs,11,import,rust,production
std::env,std::env::var,src/libs/config/build.rs,312,qualified_path,rust,production
std::env,std::env::temp_dir,src/libs/nanvix-shim-core/src/config.rs,53,qualified_path,rust,production
std::env,std::env::current_exe,src/libs/nanvix-shim-proto/src/executor.rs,71,qualified_path,rust,production
std::env,std::env::current_dir,src/libs/nanvix-shim-proto/src/executor.rs,72,qualified_path,rust,production
std::env,std::env::temp_dir,src/libs/syscomm/src/tests/unix.rs,31,qualified_path,rust,test_or_benchmark
std::env,std::env::temp_dir,src/libs/syscomm/src/tests/unix.rs,71,qualified_path,rust,test_or_benchmark
std::env,std::env::temp_dir,src/libs/syscomm/src/tests/unix.rs,148,qualified_path,rust,test_or_benchmark
std::env,std::env::temp_dir,src/libs/syscomm/src/tests/unix.rs,187,qualified_path,rust,test_or_benchmark
std::env,std::env,src/tests/integration/test-rust-arch/build.rs,14,import,rust,test_or_benchmark
std::env,std::env::var,src/tests/integration/test-rust-arch/build.rs,34,qualified_path,rust,test_or_benchmark
std::env,std::env::var,src/tests/integration/test-rust-arch/build.rs,54,qualified_path,rust,test_or_benchmark
std::env,std::env,src/tests/integration/test-rust-c-bindings/build.rs,14,import,rust,test_or_benchmark
std::env,std::env::var,src/tests/integration/test-rust-c-bindings/build.rs,34,qualified_path,rust,test_or_benchmark
std::env,std::env::var,src/tests/integration/test-rust-c-bindings/build.rs,54,qualified_path,rust,test_or_benchmark
std::env,std::env,src/tests/integration/test-rust-cmdline-env-nostd/build.rs,14,import,rust,test_or_benchmark
std::env,std::env::var,src/tests/integration/test-rust-cmdline-env-nostd/build.rs,34,qualified_path,rust,test_or_benchmark
std::env,std::env::var,src/tests/integration/test-rust-cmdline-env-nostd/build.rs,54,qualified_path,rust,test_or_benchmark
std::env,std::env,src/tests/integration/test-rust-cmdline-len/build.rs,14,import,rust,test_or_benchmark
std::env,std::env::var,src/tests/integration/test-rust-cmdline-len/build.rs,34,qualified_path,rust,test_or_benchmark
std::env,std::env::var,src/tests/integration/test-rust-cmdline-len/build.rs,54,qualified_path,rust,test_or_benchmark
std::env,std::env,src/tests/integration/test-rust-dlfcn/build.rs,14,import,rust,test_or_benchmark
std::env,std::env::var,src/tests/integration/test-rust-dlfcn/build.rs,140,qualified_path,rust,test_or_benchmark
std::env,std::env::var,src/tests/integration/test-rust-dlfcn/build.rs,168,qualified_path,rust,test_or_benchmark
std::env,std::env::var,src/tests/integration/test-rust-dlfcn/build.rs,199,qualified_path,rust,test_or_benchmark
std::env,std::env,src/tests/integration/test-rust-env-nostd/build.rs,14,import,rust,test_or_benchmark
std::env,std::env::var,src/tests/integration/test-rust-env-nostd/build.rs,34,qualified_path,rust,test_or_benchmark
std::env,std::env::var,src/tests/integration/test-rust-env-nostd/build.rs,54,qualified_path,rust,test_or_benchmark
std::env,std::env,src/tests/integration/test-rust-execv-big-target/build.rs,14,import,rust,test_or_benchmark
std::env,std::env::var,src/tests/integration/test-rust-execv-big-target/build.rs,22,qualified_path,rust,test_or_benchmark
std::env,std::env,src/tests/integration/test-rust-execv-target/build.rs,14,import,rust,test_or_benchmark
std::env,std::env::var,src/tests/integration/test-rust-execv-target/build.rs,22,qualified_path,rust,test_or_benchmark
std::env,std::env,src/tests/integration/test-rust-execv-test/build.rs,14,import,rust,test_or_benchmark
std::env,std::env::var,src/tests/integration/test-rust-execv-test/build.rs,22,qualified_path,rust,test_or_benchmark
std::env,std::env,src/tests/integration/test-rust-file/build.rs,14,import,rust,test_or_benchmark
std::env,std::env::var,src/tests/integration/test-rust-file/build.rs,34,qualified_path,rust,test_or_benchmark
std::env,std::env::var,src/tests/integration/test-rust-file/build.rs,54,qualified_path,rust,test_or_benchmark
std::env,std::env,src/tests/integration/test-rust-fork-exec-argv-space-target/build.rs,14,import,rust,test_or_benchmark
std::env,std::env::var,src/tests/integration/test-rust-fork-exec-argv-space-target/build.rs,21,qualified_path,rust,test_or_benchmark
std::env,std::env,src/tests/integration/test-rust-fork-exec-argv-space-test/build.rs,14,import,rust,test_or_benchmark
std::env,std::env::var,src/tests/integration/test-rust-fork-exec-argv-space-test/build.rs,21,qualified_path,rust,test_or_benchmark
std::env,std::env,src/tests/integration/test-rust-fork-exec-pipe-bulk-target/build.rs,14,import,rust,test_or_benchmark
std::env,std::env::var,src/tests/integration/test-rust-fork-exec-pipe-bulk-target/build.rs,22,qualified_path,rust,test_or_benchmark
std::env,std::env,src/tests/integration/test-rust-fork-exec-pipe-bulk-test/build.rs,14,import,rust,test_or_benchmark
std::env,std::env::var,src/tests/integration/test-rust-fork-exec-pipe-bulk-test/build.rs,21,qualified_path,rust,test_or_benchmark
std::env,std::env,src/tests/integration/test-rust-fork-exec-vfsd-target/build.rs,14,import,rust,test_or_benchmark
std::env,std::env::var,src/tests/integration/test-rust-fork-exec-vfsd-target/build.rs,21,qualified_path,rust,test_or_benchmark
std::env,std::env,src/tests/integration/test-rust-fork-exec-vfsd-test/build.rs,14,import,rust,test_or_benchmark
std::env,std::env::var,src/tests/integration/test-rust-fork-exec-vfsd-test/build.rs,21,qualified_path,rust,test_or_benchmark
std::env,std::env,src/tests/integration/test-rust-fork-exec-write-target/build.rs,14,import,rust,test_or_benchmark
std::env,std::env::var,src/tests/integration/test-rust-fork-exec-write-target/build.rs,21,qualified_path,rust,test_or_benchmark
std::env,std::env,src/tests/integration/test-rust-fork-exec-write-test/build.rs,14,import,rust,test_or_benchmark
std::env,std::env::var,src/tests/integration/test-rust-fork-exec-write-test/build.rs,21,qualified_path,rust,test_or_benchmark
std::env,std::env,src/tests/integration/test-rust-fork-guestfs/build.rs,14,import,rust,test_or_benchmark
std::env,std::env::var,src/tests/integration/test-rust-fork-guestfs/build.rs,43,qualified_path,rust,test_or_benchmark
std::env,std::env::var,src/tests/integration/test-rust-fork-guestfs/build.rs,50,qualified_path,rust,test_or_benchmark
std::env,std::env::var,src/tests/integration/test-rust-fork-guestfs/build.rs,57,qualified_path,rust,test_or_benchmark
std::env,std::env,src/tests/integration/test-rust-fork-hostfs/build.rs,14,import,rust,test_or_benchmark
std::env,std::env::var,src/tests/integration/test-rust-fork-hostfs/build.rs,39,qualified_path,rust,test_or_benchmark
std::env,std::env::var,src/tests/integration/test-rust-fork-hostfs/build.rs,46,qualified_path,rust,test_or_benchmark
std::env,std::env,src/tests/integration/test-rust-fork-kcall/build.rs,14,import,rust,test_or_benchmark
std::env,std::env::var,src/tests/integration/test-rust-fork-kcall/build.rs,34,qualified_path,rust,test_or_benchmark
std::env,std::env::var,src/tests/integration/test-rust-fork-kcall/build.rs,54,qualified_path,rust,test_or_benchmark
std::env,std::env,src/tests/integration/test-rust-getenv-nostd/build.rs,14,import,rust,test_or_benchmark
std::env,std::env::var,src/tests/integration/test-rust-getenv-nostd/build.rs,34,qualified_path,rust,test_or_benchmark
std::env,std::env::var,src/tests/integration/test-rust-getenv-nostd/build.rs,54,qualified_path,rust,test_or_benchmark
std::env,std::env,src/tests/integration/test-rust-job-control/build.rs,14,import,rust,test_or_benchmark
std::env,std::env::var,src/tests/integration/test-rust-job-control/build.rs,34,qualified_path,rust,test_or_benchmark
std::env,std::env::var,src/tests/integration/test-rust-job-control/build.rs,54,qualified_path,rust,test_or_benchmark
std::env,std::env,src/tests/integration/test-rust-kernel/build.rs,14,import,rust,test_or_benchmark
std::env,std::env::var,src/tests/integration/test-rust-kernel/build.rs,34,qualified_path,rust,test_or_benchmark
std::env,std::env::var,src/tests/integration/test-rust-kernel/build.rs,54,qualified_path,rust,test_or_benchmark
std::env,std::env,src/tests/integration/test-rust-kill/build.rs,14,import,rust,test_or_benchmark
std::env,std::env::var,src/tests/integration/test-rust-kill/build.rs,34,qualified_path,rust,test_or_benchmark
std::env,std::env::var,src/tests/integration/test-rust-kill/build.rs,54,qualified_path,rust,test_or_benchmark
std::env,std::env,src/tests/integration/test-rust-linux-app/build.rs,14,import,rust,test_or_benchmark
std::env,std::env::var,src/tests/integration/test-rust-linux-app/build.rs,34,qualified_path,rust,test_or_benchmark
std::env,std::env::var,src/tests/integration/test-rust-linux-app/build.rs,54,qualified_path,rust,test_or_benchmark
std::env,std::env,src/tests/integration/test-rust-misc/build.rs,14,import,rust,test_or_benchmark
std::env,std::env::var,src/tests/integration/test-rust-misc/build.rs,34,qualified_path,rust,test_or_benchmark
std::env,std::env::var,src/tests/integration/test-rust-misc/build.rs,54,qualified_path,rust,test_or_benchmark
std::env,std::env,src/tests/integration/test-rust-mmio-fault/build.rs,14,import,rust,test_or_benchmark
std::env,std::env::var,src/tests/integration/test-rust-mmio-fault/build.rs,34,qualified_path,rust,test_or_benchmark
std::env,std::env::var,src/tests/integration/test-rust-mmio-fault/build.rs,54,qualified_path,rust,test_or_benchmark
std::env,std::env,src/tests/integration/test-rust-mount-multipart-test/build.rs,14,import,rust,test_or_benchmark
std::env,std::env::var,src/tests/integration/test-rust-mount-multipart-test/build.rs,34,qualified_path,rust,test_or_benchmark
std::env,std::env::var,src/tests/integration/test-rust-mount-multipart-test/build.rs,54,qualified_path,rust,test_or_benchmark
std::env,std::env,src/tests/integration/test-rust-mount-test/build.rs,14,import,rust,test_or_benchmark
std::env,std::env::var,src/tests/integration/test-rust-mount-test/build.rs,24,qualified_path,rust,test_or_benchmark
std::env,std::env::var,src/tests/integration/test-rust-mount-test/build.rs,31,qualified_path,rust,test_or_benchmark
std::env,std::env,src/tests/integration/test-rust-network/build.rs,14,import,rust,test_or_benchmark
std::env,std::env::var,src/tests/integration/test-rust-network/build.rs,34,qualified_path,rust,test_or_benchmark
std::env,std::env::var,src/tests/integration/test-rust-network/build.rs,54,qualified_path,rust,test_or_benchmark
std::env,std::env,src/tests/integration/test-rust-pipe-dup2/build.rs,14,import,rust,test_or_benchmark
std::env,std::env::var,src/tests/integration/test-rust-pipe-dup2/build.rs,21,qualified_path,rust,test_or_benchmark
std::env,std::env,src/tests/integration/test-rust-setenv/build.rs,14,import,rust,test_or_benchmark
std::env,std::env::var,src/tests/integration/test-rust-setenv/build.rs,21,qualified_path,rust,test_or_benchmark
std::env,std::env,src/tests/integration/test-rust-sigsegv/build.rs,14,import,rust,test_or_benchmark
std::env,std::env::var,src/tests/integration/test-rust-sigsegv/build.rs,34,qualified_path,rust,test_or_benchmark
std::env,std::env::var,src/tests/integration/test-rust-sigsegv/build.rs,54,qualified_path,rust,test_or_benchmark
std::env,std::env,src/tests/integration/test-rust-snapshot-test/build.rs,14,import,rust,test_or_benchmark
std::env,std::env::var,src/tests/integration/test-rust-snapshot-test/build.rs,22,qualified_path,rust,test_or_benchmark
std::env,std::env,src/tests/integration/test-rust-socket-fork/build.rs,14,import,rust,test_or_benchmark
std::env,std::env::var,src/tests/integration/test-rust-socket-fork/build.rs,21,qualified_path,rust,test_or_benchmark
std::env,std::env,src/tests/integration/test-rust-testd/build.rs,14,import,rust,test_or_benchmark
std::env,std::env::var,src/tests/integration/test-rust-testd/build.rs,34,qualified_path,rust,test_or_benchmark
std::env,std::env::var,src/tests/integration/test-rust-testd/build.rs,54,qualified_path,rust,test_or_benchmark
std::env,std::env,src/tests/integration/test-rust-thread-vfs-test/build.rs,14,import,rust,test_or_benchmark
std::env,std::env::var,src/tests/integration/test-rust-thread-vfs-test/build.rs,21,qualified_path,rust,test_or_benchmark
std::env,std::env,src/tests/integration/test-rust-thread/build.rs,14,import,rust,test_or_benchmark
std::env,std::env::var,src/tests/integration/test-rust-thread/build.rs,34,qualified_path,rust,test_or_benchmark
std::env,std::env::var,src/tests/integration/test-rust-thread/build.rs,54,qualified_path,rust,test_or_benchmark
std::env,std::env,src/tests/integration/test-rust-vfs-test/build.rs,14,import,rust,test_or_benchmark
std::env,std::env::var,src/tests/integration/test-rust-vfs-test/build.rs,28,qualified_path,rust,test_or_benchmark
std::env,std::env::var,src/tests/integration/test-rust-vfs-test/build.rs,35,qualified_path,rust,test_or_benchmark
std::env,std::env::var,src/tests/integration/test-rust-vfs-test/build.rs,42,qualified_path,rust,test_or_benchmark
std::env,std::env,src/tests/integration/test-rust-waitpid/build.rs,14,import,rust,test_or_benchmark
std::env,std::env::var,src/tests/integration/test-rust-waitpid/build.rs,34,qualified_path,rust,test_or_benchmark
std::env,std::env::var,src/tests/integration/test-rust-waitpid/build.rs,54,qualified_path,rust,test_or_benchmark
std::env,std::env,src/tests/stress/test-rust-fork-exec-loop-target/build.rs,6,import,rust,test_or_benchmark
std::env,std::env::var,src/tests/stress/test-rust-fork-exec-loop-target/build.rs,9,qualified_path,rust,test_or_benchmark
std::env,std::env,src/tests/stress/test-rust-fork-exec-loop-test/build.rs,6,import,rust,test_or_benchmark
std::env,std::env::var,src/tests/stress/test-rust-fork-exec-loop-test/build.rs,9,qualified_path,rust,test_or_benchmark
std::env,std::env,src/tests/stress/test-rust-fork-exec-pipe-loop-target/build.rs,14,import,rust,test_or_benchmark
std::env,std::env::var,src/tests/stress/test-rust-fork-exec-pipe-loop-target/build.rs,22,qualified_path,rust,test_or_benchmark
std::env,std::env,src/tests/stress/test-rust-fork-exec-pipe-loop-test/build.rs,14,import,rust,test_or_benchmark
std::env,std::env::var,src/tests/stress/test-rust-fork-exec-pipe-loop-test/build.rs,21,qualified_path,rust,test_or_benchmark
std::env,std::env,src/tests/stress/test-rust-memory/build.rs,14,import,rust,test_or_benchmark
std::env,std::env::var,src/tests/stress/test-rust-memory/build.rs,34,qualified_path,rust,test_or_benchmark
std::env,std::env::var,src/tests/stress/test-rust-memory/build.rs,54,qualified_path,rust,test_or_benchmark
std::env,std::env,src/tests/stress/test-rust-stress/build.rs,14,import,rust,test_or_benchmark
std::env,std::env::var,src/tests/stress/test-rust-stress/build.rs,34,qualified_path,rust,test_or_benchmark
std::env,std::env::var,src/tests/stress/test-rust-stress/build.rs,53,qualified_path,rust,test_or_benchmark
std::env,std::env::var,src/tests/stress/test-rust-stress/build.rs,59,qualified_path,rust,test_or_benchmark
std::env,std::env,src/user/hello-rust-nostd/build.rs,14,import,rust,production
std::env,std::env::var,src/user/hello-rust-nostd/build.rs,34,qualified_path,rust,production
std::env,std::env::var,src/user/hello-rust-nostd/build.rs,54,qualified_path,rust,production
std::env,std::env,src/uservm/src/args.rs,11,import,rust,production
std::env,std::env::current_dir,src/uservm/src/args.rs,192,qualified_path,rust,production
std::env,std::env::var,src/uservm/src/guest_profiler/etw.rs,110,qualified_path,rust,production
std::env,std::env::var,src/uservm/src/guest_profiler/etw.rs,117,qualified_path,rust,production
std::env,std::env::var,src/uservm/src/guest_profiler/etw.rs,126,qualified_path,rust,production
std::env,std::env::current_exe,src/uservm/src/guest_profiler/etw.rs,135,qualified_path,rust,production
std::env,std::env::var,src/uservm/src/guest_profiler/perf_linux.rs,109,qualified_path,verus,production
std::env,std::env::var,src/uservm/src/lib.rs,552,qualified_path,rust,production
std::env,std::env::var,src/uservm/src/lib.rs,555,qualified_path,rust,production
std::env,std::env,src/uservm/src/lib.rs,1344,import,rust,production
std::env,std::env::temp_dir,src/uservm/src/lib.rs,1357,qualified_path,rust,production
std::env,std::env::temp_dir,src/uservm/src/lib.rs,1391,qualified_path,rust,production
std::env,std::env,src/uservm/src/main.rs,29,import,rust,production
std::env,std::env::args,src/uservm/src/main.rs,57,qualified_path,rust,production
std::env,std::env,src/uservm/src/pal/linux.rs,620,import,rust,production
std::env,std::env::temp_dir,src/uservm/src/pal/linux.rs,634,qualified_path,rust,production
std::env,std::env,src/uservm/src/pal/windows.rs,549,import,verus,production
std::env,std::env::temp_dir,src/uservm/src/pal/windows.rs,562,qualified_path,verus,production
std::env,std::env::var,src/uservm/src/standalone.rs,241,qualified_path,rust,production
std::env,std::env,src/uservm/src/vmm/microvm/kvm/vmem.rs,535,import,rust,production
std::env,std::env::temp_dir,src/uservm/src/vmm/microvm/kvm/vmem.rs,565,qualified_path,rust,production
std::env,std::env::var,src/uservm/src/vmm/microvm/mod.rs,697,qualified_path,verus,production
std::env,std::env::args,src/utils/containerd-shim-nanvix-v1/src/main.rs,28,qualified_path,rust,production
std::env,std::env::var,src/utils/containerd-shim-nanvix-v1/tests/integration.rs,46,qualified_path,rust,test_or_benchmark
std::env,std::env::var,src/utils/containerd-shim-nanvix-v1/tests/integration.rs,48,qualified_path,rust,test_or_benchmark
std::env,std::env,src/utils/echo-client/src/main.rs,30,import,rust,production
std::env,std::env::args,src/utils/echo-client/src/main.rs,72,qualified_path,rust,production
std::env,std::env::args,src/utils/mkimage/src/main.rs,25,qualified_path,verus,production
std::env,std::env::args,src/utils/mkramfs/src/main.rs,74,qualified_path,verus,production
std::env,std::env::args,src/utils/nanvix-bench/src/main.rs,81,qualified_path,verus,production
std::env,std::env::current_dir,src/utils/nanvix-test/src/config.rs,975,qualified_path,verus,production
std::env,std::env,src/utils/nanvix-test/src/environment.rs,141,import,rust,production
std::env,std::env::temp_dir,src/utils/nanvix-test/src/environment.rs,162,qualified_path,rust,production
std::env,std::env::args,src/utils/nanvix-test/src/main.rs,255,qualified_path,rust,production
std::env,std::env::var,src/utils/nanvix-test/src/main.rs,385,qualified_path,rust,production
std::env,std::env::args,src/utils/nanvixd/src/main.rs,74,qualified_path,rust,production
std::error,std::error::Error,src/daemons/networkd/src/wire.rs,99,qualified_path,rust,production
std::error,std::error::Error,src/libs/multiimage/src/lib.rs,169,qualified_path,rust,production
std::error,std::error::Error,src/libs/net-backend/src/error.rs,51,qualified_path,rust,production
std::ffi,std::ffi::OsString,src/daemons/hostfsd/src/fd_table.rs,8,import,rust,production
std::ffi,std::ffi::OsStr,src/daemons/hostfsd/src/sandbox.rs,74,qualified_path,verus,production
std::ffi,std::ffi::OsStr,src/daemons/hostfsd/src/sandbox.rs,135,qualified_path,verus,production
std::ffi,std::ffi::CString,src/libs/libc_fnmatch/src/fnmatch.rs,401,import,rust,production
std::ffi,std::ffi::CString::new,src/libs/libc_fnmatch/src/fnmatch.rs,406,qualified_path,rust,production
std::ffi,std::ffi::CString::new,src/libs/libc_fnmatch/src/fnmatch.rs,407,qualified_path,rust,production
std::ffi,std::ffi::CStr,src/libs/libc_libgen/src/basename.rs,83,import,rust,production
std::ffi,std::ffi::CStr::from_ptr,src/libs/libc_libgen/src/basename.rs,104,qualified_path,rust,production
std::ffi,std::ffi::CStr::from_ptr,src/libs/libc_libgen/src/basename.rs,128,qualified_path,rust,production
std::ffi,std::ffi::CStr,src/libs/libc_libgen/src/dirname.rs,107,import,rust,production
std::ffi,std::ffi::CStr::from_ptr,src/libs/libc_libgen/src/dirname.rs,128,qualified_path,rust,production
std::ffi,std::ffi::CStr::from_ptr,src/libs/libc_libgen/src/dirname.rs,153,qualified_path,rust,production
std::ffi,std::ffi::CString,src/libs/libc_regex/src/tests.rs,27,import,rust,production
std::ffi,std::ffi::CString::new,src/libs/libc_regex/src/tests.rs,52,qualified_path,rust,production
std::ffi,std::ffi::CString::new,src/libs/libc_regex/src/tests.rs,59,qualified_path,rust,production
std::ffi,std::ffi::CString,src/libs/libc_time/src/locale.rs,64,import,rust,production
std::ffi,std::ffi::CString::default,src/libs/libc_time/src/locale.rs,77,qualified_path,rust,production
std::ffi,std::ffi::CString::new,src/libs/libc_time/src/locale.rs,77,qualified_path,rust,production
std::ffi,std::ffi::CString,src/libs/libc_time/src/strftime.rs,329,import,rust,production
std::ffi,std::ffi::CString::default,src/libs/libc_time/src/strftime.rs,356,qualified_path,rust,production
std::ffi,std::ffi::CString::new,src/libs/libc_time/src/strftime.rs,356,qualified_path,rust,production
std::ffi,std::ffi::CString::default,src/libs/libc_time/src/strftime.rs,428,qualified_path,rust,production
std::ffi,std::ffi::CString::new,src/libs/libc_time/src/strftime.rs,428,qualified_path,rust,production
std::ffi,std::ffi::CString::default,src/libs/libc_time/src/strftime.rs,444,qualified_path,rust,production
std::ffi,std::ffi::CString::new,src/libs/libc_time/src/strftime.rs,444,qualified_path,rust,production
std::ffi,std::ffi::CString,src/libs/libc_time/src/strptime.rs,397,import,rust,production
std::ffi,std::ffi::CString::default,src/libs/libc_time/src/strptime.rs,400,qualified_path,rust,production
std::ffi,std::ffi::CString::new,src/libs/libc_time/src/strptime.rs,400,qualified_path,rust,production
std::ffi,std::ffi::CString::default,src/libs/libc_time/src/strptime.rs,401,qualified_path,rust,production
std::ffi,std::ffi::CString::new,src/libs/libc_time/src/strptime.rs,401,qualified_path,rust,production
std::ffi,std::ffi::CString::default,src/libs/libc_time/src/strptime.rs,559,qualified_path,rust,production
std::ffi,std::ffi::CString::new,src/libs/libc_time/src/strptime.rs,559,qualified_path,rust,production
std::ffi,std::ffi::CString,src/libs/syscall/src/unistd/bindings/getopt.rs,315,import,rust,production
std::ffi,std::ffi::CString::new,src/libs/syscall/src/unistd/bindings/getopt.rs,333,qualified_path,rust,production
std::ffi,std::ffi::CStr,src/libs/syscall/src/unistd/bindings/getopt_long.rs,449,import,rust,production
std::ffi,std::ffi::CString,src/libs/syscall/src/unistd/bindings/getopt_long.rs,449,import,rust,production
std::ffi,std::ffi::CString::new,src/libs/syscall/src/unistd/bindings/getopt_long.rs,476,qualified_path,rust,production
std::ffi,std::ffi::CStr::from_ptr,src/libs/syscall/src/unistd/bindings/getopt_long.rs,520,qualified_path,rust,production
std::ffi,std::ffi::CString::new,src/libs/syscall/src/unistd/bindings/getopt_long.rs,531,qualified_path,rust,production
std::ffi,std::ffi::CString::new,src/libs/syscall/src/unistd/bindings/getopt_long.rs,534,qualified_path,rust,production
std::ffi,std::ffi::CString::new,src/libs/syscall/src/unistd/bindings/getopt_long.rs,554,qualified_path,rust,production
std::ffi,std::ffi::CString::new,src/libs/syscall/src/unistd/bindings/getopt_long.rs,556,qualified_path,rust,production
std::ffi,std::ffi::CString::new,src/libs/syscall/src/unistd/bindings/getopt_long.rs,611,qualified_path,rust,production
std::ffi,std::ffi::CString::new,src/libs/syscall/src/unistd/bindings/getopt_long.rs,614,qualified_path,rust,production
std::ffi,std::ffi::CString::new,src/libs/syscall/src/unistd/bindings/getopt_long.rs,637,qualified_path,rust,production
std::ffi,std::ffi::CString::new,src/libs/syscall/src/unistd/bindings/getopt_long.rs,638,qualified_path,rust,production
std::ffi,std::ffi::CString::new,src/libs/syscall/src/unistd/bindings/getopt_long.rs,643,qualified_path,rust,production
std::ffi,std::ffi::CString::new,src/libs/syscall/src/unistd/bindings/getopt_long.rs,665,qualified_path,rust,production
std::ffi,std::ffi::CString::new,src/libs/syscall/src/unistd/bindings/getopt_long.rs,666,qualified_path,rust,production
std::ffi,std::ffi::CString::new,src/libs/syscall/src/unistd/bindings/getopt_long.rs,671,qualified_path,rust,production
std::ffi,std::ffi::CString::new,src/libs/syscall/src/unistd/bindings/getopt_long.rs,693,qualified_path,rust,production
std::ffi,std::ffi::CString::new,src/libs/syscall/src/unistd/bindings/getopt_long.rs,695,qualified_path,rust,production
std::ffi,std::ffi::CString::new,src/libs/syscall/src/unistd/bindings/getopt_long.rs,714,qualified_path,rust,production
std::ffi,std::ffi::CString::new,src/libs/syscall/src/unistd/bindings/getopt_long.rs,715,qualified_path,rust,production
std::ffi,std::ffi::CString::new,src/libs/syscall/src/unistd/bindings/getopt_long.rs,761,qualified_path,rust,production
std::ffi,std::ffi::CString::new,src/libs/syscall/src/unistd/bindings/getopt_long.rs,763,qualified_path,rust,production
std::ffi,std::ffi::CString::new,src/libs/syscall/src/unistd/bindings/getopt_long.rs,785,qualified_path,rust,production
std::ffi,std::ffi::CString::new,src/libs/syscall/src/unistd/bindings/getopt_long.rs,787,qualified_path,rust,production
std::ffi,std::ffi::CString::new,src/libs/syscall/src/unistd/bindings/getopt_long.rs,810,qualified_path,rust,production
std::ffi,std::ffi::CString::new,src/libs/syscall/src/unistd/bindings/getopt_long.rs,812,qualified_path,rust,production
std::ffi,std::ffi::CStr,src/libs/syscall/src/unistd/syscall/getopt.rs,215,import,verus,production
std::ffi,std::ffi::CString,src/libs/syscall/src/unistd/syscall/getopt.rs,215,import,verus,production
std::ffi,std::ffi::CString::new,src/libs/syscall/src/unistd/syscall/getopt.rs,240,qualified_path,verus,production
std::ffi,std::ffi::CStr::from_ptr,src/libs/syscall/src/unistd/syscall/getopt.rs,272,qualified_path,verus,production
std::ffi,std::ffi::CString::new,src/libs/syscall/src/unistd/syscall/getopt.rs,286,qualified_path,verus,production
std::ffi,std::ffi::CString::new,src/libs/syscall/src/unistd/syscall/getopt.rs,296,qualified_path,verus,production
std::ffi,std::ffi::CString::new,src/libs/syscall/src/unistd/syscall/getopt.rs,306,qualified_path,verus,production
std::ffi,std::ffi::CString::new,src/libs/syscall/src/unistd/syscall/getopt.rs,318,qualified_path,verus,production
std::ffi,std::ffi::CString::new,src/libs/syscall/src/unistd/syscall/getopt.rs,334,qualified_path,verus,production
std::ffi,std::ffi::CString::new,src/libs/syscall/src/unistd/syscall/getopt.rs,347,qualified_path,verus,production
std::ffi,std::ffi::CString::new,src/libs/syscall/src/unistd/syscall/getopt.rs,356,qualified_path,verus,production
std::ffi,std::ffi::CString::new,src/libs/syscall/src/unistd/syscall/getopt.rs,366,qualified_path,verus,production
std::ffi,std::ffi::CString::new,src/libs/syscall/src/unistd/syscall/getopt.rs,378,qualified_path,verus,production
std::ffi,std::ffi::CString::new,src/libs/syscall/src/unistd/syscall/getopt.rs,389,qualified_path,verus,production
std::ffi,std::ffi::CString::new,src/libs/syscall/src/unistd/syscall/getopt.rs,403,qualified_path,verus,production
std::ffi,std::ffi::CString::new,src/libs/syscall/src/unistd/syscall/getopt.rs,414,qualified_path,verus,production
std::ffi,std::ffi::CString::new,src/libs/syscall/src/unistd/syscall/getopt.rs,424,qualified_path,verus,production
std::ffi,std::ffi::CString::new,src/libs/syscall/src/unistd/syscall/getopt.rs,434,qualified_path,verus,production
std::ffi,std::ffi::CString::new,src/libs/syscall/src/unistd/syscall/getopt.rs,445,qualified_path,verus,production
std::ffi,std::ffi::CString::new,src/libs/syscall/src/unistd/syscall/getopt.rs,454,qualified_path,verus,production
std::ffi,std::ffi::CString::new,src/libs/syscall/src/unistd/syscall/getopt.rs,464,qualified_path,verus,production
std::ffi,std::ffi::CString::new,src/libs/syscall/src/unistd/syscall/getopt.rs,473,qualified_path,verus,production
std::ffi,std::ffi::CString::new,src/libs/syscall/src/unistd/syscall/getopt.rs,484,qualified_path,verus,production
std::ffi,std::ffi::c_void,src/uservm/src/elf.rs,250,qualified_path,verus,production
std::ffi,std::ffi::c_void,src/uservm/src/elf.rs,394,import,verus,production
std::ffi,std::ffi::CString,src/uservm/src/pal/linux.rs,23,import,rust,production
std::ffi,std::ffi::CString::new,src/uservm/src/pal/linux.rs,402,qualified_path,rust,production
std::ffi,std::ffi::c_void,src/uservm/src/pal/linux.rs,447,qualified_path,rust,production
std::ffi,std::ffi::c_void,src/uservm/src/vmm/microvm/guest.rs,124,qualified_path,rust,production
std::ffi,std::ffi::OsStr,src/uservm/src/vmm/microvm/mod.rs,78,import,verus,production
std::ffi,std::ffi::OsStr::new,src/uservm/src/vmm/microvm/mod.rs,1141,qualified_path,verus,production
std::ffi,std::ffi::OsStr,src/uservm/src/vmm/microvm/whp/mod.rs,64,import,rust,production
std::ffi,std::ffi::OsStr::new,src/uservm/src/vmm/microvm/whp/mod.rs,1316,qualified_path,rust,production
std::ffi,std::ffi::c_void,src/uservm/src/vmm/microvm/whp/partition.rs,74,qualified_path,rust,production
std::ffi,std::ffi::c_void,src/uservm/src/vmm/microvm/whp/partition.rs,100,qualified_path,rust,production
std::ffi,std::ffi::c_void,src/uservm/src/vmm/microvm/whp/vcpu/mod.rs,612,qualified_path,rust,production
std::ffi,std::ffi::c_void,src/uservm/src/vmm/microvm/whp/vmem.rs,347,qualified_path,verus,production
std::ffi,std::ffi::c_void,src/uservm/src/vmm/microvm/whp/vmem.rs,1016,qualified_path,verus,production
std::ffi,std::ffi::c_void,src/uservm/src/vmm/microvm/whp/vmem.rs,1057,qualified_path,verus,production
std::ffi,std::ffi::c_void,src/uservm/src/vmm/microvm/whp/vmem.rs,1173,qualified_path,verus,production
std::ffi,std::ffi::c_void,src/uservm/src/vmm/microvm/whp/vmem.rs,1238,qualified_path,verus,production
std::fmt,std::fmt::Display,src/libs/multiimage/src/lib.rs,154,qualified_path,rust,production
std::fmt,std::fmt::Display,src/libs/nanvix-http/src/message.rs,136,qualified_path,rust,production
std::fmt,std::fmt::Formatter,src/libs/nanvix-http/src/message.rs,137,qualified_path,rust,production
std::fmt,std::fmt::Result,src/libs/nanvix-http/src/message.rs,137,qualified_path,rust,production
std::fmt,std::fmt::Display,src/libs/nanvix-http/src/message.rs,183,qualified_path,rust,production
std::fmt,std::fmt::Formatter,src/libs/nanvix-http/src/message.rs,184,qualified_path,rust,production
std::fmt,std::fmt::Result,src/libs/nanvix-http/src/message.rs,184,qualified_path,rust,production
std::fmt,std::fmt::Display,src/libs/nanvix-sandbox-config/src/lib.rs,40,qualified_path,rust,production
std::fmt,std::fmt::Formatter,src/libs/nanvix-sandbox-config/src/lib.rs,41,qualified_path,rust,production
std::fmt,std::fmt::Result,src/libs/nanvix-sandbox-config/src/lib.rs,41,qualified_path,rust,production
std::fmt,std::fmt,src/libs/profiler/src/scope.rs,9,import,rust,production
std::fmt,std::fmt::Debug,src/libs/profiler/src/scope.rs,9,import,rust,production
std::fmt,std::fmt::Formatter,src/libs/profiler/src/scope.rs,158,qualified_path,rust,production
std::fmt,std::fmt::Result,src/libs/profiler/src/scope.rs,158,qualified_path,rust,production
std::fmt,std::fmt,src/libs/user-vm-api/src/lib.rs,21,import,rust,production
std::fmt,std::fmt::Display,src/libs/user-vm-api/src/lib.rs,51,qualified_path,rust,production
std::fmt,std::fmt::Formatter,src/libs/user-vm-api/src/lib.rs,52,qualified_path,rust,production
std::fmt,std::fmt::Result,src/libs/user-vm-api/src/lib.rs,52,qualified_path,rust,production
std::fmt,std::fmt::Debug,src/uservm/src/pal/windows.rs,217,qualified_path,verus,production
std::fmt,std::fmt::Formatter,src/uservm/src/pal/windows.rs,218,qualified_path,verus,production
std::fmt,std::fmt::Result,src/uservm/src/pal/windows.rs,218,qualified_path,verus,production
std::fmt,std::fmt::Debug,src/uservm/src/vmm/mod.rs,57,qualified_path,rust,production
std::fmt,std::fmt::Formatter,src/uservm/src/vmm/mod.rs,58,qualified_path,rust,production
std::fmt,std::fmt::Result,src/uservm/src/vmm/mod.rs,58,qualified_path,rust,production
std::fmt,std::fmt,src/utils/nanvix-bench/src/benchmark.rs,8,import,rust,production
std::fmt,std::fmt::Display,src/utils/nanvix-bench/src/benchmark.rs,84,qualified_path,rust,production
std::fmt,std::fmt::Formatter,src/utils/nanvix-bench/src/benchmark.rs,85,qualified_path,rust,production
std::fmt,std::fmt::Result,src/utils/nanvix-bench/src/benchmark.rs,85,qualified_path,rust,production
std::fs,std::fs::File,build/user/build.rs,14,import,rust,production
std::fs,std::fs::File::open,build/user/build.rs,42,qualified_path,rust,production
std::fs,std::fs::File,src/benchmarks/echo-rust-nostd/build.rs,14,import,rust,test_or_benchmark
std::fs,std::fs::File::open,src/benchmarks/echo-rust-nostd/build.rs,42,qualified_path,rust,test_or_benchmark
std::fs,std::fs::create_dir_all,src/benchmarks/mount-bench-nostd/build.rs,40,qualified_path,rust,test_or_benchmark
std::fs,std::fs::write,src/benchmarks/mount-bench-nostd/build.rs,44,qualified_path,rust,test_or_benchmark
std::fs,std::fs::File,src/benchmarks/noop-rust-nostd/build.rs,14,import,rust,test_or_benchmark
std::fs,std::fs::File::open,src/benchmarks/noop-rust-nostd/build.rs,42,qualified_path,rust,test_or_benchmark
std::fs,std::fs::File,src/benchmarks/snapshot-rust-nostd/build.rs,14,import,rust,test_or_benchmark
std::fs,std::fs::File::open,src/benchmarks/snapshot-rust-nostd/build.rs,46,qualified_path,rust,test_or_benchmark
std::fs,std::fs::OpenOptions::new,src/benchmarks/vfs-bench-nostd/build.rs,149,qualified_path,verus,test_or_benchmark
std::fs,std::fs::File,src/benchmarks/vfs-bench-nostd/build.rs,160,qualified_path,verus,test_or_benchmark
std::fs,std::fs::File,src/benchmarks/vfs-bench-nostd/build.rs,181,qualified_path,verus,test_or_benchmark
std::fs,std::fs,src/daemons/hostfsd/src/fd_table.rs,8,import,rust,production
std::fs,std::fs::File,src/daemons/hostfsd/src/fd_table.rs,8,import,rust,production
std::fs,std::fs::read_dir,src/daemons/hostfsd/src/fd_table.rs,70,qualified_path,rust,production
std::fs,std::fs::metadata,src/daemons/hostfsd/src/fd_table.rs,74,qualified_path,rust,production
std::fs,std::fs,src/daemons/hostfsd/src/handler.rs,48,import,verus,production
std::fs,std::fs::File,src/daemons/hostfsd/src/handler.rs,48,import,verus,production
std::fs,std::fs::OpenOptions,src/daemons/hostfsd/src/handler.rs,48,import,verus,production
std::fs,std::fs::OpenOptions::new,src/daemons/hostfsd/src/handler.rs,428,qualified_path,verus,production
std::fs,std::fs::Permissions,src/daemons/hostfsd/src/handler.rs,498,qualified_path,verus,production
std::fs,std::fs::Permissions::from_mode,src/daemons/hostfsd/src/handler.rs,498,qualified_path,verus,production
std::fs,std::fs::remove_file,src/daemons/hostfsd/src/handler.rs,501,qualified_path,verus,production
std::fs,std::fs::rename,src/daemons/hostfsd/src/handler.rs,549,qualified_path,verus,production
std::fs,std::fs::remove_file,src/daemons/hostfsd/src/handler.rs,583,qualified_path,verus,production
std::fs,std::fs::create_dir,src/daemons/hostfsd/src/handler.rs,611,qualified_path,verus,production
std::fs,std::fs::Permissions::from_mode,src/daemons/hostfsd/src/handler.rs,615,qualified_path,verus,production
std::fs,std::fs::set_permissions,src/daemons/hostfsd/src/handler.rs,616,qualified_path,verus,production
std::fs,std::fs::remove_dir,src/daemons/hostfsd/src/handler.rs,644,qualified_path,verus,production
std::fs,std::fs::symlink_metadata,src/daemons/hostfsd/src/handler.rs,880,qualified_path,verus,production
std::fs,std::fs::read_link,src/daemons/hostfsd/src/handler.rs,902,qualified_path,verus,production
std::fs,std::fs::symlink_metadata,src/daemons/hostfsd/src/handler.rs,1046,qualified_path,verus,production
std::fs,std::fs::metadata,src/daemons/hostfsd/src/handler.rs,1100,qualified_path,verus,production
std::fs,std::fs::OpenOptions::new,src/daemons/hostfsd/src/handler.rs,1152,qualified_path,verus,production
std::fs,std::fs::Permissions,src/daemons/hostfsd/src/handler.rs,1245,qualified_path,verus,production
std::fs,std::fs::Permissions::from_mode,src/daemons/hostfsd/src/handler.rs,1245,qualified_path,verus,production
std::fs,std::fs::remove_file,src/daemons/hostfsd/src/handler.rs,1248,qualified_path,verus,production
std::fs,std::fs::metadata,src/daemons/hostfsd/src/handler.rs,1450,qualified_path,verus,production
std::fs,std::fs::create_dir,src/daemons/hostfsd/src/handler.rs,1641,qualified_path,verus,production
std::fs,std::fs::remove_dir,src/daemons/hostfsd/src/handler.rs,1679,qualified_path,verus,production
std::fs,std::fs::remove_file,src/daemons/hostfsd/src/handler.rs,1717,qualified_path,verus,production
std::fs,std::fs::rename,src/daemons/hostfsd/src/handler.rs,1781,qualified_path,verus,production
std::fs,std::fs::OpenOptions::new,src/daemons/hostfsd/src/handler.rs,1973,qualified_path,verus,production
std::fs,std::fs::File::open,src/daemons/hostfsd/src/handler.rs,1980,qualified_path,verus,production
std::fs,std::fs::metadata,src/daemons/hostfsd/src/handler.rs,2021,qualified_path,verus,production
std::fs,std::fs::Metadata,src/daemons/hostfsd/src/handler.rs,2063,qualified_path,verus,production
std::fs,std::fs::Metadata,src/daemons/hostfsd/src/handler.rs,2083,qualified_path,verus,production
std::fs,std::fs,src/daemons/hostfsd/src/sandbox.rs,152,import,verus,production
std::fs,std::fs::write,src/daemons/hostfsd/src/sandbox.rs,203,qualified_path,verus,production
std::fs,std::fs::write,src/daemons/hostfsd/src/sandbox.rs,228,qualified_path,verus,production
std::fs,std::fs::write,src/daemons/hostfsd/src/sandbox.rs,250,qualified_path,verus,production
std::fs,std::fs::write,src/daemons/hostfsd/src/sandbox.rs,259,qualified_path,verus,production
std::fs,std::fs::create_dir,src/daemons/hostfsd/src/sandbox.rs,290,qualified_path,verus,production
std::fs,std::fs::write,src/daemons/hostfsd/src/sandbox.rs,291,qualified_path,verus,production
std::fs,std::fs::create_dir_all,src/daemons/hostfsd/src/sandbox.rs,300,qualified_path,verus,production
std::fs,std::fs::write,src/daemons/hostfsd/src/sandbox.rs,301,qualified_path,verus,production
std::fs,std::fs::write,src/daemons/hostfsd/src/sandbox.rs,321,qualified_path,verus,production
std::fs,std::fs::write,src/daemons/hostfsd/src/sandbox.rs,336,qualified_path,verus,production
std::fs,std::fs::create_dir,src/daemons/hostfsd/src/sandbox.rs,416,qualified_path,verus,production
std::fs,std::fs::create_dir_all,src/daemons/hostfsd/src/sandbox.rs,423,qualified_path,verus,production
std::fs,std::fs::write,src/daemons/hostfsd/src/sandbox.rs,444,qualified_path,verus,production
std::fs,std::fs::create_dir,src/daemons/hostfsd/src/sandbox.rs,466,qualified_path,verus,production
std::fs,std::fs,src/daemons/hostfsd/tests/handler_test.rs,18,import,verus,test_or_benchmark
std::fs,std::fs::write,src/daemons/hostfsd/tests/handler_test.rs,213,qualified_path,verus,test_or_benchmark
std::fs,std::fs::write,src/daemons/hostfsd/tests/handler_test.rs,303,qualified_path,verus,test_or_benchmark
std::fs,std::fs::read,src/daemons/hostfsd/tests/handler_test.rs,334,qualified_path,verus,test_or_benchmark
std::fs,std::fs::write,src/daemons/hostfsd/tests/handler_test.rs,341,qualified_path,verus,test_or_benchmark
std::fs,std::fs::write,src/daemons/hostfsd/tests/handler_test.rs,378,qualified_path,verus,test_or_benchmark
std::fs,std::fs::write,src/daemons/hostfsd/tests/handler_test.rs,409,qualified_path,verus,test_or_benchmark
std::fs,std::fs::create_dir,src/daemons/hostfsd/tests/handler_test.rs,425,qualified_path,verus,test_or_benchmark
std::fs,std::fs::write,src/daemons/hostfsd/tests/handler_test.rs,490,qualified_path,verus,test_or_benchmark
std::fs,std::fs::write,src/daemons/hostfsd/tests/handler_test.rs,518,qualified_path,verus,test_or_benchmark
std::fs,std::fs::write,src/daemons/hostfsd/tests/handler_test.rs,537,qualified_path,verus,test_or_benchmark
std::fs,std::fs::write,src/daemons/hostfsd/tests/handler_test.rs,560,qualified_path,verus,test_or_benchmark
std::fs,std::fs::write,src/daemons/hostfsd/tests/handler_test.rs,575,qualified_path,verus,test_or_benchmark
std::fs,std::fs::write,src/daemons/hostfsd/tests/handler_test.rs,597,qualified_path,verus,test_or_benchmark
std::fs,std::fs::read,src/daemons/hostfsd/tests/handler_test.rs,612,qualified_path,verus,test_or_benchmark
std::fs,std::fs::write,src/daemons/hostfsd/tests/handler_test.rs,678,qualified_path,verus,test_or_benchmark
std::fs,std::fs::write,src/daemons/hostfsd/tests/handler_test.rs,679,qualified_path,verus,test_or_benchmark
std::fs,std::fs::write,src/daemons/hostfsd/tests/handler_test.rs,700,qualified_path,verus,test_or_benchmark
std::fs,std::fs::write,src/daemons/hostfsd/tests/handler_test.rs,701,qualified_path,verus,test_or_benchmark
std::fs,std::fs::write,src/daemons/hostfsd/tests/handler_test.rs,702,qualified_path,verus,test_or_benchmark
std::fs,std::fs::write,src/daemons/hostfsd/tests/handler_test.rs,732,qualified_path,verus,test_or_benchmark
std::fs,std::fs::create_dir,src/daemons/hostfsd/tests/handler_test.rs,753,qualified_path,verus,test_or_benchmark
std::fs,std::fs::write,src/daemons/hostfsd/tests/handler_test.rs,754,qualified_path,verus,test_or_benchmark
std::fs,std::fs::write,src/daemons/hostfsd/tests/handler_test.rs,797,qualified_path,verus,test_or_benchmark
std::fs,std::fs::write,src/daemons/hostfsd/tests/handler_test.rs,834,qualified_path,verus,test_or_benchmark
std::fs,std::fs::remove_file,src/daemons/hostfsd/tests/handler_test.rs,841,qualified_path,verus,test_or_benchmark
std::fs,std::fs::write,src/daemons/hostfsd/tests/handler_test.rs,847,qualified_path,verus,test_or_benchmark
std::fs,std::fs::write,src/daemons/hostfsd/tests/handler_test.rs,942,qualified_path,verus,test_or_benchmark
std::fs,std::fs::write,src/daemons/hostfsd/tests/handler_test.rs,973,qualified_path,verus,test_or_benchmark
std::fs,std::fs::write,src/daemons/hostfsd/tests/handler_test.rs,1047,qualified_path,verus,test_or_benchmark
std::fs,std::fs::write,src/daemons/hostfsd/tests/handler_test.rs,1065,qualified_path,verus,test_or_benchmark
std::fs,std::fs::Permissions::from_mode,src/daemons/hostfsd/tests/handler_test.rs,1066,qualified_path,verus,test_or_benchmark
std::fs,std::fs::set_permissions,src/daemons/hostfsd/tests/handler_test.rs,1066,qualified_path,verus,test_or_benchmark
std::fs,std::fs::create_dir,src/daemons/hostfsd/tests/handler_test.rs,1085,qualified_path,verus,test_or_benchmark
std::fs,std::fs::write,src/daemons/hostfsd/tests/handler_test.rs,1087,qualified_path,verus,test_or_benchmark
std::fs,std::fs::create_dir,src/daemons/hostfsd/tests/handler_test.rs,1314,qualified_path,verus,test_or_benchmark
std::fs,std::fs::write,src/daemons/hostfsd/tests/handler_test.rs,1316,qualified_path,verus,test_or_benchmark
std::fs,std::fs::create_dir,src/daemons/hostfsd/tests/handler_test.rs,1339,qualified_path,verus,test_or_benchmark
std::fs,std::fs::write,src/daemons/hostfsd/tests/handler_test.rs,1342,qualified_path,verus,test_or_benchmark
std::fs,std::fs::create_dir,src/daemons/hostfsd/tests/handler_test.rs,1369,qualified_path,verus,test_or_benchmark
std::fs,std::fs::create_dir,src/daemons/hostfsd/tests/handler_test.rs,1370,qualified_path,verus,test_or_benchmark
std::fs,std::fs::create_dir,src/daemons/hostfsd/tests/handler_test.rs,1387,qualified_path,verus,test_or_benchmark
std::fs,std::fs::create_dir,src/daemons/hostfsd/tests/handler_test.rs,1406,qualified_path,verus,test_or_benchmark
std::fs,std::fs::write,src/daemons/hostfsd/tests/handler_test.rs,1409,qualified_path,verus,test_or_benchmark
std::fs,std::fs::write,src/daemons/hostfsd/tests/handler_test.rs,1542,qualified_path,verus,test_or_benchmark
std::fs,std::fs::create_dir,src/daemons/hostfsd/tests/handler_test.rs,1554,qualified_path,verus,test_or_benchmark
std::fs,std::fs::write,src/daemons/hostfsd/tests/handler_test.rs,1574,qualified_path,verus,test_or_benchmark
std::fs,std::fs::write,src/daemons/hostfsd/tests/handler_test.rs,1592,qualified_path,verus,test_or_benchmark
std::fs,std::fs::create_dir,src/daemons/hostfsd/tests/handler_test.rs,1604,qualified_path,verus,test_or_benchmark
std::fs,std::fs::write,src/daemons/hostfsd/tests/handler_test.rs,1624,qualified_path,verus,test_or_benchmark
std::fs,std::fs::create_dir,src/daemons/hostfsd/tests/handler_test.rs,1647,qualified_path,verus,test_or_benchmark
std::fs,std::fs::write,src/daemons/hostfsd/tests/handler_test.rs,1697,qualified_path,verus,test_or_benchmark
std::fs,std::fs::write,src/daemons/hostfsd/tests/handler_test.rs,1722,qualified_path,verus,test_or_benchmark
std::fs,std::fs::write,src/daemons/hostfsd/tests/handler_test.rs,1742,qualified_path,verus,test_or_benchmark
std::fs,std::fs::write,src/daemons/hostfsd/tests/handler_test.rs,1761,qualified_path,verus,test_or_benchmark
std::fs,std::fs::symlink_metadata,src/daemons/hostfsd/tests/handler_test.rs,1797,qualified_path,verus,test_or_benchmark
std::fs,std::fs::read_link,src/daemons/hostfsd/tests/handler_test.rs,1799,qualified_path,verus,test_or_benchmark
std::fs,std::fs::write,src/daemons/hostfsd/tests/handler_test.rs,1876,qualified_path,verus,test_or_benchmark
std::fs,std::fs::File,src/daemons/memd/build.rs,14,import,rust,production
std::fs,std::fs::File::open,src/daemons/memd/build.rs,42,qualified_path,rust,production
std::fs,std::fs,src/daemons/networkd/src/framing.rs,95,import,rust,production
std::fs,std::fs::remove_file,src/daemons/networkd/src/framing.rs,143,qualified_path,rust,production
std::fs,std::fs::remove_file,src/daemons/networkd/src/framing.rs,155,qualified_path,rust,production
std::fs,std::fs::remove_file,src/daemons/networkd/src/framing.rs,167,qualified_path,rust,production
std::fs,std::fs::File,src/daemons/procd/build.rs,14,import,rust,production
std::fs,std::fs::File::open,src/daemons/procd/build.rs,42,qualified_path,rust,production
std::fs,std::fs::File,src/daemons/vfsd/build.rs,14,import,rust,production
std::fs,std::fs::File::open,src/daemons/vfsd/build.rs,42,qualified_path,rust,production
std::fs,std::fs,src/kernel/build.rs,14,import,rust,production
std::fs,std::fs::read_to_string,src/kernel/build.rs,82,qualified_path,rust,production
std::fs,std::fs::write,src/kernel/build.rs,88,qualified_path,rust,production
std::fs,std::fs,src/libs/build-utils/src/lib.rs,14,import,rust,production
std::fs,std::fs::read_to_string,src/libs/build-utils/src/lib.rs,44,qualified_path,rust,production
std::fs,std::fs::read_to_string,src/libs/build-utils/src/lib.rs,86,qualified_path,rust,production
std::fs,std::fs,src/libs/config/build.rs,11,import,rust,production
std::fs,std::fs::read_to_string,src/libs/config/build.rs,49,qualified_path,rust,production
std::fs,std::fs::write,src/libs/config/build.rs,285,qualified_path,rust,production
std::fs,std::fs,src/libs/multiimage/src/lib.rs,44,import,rust,production
std::fs,std::fs::Metadata,src/libs/multiimage/src/lib.rs,372,qualified_path,rust,production
std::fs,std::fs::metadata,src/libs/multiimage/src/lib.rs,372,qualified_path,rust,production
std::fs,std::fs::read,src/libs/multiimage/src/lib.rs,448,qualified_path,rust,production
std::fs,std::fs::File,src/libs/multiimage/src/lib.rs,486,qualified_path,rust,production
std::fs,std::fs::File::create,src/libs/multiimage/src/lib.rs,486,qualified_path,rust,production
std::fs,std::fs::write,src/libs/multiimage/src/lib.rs,597,qualified_path,rust,production
std::fs,std::fs::write,src/libs/multiimage/src/lib.rs,598,qualified_path,rust,production
std::fs,std::fs::File,src/libs/multiimage/src/lib.rs,616,qualified_path,rust,production
std::fs,std::fs::File::open,src/libs/multiimage/src/lib.rs,616,qualified_path,rust,production
std::fs,std::fs::remove_file,src/libs/nanvix-http/src/client/standalone.rs,150,qualified_path,rust,production
std::fs,std::fs::remove_file,src/libs/nanvix-http/src/client/standalone.rs,334,qualified_path,rust,production
std::fs,std::fs::create_dir_all,src/libs/nanvix-http/src/client/standalone.rs,539,qualified_path,rust,production
std::fs,std::fs::remove_file,src/libs/nanvix-http/src/client/standalone.rs,550,qualified_path,rust,production
std::fs,std::fs::metadata,src/libs/nanvix-http/src/client/standalone.rs,565,qualified_path,rust,production
std::fs,std::fs::set_permissions,src/libs/nanvix-http/src/client/standalone.rs,567,qualified_path,rust,production
std::fs,std::fs::read_to_string,src/libs/nanvix-shim-core/src/config.rs,59,qualified_path,rust,production
std::fs,std::fs::write,src/libs/nanvix-shim-proto/src/executor.rs,112,qualified_path,rust,production
std::fs,std::fs::write,src/libs/nanvix-shim-proto/src/executor.rs,113,qualified_path,rust,production
std::fs,std::fs::remove_file,src/libs/nanvix-shim-proto/src/executor.rs,130,qualified_path,rust,production
std::fs,std::fs::remove_file,src/libs/nanvix-shim-proto/src/executor.rs,176,qualified_path,rust,production
std::fs,std::fs::create_dir_all,src/libs/nanvix-shim-proto/src/sys/unix/mod.rs,48,qualified_path,rust,production
std::fs,std::fs::remove_file,src/libs/nanvix-shim-proto/src/sys/unix/mod.rs,53,qualified_path,rust,production
std::fs,std::fs::OpenOptions,src/libs/nanvix-shim-proto/src/sys/windows/mod.rs,37,import,rust,production
std::fs,std::fs::OpenOptions::new,src/libs/nanvix-shim-proto/src/sys/windows/mod.rs,43,qualified_path,rust,production
std::fs,std::fs::create_dir_all,src/libs/nanvix-shim-standalone/src/mode.rs,268,qualified_path,verus,production
std::fs,std::fs::remove_file,src/libs/nanvix-shim-standalone/src/mode.rs,623,qualified_path,verus,production
std::fs,std::fs,src/libs/syscomm/src/socket_listener.rs,14,import,rust,production
std::fs,std::fs::remove_file,src/libs/syscomm/src/socket_listener.rs,133,qualified_path,rust,production
std::fs,std::fs::File,src/tests/integration/test-rust-arch/build.rs,14,import,rust,test_or_benchmark
std::fs,std::fs::File::open,src/tests/integration/test-rust-arch/build.rs,42,qualified_path,rust,test_or_benchmark
std::fs,std::fs::File,src/tests/integration/test-rust-c-bindings/build.rs,14,import,rust,test_or_benchmark
std::fs,std::fs::File::open,src/tests/integration/test-rust-c-bindings/build.rs,42,qualified_path,rust,test_or_benchmark
std::fs,std::fs::File,src/tests/integration/test-rust-cmdline-env-nostd/build.rs,14,import,rust,test_or_benchmark
std::fs,std::fs::File::open,src/tests/integration/test-rust-cmdline-env-nostd/build.rs,42,qualified_path,rust,test_or_benchmark
std::fs,std::fs::File,src/tests/integration/test-rust-cmdline-len/build.rs,14,import,rust,test_or_benchmark
std::fs,std::fs::File::open,src/tests/integration/test-rust-cmdline-len/build.rs,42,qualified_path,rust,test_or_benchmark
std::fs,std::fs,src/tests/integration/test-rust-dlfcn/build.rs,14,import,rust,test_or_benchmark
std::fs,std::fs::File,src/tests/integration/test-rust-dlfcn/build.rs,14,import,rust,test_or_benchmark
std::fs,std::fs::File::open,src/tests/integration/test-rust-dlfcn/build.rs,148,qualified_path,rust,test_or_benchmark
std::fs,std::fs::create_dir_all,src/tests/integration/test-rust-dlfcn/build.rs,181,qualified_path,rust,test_or_benchmark
std::fs,std::fs::copy,src/tests/integration/test-rust-dlfcn/build.rs,190,qualified_path,rust,test_or_benchmark
std::fs,std::fs::File,src/tests/integration/test-rust-env-nostd/build.rs,14,import,rust,test_or_benchmark
std::fs,std::fs::File::open,src/tests/integration/test-rust-env-nostd/build.rs,42,qualified_path,rust,test_or_benchmark
std::fs,std::fs::File,src/tests/integration/test-rust-file/build.rs,14,import,rust,test_or_benchmark
std::fs,std::fs::File::open,src/tests/integration/test-rust-file/build.rs,42,qualified_path,rust,test_or_benchmark
std::fs,std::fs::create_dir_all,src/tests/integration/test-rust-fork-guestfs/build.rs,68,qualified_path,rust,test_or_benchmark
std::fs,std::fs::copy,src/tests/integration/test-rust-fork-guestfs/build.rs,69,qualified_path,rust,test_or_benchmark
std::fs,std::fs::write,src/tests/integration/test-rust-fork-guestfs/build.rs,89,qualified_path,rust,test_or_benchmark
std::fs,std::fs::OpenOptions::new,src/tests/integration/test-rust-fork-guestfs/build.rs,93,qualified_path,rust,test_or_benchmark
std::fs,std::fs::OpenOptions::new,src/tests/integration/test-rust-fork-guestfs/build.rs,105,qualified_path,rust,test_or_benchmark
std::fs,std::fs::remove_dir_all,src/tests/integration/test-rust-fork-hostfs/build.rs,59,qualified_path,rust,test_or_benchmark
std::fs,std::fs::create_dir_all,src/tests/integration/test-rust-fork-hostfs/build.rs,60,qualified_path,rust,test_or_benchmark
std::fs,std::fs::write,src/tests/integration/test-rust-fork-hostfs/build.rs,67,qualified_path,rust,test_or_benchmark
std::fs,std::fs::File,src/tests/integration/test-rust-fork-kcall/build.rs,14,import,rust,test_or_benchmark
std::fs,std::fs::File::open,src/tests/integration/test-rust-fork-kcall/build.rs,42,qualified_path,rust,test_or_benchmark
std::fs,std::fs::File,src/tests/integration/test-rust-getenv-nostd/build.rs,14,import,rust,test_or_benchmark
std::fs,std::fs::File::open,src/tests/integration/test-rust-getenv-nostd/build.rs,42,qualified_path,rust,test_or_benchmark
std::fs,std::fs::File,src/tests/integration/test-rust-job-control/build.rs,14,import,rust,test_or_benchmark
std::fs,std::fs::File::open,src/tests/integration/test-rust-job-control/build.rs,42,qualified_path,rust,test_or_benchmark
std::fs,std::fs::File,src/tests/integration/test-rust-kernel/build.rs,14,import,rust,test_or_benchmark
std::fs,std::fs::File::open,src/tests/integration/test-rust-kernel/build.rs,42,qualified_path,rust,test_or_benchmark
std::fs,std::fs::File,src/tests/integration/test-rust-kill/build.rs,14,import,rust,test_or_benchmark
std::fs,std::fs::File::open,src/tests/integration/test-rust-kill/build.rs,42,qualified_path,rust,test_or_benchmark
std::fs,std::fs::File,src/tests/integration/test-rust-linux-app/build.rs,14,import,rust,test_or_benchmark
std::fs,std::fs::File::open,src/tests/integration/test-rust-linux-app/build.rs,42,qualified_path,rust,test_or_benchmark
std::fs,std::fs::File,src/tests/integration/test-rust-misc/build.rs,14,import,rust,test_or_benchmark
std::fs,std::fs::File::open,src/tests/integration/test-rust-misc/build.rs,42,qualified_path,rust,test_or_benchmark
std::fs,std::fs::File,src/tests/integration/test-rust-mmio-fault/build.rs,14,import,rust,test_or_benchmark
std::fs,std::fs::File::open,src/tests/integration/test-rust-mmio-fault/build.rs,42,qualified_path,rust,test_or_benchmark
std::fs,std::fs::File,src/tests/integration/test-rust-mount-multipart-test/build.rs,14,import,rust,test_or_benchmark
std::fs,std::fs::File::open,src/tests/integration/test-rust-mount-multipart-test/build.rs,42,qualified_path,rust,test_or_benchmark
std::fs,std::fs::remove_dir_all,src/tests/integration/test-rust-mount-test/build.rs,44,qualified_path,rust,test_or_benchmark
std::fs,std::fs::create_dir_all,src/tests/integration/test-rust-mount-test/build.rs,45,qualified_path,rust,test_or_benchmark
std::fs,std::fs::write,src/tests/integration/test-rust-mount-test/build.rs,48,qualified_path,rust,test_or_benchmark
std::fs,std::fs::create_dir_all,src/tests/integration/test-rust-mount-test/build.rs,53,qualified_path,rust,test_or_benchmark
std::fs,std::fs::write,src/tests/integration/test-rust-mount-test/build.rs,54,qualified_path,rust,test_or_benchmark
std::fs,std::fs::File,src/tests/integration/test-rust-network/build.rs,14,import,rust,test_or_benchmark
std::fs,std::fs::File::open,src/tests/integration/test-rust-network/build.rs,42,qualified_path,rust,test_or_benchmark
std::fs,std::fs::File,src/tests/integration/test-rust-sigsegv/build.rs,14,import,rust,test_or_benchmark
std::fs,std::fs::File::open,src/tests/integration/test-rust-sigsegv/build.rs,42,qualified_path,rust,test_or_benchmark
std::fs,std::fs::File,src/tests/integration/test-rust-testd/build.rs,14,import,rust,test_or_benchmark
std::fs,std::fs::File::open,src/tests/integration/test-rust-testd/build.rs,42,qualified_path,rust,test_or_benchmark
std::fs,std::fs::File,src/tests/integration/test-rust-thread/build.rs,14,import,rust,test_or_benchmark
std::fs,std::fs::File::open,src/tests/integration/test-rust-thread/build.rs,42,qualified_path,rust,test_or_benchmark
std::fs,std::fs::create_dir_all,src/tests/integration/test-rust-vfs-test/build.rs,53,qualified_path,rust,test_or_benchmark
std::fs,std::fs::copy,src/tests/integration/test-rust-vfs-test/build.rs,54,qualified_path,rust,test_or_benchmark
std::fs,std::fs::write,src/tests/integration/test-rust-vfs-test/build.rs,75,qualified_path,rust,test_or_benchmark
std::fs,std::fs::OpenOptions::new,src/tests/integration/test-rust-vfs-test/build.rs,79,qualified_path,rust,test_or_benchmark
std::fs,std::fs::OpenOptions::new,src/tests/integration/test-rust-vfs-test/build.rs,91,qualified_path,rust,test_or_benchmark
std::fs,std::fs::File,src/tests/integration/test-rust-waitpid/build.rs,14,import,rust,test_or_benchmark
std::fs,std::fs::File::open,src/tests/integration/test-rust-waitpid/build.rs,42,qualified_path,rust,test_or_benchmark
std::fs,std::fs::File,src/tests/stress/test-rust-memory/build.rs,14,import,rust,test_or_benchmark
std::fs,std::fs::File::open,src/tests/stress/test-rust-memory/build.rs,42,qualified_path,rust,test_or_benchmark
std::fs,std::fs::File,src/tests/stress/test-rust-stress/build.rs,14,import,rust,test_or_benchmark
std::fs,std::fs::File::open,src/tests/stress/test-rust-stress/build.rs,42,qualified_path,rust,test_or_benchmark
std::fs,std::fs::File::open,src/tests/stress/test-rust-stress/build.rs,67,qualified_path,rust,test_or_benchmark
std::fs,std::fs::File,src/user/hello-rust-nostd/build.rs,14,import,rust,production
std::fs,std::fs::File::open,src/user/hello-rust-nostd/build.rs,42,qualified_path,rust,production
std::fs,std::fs::create_dir_all,src/uservm/src/args.rs,222,qualified_path,rust,production
std::fs,std::fs::File::create,src/uservm/src/args.rs,229,qualified_path,rust,production
std::fs,std::fs::remove_file,src/uservm/src/args.rs,235,qualified_path,rust,production
std::fs,std::fs::read_dir,src/uservm/src/guest_profiler/perf_linux.rs,191,qualified_path,verus,production
std::fs,std::fs::read_link,src/uservm/src/guest_profiler/perf_linux.rs,193,qualified_path,verus,production
std::fs,std::fs::read_to_string,src/uservm/src/guest_profiler/perf_linux.rs,218,qualified_path,verus,production
std::fs,std::fs::set_permissions,src/uservm/src/guest_profiler/perf_linux.rs,263,qualified_path,verus,production
std::fs,std::fs::Permissions::from_mode,src/uservm/src/guest_profiler/perf_linux.rs,265,qualified_path,verus,production
std::fs,std::fs::File::create,src/uservm/src/guest_profiler/samples.rs,270,qualified_path,rust,production
std::fs,std::fs::read,src/uservm/src/guest_profiler/symbols.rs,35,qualified_path,rust,production
std::fs,std::fs::File,src/uservm/src/lib.rs,102,import,rust,production
std::fs,std::fs::File::options,src/uservm/src/lib.rs,826,qualified_path,rust,production
std::fs,std::fs::File::options,src/uservm/src/lib.rs,830,qualified_path,rust,production
std::fs,std::fs,src/uservm/src/lib.rs,1344,import,rust,production
std::fs,std::fs::Metadata,src/uservm/src/lib.rs,1344,import,rust,production
std::fs,std::fs::metadata,src/uservm/src/lib.rs,1377,qualified_path,rust,production
std::fs,std::fs::remove_file,src/uservm/src/lib.rs,1381,qualified_path,rust,production
std::fs,std::fs,src/uservm/src/pal/linux.rs,620,import,rust,production
std::fs,std::fs::write,src/uservm/src/pal/linux.rs,644,qualified_path,rust,production
std::fs,std::fs::remove_file,src/uservm/src/pal/linux.rs,659,qualified_path,rust,production
std::fs,std::fs::File,src/uservm/src/pal/linux.rs,667,qualified_path,rust,production
std::fs,std::fs::File::create,src/uservm/src/pal/linux.rs,667,qualified_path,rust,production
std::fs,std::fs::remove_file,src/uservm/src/pal/linux.rs,673,qualified_path,rust,production
std::fs,std::fs::write,src/uservm/src/pal/linux.rs,682,qualified_path,rust,production
std::fs,std::fs::remove_file,src/uservm/src/pal/linux.rs,692,qualified_path,rust,production
std::fs,std::fs::write,src/uservm/src/pal/linux.rs,759,qualified_path,rust,production
std::fs,std::fs::File,src/uservm/src/pal/linux.rs,765,qualified_path,rust,production
std::fs,std::fs::File::open,src/uservm/src/pal/linux.rs,765,qualified_path,rust,production
std::fs,std::fs::remove_file,src/uservm/src/pal/linux.rs,782,qualified_path,rust,production
std::fs,std::fs::write,src/uservm/src/pal/linux.rs,791,qualified_path,rust,production
std::fs,std::fs::File,src/uservm/src/pal/linux.rs,797,qualified_path,rust,production
std::fs,std::fs::File::open,src/uservm/src/pal/linux.rs,797,qualified_path,rust,production
std::fs,std::fs::remove_file,src/uservm/src/pal/linux.rs,811,qualified_path,rust,production
std::fs,std::fs,src/uservm/src/pal/windows.rs,19,import,verus,production
std::fs,std::fs::File,src/uservm/src/pal/windows.rs,19,import,verus,production
std::fs,std::fs::File::open,src/uservm/src/pal/windows.rs,106,qualified_path,verus,production
std::fs,std::fs,src/uservm/src/pal/windows.rs,549,import,verus,production
std::fs,std::fs::write,src/uservm/src/pal/windows.rs,577,qualified_path,verus,production
std::fs,std::fs::remove_file,src/uservm/src/pal/windows.rs,587,qualified_path,verus,production
std::fs,std::fs::write,src/uservm/src/pal/windows.rs,595,qualified_path,verus,production
std::fs,std::fs::remove_file,src/uservm/src/pal/windows.rs,604,qualified_path,verus,production
std::fs,std::fs::File,src/uservm/src/vmm/microvm/guest.rs,74,qualified_path,rust,production
std::fs,std::fs::File,src/uservm/src/vmm/microvm/guest.rs,306,qualified_path,rust,production
std::fs,std::fs::OpenOptions::new,src/uservm/src/vmm/microvm/guest.rs,306,qualified_path,rust,production
std::fs,std::fs::File,src/uservm/src/vmm/microvm/kvm/vmem.rs,19,import,rust,production
std::fs,std::fs::File::create,src/uservm/src/vmm/microvm/kvm/vmem.rs,408,qualified_path,rust,production
std::fs,std::fs::File::open,src/uservm/src/vmm/microvm/kvm/vmem.rs,465,qualified_path,rust,production
std::fs,std::fs,src/uservm/src/vmm/microvm/kvm/vmem.rs,535,import,rust,production
std::fs,std::fs::metadata,src/uservm/src/vmm/microvm/kvm/vmem.rs,578,qualified_path,rust,production
std::fs,std::fs::remove_file,src/uservm/src/vmm/microvm/kvm/vmem.rs,582,qualified_path,rust,production
std::fs,std::fs::remove_file,src/uservm/src/vmm/microvm/kvm/vmem.rs,616,qualified_path,rust,production
std::fs,std::fs::write,src/uservm/src/vmm/microvm/kvm/vmem.rs,644,qualified_path,rust,production
std::fs,std::fs::remove_file,src/uservm/src/vmm/microvm/kvm/vmem.rs,646,qualified_path,rust,production
std::fs,std::fs::write,src/uservm/src/vmm/microvm/kvm/vmem.rs,652,qualified_path,rust,production
std::fs,std::fs::remove_file,src/uservm/src/vmm/microvm/kvm/vmem.rs,655,qualified_path,rust,production
std::fs,std::fs::File,src/uservm/src/vmm/microvm/mod.rs,78,import,verus,production
std::fs,std::fs::File::create,src/uservm/src/vmm/microvm/mod.rs,1317,qualified_path,verus,production
std::fs,std::fs::File::open,src/uservm/src/vmm/microvm/mod.rs,1373,qualified_path,verus,production
std::fs,std::fs::Metadata,src/uservm/src/vmm/microvm/ramfs.rs,22,import,verus,production
std::fs,std::fs::File,src/uservm/src/vmm/microvm/ramfs.rs,23,import,verus,production
std::fs,std::fs::File::open,src/uservm/src/vmm/microvm/ramfs.rs,501,qualified_path,verus,production
std::fs,std::fs::File,src/uservm/src/vmm/microvm/whp/mod.rs,64,import,rust,production
std::fs,std::fs::metadata,src/uservm/src/vmm/microvm/whp/mod.rs,533,qualified_path,rust,production
std::fs,std::fs::File,src/uservm/src/vmm/microvm/whp/mod.rs,585,qualified_path,rust,production
std::fs,std::fs::create_dir_all,src/uservm/src/vmm/microvm/whp/mod.rs,1343,qualified_path,rust,production
std::fs,std::fs::File::create,src/uservm/src/vmm/microvm/whp/mod.rs,1366,qualified_path,rust,production
std::fs,std::fs::File::open,src/uservm/src/vmm/microvm/whp/mod.rs,1415,qualified_path,rust,production
std::fs,std::fs::File,src/uservm/src/vmm/microvm/whp/vmem.rs,15,import,verus,production
std::fs,std::fs::File::create,src/uservm/src/vmm/microvm/whp/vmem.rs,1441,qualified_path,verus,production
std::fs,std::fs::File::open,src/uservm/src/vmm/microvm/whp/vmem.rs,1501,qualified_path,verus,production
std::fs,std::fs::File::create,src/uservm/src/vmm/microvm/whp/vmem.rs,1595,qualified_path,verus,production
std::fs,std::fs::File::create,src/uservm/src/vmm/microvm/whp/vmem.rs,1678,qualified_path,verus,production
std::fs,std::fs::File::open,src/uservm/src/vmm/microvm/whp/vmem.rs,1737,qualified_path,verus,production
std::fs,std::fs::create_dir_all,src/utils/containerd-shim-nanvix-v1/tests/integration.rs,87,qualified_path,rust,test_or_benchmark
std::fs,std::fs::copy,src/utils/containerd-shim-nanvix-v1/tests/integration.rs,88,qualified_path,rust,test_or_benchmark
std::fs,std::fs::create_dir_all,src/utils/containerd-shim-nanvix-v1/tests/integration.rs,92,qualified_path,rust,test_or_benchmark
std::fs,std::fs::write,src/utils/containerd-shim-nanvix-v1/tests/integration.rs,93,qualified_path,rust,test_or_benchmark
std::fs,std::fs::read_to_string,src/utils/containerd-shim-nanvix-v1/tests/integration.rs,181,qualified_path,rust,test_or_benchmark
std::fs,std::fs::read_to_string,src/utils/containerd-shim-nanvix-v1/tests/integration.rs,242,qualified_path,rust,test_or_benchmark
std::fs,std::fs::create_dir_all,src/utils/containerd-shim-nanvix-v1/tests/integration.rs,269,qualified_path,rust,test_or_benchmark
std::fs,std::fs,src/utils/gen-headers/src/main.rs,24,import,rust,production
std::fs,std::fs::read_to_string,src/utils/gen-headers/src/main.rs,528,qualified_path,rust,production
std::fs,std::fs::read_dir,src/utils/gen-headers/src/main.rs,596,qualified_path,rust,production
std::fs,std::fs::read_dir,src/utils/gen-headers/src/main.rs,616,qualified_path,rust,production
std::fs,std::fs::read_dir,src/utils/gen-headers/src/main.rs,938,qualified_path,rust,production
std::fs,std::fs::read_dir,src/utils/gen-headers/src/main.rs,965,qualified_path,rust,production
std::fs,std::fs::read_to_string,src/utils/gen-headers/src/main.rs,981,qualified_path,rust,production
std::fs,std::fs::read_to_string,src/utils/gen-headers/src/main.rs,995,qualified_path,rust,production
std::fs,std::fs::read_to_string,src/utils/gen-headers/src/main.rs,1070,qualified_path,rust,production
std::fs,std::fs::create_dir_all,src/utils/gen-headers/src/main.rs,1076,qualified_path,rust,production
std::fs,std::fs::read_to_string,src/utils/gen-headers/src/main.rs,1082,qualified_path,rust,production
std::fs,std::fs::write,src/utils/gen-headers/src/main.rs,1084,qualified_path,rust,production
std::fs,std::fs,src/utils/mkimage/src/main.rs,8,import,verus,production
std::fs,std::fs::read,src/utils/mkimage/src/main.rs,104,qualified_path,verus,production
std::fs,std::fs::write,src/utils/mkimage/src/main.rs,139,qualified_path,verus,production
std::fs,std::fs,src/utils/mkramfs/src/lib.rs,14,import,rust,production
std::fs,std::fs::write,src/utils/mkramfs/src/lib.rs,72,qualified_path,rust,production
std::fs,std::fs::OpenOptions::new,src/utils/mkramfs/src/lib.rs,74,qualified_path,rust,production
std::fs,std::fs::OpenOptions::new,src/utils/mkramfs/src/lib.rs,92,qualified_path,rust,production
std::fs,std::fs::read_dir,src/utils/mkramfs/src/lib.rs,105,qualified_path,rust,production
std::fs,std::fs::metadata,src/utils/mkramfs/src/lib.rs,111,qualified_path,rust,production
std::fs,std::fs::read_dir,src/utils/mkramfs/src/lib.rs,135,qualified_path,rust,production
std::fs,std::fs::read,src/utils/mkramfs/src/lib.rs,155,qualified_path,rust,production
std::fs,std::fs,src/utils/mkramfs/src/main.rs,14,import,verus,production
std::fs,std::fs::OpenOptions::new,src/utils/mkramfs/src/main.rs,124,qualified_path,verus,production
std::fs,std::fs::read_dir,src/utils/mkramfs/src/main.rs,157,qualified_path,verus,production
std::fs,std::fs::read,src/utils/mkramfs/src/main.rs,202,qualified_path,verus,production
std::fs,std::fs::read_dir,src/utils/mkramfs/src/main.rs,241,qualified_path,verus,production
std::fs,std::fs::metadata,src/utils/mkramfs/src/main.rs,247,qualified_path,verus,production
std::fs,std::fs::File::open,src/utils/nanvix-bench/src/benchmarks/standalone_vfs.rs,136,qualified_path,verus,test_or_benchmark
std::fs,std::fs::create_dir_all,src/utils/nanvix-bench/src/benchmarks/vmm/snapshot_restore.rs,95,qualified_path,rust,test_or_benchmark
std::fs,std::fs::read_dir,src/utils/nanvix-bench/src/benchmarks/vmm/snapshot_restore.rs,294,qualified_path,rust,test_or_benchmark
std::fs,std::fs::File,src/utils/nanvix-bench/src/main.rs,35,import,verus,production
std::fs,std::fs::File::open,src/utils/nanvix-bench/src/main.rs,89,qualified_path,verus,production
std::fs,std::fs,src/utils/nanvix-test/src/config.rs,10,import,verus,production
std::fs,std::fs::read_to_string,src/utils/nanvix-test/src/config.rs,150,qualified_path,verus,production
std::fs,std::fs::ReadDir,src/utils/nanvix-test/src/environment.rs,66,qualified_path,rust,production
std::fs,std::fs::read_dir,src/utils/nanvix-test/src/environment.rs,66,qualified_path,rust,production
std::fs,std::fs::DirEntry,src/utils/nanvix-test/src/environment.rs,79,qualified_path,rust,production
std::fs,std::fs::Metadata,src/utils/nanvix-test/src/environment.rs,97,qualified_path,rust,production
std::fs,std::fs::metadata,src/utils/nanvix-test/src/environment.rs,97,qualified_path,rust,production
std::fs,std::fs::remove_dir_all,src/utils/nanvix-test/src/environment.rs,110,qualified_path,rust,production
std::fs,std::fs::remove_file,src/utils/nanvix-test/src/environment.rs,112,qualified_path,rust,production
std::fs,std::fs,src/utils/nanvix-test/src/environment.rs,141,import,rust,production
std::fs,std::fs::create_dir_all,src/utils/nanvix-test/src/environment.rs,163,qualified_path,rust,production
std::fs,std::fs::remove_file,src/utils/nanvix-test/src/environment.rs,194,qualified_path,rust,production
std::fs,std::fs::remove_dir_all,src/utils/nanvix-test/src/environment.rs,195,qualified_path,rust,production
std::fs,std::fs,src/utils/nanvix-test/src/executor/snapshot_restore.rs,33,import,rust,production
std::fs,std::fs::metadata,src/utils/nanvix-test/src/executor/snapshot_restore.rs,165,qualified_path,rust,production
std::fs,std::fs::create_dir_all,src/utils/nanvix-test/src/executor/snapshot_restore.rs,177,qualified_path,rust,production
std::fs,std::fs,src/utils/nanvix-test/src/executor/snapshot_save_exit.rs,32,import,rust,production
std::fs,std::fs::metadata,src/utils/nanvix-test/src/executor/snapshot_save_exit.rs,283,qualified_path,rust,production
std::fs,std::fs::remove_file,src/utils/nanvix-test/src/executor/snapshot_save_exit.rs,296,qualified_path,rust,production
std::fs,std::fs::create_dir_all,src/utils/nanvix-test/src/executor/snapshot_save_exit.rs,308,qualified_path,rust,production
std::fs,std::fs::write,src/utils/nanvix-test/src/executor/terminal.rs,30,import,verus,production
std::fs,std::fs::create_dir_all,src/utils/nanvix-test/src/log_layout.rs,11,import,rust,production
std::fs,std::fs::read_dir,src/utils/nanvix-test/src/log_layout.rs,11,import,rust,production
std::fs,std::fs::rename,src/utils/nanvix-test/src/log_layout.rs,11,import,rust,production
std::fs,std::fs::write,src/utils/nanvix-test/src/log_layout.rs,11,import,rust,production
std::fs,std::fs::create_dir_all,src/utils/nanvix-test/src/main.rs,81,import,rust,production
std::fs,std::fs::File,src/utils/nanvix-test/src/nanvixd/http.rs,20,import,rust,production
std::fs,std::fs::OpenOptions,src/utils/nanvix-test/src/nanvixd/http.rs,20,import,rust,production
std::fs,std::fs::OpenOptions::new,src/utils/nanvix-test/src/nanvixd/http.rs,253,qualified_path,rust,production
std::fs,std::fs::OpenOptions::new,src/utils/nanvix-test/src/nanvixd/http.rs,270,qualified_path,rust,production
std::fs,std::fs::metadata,src/utils/nanvixd/src/args.rs,218,qualified_path,verus,production
std::fs,std::fs::metadata,src/utils/nanvixd/src/args.rs,235,qualified_path,verus,production
std::fs,std::fs::write,src/utils/nanvixd/src/main.rs,211,qualified_path,rust,production
std::fs,std::fs::File,src/utils/strace/src/main.rs,15,import,rust,production
std::fs,std::fs::File::open,src/utils/strace/src/main.rs,197,qualified_path,rust,production
std::future,std::future::Future,src/libs/nanvix-http/src/client/standalone.rs,49,import,rust,production
std::future,std::future::Future,src/libs/syscomm/src/socket_extensions.rs,8,import,rust,production
std::future,std::future::Future,src/uservm/src/memory_thread.rs,46,qualified_path,rust,production
std::io,std::io::Read,build/user/build.rs,14,import,rust,production
std::io,std::io::Read,src/benchmarks/echo-rust-nostd/build.rs,14,import,rust,test_or_benchmark
std::io,std::io::Read,src/benchmarks/noop-rust-nostd/build.rs,14,import,rust,test_or_benchmark
std::io,std::io::Read,src/benchmarks/snapshot-rust-nostd/build.rs,14,import,rust,test_or_benchmark
std::io,std::io,src/daemons/hostfsd/src/fd_table.rs,8,import,rust,production
std::io,std::io::Result,src/daemons/hostfsd/src/fd_table.rs,103,qualified_path,rust,production
std::io,std::io::Error::other,src/daemons/hostfsd/src/fd_table.rs,105,qualified_path,rust,production
std::io,std::io::Error::other,src/daemons/hostfsd/src/fd_table.rs,117,qualified_path,rust,production
std::io,std::io,src/daemons/hostfsd/src/handler.rs,48,import,verus,production
std::io,std::io::Read,src/daemons/hostfsd/src/handler.rs,48,import,verus,production
std::io,std::io::Seek,src/daemons/hostfsd/src/handler.rs,48,import,verus,production
std::io,std::io::SeekFrom,src/daemons/hostfsd/src/handler.rs,48,import,verus,production
std::io,std::io::Write,src/daemons/hostfsd/src/handler.rs,48,import,verus,production
std::io,std::io::Result,src/daemons/hostfsd/src/handler.rs,72,qualified_path,verus,production
std::io,std::io::ErrorKind::AlreadyExists,src/daemons/hostfsd/src/handler.rs,86,qualified_path,verus,production
std::io,std::io::ErrorKind::NotFound,src/daemons/hostfsd/src/handler.rs,89,qualified_path,verus,production
std::io,std::io::Result,src/daemons/hostfsd/src/handler.rs,122,qualified_path,verus,production
std::io,std::io::SeekFrom::Start,src/daemons/hostfsd/src/handler.rs,1319,qualified_path,verus,production
std::io,std::io::SeekFrom::Start,src/daemons/hostfsd/src/handler.rs,1340,qualified_path,verus,production
std::io,std::io::SeekFrom::Start,src/daemons/hostfsd/src/handler.rs,1392,qualified_path,verus,production
std::io,std::io::SeekFrom::Start,src/daemons/hostfsd/src/handler.rs,1408,qualified_path,verus,production
std::io,std::io::SeekFrom::Start,src/daemons/hostfsd/src/handler.rs,1825,qualified_path,verus,production
std::io,std::io::SeekFrom::Current,src/daemons/hostfsd/src/handler.rs,1827,qualified_path,verus,production
std::io,std::io::SeekFrom::End,src/daemons/hostfsd/src/handler.rs,1828,qualified_path,verus,production
std::io,std::io::Error,src/daemons/hostfsd/src/handler.rs,1928,qualified_path,verus,production
std::io,std::io::ErrorKind::NotFound,src/daemons/hostfsd/src/handler.rs,1948,qualified_path,verus,production
std::io,std::io::ErrorKind::PermissionDenied,src/daemons/hostfsd/src/handler.rs,1949,qualified_path,verus,production
std::io,std::io::ErrorKind::AlreadyExists,src/daemons/hostfsd/src/handler.rs,1950,qualified_path,verus,production
std::io,std::io::ErrorKind::InvalidInput,src/daemons/hostfsd/src/handler.rs,1951,qualified_path,verus,production
std::io,std::io::ErrorKind::NotADirectory,src/daemons/hostfsd/src/handler.rs,1952,qualified_path,verus,production
std::io,std::io::ErrorKind::IsADirectory,src/daemons/hostfsd/src/handler.rs,1953,qualified_path,verus,production
std::io,std::io::ErrorKind::DirectoryNotEmpty,src/daemons/hostfsd/src/handler.rs,1954,qualified_path,verus,production
std::io,std::io::Result,src/daemons/hostfsd/src/handler.rs,1966,qualified_path,verus,production
std::io,std::io::Result,src/daemons/hostfsd/src/handler.rs,2006,qualified_path,verus,production
std::io,std::io::Error::new,src/daemons/hostfsd/src/handler.rs,2033,qualified_path,verus,production
std::io,std::io::ErrorKind::Unsupported,src/daemons/hostfsd/src/handler.rs,2033,qualified_path,verus,production
std::io,std::io::Error,src/daemons/hostfsd/src/handler.rs,2044,qualified_path,verus,production
std::io,std::io,src/daemons/hostfsd/src/sandbox.rs,9,import,verus,production
std::io,std::io::Result,src/daemons/hostfsd/src/sandbox.rs,28,qualified_path,verus,production
std::io,std::io::Error::new,src/daemons/hostfsd/src/sandbox.rs,30,qualified_path,verus,production
std::io,std::io::ErrorKind::NotADirectory,src/daemons/hostfsd/src/sandbox.rs,31,qualified_path,verus,production
std::io,std::io::Result,src/daemons/hostfsd/src/sandbox.rs,168,qualified_path,verus,production
std::io,std::io::Result,src/daemons/hostfsd/src/sandbox.rs,180,qualified_path,verus,production
std::io,std::io::Error,src/daemons/hostfsd/src/sandbox.rs,217,qualified_path,verus,production
std::io,std::io::Error,src/daemons/hostfsd/src/sandbox.rs,229,qualified_path,verus,production
std::io,std::io::Result,src/daemons/hostfsd/tests/handler_test.rs,1494,qualified_path,verus,test_or_benchmark
std::io,std::io::Result,src/daemons/hostfsd/tests/handler_test.rs,1511,qualified_path,verus,test_or_benchmark
std::io,std::io::Error,src/daemons/hostfsd/tests/handler_test.rs,1526,qualified_path,verus,test_or_benchmark
std::io,std::io::Read,src/daemons/memd/build.rs,14,import,rust,production
std::io,std::io,src/daemons/networkd/src/epoll.rs,21,import,rust,production
std::io,std::io::Result,src/daemons/networkd/src/epoll.rs,86,qualified_path,rust,production
std::io,std::io::Error::last_os_error,src/daemons/networkd/src/epoll.rs,90,qualified_path,rust,production
std::io,std::io::Result,src/daemons/networkd/src/epoll.rs,105,qualified_path,rust,production
std::io,std::io::Result,src/daemons/networkd/src/epoll.rs,114,qualified_path,rust,production
std::io,std::io::Result,src/daemons/networkd/src/epoll.rs,124,qualified_path,rust,production
std::io,std::io::Error::last_os_error,src/daemons/networkd/src/epoll.rs,133,qualified_path,rust,production
std::io,std::io::Result,src/daemons/networkd/src/epoll.rs,155,qualified_path,rust,production
std::io,std::io::Error::new,src/daemons/networkd/src/epoll.rs,163,qualified_path,rust,production
std::io,std::io::ErrorKind::InvalidInput,src/daemons/networkd/src/epoll.rs,163,qualified_path,rust,production
std::io,std::io::Error::last_os_error,src/daemons/networkd/src/epoll.rs,177,qualified_path,rust,production
std::io,std::io::Result,src/daemons/networkd/src/epoll.rs,183,qualified_path,rust,production
std::io,std::io::Error::last_os_error,src/daemons/networkd/src/epoll.rs,192,qualified_path,rust,production
std::io,std::io::Error,src/daemons/networkd/src/framing.rs,12,import,rust,production
std::io,std::io::ErrorKind,src/daemons/networkd/src/framing.rs,12,import,rust,production
std::io,std::io::Result,src/daemons/networkd/src/framing.rs,12,import,rust,production
std::io,std::io::Error::new,src/daemons/networkd/src/framing.rs,63,qualified_path,rust,production
std::io,std::io::ErrorKind::UnexpectedEof,src/daemons/networkd/src/framing.rs,64,qualified_path,rust,production
std::io,std::io::Error::new,src/daemons/networkd/src/framing.rs,72,qualified_path,rust,production
std::io,std::io::ErrorKind::InvalidData,src/daemons/networkd/src/framing.rs,72,qualified_path,rust,production
std::io,std::io::Error::new,src/daemons/networkd/src/framing.rs,74,qualified_path,rust,production
std::io,std::io::ErrorKind::InvalidData,src/daemons/networkd/src/framing.rs,74,qualified_path,rust,production
std::io,std::io::Error::new,src/daemons/networkd/src/framing.rs,77,qualified_path,rust,production
std::io,std::io::ErrorKind::InvalidData,src/daemons/networkd/src/framing.rs,78,qualified_path,rust,production
std::io,std::io::Read,src/daemons/procd/build.rs,14,import,rust,production
std::io,std::io::Read,src/daemons/vfsd/build.rs,14,import,rust,production
std::io,std::io::Write,src/libs/libc_assert/src/assert_func.rs,83,import,rust,production
std::io,std::io::stderr,src/libs/libc_assert/src/assert_func.rs,85,qualified_path,rust,production
std::io,std::io::Write,src/libs/multiimage/src/lib.rs,44,import,rust,production
std::io,std::io::Read,src/libs/multiimage/src/lib.rs,537,import,rust,production
std::io,std::io::ErrorKind::NotFound,src/libs/nanvix-http/src/client/standalone.rs,151,qualified_path,rust,production
std::io,std::io::ErrorKind::NotFound,src/libs/nanvix-http/src/client/standalone.rs,335,qualified_path,rust,production
std::io,std::io::ErrorKind::NotFound,src/libs/nanvix-http/src/client/standalone.rs,552,qualified_path,rust,production
std::io,std::io::ErrorKind::UnexpectedEof,src/libs/nanvix-http/src/client/standalone.rs,720,qualified_path,rust,production
std::io,std::io::Write,src/libs/nanvix-shim-proto/src/executor.rs,14,import,rust,production
std::io,std::io::Read,src/libs/nanvix-shim-proto/src/executor.rs,101,import,rust,production
std::io,std::io::stdout,src/libs/nanvix-shim-proto/src/executor.rs,116,qualified_path,rust,production
std::io,std::io::stdout,src/libs/nanvix-shim-proto/src/executor.rs,117,qualified_path,rust,production
std::io,std::io::stdout,src/libs/nanvix-shim-proto/src/executor.rs,142,qualified_path,rust,production
std::io,std::io::stdout,src/libs/nanvix-shim-proto/src/executor.rs,143,qualified_path,rust,production
std::io,std::io::ErrorKind,src/libs/nanvix-terminal/src/standalone.rs,25,import,verus,production
std::io,std::io::Read,src/libs/nanvix-terminal/src/standalone.rs,25,import,verus,production
std::io,std::io::Error,src/libs/nanvix-terminal/src/standalone.rs,301,qualified_path,verus,production
std::io,std::io::ErrorKind::BrokenPipe,src/libs/nanvix-terminal/src/standalone.rs,304,qualified_path,verus,production
std::io,std::io::ErrorKind::BrokenPipe,src/libs/nanvix-terminal/src/standalone.rs,311,qualified_path,verus,production
std::io,std::io::Stdin,src/libs/nanvix-terminal/src/standalone.rs,344,qualified_path,verus,production
std::io,std::io::stdin,src/libs/nanvix-terminal/src/standalone.rs,344,qualified_path,verus,production
std::io,std::io::ErrorKind::Interrupted,src/libs/nanvix-terminal/src/standalone.rs,356,qualified_path,verus,production
std::io,std::io,src/libs/profiler/src/lib.rs,15,import,rust,production
std::io,std::io::Result,src/libs/profiler/src/lib.rs,158,qualified_path,rust,production
std::io,std::io::Write,src/libs/profiler/src/lib.rs,158,qualified_path,rust,production
std::io,std::io::stderr,src/libs/profiler/src/lib.rs,197,qualified_path,rust,production
std::io,std::io,src/libs/profiler/src/scope.rs,9,import,rust,production
std::io,std::io::Write,src/libs/profiler/src/scope.rs,99,qualified_path,rust,production
std::io,std::io::Result,src/libs/profiler/src/scope.rs,105,qualified_path,rust,production
std::io,std::io::Write,src/libs/syscall/src/unistd/bindings/getopt.rs,234,import,rust,production
std::io,std::io::stderr,src/libs/syscall/src/unistd/bindings/getopt.rs,236,qualified_path,rust,production
std::io,std::io::Result,src/libs/syscomm/src/socket_extensions.rs,8,import,rust,production
std::io,std::io::Error,src/libs/syscomm/src/socket_listener.rs,15,import,rust,production
std::io,std::io::Result,src/libs/syscomm/src/socket_listener.rs,15,import,rust,production
std::io,std::io::Error::new,src/libs/syscomm/src/socket_listener.rs,86,qualified_path,rust,production
std::io,std::io::Error::new,src/libs/syscomm/src/socket_listener.rs,93,qualified_path,rust,production
std::io,std::io::Error::new,src/libs/syscomm/src/socket_listener.rs,112,qualified_path,rust,production
std::io,std::io::Result,src/libs/syscomm/src/socket_stream.rs,19,import,rust,production
std::io,std::io::Result,src/libs/syscomm/src/socket_stream_reader.rs,10,import,rust,production
std::io,std::io::IoSlice,src/libs/syscomm/src/socket_stream_writer.rs,10,import,rust,production
std::io,std::io::Result,src/libs/syscomm/src/socket_stream_writer.rs,10,import,rust,production
std::io,std::io::Error::new,src/libs/syscomm/src/socket_stream_writer.rs,116,qualified_path,rust,production
std::io,std::io::ErrorKind::WriteZero,src/libs/syscomm/src/socket_stream_writer.rs,117,qualified_path,rust,production
std::io,std::io::IoSlice::advance_slices,src/libs/syscomm/src/socket_stream_writer.rs,121,qualified_path,rust,production
std::io,std::io,src/libs/syscomm/src/socket_type.rs,13,import,rust,production
std::io,std::io::Error,src/libs/syscomm/src/socket_type.rs,61,qualified_path,rust,production
std::io,std::io::Error::new,src/libs/syscomm/src/socket_type.rs,70,qualified_path,rust,production
std::io,std::io::ErrorKind::InvalidInput,src/libs/syscomm/src/socket_type.rs,70,qualified_path,rust,production
std::io,std::io::Error,src/libs/syscomm/src/socket_unbound.rs,18,import,rust,production
std::io,std::io,src/libs/syscomm/src/socket_unbound.rs,19,import,rust,production
std::io,std::io::ErrorKind,src/libs/syscomm/src/socket_unbound.rs,19,import,rust,production
std::io,std::io::Result,src/libs/syscomm/src/socket_unbound.rs,19,import,rust,production
std::io,std::io::Error::new,src/libs/syscomm/src/socket_unbound.rs,95,qualified_path,rust,production
std::io,std::io::ErrorKind::InvalidInput,src/libs/syscomm/src/socket_unbound.rs,96,qualified_path,rust,production
std::io,std::io::Error::new,src/libs/syscomm/src/socket_unbound.rs,104,qualified_path,rust,production
std::io,std::io::Error::new,src/libs/syscomm/src/socket_unbound.rs,111,qualified_path,rust,production
std::io,std::io::Error::new,src/libs/syscomm/src/socket_unbound.rs,121,qualified_path,rust,production
std::io,std::io::Error::new,src/libs/syscomm/src/socket_unbound.rs,127,qualified_path,rust,production
std::io,std::io::ErrorKind::Unsupported,src/libs/syscomm/src/socket_unbound.rs,128,qualified_path,rust,production
std::io,std::io::Error::new,src/libs/syscomm/src/socket_unbound.rs,161,qualified_path,rust,production
std::io,std::io::ErrorKind::InvalidInput,src/libs/syscomm/src/socket_unbound.rs,161,qualified_path,rust,production
std::io,std::io::Error::new,src/libs/syscomm/src/socket_unbound.rs,170,qualified_path,rust,production
std::io,std::io::Error::new,src/libs/syscomm/src/socket_unbound.rs,184,qualified_path,rust,production
std::io,std::io::Error::new,src/libs/syscomm/src/socket_unbound.rs,190,qualified_path,rust,production
std::io,std::io::ErrorKind::Unsupported,src/libs/syscomm/src/socket_unbound.rs,191,qualified_path,rust,production
std::io,std::io::IoSlice,src/libs/syscomm/src/tests/tcp.rs,19,import,rust,test_or_benchmark
std::io,std::io::Result,src/libs/syscomm/src/tests/tcp.rs,148,qualified_path,rust,test_or_benchmark
std::io,std::io::Result,src/libs/syscomm/src/tests/tcp.rs,156,qualified_path,rust,test_or_benchmark
std::io,std::io::IoSlice::new,src/libs/syscomm/src/tests/tcp.rs,198,qualified_path,rust,test_or_benchmark
std::io,std::io::IoSlice::new,src/libs/syscomm/src/tests/tcp.rs,246,qualified_path,rust,test_or_benchmark
std::io,std::io::IoSlice::new,src/libs/syscomm/src/tests/tcp.rs,247,qualified_path,rust,test_or_benchmark
std::io,std::io::IoSlice::new,src/libs/syscomm/src/tests/tcp.rs,248,qualified_path,rust,test_or_benchmark
std::io,std::io::IoSlice,src/libs/syscomm/src/tests/unix.rs,18,import,rust,test_or_benchmark
std::io,std::io::Result,src/libs/syscomm/src/tests/unix.rs,140,qualified_path,rust,test_or_benchmark
std::io,std::io::IoSlice::new,src/libs/syscomm/src/tests/unix.rs,178,qualified_path,rust,test_or_benchmark
std::io,std::io::IoSlice::new,src/libs/syscomm/src/tests/unix.rs,222,qualified_path,rust,test_or_benchmark
std::io,std::io::IoSlice::new,src/libs/syscomm/src/tests/unix.rs,223,qualified_path,rust,test_or_benchmark
std::io,std::io::IoSlice::new,src/libs/syscomm/src/tests/unix.rs,224,qualified_path,rust,test_or_benchmark
std::io,std::io::Write,src/libs/syslog/src/hosted.rs,14,import,rust,production
std::io,std::io::Error,src/libs/syslog/src/hosted.rs,54,qualified_path,rust,production
std::io,std::io::Read,src/tests/integration/test-rust-arch/build.rs,14,import,rust,test_or_benchmark
std::io,std::io::Read,src/tests/integration/test-rust-c-bindings/build.rs,14,import,rust,test_or_benchmark
std::io,std::io::Read,src/tests/integration/test-rust-cmdline-env-nostd/build.rs,14,import,rust,test_or_benchmark
std::io,std::io::Read,src/tests/integration/test-rust-cmdline-len/build.rs,14,import,rust,test_or_benchmark
std::io,std::io::Read,src/tests/integration/test-rust-dlfcn/build.rs,14,import,rust,test_or_benchmark
std::io,std::io::Read,src/tests/integration/test-rust-env-nostd/build.rs,14,import,rust,test_or_benchmark
std::io,std::io::Read,src/tests/integration/test-rust-file/build.rs,14,import,rust,test_or_benchmark
std::io,std::io::Read,src/tests/integration/test-rust-fork-kcall/build.rs,14,import,rust,test_or_benchmark
std::io,std::io::Read,src/tests/integration/test-rust-getenv-nostd/build.rs,14,import,rust,test_or_benchmark
std::io,std::io::Read,src/tests/integration/test-rust-job-control/build.rs,14,import,rust,test_or_benchmark
std::io,std::io::Read,src/tests/integration/test-rust-kernel/build.rs,14,import,rust,test_or_benchmark
std::io,std::io::Read,src/tests/integration/test-rust-kill/build.rs,14,import,rust,test_or_benchmark
std::io,std::io::Read,src/tests/integration/test-rust-linux-app/build.rs,14,import,rust,test_or_benchmark
std::io,std::io::Read,src/tests/integration/test-rust-misc/build.rs,14,import,rust,test_or_benchmark
std::io,std::io::Read,src/tests/integration/test-rust-mmio-fault/build.rs,14,import,rust,test_or_benchmark
std::io,std::io::Read,src/tests/integration/test-rust-mount-multipart-test/build.rs,14,import,rust,test_or_benchmark
std::io,std::io::Read,src/tests/integration/test-rust-network/build.rs,14,import,rust,test_or_benchmark
std::io,std::io::Read,src/tests/integration/test-rust-sigsegv/build.rs,14,import,rust,test_or_benchmark
std::io,std::io::Read,src/tests/integration/test-rust-testd/build.rs,14,import,rust,test_or_benchmark
std::io,std::io::Read,src/tests/integration/test-rust-thread/build.rs,14,import,rust,test_or_benchmark
std::io,std::io::Read,src/tests/integration/test-rust-waitpid/build.rs,14,import,rust,test_or_benchmark
std::io,std::io::Read,src/tests/stress/test-rust-memory/build.rs,14,import,rust,test_or_benchmark
std::io,std::io::Read,src/tests/stress/test-rust-stress/build.rs,14,import,rust,test_or_benchmark
std::io,std::io::Read,src/user/hello-rust-nostd/build.rs,14,import,rust,production
std::io,std::io::Error,src/uservm/src/guest_profiler/perf_linux.rs,239,qualified_path,verus,production
std::io,std::io::Error::last_os_error,src/uservm/src/guest_profiler/perf_linux.rs,239,qualified_path,verus,production
std::io,std::io::Result,src/uservm/src/guest_profiler/samples.rs,240,qualified_path,rust,production
std::io,std::io::Result,src/uservm/src/guest_profiler/samples.rs,254,qualified_path,rust,production
std::io,std::io::Result,src/uservm/src/guest_profiler/samples.rs,262,qualified_path,rust,production
std::io,std::io::Write,src/uservm/src/guest_profiler/samples.rs,263,import,rust,production
std::io,std::io::Write,src/uservm/src/lib.rs,102,import,rust,production
std::io,std::io::stderr,src/uservm/src/lib.rs,839,qualified_path,rust,production
std::io,std::io::Write,src/uservm/src/lib.rs,1344,import,rust,production
std::io,std::io::Write,src/uservm/src/vmm/microvm/emulator.rs,39,import,rust,production
std::io,std::io::Read,src/uservm/src/vmm/microvm/gdb/event_loop.rs,44,import,rust,production
std::io,std::io::Write,src/uservm/src/vmm/microvm/gdb/event_loop.rs,44,import,rust,production
std::io,std::io::Error,src/uservm/src/vmm/microvm/gdb/event_loop.rs,68,qualified_path,rust,production
std::io,std::io::Write::write_all,src/uservm/src/vmm/microvm/gdb/event_loop.rs,71,qualified_path,rust,production
std::io,std::io::Write::write_all,src/uservm/src/vmm/microvm/gdb/event_loop.rs,75,qualified_path,rust,production
std::io,std::io::Write::flush,src/uservm/src/vmm/microvm/gdb/event_loop.rs,79,qualified_path,rust,production
std::io,std::io::Read::read_exact,src/uservm/src/vmm/microvm/gdb/event_loop.rs,92,qualified_path,rust,production
std::io,std::io::ErrorKind::WouldBlock,src/uservm/src/vmm/microvm/gdb/event_loop.rs,101,qualified_path,rust,production
std::io,std::io::Read,src/uservm/src/vmm/microvm/guest.rs,295,import,rust,production
std::io,std::io::Seek,src/uservm/src/vmm/microvm/guest.rs,295,import,rust,production
std::io,std::io::SeekFrom,src/uservm/src/vmm/microvm/guest.rs,295,import,rust,production
std::io,std::io::SeekFrom::Start,src/uservm/src/vmm/microvm/guest.rs,379,qualified_path,rust,production
std::io,std::io::Write,src/uservm/src/vmm/microvm/kvm/vmem.rs,19,import,rust,production
std::io,std::io::Write,src/uservm/src/vmm/microvm/mod.rs,78,import,verus,production
std::io,std::io,src/uservm/src/vmm/microvm/whp/console.rs,28,import,rust,production
std::io,std::io::Write,src/uservm/src/vmm/microvm/whp/console.rs,28,import,rust,production
std::io,std::io::Result,src/uservm/src/vmm/microvm/whp/console.rs,186,qualified_path,rust,production
std::io,std::io::Result,src/uservm/src/vmm/microvm/whp/console.rs,218,qualified_path,rust,production
std::io,std::io::Result,src/uservm/src/vmm/microvm/whp/console.rs,321,qualified_path,rust,production
std::io,std::io,src/uservm/src/vmm/microvm/whp/console.rs,352,import,rust,production
std::io,std::io::Write,src/uservm/src/vmm/microvm/whp/console.rs,352,import,rust,production
std::io,std::io::Result,src/uservm/src/vmm/microvm/whp/console.rs,422,qualified_path,rust,production
std::io,std::io::Error::new,src/uservm/src/vmm/microvm/whp/console.rs,427,qualified_path,rust,production
std::io,std::io::ErrorKind::BrokenPipe,src/uservm/src/vmm/microvm/whp/console.rs,427,qualified_path,rust,production
std::io,std::io::Result,src/uservm/src/vmm/microvm/whp/console.rs,436,qualified_path,rust,production
std::io,std::io::Write,src/uservm/src/vmm/microvm/whp/mod.rs,64,import,rust,production
std::io,std::io::Read,src/uservm/src/vmm/microvm/whp/vmem.rs,15,import,verus,production
std::io,std::io::Write,src/uservm/src/vmm/microvm/whp/vmem.rs,15,import,verus,production
std::io,std::io::Result,src/utils/mkramfs/src/lib.rs,70,qualified_path,rust,production
std::io,std::io::Error::other,src/utils/mkramfs/src/lib.rs,80,qualified_path,rust,production
std::io,std::io::Result,src/utils/mkramfs/src/lib.rs,89,qualified_path,rust,production
std::io,std::io::Error::other,src/utils/mkramfs/src/lib.rs,95,qualified_path,rust,production
std::io,std::io::Result,src/utils/mkramfs/src/lib.rs,129,qualified_path,rust,production
std::io,std::io::Error::other,src/utils/mkramfs/src/lib.rs,145,qualified_path,rust,production
std::io,std::io::Error::other,src/utils/mkramfs/src/lib.rs,151,qualified_path,rust,production
std::io,std::io::Error::other,src/utils/mkramfs/src/lib.rs,157,qualified_path,rust,production
std::io,std::io::Error::other,src/utils/mkramfs/src/lib.rs,160,qualified_path,rust,production
std::io,std::io::Error::other,src/utils/mkramfs/src/lib.rs,163,qualified_path,rust,production
std::io,std::io::Result,src/utils/nanvix-bench/src/benchmarks/gateway.rs,373,qualified_path,rust,test_or_benchmark
std::io,std::io::Result,src/utils/nanvix-bench/src/benchmarks/gateway.rs,378,qualified_path,rust,test_or_benchmark
std::io,std::io::Result,src/utils/nanvix-bench/src/benchmarks/gateway.rs,400,qualified_path,rust,test_or_benchmark
std::io,std::io::Error::new,src/utils/nanvix-bench/src/benchmarks/gateway.rs,408,qualified_path,rust,test_or_benchmark
std::io,std::io::ErrorKind::InvalidInput,src/utils/nanvix-bench/src/benchmarks/gateway.rs,409,qualified_path,rust,test_or_benchmark
std::io,std::io::Result,src/utils/nanvix-bench/src/benchmarks/gateway.rs,420,qualified_path,rust,test_or_benchmark
std::io,std::io::Result,src/utils/nanvix-bench/src/benchmarks/gateway.rs,433,qualified_path,rust,test_or_benchmark
std::io,std::io::BufReader,src/utils/nanvix-bench/src/main.rs,35,import,verus,production
std::io,std::io::BufReader::new,src/utils/nanvix-bench/src/main.rs,90,qualified_path,verus,production
std::io,std::io::Error,src/utils/nanvix-test/src/environment.rs,109,qualified_path,rust,production
std::io,std::io::Result,src/utils/nanvix-test/src/executor/common.rs,29,qualified_path,rust,production
std::io,std::io::ErrorKind,src/utils/nanvix-test/src/executor/http.rs,33,import,rust,production
std::io,std::io::ErrorKind::BrokenPipe,src/utils/nanvix-test/src/executor/http.rs,229,qualified_path,rust,production
std::io,std::io::ErrorKind::ConnectionReset,src/utils/nanvix-test/src/executor/http.rs,229,qualified_path,rust,production
std::io,std::io::ErrorKind::BrokenPipe,src/utils/nanvix-test/src/executor/http.rs,262,qualified_path,rust,production
std::io,std::io::ErrorKind::ConnectionReset,src/utils/nanvix-test/src/executor/http.rs,262,qualified_path,rust,production
std::io,std::io::ErrorKind::BrokenPipe,src/utils/nanvix-test/src/executor/http.rs,365,qualified_path,rust,production
std::io,std::io::ErrorKind::ConnectionReset,src/utils/nanvix-test/src/executor/http.rs,365,qualified_path,rust,production
std::io,std::io::ErrorKind::UnexpectedEof,src/utils/nanvix-test/src/executor/http.rs,365,qualified_path,rust,production
std::io,std::io::ErrorKind::NotFound,src/utils/nanvix-test/src/executor/snapshot_restore.rs,176,qualified_path,rust,production
std::io,std::io::Result,src/utils/nanvix-test/src/executor/snapshot_restore.rs,389,qualified_path,rust,production
std::io,std::io::Result,src/utils/nanvix-test/src/executor/snapshot_restore.rs,392,qualified_path,rust,production
std::io,std::io::Result,src/utils/nanvix-test/src/executor/snapshot_save_exit.rs,188,qualified_path,rust,production
std::io,std::io::Result,src/utils/nanvix-test/src/executor/snapshot_save_exit.rs,191,qualified_path,rust,production
std::io,std::io::ErrorKind::NotFound,src/utils/nanvix-test/src/executor/snapshot_save_exit.rs,307,qualified_path,rust,production
std::io,std::io::Result,src/utils/nanvix-test/src/executor/snapshot_save_exit.rs,352,qualified_path,rust,production
std::io,std::io::Result,src/utils/nanvix-test/src/executor/terminal.rs,363,qualified_path,verus,production
std::io,std::io::Result,src/utils/nanvix-test/src/executor/terminal.rs,377,qualified_path,verus,production
std::io,std::io::ErrorKind::BrokenPipe,src/utils/nanvix-test/src/executor/terminal.rs,462,qualified_path,verus,production
std::io,std::io::ErrorKind::BrokenPipe,src/utils/nanvix-test/src/executor/terminal.rs,474,qualified_path,verus,production
std::io,std::io::ErrorKind::BrokenPipe,src/utils/nanvix-test/src/executor/terminal.rs,487,qualified_path,verus,production
std::io,std::io::Result,src/utils/nanvix-test/src/executor/terminal.rs,524,qualified_path,verus,production
std::io,std::io::Result,src/utils/nanvix-test/src/executor/terminal.rs,573,qualified_path,verus,production
std::io,std::io::Error,src/utils/nanvix-test/src/nanvixd/mod.rs,199,qualified_path,rust,production
std::io,std::io::Error::last_os_error,src/utils/nanvix-test/src/nanvixd/mod.rs,199,qualified_path,rust,production
std::io,std::io::ErrorKind::Unsupported,src/utils/nanvix-test/src/uservm.rs,204,qualified_path,rust,production
std::io,std::io::Result,src/utils/nanvix-test/src/uservm.rs,560,qualified_path,rust,production
std::io,std::io::Error::new,src/utils/nanvix-test/src/uservm.rs,573,qualified_path,rust,production
std::io,std::io::ErrorKind::Unsupported,src/utils/nanvix-test/src/uservm.rs,574,qualified_path,rust,production
std::io,std::io::Result,src/utils/nanvix-test/src/uservm.rs,592,qualified_path,rust,production
std::io,std::io::Error::new,src/utils/nanvix-test/src/uservm.rs,606,qualified_path,rust,production
std::io,std::io::ErrorKind::InvalidInput,src/utils/nanvix-test/src/uservm.rs,607,qualified_path,rust,production
std::io,std::io::Result,src/utils/nanvix-test/src/uservm.rs,628,qualified_path,rust,production
std::io,std::io::Result,src/utils/nanvix-test/src/uservm.rs,647,qualified_path,rust,production
std::io,std::io::BufRead,src/utils/strace/src/main.rs,15,import,rust,production
std::io,std::io::BufReader,src/utils/strace/src/main.rs,15,import,rust,production
std::io,std::io::BufReader::new,src/utils/strace/src/main.rs,199,qualified_path,rust,production
std::iter,std::iter::once,src/uservm/src/vmm/microvm/whp/vmem.rs,395,qualified_path,verus,production
std::marker,std::marker::Send,src/uservm/src/memory_thread.rs,30,import,rust,production
std::mem,std::mem::take,src/daemons/hostfsd/src/handler.rs,2326,qualified_path,verus,production
std::mem,std::mem,src/libs/hwloc/src/lib.rs,19,import,rust,production
std::mem,std::mem::zeroed,src/libs/hwloc/src/lib.rs,67,qualified_path,rust,production
std::mem,std::mem::size_of,src/libs/hwloc/src/lib.rs,72,qualified_path,rust,production
std::mem,std::mem::size_of,src/libs/nanvix-http/src/client/standalone.rs,494,qualified_path,rust,production
std::mem,std::mem::zeroed,src/libs/nanvix-terminal/src/standalone.rs,85,qualified_path,verus,production
std::mem,std::mem,src/uservm/src/elf.rs,27,import,verus,production
std::mem,std::mem::size_of,src/uservm/src/elf.rs,94,qualified_path,verus,production
std::mem,std::mem::size_of,src/uservm/src/elf.rs,423,qualified_path,verus,production
std::mem,std::mem::size_of,src/uservm/src/elf.rs,424,qualified_path,verus,production
std::mem,std::mem::size_of,src/uservm/src/elf.rs,444,qualified_path,verus,production
std::mem,std::mem::size_of,src/uservm/src/elf.rs,453,qualified_path,verus,production
std::mem,std::mem::size_of,src/uservm/src/elf.rs,454,qualified_path,verus,production
std::mem,std::mem::size_of,src/uservm/src/elf.rs,514,qualified_path,verus,production
std::mem,std::mem::size_of,src/uservm/src/elf.rs,517,qualified_path,verus,production
std::mem,std::mem::size_of,src/uservm/src/elf.rs,535,qualified_path,verus,production
std::mem,std::mem::size_of,src/uservm/src/elf.rs,536,qualified_path,verus,production
std::mem,std::mem::size_of,src/uservm/src/elf.rs,578,qualified_path,verus,production
std::mem,std::mem::size_of,src/uservm/src/elf.rs,579,qualified_path,verus,production
std::mem,std::mem::size_of,src/uservm/src/elf.rs,613,qualified_path,verus,production
std::mem,std::mem::size_of,src/uservm/src/elf.rs,614,qualified_path,verus,production
std::mem,std::mem::size_of,src/uservm/src/elf.rs,671,qualified_path,verus,production
std::mem,std::mem::size_of,src/uservm/src/elf.rs,689,qualified_path,verus,production
std::mem,std::mem::size_of,src/uservm/src/elf.rs,707,qualified_path,verus,production
std::mem,std::mem::size_of,src/uservm/src/elf.rs,725,qualified_path,verus,production
std::mem,std::mem::size_of,src/uservm/src/elf.rs,743,qualified_path,verus,production
std::mem,std::mem::size_of,src/uservm/src/elf.rs,744,qualified_path,verus,production
std::mem,std::mem::size_of,src/uservm/src/elf.rs,774,qualified_path,verus,production
std::mem,std::mem::size_of,src/uservm/src/elf.rs,775,qualified_path,verus,production
std::mem,std::mem::take,src/uservm/src/guest_profiler/samples.rs,227,qualified_path,rust,production
std::mem,std::mem,src/uservm/src/lib.rs,915,import,rust,production
std::mem,std::mem::size_of,src/uservm/src/lib.rs,919,qualified_path,rust,production
std::mem,std::mem,src/uservm/src/lib.rs,1086,import,rust,production
std::mem,std::mem::size_of,src/uservm/src/lib.rs,1096,qualified_path,rust,production
std::mem,std::mem,src/uservm/src/pal/linux.rs,23,import,rust,production
std::mem,std::mem::zeroed,src/uservm/src/pal/linux.rs,417,qualified_path,rust,production
std::mem,std::mem::size_of,src/uservm/src/pal/windows.rs,535,qualified_path,verus,production
std::mem,std::mem,src/uservm/src/vmm/microvm/kvm/vcpu/fpu.rs,38,import,rust,production
std::mem,std::mem::size_of,src/uservm/src/vmm/microvm/kvm/vcpu/fpu.rs,129,qualified_path,rust,production
std::mem,std::mem::size_of,src/uservm/src/vmm/microvm/kvm/vcpu/fpu.rs,132,qualified_path,rust,production
std::mem,std::mem::size_of,src/uservm/src/vmm/microvm/kvm/vcpu/fpu.rs,184,qualified_path,rust,production
std::mem,std::mem::size_of,src/uservm/src/vmm/microvm/kvm/vcpu/fpu.rs,185,qualified_path,rust,production
std::mem,std::mem::size_of,src/uservm/src/vmm/microvm/kvm/vcpu/fpu.rs,227,qualified_path,rust,production
std::mem,std::mem,src/uservm/src/vmm/microvm/kvm/vcpu/mod.rs,73,import,verus,production
std::mem,std::mem::size_of,src/uservm/src/vmm/microvm/kvm/vcpu/mod.rs,1050,qualified_path,verus,production
std::mem,std::mem::size_of,src/uservm/src/vmm/microvm/kvm/vcpu/mod.rs,1068,qualified_path,verus,production
std::mem,std::mem::size_of_val,src/uservm/src/vmm/microvm/kvm/vcpu/mod.rs,1068,qualified_path,verus,production
std::mem,std::mem::size_of,src/uservm/src/vmm/microvm/kvm/vcpu/mod.rs,1090,qualified_path,verus,production
std::mem,std::mem::size_of,src/uservm/src/vmm/microvm/kvm/vcpu/mod.rs,1091,qualified_path,verus,production
std::mem,std::mem::size_of,src/uservm/src/vmm/microvm/kvm/vcpu/mod.rs,1221,qualified_path,verus,production
std::mem,std::mem::size_of,src/uservm/src/vmm/microvm/kvm/vcpu/mod.rs,1222,qualified_path,verus,production
std::mem,std::mem::size_of,src/uservm/src/vmm/microvm/kvm/vcpu/mod.rs,1304,qualified_path,verus,production
std::mem,std::mem::size_of,src/uservm/src/vmm/microvm/kvm/vcpu/msr.rs,356,qualified_path,rust,production
std::mem,std::mem::size_of,src/uservm/src/vmm/microvm/kvm/vcpu/msr.rs,357,qualified_path,rust,production
std::mem,std::mem::size_of,src/uservm/src/vmm/microvm/kvm/vcpu/msr.rs,539,qualified_path,rust,production
std::mem,std::mem::size_of,src/uservm/src/vmm/microvm/kvm/vcpu/msr.rs,619,qualified_path,rust,production
std::mem,std::mem::size_of,src/uservm/src/vmm/microvm/kvm/vcpu/msr.rs,639,qualified_path,rust,production
std::mem,std::mem::zeroed,src/uservm/src/vmm/microvm/mod.rs,762,qualified_path,verus,production
std::mem,std::mem::zeroed,src/uservm/src/vmm/microvm/mod.rs,794,qualified_path,verus,production
std::mem,std::mem::size_of,src/uservm/src/vmm/microvm/whp/mod.rs,278,qualified_path,rust,production
std::mem,std::mem::zeroed,src/uservm/src/vmm/microvm/whp/partition.rs,67,qualified_path,rust,production
std::mem,std::mem::size_of,src/uservm/src/vmm/microvm/whp/partition.rs,69,qualified_path,rust,production
std::mem,std::mem::zeroed,src/uservm/src/vmm/microvm/whp/partition.rs,90,qualified_path,rust,production
std::mem,std::mem::size_of,src/uservm/src/vmm/microvm/whp/partition.rs,93,qualified_path,rust,production
std::mem,std::mem,src/uservm/src/vmm/microvm/whp/vcpu/mod.rs,34,import,rust,production
std::mem,std::mem::zeroed,src/uservm/src/vmm/microvm/whp/vcpu/mod.rs,268,qualified_path,rust,production
std::mem,std::mem::zeroed,src/uservm/src/vmm/microvm/whp/vcpu/mod.rs,300,qualified_path,rust,production
std::mem,std::mem::zeroed,src/uservm/src/vmm/microvm/whp/vcpu/mod.rs,426,qualified_path,rust,production
std::mem,std::mem::zeroed,src/uservm/src/vmm/microvm/whp/vcpu/mod.rs,458,qualified_path,rust,production
std::mem,std::mem::zeroed,src/uservm/src/vmm/microvm/whp/vcpu/mod.rs,484,qualified_path,rust,production
std::mem,std::mem::zeroed,src/uservm/src/vmm/microvm/whp/vcpu/mod.rs,495,qualified_path,rust,production
std::mem,std::mem::zeroed,src/uservm/src/vmm/microvm/whp/vcpu/mod.rs,507,qualified_path,rust,production
std::mem,std::mem::zeroed,src/uservm/src/vmm/microvm/whp/vcpu/mod.rs,518,qualified_path,rust,production
std::mem,std::mem::zeroed,src/uservm/src/vmm/microvm/whp/vcpu/mod.rs,535,qualified_path,rust,production
std::mem,std::mem::zeroed,src/uservm/src/vmm/microvm/whp/vcpu/mod.rs,552,qualified_path,rust,production
std::mem,std::mem::zeroed,src/uservm/src/vmm/microvm/whp/vcpu/mod.rs,565,qualified_path,rust,production
std::mem,std::mem::zeroed,src/uservm/src/vmm/microvm/whp/vcpu/mod.rs,587,qualified_path,rust,production
std::mem,std::mem::zeroed,src/uservm/src/vmm/microvm/whp/vcpu/mod.rs,604,qualified_path,rust,production
std::mem,std::mem::size_of,src/uservm/src/vmm/microvm/whp/vcpu/mod.rs,606,qualified_path,rust,production
std::mem,std::mem::zeroed,src/uservm/src/vmm/microvm/whp/vcpu/mod.rs,700,qualified_path,rust,production
std::mem,std::mem::zeroed,src/uservm/src/vmm/microvm/whp/vcpu/mod.rs,715,qualified_path,rust,production
std::mem,std::mem::zeroed,src/uservm/src/vmm/microvm/whp/vcpu/mod.rs,728,qualified_path,rust,production
std::mem,std::mem::zeroed,src/uservm/src/vmm/microvm/whp/vcpu/mod.rs,744,qualified_path,rust,production
std::mem,std::mem,src/uservm/src/vmm/microvm/whp/vmem.rs,15,import,verus,production
std::mem,std::mem::size_of,src/uservm/src/vmm/microvm/whp/vmem.rs,174,qualified_path,verus,production
std::mem,std::mem::size_of,src/uservm/src/vmm/microvm/whp/vmem.rs,180,qualified_path,verus,production
std::mem,std::mem::size_of,src/uservm/src/vmm/microvm/whp/vmem.rs,1174,qualified_path,verus,production
std::mem,std::mem::size_of,src/uservm/src/vmm/microvm/whp/vmem.rs,1239,qualified_path,verus,production
std::mem,std::mem::take,src/uservm/src/vmm/microvm/whp/vmem.rs,1766,qualified_path,verus,production
std::mem,std::mem::size_of,src/utils/nanvix-bench/src/args.rs,33,qualified_path,verus,production
std::mem,std::mem,src/utils/nanvix-bench/src/benchmarks/vmm/warm_start_vmm.rs,54,import,rust,test_or_benchmark
std::mem,std::mem::size_of,src/utils/nanvix-bench/src/benchmarks/vmm/warm_start_vmm.rs,78,qualified_path,rust,test_or_benchmark
std::net,std::net::Ipv4Addr,src/libs/net-backend/src/filter.rs,55,qualified_path,verus,production
std::net,std::net::SocketAddr,src/libs/syscomm/src/socket_address.rs,16,qualified_path,rust,production
std::net,std::net::SocketAddr,src/libs/syscomm/src/socket_listener.rs,15,import,rust,production
std::net,std::net::SocketAddr,src/libs/syscomm/src/socket_listener.rs,80,qualified_path,rust,production
std::net,std::net::SocketAddr,src/libs/syscomm/src/socket_unbound.rs,19,import,rust,production
std::net,std::net::SocketAddr,src/libs/syscomm/src/tests/tcp.rs,35,qualified_path,rust,test_or_benchmark
std::net,std::net::SocketAddr,src/libs/syscomm/src/tests/tcp.rs,82,qualified_path,rust,test_or_benchmark
std::net,std::net::SocketAddr,src/libs/syscomm/src/tests/tcp.rs,171,qualified_path,rust,test_or_benchmark
std::net,std::net::SocketAddr,src/libs/syscomm/src/tests/tcp.rs,214,qualified_path,rust,test_or_benchmark
std::net,std::net::TcpListener,src/uservm/src/vmm/microvm/gdb/event_loop.rs,44,import,rust,production
std::net,std::net::TcpStream,src/uservm/src/vmm/microvm/gdb/event_loop.rs,44,import,rust,production
std::net,std::net::TcpListener::bind,src/uservm/src/vmm/microvm/gdb/event_loop.rs,349,qualified_path,rust,production
std::net,std::net::Ipv4Addr,src/utils/nanvix-bench/src/benchmarks/gateway.rs,55,import,rust,test_or_benchmark
std::net,std::net::SocketAddr,src/utils/nanvix-bench/src/benchmarks/gateway.rs,55,import,rust,test_or_benchmark
std::net,std::net::TcpListener,src/utils/nanvix-bench/src/benchmarks/gateway.rs,55,import,rust,test_or_benchmark
std::net,std::net::Ipv4Addr::LOCALHOST,src/utils/nanvix-bench/src/benchmarks/gateway.rs,167,qualified_path,rust,test_or_benchmark
std::net,std::net::TcpListener::bind,src/utils/nanvix-bench/src/benchmarks/gateway.rs,167,qualified_path,rust,test_or_benchmark
std::net,std::net::Ipv4Addr,src/utils/nanvix-bench/src/benchmarks/socket_echo.rs,26,import,rust,test_or_benchmark
std::net,std::net::SocketAddr,src/utils/nanvix-bench/src/benchmarks/socket_echo.rs,26,import,rust,test_or_benchmark
std::net,std::net::SocketAddrV4,src/utils/nanvix-bench/src/benchmarks/socket_echo.rs,26,import,rust,test_or_benchmark
std::net,std::net::Ipv4Addr::LOCALHOST,src/utils/nanvix-bench/src/benchmarks/socket_echo.rs,157,qualified_path,rust,test_or_benchmark
std::net,std::net::SocketAddr::V4,src/utils/nanvix-bench/src/benchmarks/socket_echo.rs,157,qualified_path,rust,test_or_benchmark
std::net,std::net::SocketAddrV4::new,src/utils/nanvix-bench/src/benchmarks/socket_echo.rs,157,qualified_path,rust,test_or_benchmark
std::net,std::net::TcpListener,src/utils/nanvix-bench/src/benchmarks/standalone_socket.rs,20,import,rust,test_or_benchmark
std::net,std::net::TcpListener::bind,src/utils/nanvix-bench/src/benchmarks/standalone_socket.rs,118,qualified_path,rust,test_or_benchmark
std::net,std::net::SocketAddr,src/utils/nanvix-test/src/port.rs,15,import,rust,production
std::net,std::net::TcpListener,src/utils/nanvix-test/src/port.rs,15,import,rust,production
std::net,std::net::TcpListener::bind,src/utils/nanvix-test/src/port.rs,63,qualified_path,rust,production
std::net,std::net::TcpListener::bind,src/utils/nanvix-test/src/port.rs,198,qualified_path,rust,production
std::ops,std::ops::ControlFlow,src/uservm/src/orchestrator.rs,16,import,rust,production
std::ops,std::ops::ControlFlow::Break,src/uservm/src/orchestrator.rs,16,import,rust,production
std::ops,std::ops::ControlFlow::Continue,src/uservm/src/orchestrator.rs,16,import,rust,production
std::os::fd,std::os::fd::AsRawFd,src/daemons/networkd/src/epoll.rs,21,import,rust,production
std::os::fd,std::os::fd::FromRawFd,src/daemons/networkd/src/epoll.rs,21,import,rust,production
std::os::fd,std::os::fd::OwnedFd,src/daemons/networkd/src/epoll.rs,21,import,rust,production
std::os::fd,std::os::fd::RawFd,src/daemons/networkd/src/epoll.rs,21,import,rust,production
std::os::fd,std::os::fd::OwnedFd::from_raw_fd,src/daemons/networkd/src/epoll.rs,95,qualified_path,rust,production
std::os::fd,std::os::fd::OwnedFd::from_raw_fd,src/daemons/networkd/src/epoll.rs,258,qualified_path,rust,production
std::os::fd,std::os::fd::OwnedFd,src/uservm/src/vmm/microvm/mod.rs,78,import,verus,production
std::os::fd,std::os::fd::OwnedFd::from_raw_fd,src/uservm/src/vmm/microvm/mod.rs,200,qualified_path,verus,production
std::os::unix::ffi,std::os::unix::ffi::OsStrExt,src/daemons/hostfsd/src/handler.rs,911,import,verus,production
std::os::unix::fs,std::os::unix::fs::PermissionsExt,src/daemons/hostfsd/src/handler.rs,65,import,verus,production
std::os::unix::fs,std::os::unix::fs::symlink,src/daemons/hostfsd/src/handler.rs,2009,qualified_path,verus,production
std::os::unix::fs,std::os::unix::fs::symlink,src/daemons/hostfsd/src/sandbox.rs,171,qualified_path,verus,production
std::os::unix::fs,std::os::unix::fs::symlink,src/daemons/hostfsd/src/sandbox.rs,183,qualified_path,verus,production
std::os::unix::fs,std::os::unix::fs::PermissionsExt,src/daemons/hostfsd/tests/handler_test.rs,17,import,verus,test_or_benchmark
std::os::unix::fs,std::os::unix::fs::symlink,src/daemons/hostfsd/tests/handler_test.rs,1497,qualified_path,verus,test_or_benchmark
std::os::unix::fs,std::os::unix::fs::symlink,src/daemons/hostfsd/tests/handler_test.rs,1514,qualified_path,verus,test_or_benchmark
std::os::unix::fs,std::os::unix::fs::PermissionsExt,src/libs/nanvix-http/src/client/standalone.rs,564,import,rust,production
std::os::unix::fs,std::os::unix::fs::PermissionsExt,src/uservm/src/guest_profiler/perf_linux.rs,26,import,verus,production
std::os::unix::io,std::os::unix::io::IntoRawFd,src/libs/nanvix-shim-proto/src/sys/unix/mod.rs,6,import,rust,production
std::os::unix::io,std::os::unix::io::RawFd,src/uservm/src/pal/linux.rs,23,import,rust,production
std::os::unix::io,std::os::unix::io::AsRawFd::as_raw_fd,src/uservm/src/pal/linux.rs,766,qualified_path,rust,production
std::os::unix::io,std::os::unix::io::AsRawFd::as_raw_fd,src/uservm/src/pal/linux.rs,798,qualified_path,rust,production
std::os::unix::io,std::os::unix::io::AsRawFd,src/uservm/src/vmm/microvm/kvm/vmem.rs,19,import,rust,production
std::os::unix::io,std::os::unix::io::AsRawFd,src/uservm/src/vmm/microvm/mod.rs,78,import,verus,production
std::os::unix::io,std::os::unix::io::FromRawFd,src/uservm/src/vmm/microvm/mod.rs,78,import,verus,production
std::os::unix::io,std::os::unix::io::RawFd,src/uservm/src/vmm/microvm/mod.rs,78,import,verus,production
std::os::unix::net,std::os::unix::net::UnixListener,src/libs/nanvix-shim-proto/src/sys/unix/mod.rs,6,import,rust,production
std::os::unix::net,std::os::unix::net::UnixListener::bind,src/libs/nanvix-shim-proto/src/sys/unix/mod.rs,56,qualified_path,rust,production
std::os::windows::fs,std::os::windows::fs::OpenOptionsExt,src/daemons/hostfsd/src/handler.rs,1969,import,verus,production
std::os::windows::fs,std::os::windows::fs::symlink_dir,src/daemons/hostfsd/src/handler.rs,2025,qualified_path,verus,production
std::os::windows::fs,std::os::windows::fs::symlink_file,src/daemons/hostfsd/src/handler.rs,2027,qualified_path,verus,production
std::os::windows::fs,std::os::windows::fs::symlink_file,src/daemons/hostfsd/src/sandbox.rs,175,qualified_path,verus,production
std::os::windows::fs,std::os::windows::fs::symlink_dir,src/daemons/hostfsd/src/sandbox.rs,187,qualified_path,verus,production
std::os::windows::fs,std::os::windows::fs::symlink_file,src/daemons/hostfsd/tests/handler_test.rs,1502,qualified_path,verus,test_or_benchmark
std::os::windows::fs,std::os::windows::fs::symlink_dir,src/daemons/hostfsd/tests/handler_test.rs,1518,qualified_path,verus,test_or_benchmark
std::os::windows::io,std::os::windows::io::AsRawHandle,src/uservm/src/pal/windows.rs,19,import,verus,production
std::os::windows::io,std::os::windows::io::AsRawHandle,src/uservm/src/vmm/microvm/whp/vmem.rs,15,import,verus,production
std::os::windows::prelude,std::os::windows::prelude::OpenOptionsExt,src/libs/nanvix-shim-proto/src/sys/windows/mod.rs,37,import,rust,production
std::panic,std::panic::AssertUnwindSafe,src/uservm/src/vmm/microvm/whp/mod.rs,731,qualified_path,rust,production
std::panic,std::panic::catch_unwind,src/uservm/src/vmm/microvm/whp/mod.rs,731,qualified_path,rust,production
std::path,std::path::Path,build/user/build.rs,14,import,rust,production
std::path,std::path::PathBuf,build/user/build.rs,14,import,rust,production
std::path,std::path::Path::new,build/user/build.rs,39,qualified_path,rust,production
std::path,std::path::Path,src/benchmarks/echo-rust-nostd/build.rs,14,import,rust,test_or_benchmark
std::path,std::path::PathBuf,src/benchmarks/echo-rust-nostd/build.rs,14,import,rust,test_or_benchmark
std::path,std::path::Path::new,src/benchmarks/echo-rust-nostd/build.rs,39,qualified_path,rust,test_or_benchmark
std::path,std::path::Path,src/benchmarks/mount-bench-nostd/build.rs,14,import,rust,test_or_benchmark
std::path,std::path::PathBuf,src/benchmarks/mount-bench-nostd/build.rs,14,import,rust,test_or_benchmark
std::path,std::path::Path::new,src/benchmarks/mount-bench-nostd/build.rs,32,qualified_path,rust,test_or_benchmark
std::path,std::path::Path,src/benchmarks/noop-rust-nostd/build.rs,14,import,rust,test_or_benchmark
std::path,std::path::PathBuf,src/benchmarks/noop-rust-nostd/build.rs,14,import,rust,test_or_benchmark
std::path,std::path::Path::new,src/benchmarks/noop-rust-nostd/build.rs,39,qualified_path,rust,test_or_benchmark
std::path,std::path::Path,src/benchmarks/snapshot-rust-nostd/build.rs,14,import,rust,test_or_benchmark
std::path,std::path::PathBuf,src/benchmarks/snapshot-rust-nostd/build.rs,14,import,rust,test_or_benchmark
std::path,std::path::Path::new,src/benchmarks/snapshot-rust-nostd/build.rs,43,qualified_path,rust,test_or_benchmark
std::path,std::path::Path,src/benchmarks/vfs-bench-nostd/build.rs,14,import,verus,test_or_benchmark
std::path,std::path::Path::new,src/benchmarks/vfs-bench-nostd/build.rs,117,qualified_path,verus,test_or_benchmark
std::path,std::path::PathBuf,src/daemons/hostfsd/src/fd_table.rs,8,import,rust,production
std::path,std::path::PathBuf::from,src/daemons/hostfsd/src/fd_table.rs,69,qualified_path,rust,production
std::path,std::path::PathBuf,src/daemons/hostfsd/src/handler.rs,48,import,verus,production
std::path,std::path::PathBuf::from,src/daemons/hostfsd/src/handler.rs,1449,qualified_path,verus,production
std::path,std::path::Path,src/daemons/hostfsd/src/handler.rs,1966,qualified_path,verus,production
std::path,std::path::Path,src/daemons/hostfsd/src/handler.rs,2006,qualified_path,verus,production
std::path,std::path::Path,src/daemons/hostfsd/src/handler.rs,2017,qualified_path,verus,production
std::path,std::path::Path::new,src/daemons/hostfsd/src/handler.rs,2019,qualified_path,verus,production
std::path,std::path::PathBuf,src/daemons/hostfsd/src/handler.rs,2020,qualified_path,verus,production
std::path,std::path::Path,src/daemons/hostfsd/src/sandbox.rs,9,import,verus,production
std::path,std::path::PathBuf,src/daemons/hostfsd/src/sandbox.rs,9,import,verus,production
std::path,std::path::Component,src/daemons/hostfsd/src/sandbox.rs,131,qualified_path,verus,production
std::path,std::path::PathBuf,src/daemons/hostfsd/tests/handler_test.rs,18,import,verus,test_or_benchmark
std::path,std::path::Path::new,src/daemons/hostfsd/tests/handler_test.rs,1344,qualified_path,verus,test_or_benchmark
std::path,std::path::Path,src/daemons/hostfsd/tests/handler_test.rs,1494,qualified_path,verus,test_or_benchmark
std::path,std::path::Path,src/daemons/hostfsd/tests/handler_test.rs,1511,qualified_path,verus,test_or_benchmark
std::path,std::path::Path::new,src/daemons/hostfsd/tests/handler_test.rs,1575,qualified_path,verus,test_or_benchmark
std::path,std::path::Path::new,src/daemons/hostfsd/tests/handler_test.rs,1625,qualified_path,verus,test_or_benchmark
std::path,std::path::Path::new,src/daemons/hostfsd/tests/handler_test.rs,1648,qualified_path,verus,test_or_benchmark
std::path,std::path::Path::new,src/daemons/hostfsd/tests/handler_test.rs,1670,qualified_path,verus,test_or_benchmark
std::path,std::path::Path::new,src/daemons/hostfsd/tests/handler_test.rs,1698,qualified_path,verus,test_or_benchmark
std::path,std::path::Path::new,src/daemons/hostfsd/tests/handler_test.rs,1724,qualified_path,verus,test_or_benchmark
std::path,std::path::Path::new,src/daemons/hostfsd/tests/handler_test.rs,1762,qualified_path,verus,test_or_benchmark
std::path,std::path::Path::new,src/daemons/hostfsd/tests/handler_test.rs,1884,qualified_path,verus,test_or_benchmark
std::path,std::path::Path,src/daemons/memd/build.rs,14,import,rust,production
std::path,std::path::PathBuf,src/daemons/memd/build.rs,14,import,rust,production
std::path,std::path::Path::new,src/daemons/memd/build.rs,39,qualified_path,rust,production
std::path,std::path::PathBuf,src/daemons/networkd/src/framing.rs,95,import,rust,production
std::path,std::path::Path,src/daemons/procd/build.rs,14,import,rust,production
std::path,std::path::PathBuf,src/daemons/procd/build.rs,14,import,rust,production
std::path,std::path::Path::new,src/daemons/procd/build.rs,39,qualified_path,rust,production
std::path,std::path::Path,src/daemons/vfsd/build.rs,14,import,rust,production
std::path,std::path::PathBuf,src/daemons/vfsd/build.rs,14,import,rust,production
std::path,std::path::Path::new,src/daemons/vfsd/build.rs,39,qualified_path,rust,production
std::path,std::path::Path,src/kernel/build.rs,14,import,rust,production
std::path,std::path::PathBuf,src/kernel/build.rs,14,import,rust,production
std::path,std::path::Path::new,src/kernel/build.rs,73,qualified_path,rust,production
std::path,std::path::Path,src/libs/build-utils/src/lib.rs,14,import,rust,production
std::path,std::path::PathBuf,src/libs/build-utils/src/lib.rs,14,import,rust,production
std::path,std::path::Path::new,src/libs/build-utils/src/lib.rs,38,qualified_path,rust,production
std::path,std::path::Path,src/libs/config/build.rs,11,import,rust,production
std::path,std::path::PathBuf,src/libs/config/build.rs,11,import,rust,production
std::path,std::path::Path::new,src/libs/config/build.rs,315,qualified_path,rust,production
std::path,std::path::Path::new,src/libs/config/build.rs,316,qualified_path,rust,production
std::path,std::path::Path,src/libs/multiimage/src/lib.rs,44,import,rust,production
std::path,std::path::PathBuf,src/libs/multiimage/src/lib.rs,44,import,rust,production
std::path,std::path::Path::new,src/libs/nanvix-http/src/client/standalone.rs,537,qualified_path,rust,production
std::path,std::path::PathBuf,src/libs/nanvix-shim-core/src/config.rs,6,import,rust,production
std::path,std::path::PathBuf::from,src/libs/nanvix-shim-core/src/config.rs,45,qualified_path,rust,production
std::path,std::path::PathBuf::from,src/libs/nanvix-shim-core/src/config.rs,49,qualified_path,rust,production
std::path,std::path::Path,src/libs/nanvix-shim-core/src/config.rs,58,qualified_path,rust,production
std::path,std::path::PathBuf::from,src/libs/nanvix-shim-core/src/config.rs,67,qualified_path,rust,production
std::path,std::path::PathBuf::from,src/libs/nanvix-shim-core/src/config.rs,68,qualified_path,rust,production
std::path,std::path::PathBuf,src/libs/nanvix-shim-core/src/runtime.rs,6,import,rust,production
std::path,std::path::Path,src/libs/nanvix-shim-proto/src/executor.rs,14,import,rust,production
std::path,std::path::PathBuf,src/libs/nanvix-shim-proto/src/executor.rs,14,import,rust,production
std::path,std::path::PathBuf::from,src/libs/nanvix-shim-proto/src/executor.rs,110,qualified_path,rust,production
std::path,std::path::Path::new,src/libs/nanvix-shim-proto/src/executor.rs,129,qualified_path,rust,production
std::path,std::path::Path::new,src/libs/nanvix-shim-proto/src/executor.rs,175,qualified_path,rust,production
std::path,std::path::Path,src/libs/nanvix-shim-proto/src/sys/unix/mod.rs,6,import,rust,production
std::path,std::path::Path::new,src/libs/nanvix-shim-proto/src/sys/unix/mod.rs,47,qualified_path,rust,production
std::path,std::path::Path::new,src/libs/nanvix-shim-proto/src/sys/unix/mod.rs,52,qualified_path,rust,production
std::path,std::path::PathBuf::from,src/libs/nanvix-shim-proto/src/task_service.rs,72,qualified_path,rust,production
std::path,std::path::PathBuf,src/libs/nanvix-shim-proto/src/task_service.rs,94,qualified_path,rust,production
std::path,std::path::PathBuf,src/libs/nanvix-shim-proto/src/task_service.rs,95,qualified_path,rust,production
std::path,std::path::PathBuf::from,src/libs/nanvix-shim-proto/src/task_service.rs,97,qualified_path,rust,production
std::path,std::path::PathBuf::from,src/libs/nanvix-shim-proto/src/task_service.rs,120,qualified_path,rust,production
std::path,std::path::PathBuf::from,src/libs/nanvix-shim-proto/src/task_service.rs,121,qualified_path,rust,production
std::path,std::path::PathBuf::from,src/libs/nanvix-shim-proto/src/task_service.rs,122,qualified_path,rust,production
std::path,std::path::PathBuf,src/libs/nanvix-shim-standalone/src/mode.rs,36,import,verus,production
std::path,std::path::PathBuf,src/libs/syscomm/src/tests/unix.rs,18,import,rust,test_or_benchmark
std::path,std::path::Path,src/tests/integration/test-rust-arch/build.rs,14,import,rust,test_or_benchmark
std::path,std::path::PathBuf,src/tests/integration/test-rust-arch/build.rs,14,import,rust,test_or_benchmark
std::path,std::path::Path::new,src/tests/integration/test-rust-arch/build.rs,39,qualified_path,rust,test_or_benchmark
std::path,std::path::Path,src/tests/integration/test-rust-c-bindings/build.rs,14,import,rust,test_or_benchmark
std::path,std::path::PathBuf,src/tests/integration/test-rust-c-bindings/build.rs,14,import,rust,test_or_benchmark
std::path,std::path::Path::new,src/tests/integration/test-rust-c-bindings/build.rs,39,qualified_path,rust,test_or_benchmark
std::path,std::path::Path,src/tests/integration/test-rust-cmdline-env-nostd/build.rs,14,import,rust,test_or_benchmark
std::path,std::path::PathBuf,src/tests/integration/test-rust-cmdline-env-nostd/build.rs,14,import,rust,test_or_benchmark
std::path,std::path::Path::new,src/tests/integration/test-rust-cmdline-env-nostd/build.rs,39,qualified_path,rust,test_or_benchmark
std::path,std::path::Path,src/tests/integration/test-rust-cmdline-len/build.rs,14,import,rust,test_or_benchmark
std::path,std::path::PathBuf,src/tests/integration/test-rust-cmdline-len/build.rs,14,import,rust,test_or_benchmark
std::path,std::path::Path::new,src/tests/integration/test-rust-cmdline-len/build.rs,39,qualified_path,rust,test_or_benchmark
std::path,std::path::Path,src/tests/integration/test-rust-dlfcn/build.rs,14,import,rust,test_or_benchmark
std::path,std::path::PathBuf,src/tests/integration/test-rust-dlfcn/build.rs,14,import,rust,test_or_benchmark
std::path,std::path::Path::new,src/tests/integration/test-rust-dlfcn/build.rs,145,qualified_path,rust,test_or_benchmark
std::path,std::path::Path::new,src/tests/integration/test-rust-dlfcn/build.rs,178,qualified_path,rust,test_or_benchmark
std::path,std::path::Path::new,src/tests/integration/test-rust-dlfcn/build.rs,184,qualified_path,rust,test_or_benchmark
std::path,std::path::Path,src/tests/integration/test-rust-env-nostd/build.rs,14,import,rust,test_or_benchmark
std::path,std::path::PathBuf,src/tests/integration/test-rust-env-nostd/build.rs,14,import,rust,test_or_benchmark
std::path,std::path::Path::new,src/tests/integration/test-rust-env-nostd/build.rs,39,qualified_path,rust,test_or_benchmark
std::path,std::path::Path,src/tests/integration/test-rust-file/build.rs,14,import,rust,test_or_benchmark
std::path,std::path::PathBuf,src/tests/integration/test-rust-file/build.rs,14,import,rust,test_or_benchmark
std::path,std::path::Path::new,src/tests/integration/test-rust-file/build.rs,39,qualified_path,rust,test_or_benchmark
std::path,std::path::Path,src/tests/integration/test-rust-fork-guestfs/build.rs,14,import,rust,test_or_benchmark
std::path,std::path::Path::new,src/tests/integration/test-rust-fork-guestfs/build.rs,51,qualified_path,rust,test_or_benchmark
std::path,std::path::Path::new,src/tests/integration/test-rust-fork-guestfs/build.rs,58,qualified_path,rust,test_or_benchmark
std::path,std::path::Path,src/tests/integration/test-rust-fork-hostfs/build.rs,14,import,rust,test_or_benchmark
std::path,std::path::Path::new,src/tests/integration/test-rust-fork-hostfs/build.rs,47,qualified_path,rust,test_or_benchmark
std::path,std::path::Path,src/tests/integration/test-rust-fork-kcall/build.rs,14,import,rust,test_or_benchmark
std::path,std::path::PathBuf,src/tests/integration/test-rust-fork-kcall/build.rs,14,import,rust,test_or_benchmark
std::path,std::path::Path::new,src/tests/integration/test-rust-fork-kcall/build.rs,39,qualified_path,rust,test_or_benchmark
std::path,std::path::Path,src/tests/integration/test-rust-getenv-nostd/build.rs,14,import,rust,test_or_benchmark
std::path,std::path::PathBuf,src/tests/integration/test-rust-getenv-nostd/build.rs,14,import,rust,test_or_benchmark
std::path,std::path::Path::new,src/tests/integration/test-rust-getenv-nostd/build.rs,39,qualified_path,rust,test_or_benchmark
std::path,std::path::Path,src/tests/integration/test-rust-job-control/build.rs,14,import,rust,test_or_benchmark
std::path,std::path::PathBuf,src/tests/integration/test-rust-job-control/build.rs,14,import,rust,test_or_benchmark
std::path,std::path::Path::new,src/tests/integration/test-rust-job-control/build.rs,39,qualified_path,rust,test_or_benchmark
std::path,std::path::Path,src/tests/integration/test-rust-kernel/build.rs,14,import,rust,test_or_benchmark
std::path,std::path::PathBuf,src/tests/integration/test-rust-kernel/build.rs,14,import,rust,test_or_benchmark
std::path,std::path::Path::new,src/tests/integration/test-rust-kernel/build.rs,39,qualified_path,rust,test_or_benchmark
std::path,std::path::Path,src/tests/integration/test-rust-kill/build.rs,14,import,rust,test_or_benchmark
std::path,std::path::PathBuf,src/tests/integration/test-rust-kill/build.rs,14,import,rust,test_or_benchmark
std::path,std::path::Path::new,src/tests/integration/test-rust-kill/build.rs,39,qualified_path,rust,test_or_benchmark
std::path,std::path::Path,src/tests/integration/test-rust-linux-app/build.rs,14,import,rust,test_or_benchmark
std::path,std::path::PathBuf,src/tests/integration/test-rust-linux-app/build.rs,14,import,rust,test_or_benchmark
std::path,std::path::Path::new,src/tests/integration/test-rust-linux-app/build.rs,39,qualified_path,rust,test_or_benchmark
std::path,std::path::Path,src/tests/integration/test-rust-misc/build.rs,14,import,rust,test_or_benchmark
std::path,std::path::PathBuf,src/tests/integration/test-rust-misc/build.rs,14,import,rust,test_or_benchmark
std::path,std::path::Path::new,src/tests/integration/test-rust-misc/build.rs,39,qualified_path,rust,test_or_benchmark
std::path,std::path::Path,src/tests/integration/test-rust-mmio-fault/build.rs,14,import,rust,test_or_benchmark
std::path,std::path::PathBuf,src/tests/integration/test-rust-mmio-fault/build.rs,14,import,rust,test_or_benchmark
std::path,std::path::Path::new,src/tests/integration/test-rust-mmio-fault/build.rs,39,qualified_path,rust,test_or_benchmark
std::path,std::path::Path,src/tests/integration/test-rust-mount-multipart-test/build.rs,14,import,rust,test_or_benchmark
std::path,std::path::PathBuf,src/tests/integration/test-rust-mount-multipart-test/build.rs,14,import,rust,test_or_benchmark
std::path,std::path::Path::new,src/tests/integration/test-rust-mount-multipart-test/build.rs,39,qualified_path,rust,test_or_benchmark
std::path,std::path::Path,src/tests/integration/test-rust-mount-test/build.rs,14,import,rust,test_or_benchmark
std::path,std::path::Path::new,src/tests/integration/test-rust-mount-test/build.rs,32,qualified_path,rust,test_or_benchmark
std::path,std::path::Path,src/tests/integration/test-rust-network/build.rs,14,import,rust,test_or_benchmark
std::path,std::path::PathBuf,src/tests/integration/test-rust-network/build.rs,14,import,rust,test_or_benchmark
std::path,std::path::Path::new,src/tests/integration/test-rust-network/build.rs,39,qualified_path,rust,test_or_benchmark
std::path,std::path::Path,src/tests/integration/test-rust-sigsegv/build.rs,14,import,rust,test_or_benchmark
std::path,std::path::PathBuf,src/tests/integration/test-rust-sigsegv/build.rs,14,import,rust,test_or_benchmark
std::path,std::path::Path::new,src/tests/integration/test-rust-sigsegv/build.rs,39,qualified_path,rust,test_or_benchmark
std::path,std::path::Path,src/tests/integration/test-rust-testd/build.rs,14,import,rust,test_or_benchmark
std::path,std::path::PathBuf,src/tests/integration/test-rust-testd/build.rs,14,import,rust,test_or_benchmark
std::path,std::path::Path::new,src/tests/integration/test-rust-testd/build.rs,39,qualified_path,rust,test_or_benchmark
std::path,std::path::Path,src/tests/integration/test-rust-thread/build.rs,14,import,rust,test_or_benchmark
std::path,std::path::PathBuf,src/tests/integration/test-rust-thread/build.rs,14,import,rust,test_or_benchmark
std::path,std::path::Path::new,src/tests/integration/test-rust-thread/build.rs,39,qualified_path,rust,test_or_benchmark
std::path,std::path::Path,src/tests/integration/test-rust-vfs-test/build.rs,14,import,rust,test_or_benchmark
std::path,std::path::Path::new,src/tests/integration/test-rust-vfs-test/build.rs,36,qualified_path,rust,test_or_benchmark
std::path,std::path::Path::new,src/tests/integration/test-rust-vfs-test/build.rs,43,qualified_path,rust,test_or_benchmark
std::path,std::path::Path,src/tests/integration/test-rust-waitpid/build.rs,14,import,rust,test_or_benchmark
std::path,std::path::PathBuf,src/tests/integration/test-rust-waitpid/build.rs,14,import,rust,test_or_benchmark
std::path,std::path::Path::new,src/tests/integration/test-rust-waitpid/build.rs,39,qualified_path,rust,test_or_benchmark
std::path,std::path::Path,src/tests/stress/test-rust-memory/build.rs,14,import,rust,test_or_benchmark
std::path,std::path::PathBuf,src/tests/stress/test-rust-memory/build.rs,14,import,rust,test_or_benchmark
std::path,std::path::Path::new,src/tests/stress/test-rust-memory/build.rs,39,qualified_path,rust,test_or_benchmark
std::path,std::path::Path,src/tests/stress/test-rust-stress/build.rs,14,import,rust,test_or_benchmark
std::path,std::path::PathBuf,src/tests/stress/test-rust-stress/build.rs,14,import,rust,test_or_benchmark
std::path,std::path::Path::new,src/tests/stress/test-rust-stress/build.rs,39,qualified_path,rust,test_or_benchmark
std::path,std::path::Path::new,src/tests/stress/test-rust-stress/build.rs,64,qualified_path,rust,test_or_benchmark
std::path,std::path::Path,src/user/hello-rust-nostd/build.rs,14,import,rust,production
std::path,std::path::PathBuf,src/user/hello-rust-nostd/build.rs,14,import,rust,production
std::path,std::path::Path::new,src/user/hello-rust-nostd/build.rs,39,qualified_path,rust,production
std::path,std::path::Path,src/uservm/src/args.rs,11,import,rust,production
std::path,std::path::PathBuf,src/uservm/src/args.rs,11,import,rust,production
std::path,std::path::Path::new,src/uservm/src/args.rs,221,qualified_path,rust,production
std::path,std::path::Path::new,src/uservm/src/guest_profiler/etw.rs,118,qualified_path,rust,production
std::path,std::path::Path,src/uservm/src/guest_profiler/symbols.rs,14,import,rust,production
std::path,std::path::PathBuf,src/uservm/src/lib.rs,551,qualified_path,rust,production
std::path,std::path::PathBuf::from,src/uservm/src/lib.rs,553,qualified_path,rust,production
std::path,std::path::PathBuf::from,src/uservm/src/lib.rs,556,qualified_path,rust,production
std::path,std::path::Path,src/uservm/src/lib.rs,558,qualified_path,rust,production
std::path,std::path::PathBuf,src/uservm/src/lib.rs,1344,import,rust,production
std::path,std::path::PathBuf,src/uservm/src/pal/linux.rs,620,import,rust,production
std::path,std::path::Path,src/uservm/src/pal/windows.rs,19,import,verus,production
std::path,std::path::Path::new,src/uservm/src/pal/windows.rs,104,qualified_path,verus,production
std::path,std::path::PathBuf,src/uservm/src/pal/windows.rs,549,import,verus,production
std::path,std::path::PathBuf,src/uservm/src/standalone.rs,39,import,rust,production
std::path,std::path::PathBuf::from,src/uservm/src/standalone.rs,473,qualified_path,rust,production
std::path,std::path::Path::new,src/uservm/src/vmm/microvm/guest.rs,247,qualified_path,rust,production
std::path,std::path::Path::new,src/uservm/src/vmm/microvm/guest.rs,404,qualified_path,rust,production
std::path,std::path::Path,src/uservm/src/vmm/microvm/kvm/vmem.rs,19,import,rust,production
std::path,std::path::PathBuf,src/uservm/src/vmm/microvm/kvm/vmem.rs,535,import,rust,production
std::path,std::path::Path,src/uservm/src/vmm/microvm/mod.rs,78,import,verus,production
std::path,std::path::PathBuf,src/uservm/src/vmm/microvm/mod.rs,78,import,verus,production
std::path,std::path::Path::new,src/uservm/src/vmm/microvm/mod.rs,1137,qualified_path,verus,production
std::path,std::path::Path::new,src/uservm/src/vmm/microvm/mod.rs,1139,qualified_path,verus,production
std::path,std::path::Path,src/uservm/src/vmm/microvm/ramfs.rs,23,import,verus,production
std::path,std::path::PathBuf,src/uservm/src/vmm/microvm/ramfs.rs,23,import,verus,production
std::path,std::path::Path::new,src/uservm/src/vmm/microvm/ramfs.rs,773,qualified_path,verus,production
std::path,std::path::Path,src/uservm/src/vmm/microvm/whp/mod.rs,64,import,rust,production
std::path,std::path::PathBuf,src/uservm/src/vmm/microvm/whp/mod.rs,64,import,rust,production
std::path,std::path::Path::new,src/uservm/src/vmm/microvm/whp/mod.rs,1313,qualified_path,rust,production
std::path,std::path::Path::new,src/uservm/src/vmm/microvm/whp/mod.rs,1314,qualified_path,rust,production
std::path,std::path::Path,src/uservm/src/vmm/microvm/whp/vmem.rs,15,import,verus,production
std::path,std::path::PathBuf,src/utils/containerd-shim-nanvix-v1/tests/integration.rs,15,import,rust,test_or_benchmark
std::path,std::path::PathBuf::from,src/utils/containerd-shim-nanvix-v1/tests/integration.rs,47,qualified_path,rust,test_or_benchmark
std::path,std::path::PathBuf::from,src/utils/containerd-shim-nanvix-v1/tests/integration.rs,49,qualified_path,rust,test_or_benchmark
std::path,std::path::Path,src/utils/containerd-shim-nanvix-v1/tests/integration.rs,71,qualified_path,rust,test_or_benchmark
std::path,std::path::Path,src/utils/containerd-shim-nanvix-v1/tests/integration.rs,85,qualified_path,rust,test_or_benchmark
std::path,std::path::Path,src/utils/containerd-shim-nanvix-v1/tests/integration.rs,99,qualified_path,rust,test_or_benchmark
std::path,std::path::PathBuf::new,src/utils/containerd-shim-nanvix-v1/tests/integration.rs,120,qualified_path,rust,test_or_benchmark
std::path,std::path::PathBuf::new,src/utils/containerd-shim-nanvix-v1/tests/integration.rs,121,qualified_path,rust,test_or_benchmark
std::path,std::path::PathBuf::new,src/utils/containerd-shim-nanvix-v1/tests/integration.rs,122,qualified_path,rust,test_or_benchmark
std::path,std::path::Path,src/utils/gen-headers/src/main.rs,24,import,rust,production
std::path,std::path::PathBuf,src/utils/gen-headers/src/main.rs,24,import,rust,production
std::path,std::path::Path::new,src/utils/gen-headers/src/main.rs,1022,qualified_path,rust,production
std::path,std::path::Path,src/utils/mkramfs/src/lib.rs,14,import,rust,production
std::path,std::path::PathBuf,src/utils/mkramfs/src/lib.rs,14,import,rust,production
std::path,std::path::Path,src/utils/mkramfs/src/main.rs,14,import,verus,production
std::path,std::path::PathBuf,src/utils/mkramfs/src/main.rs,14,import,verus,production
std::path,std::path::PathBuf::from,src/utils/mkramfs/src/main.rs,271,qualified_path,verus,production
std::path,std::path::PathBuf::from,src/utils/mkramfs/src/main.rs,309,qualified_path,verus,production
std::path,std::path::Path,src/utils/nanvix-bench/src/benchmark.rs,8,import,rust,production
std::path,std::path::PathBuf,src/utils/nanvix-bench/src/benchmark.rs,8,import,rust,production
std::path,std::path::Path::new,src/utils/nanvix-bench/src/benchmarks/gateway.rs,236,qualified_path,rust,test_or_benchmark
std::path,std::path::PathBuf,src/utils/nanvix-bench/src/benchmarks/standalone.rs,17,import,rust,test_or_benchmark
std::path,std::path::PathBuf,src/utils/nanvix-bench/src/benchmarks/standalone_socket.rs,20,import,rust,test_or_benchmark
std::path,std::path::PathBuf::from,src/utils/nanvix-bench/src/benchmarks/standalone_socket.rs,59,qualified_path,rust,test_or_benchmark
std::path,std::path::Path,src/utils/nanvix-bench/src/benchmarks/standalone_vfs.rs,22,import,verus,test_or_benchmark
std::path,std::path::PathBuf,src/utils/nanvix-bench/src/benchmarks/standalone_vfs.rs,22,import,verus,test_or_benchmark
std::path,std::path::PathBuf::from,src/utils/nanvix-bench/src/benchmarks/standalone_vfs.rs,223,qualified_path,verus,test_or_benchmark
std::path,std::path::PathBuf::from,src/utils/nanvix-bench/src/benchmarks/standalone_vfs.rs,230,qualified_path,verus,test_or_benchmark
std::path,std::path::PathBuf,src/utils/nanvix-bench/src/benchmarks/vmm/snapshot_restore.rs,93,qualified_path,rust,test_or_benchmark
std::path,std::path::PathBuf::from,src/utils/nanvix-bench/src/benchmarks/vmm/snapshot_restore.rs,93,qualified_path,rust,test_or_benchmark
std::path,std::path::PathBuf,src/utils/nanvix-bench/src/benchmarks/vmm/snapshot_restore.rs,291,qualified_path,rust,test_or_benchmark
std::path,std::path::PathBuf::from,src/utils/nanvix-bench/src/benchmarks/vmm/snapshot_restore.rs,291,qualified_path,rust,test_or_benchmark
std::path,std::path::Path,src/utils/nanvix-test/src/config.rs,10,import,verus,production
std::path,std::path::PathBuf,src/utils/nanvix-test/src/config.rs,10,import,verus,production
std::path,std::path::Path::new,src/utils/nanvix-test/src/config.rs,176,qualified_path,verus,production
std::path,std::path::Path::new,src/utils/nanvix-test/src/config.rs,1008,qualified_path,verus,production
std::path,std::path::Path::new,src/utils/nanvix-test/src/config.rs,1294,qualified_path,verus,production
std::path,std::path::Path,src/utils/nanvix-test/src/environment.rs,11,import,rust,production
std::path,std::path::PathBuf,src/utils/nanvix-test/src/environment.rs,11,import,rust,production
std::path,std::path::PathBuf,src/utils/nanvix-test/src/environment.rs,141,import,rust,production
std::path,std::path::Path,src/utils/nanvix-test/src/executor/empty.rs,23,import,rust,production
std::path,std::path::Path,src/utils/nanvix-test/src/executor/http.rs,33,import,rust,production
std::path,std::path::Path,src/utils/nanvix-test/src/executor/snapshot_restore.rs,33,import,rust,production
std::path,std::path::PathBuf,src/utils/nanvix-test/src/executor/snapshot_restore.rs,33,import,rust,production
std::path,std::path::PathBuf::from,src/utils/nanvix-test/src/executor/snapshot_restore.rs,149,qualified_path,rust,production
std::path,std::path::Path::new,src/utils/nanvix-test/src/executor/snapshot_restore.rs,153,qualified_path,rust,production
std::path,std::path::Path::new,src/utils/nanvix-test/src/executor/snapshot_restore.rs,218,qualified_path,rust,production
std::path,std::path::Path,src/utils/nanvix-test/src/executor/snapshot_save_exit.rs,32,import,rust,production
std::path,std::path::PathBuf,src/utils/nanvix-test/src/executor/snapshot_save_exit.rs,32,import,rust,production
std::path,std::path::PathBuf::from,src/utils/nanvix-test/src/executor/snapshot_save_exit.rs,128,qualified_path,rust,production
std::path,std::path::Path::new,src/utils/nanvix-test/src/executor/snapshot_save_exit.rs,131,qualified_path,rust,production
std::path,std::path::Path::new,src/utils/nanvix-test/src/executor/snapshot_save_exit.rs,163,qualified_path,rust,production
std::path,std::path::Path,src/utils/nanvix-test/src/executor/terminal.rs,30,import,verus,production
std::path,std::path::Path,src/utils/nanvix-test/src/log_layout.rs,11,import,rust,production
std::path,std::path::PathBuf,src/utils/nanvix-test/src/log_layout.rs,11,import,rust,production
std::path,std::path::Path::new,src/utils/nanvix-test/src/log_layout.rs,252,qualified_path,rust,production
std::path,std::path::Path::new,src/utils/nanvix-test/src/log_layout.rs,257,qualified_path,rust,production
std::path,std::path::Path::new,src/utils/nanvix-test/src/log_layout.rs,606,qualified_path,rust,production
std::path,std::path::Path,src/utils/nanvix-test/src/main.rs,81,import,rust,production
std::path,std::path::Path::new,src/utils/nanvix-test/src/main.rs,259,qualified_path,rust,production
std::path,std::path::Path::new,src/utils/nanvix-test/src/main.rs,365,qualified_path,rust,production
std::path,std::path::Path::new,src/utils/nanvix-test/src/main.rs,522,qualified_path,rust,production
std::path,std::path::Path::new,src/utils/nanvix-test/src/main.rs,570,qualified_path,rust,production
std::path,std::path::Path::new,src/utils/nanvix-test/src/main.rs,619,qualified_path,rust,production
std::path,std::path::Path::new,src/utils/nanvix-test/src/main.rs,668,qualified_path,rust,production
std::path,std::path::Path,src/utils/nanvix-test/src/nanvixd/http.rs,20,import,rust,production
std::path,std::path::PathBuf,src/utils/nanvix-test/src/nanvixd/http.rs,20,import,rust,production
std::path,std::path::Path,src/utils/nanvix-test/src/nanvixd/mod.rs,38,import,rust,production
std::path,std::path::PathBuf,src/utils/nanvix-test/src/nanvixd/mod.rs,38,import,rust,production
std::path,std::path::Path,src/utils/nanvix-test/src/nanvixd/terminal.rs,20,import,rust,production
std::path,std::path::PathBuf,src/utils/nanvix-test/src/nanvixd/terminal.rs,20,import,rust,production
std::path,std::path::PathBuf,src/utils/nanvixd/src/main.rs,204,import,rust,production
std::path,std::path::Path,src/utils/strace/src/main.rs,15,import,rust,production
std::path,std::path::PathBuf,src/utils/strace/src/main.rs,15,import,rust,production
std::pin,std::pin::Pin,src/libs/nanvix-http/src/client/standalone.rs,49,import,rust,production
std::pin,std::pin::Pin,src/uservm/src/memory_thread.rs,30,import,rust,production
std::pin,std::pin::Pin,src/uservm/src/orchestrator.rs,16,import,rust,production
std::process,std::process::abort,src/libs/libc_assert/src/assert_func.rs,108,qualified_path,rust,production
std::process,std::process::abort,src/libs/libc_setjmp/src/longjmp.rs,34,qualified_path,rust,production
std::process,std::process::abort,src/libs/libc_setjmp/src/siglongjmp.rs,39,qualified_path,rust,production
std::process,std::process::Command::new,src/libs/nanvix-shim-proto/src/executor.rs,74,qualified_path,rust,production
std::process,std::process::Stdio::null,src/libs/nanvix-shim-proto/src/executor.rs,76,qualified_path,rust,production
std::process,std::process::Stdio::piped,src/libs/nanvix-shim-proto/src/executor.rs,77,qualified_path,rust,production
std::process,std::process::Stdio::piped,src/libs/nanvix-shim-proto/src/executor.rs,78,qualified_path,rust,production
std::process,std::process::id,src/libs/nanvix-shim-proto/src/task_service.rs,262,qualified_path,rust,production
std::process,std::process::Stdio,src/libs/nanvix-shim-standalone/src/mode.rs,36,import,verus,production
std::process,std::process::Stdio::null,src/libs/nanvix-shim-standalone/src/mode.rs,380,qualified_path,verus,production
std::process,std::process::Stdio::piped,src/libs/nanvix-shim-standalone/src/mode.rs,381,qualified_path,verus,production
std::process,std::process::Stdio::piped,src/libs/nanvix-shim-standalone/src/mode.rs,382,qualified_path,verus,production
std::process,std::process,src/uservm/src/args.rs,11,import,rust,production
std::process,std::process::exit,src/uservm/src/args.rs,119,qualified_path,rust,production
std::process,std::process::Command,src/uservm/src/guest_profiler/etw.rs,33,import,rust,production
std::process,std::process::Command::new,src/uservm/src/guest_profiler/etw.rs,105,qualified_path,rust,production
std::process,std::process::Command::new,src/uservm/src/guest_profiler/etw.rs,119,qualified_path,rust,production
std::process,std::process::Command::new,src/uservm/src/guest_profiler/etw.rs,161,qualified_path,rust,production
std::process,std::process::Command::new,src/uservm/src/guest_profiler/etw.rs,188,qualified_path,rust,production
std::process,std::process::Command::new,src/uservm/src/guest_profiler/etw.rs,217,qualified_path,rust,production
std::process,std::process::Child,src/uservm/src/guest_profiler/perf_linux.rs,26,import,verus,production
std::process,std::process::Command,src/uservm/src/guest_profiler/perf_linux.rs,26,import,verus,production
std::process,std::process::Stdio,src/uservm/src/guest_profiler/perf_linux.rs,26,import,verus,production
std::process,std::process::id,src/uservm/src/guest_profiler/perf_linux.rs,91,qualified_path,verus,production
std::process,std::process::Command::new,src/uservm/src/guest_profiler/perf_linux.rs,152,qualified_path,verus,production
std::process,std::process::Stdio::null,src/uservm/src/guest_profiler/perf_linux.rs,154,qualified_path,verus,production
std::process,std::process::Stdio::null,src/uservm/src/guest_profiler/perf_linux.rs,155,qualified_path,verus,production
std::process,std::process::Stdio::piped,src/uservm/src/guest_profiler/perf_linux.rs,156,qualified_path,verus,production
std::process,std::process::Output,src/uservm/src/guest_profiler/perf_linux.rs,246,qualified_path,verus,production
std::process,std::process::ExitCode,src/uservm/src/main.rs,29,import,rust,production
std::process,std::process::ExitCode::from,src/uservm/src/main.rs,148,qualified_path,rust,production
std::process,std::process::ExitCode::from,src/uservm/src/main.rs,150,qualified_path,rust,production
std::process,std::process,src/uservm/src/pal/linux.rs,620,import,rust,production
std::process,std::process::id,src/uservm/src/pal/linux.rs,633,qualified_path,rust,production
std::process,std::process,src/uservm/src/pal/windows.rs,549,import,verus,production
std::process,std::process::exit,src/utils/containerd-shim-nanvix-v1/src/main.rs,33,qualified_path,rust,production
std::process,std::process::exit,src/utils/containerd-shim-nanvix-v1/src/main.rs,43,qualified_path,rust,production
std::process,std::process::exit,src/utils/containerd-shim-nanvix-v1/src/main.rs,52,qualified_path,rust,production
std::process,std::process::exit,src/utils/containerd-shim-nanvix-v1/src/main.rs,61,qualified_path,rust,production
std::process,std::process,src/utils/mkimage/src/main.rs,8,import,verus,production
std::process,std::process::exit,src/utils/mkimage/src/main.rs,30,qualified_path,verus,production
std::process,std::process::exit,src/utils/mkimage/src/main.rs,35,qualified_path,verus,production
std::process,std::process::exit,src/utils/mkimage/src/main.rs,49,qualified_path,verus,production
std::process,std::process::exit,src/utils/mkimage/src/main.rs,57,qualified_path,verus,production
std::process,std::process::exit,src/utils/mkimage/src/main.rs,64,qualified_path,verus,production
std::process,std::process::exit,src/utils/mkimage/src/main.rs,78,qualified_path,verus,production
std::process,std::process::exit,src/utils/mkimage/src/main.rs,85,qualified_path,verus,production
std::process,std::process::exit,src/utils/mkimage/src/main.rs,100,qualified_path,verus,production
std::process,std::process::exit,src/utils/mkimage/src/main.rs,108,qualified_path,verus,production
std::process,std::process::exit,src/utils/mkimage/src/main.rs,121,qualified_path,verus,production
std::process,std::process::exit,src/utils/mkimage/src/main.rs,135,qualified_path,verus,production
std::process,std::process::exit,src/utils/mkimage/src/main.rs,151,qualified_path,verus,production
std::process,std::process,src/utils/mkramfs/src/main.rs,14,import,verus,production
std::process,std::process::exit,src/utils/mkramfs/src/main.rs,81,qualified_path,verus,production
std::process,std::process::exit,src/utils/mkramfs/src/main.rs,119,qualified_path,verus,production
std::process,std::process::exit,src/utils/mkramfs/src/main.rs,130,qualified_path,verus,production
std::process,std::process::exit,src/utils/mkramfs/src/main.rs,136,qualified_path,verus,production
std::process,std::process::exit,src/utils/mkramfs/src/main.rs,159,qualified_path,verus,production
std::process,std::process::exit,src/utils/mkramfs/src/main.rs,169,qualified_path,verus,production
std::process,std::process::exit,src/utils/mkramfs/src/main.rs,173,qualified_path,verus,production
std::process,std::process::exit,src/utils/mkramfs/src/main.rs,204,qualified_path,verus,production
std::process,std::process::exit,src/utils/mkramfs/src/main.rs,208,qualified_path,verus,production
std::process,std::process::exit,src/utils/mkramfs/src/main.rs,212,qualified_path,verus,production
std::process,std::process::exit,src/utils/mkramfs/src/main.rs,216,qualified_path,verus,production
std::process,std::process::exit,src/utils/mkramfs/src/main.rs,224,qualified_path,verus,production
std::process,std::process::exit,src/utils/mkramfs/src/main.rs,228,qualified_path,verus,production
std::process,std::process::exit,src/utils/nanvix-bench/src/args.rs,102,qualified_path,verus,production
std::process,std::process::Stdio,src/utils/nanvix-bench/src/benchmarks/gateway.rs,55,import,rust,test_or_benchmark
std::process,std::process::Stdio::null,src/utils/nanvix-bench/src/benchmarks/gateway.rs,182,qualified_path,rust,test_or_benchmark
std::process,std::process::Stdio::null,src/utils/nanvix-bench/src/benchmarks/gateway.rs,183,qualified_path,rust,test_or_benchmark
std::process,std::process::Stdio::null,src/utils/nanvix-bench/src/benchmarks/gateway.rs,184,qualified_path,rust,test_or_benchmark
std::process,std::process::Stdio::piped,src/utils/nanvix-bench/src/benchmarks/standalone.rs,229,qualified_path,rust,test_or_benchmark
std::process,std::process::Stdio::piped,src/utils/nanvix-bench/src/benchmarks/standalone.rs,230,qualified_path,rust,test_or_benchmark
std::process,std::process::Stdio::piped,src/utils/nanvix-bench/src/benchmarks/standalone.rs,236,qualified_path,rust,test_or_benchmark
std::process,std::process::Stdio::null,src/utils/nanvix-bench/src/benchmarks/standalone.rs,238,qualified_path,rust,test_or_benchmark
std::process,std::process::Stdio,src/utils/nanvix-bench/src/benchmarks/standalone_socket.rs,20,import,rust,test_or_benchmark
std::process,std::process::Stdio::null,src/utils/nanvix-bench/src/benchmarks/standalone_socket.rs,73,qualified_path,rust,test_or_benchmark
std::process,std::process::Stdio::null,src/utils/nanvix-bench/src/benchmarks/standalone_socket.rs,74,qualified_path,rust,test_or_benchmark
std::process,std::process::Stdio::inherit,src/utils/nanvix-bench/src/benchmarks/standalone_socket.rs,75,qualified_path,rust,test_or_benchmark
std::process,std::process::Stdio::piped,src/utils/nanvix-bench/src/benchmarks/standalone_vfs.rs,553,qualified_path,verus,test_or_benchmark
std::process,std::process::Stdio::piped,src/utils/nanvix-bench/src/benchmarks/standalone_vfs.rs,554,qualified_path,verus,test_or_benchmark
std::process,std::process::Stdio::piped,src/utils/nanvix-bench/src/benchmarks/standalone_vfs.rs,555,qualified_path,verus,test_or_benchmark
std::process,std::process::ExitStatus,src/utils/nanvix-bench/src/benchmarks/standalone_vfs.rs,629,qualified_path,verus,test_or_benchmark
std::process,std::process,src/utils/nanvix-test/src/args.rs,15,import,rust,production
std::process,std::process::exit,src/utils/nanvix-test/src/args.rs,171,qualified_path,rust,production
std::process,std::process::exit,src/utils/nanvix-test/src/args.rs,385,qualified_path,rust,production
std::process,std::process,src/utils/nanvix-test/src/main.rs,81,import,rust,production
std::process,std::process::exit,src/utils/nanvix-test/src/main.rs,234,qualified_path,rust,production
std::process,std::process::Stdio,src/utils/nanvix-test/src/nanvixd/http.rs,20,import,rust,production
std::process,std::process::Stdio::null,src/utils/nanvix-test/src/nanvixd/http.rs,97,qualified_path,rust,production
std::process,std::process::Stdio::from,src/utils/nanvix-test/src/nanvixd/http.rs,98,qualified_path,rust,production
std::process,std::process::Stdio::from,src/utils/nanvix-test/src/nanvixd/http.rs,99,qualified_path,rust,production
std::process,std::process::Stdio,src/utils/nanvix-test/src/nanvixd/terminal.rs,20,import,rust,production
std::process,std::process::Stdio::piped,src/utils/nanvix-test/src/nanvixd/terminal.rs,76,qualified_path,rust,production
std::process,std::process::Stdio::piped,src/utils/nanvix-test/src/nanvixd/terminal.rs,77,qualified_path,rust,production
std::process,std::process::Stdio::piped,src/utils/nanvix-test/src/nanvixd/terminal.rs,78,qualified_path,rust,production
std::process,std::process::ExitCode,src/utils/nanvixd/src/main.rs,30,import,rust,production
std::process,std::process::ExitCode::from,src/utils/nanvixd/src/main.rs,122,qualified_path,rust,production
std::process,std::process::ExitCode::FAILURE,src/utils/nanvixd/src/main.rs,135,qualified_path,rust,production
std::process,std::process::ExitCode::SUCCESS,src/utils/nanvixd/src/main.rs,137,qualified_path,rust,production
std::ptr,std::ptr::null_mut,src/libs/libc_libgen/src/basename.rs,127,qualified_path,rust,production
std::ptr,std::ptr::null_mut,src/libs/libc_libgen/src/dirname.rs,152,qualified_path,rust,production
std::ptr,std::ptr,src/libs/syscall/src/unistd/bindings/getopt_long.rs,449,import,rust,production
std::ptr,std::ptr::null_mut,src/libs/syscall/src/unistd/bindings/getopt_long.rs,501,qualified_path,rust,production
std::ptr,std::ptr::null,src/libs/syscall/src/unistd/bindings/getopt_long.rs,506,qualified_path,rust,production
std::ptr,std::ptr::null_mut,src/libs/syscall/src/unistd/bindings/getopt_long.rs,508,qualified_path,rust,production
std::ptr,std::ptr::null_mut,src/libs/syscall/src/unistd/bindings/getopt_long.rs,622,qualified_path,rust,production
std::ptr,std::ptr::null_mut,src/libs/syscall/src/unistd/bindings/getopt_long.rs,651,qualified_path,rust,production
std::ptr,std::ptr::null_mut,src/libs/syscall/src/unistd/bindings/getopt_long.rs,679,qualified_path,rust,production
std::ptr,std::ptr::null_mut,src/libs/syscall/src/unistd/bindings/getopt_long.rs,703,qualified_path,rust,production
std::ptr,std::ptr::null_mut,src/libs/syscall/src/unistd/bindings/getopt_long.rs,730,qualified_path,rust,production
std::ptr,std::ptr::null_mut,src/libs/syscall/src/unistd/bindings/getopt_long.rs,747,qualified_path,rust,production
std::ptr,std::ptr::null_mut,src/libs/syscall/src/unistd/bindings/getopt_long.rs,771,qualified_path,rust,production
std::ptr,std::ptr::null_mut,src/libs/syscall/src/unistd/bindings/getopt_long.rs,795,qualified_path,rust,production
std::ptr,std::ptr::null_mut,src/libs/syscall/src/unistd/bindings/getopt_long.rs,820,qualified_path,rust,production
std::ptr,std::ptr::copy_nonoverlapping,src/uservm/src/elf.rs,328,qualified_path,verus,production
std::ptr,std::ptr::write_bytes,src/uservm/src/elf.rs,340,qualified_path,verus,production
std::ptr,std::ptr::copy_nonoverlapping,src/uservm/src/elf.rs,447,qualified_path,verus,production
std::ptr,std::ptr,src/uservm/src/pal/linux.rs,23,import,rust,production
std::ptr,std::ptr::null_mut,src/uservm/src/pal/linux.rs,98,qualified_path,rust,production
std::ptr,std::ptr::null_mut,src/uservm/src/pal/linux.rs,448,qualified_path,rust,production
std::ptr,std::ptr::eq,src/uservm/src/pal/linux.rs,452,qualified_path,rust,production
std::ptr,std::ptr,src/uservm/src/vmm/microvm/guest.rs,39,import,rust,production
std::ptr,std::ptr::copy_nonoverlapping,src/uservm/src/vmm/microvm/guest.rs,227,qualified_path,rust,production
std::ptr,std::ptr::copy_nonoverlapping,src/uservm/src/vmm/microvm/guest.rs,605,qualified_path,rust,production
std::ptr,std::ptr::copy_nonoverlapping,src/uservm/src/vmm/microvm/guest.rs,611,qualified_path,rust,production
std::ptr,std::ptr::copy_nonoverlapping,src/uservm/src/vmm/microvm/kvm/vcpu/fpu.rs,213,qualified_path,rust,production
std::ptr,std::ptr::read_unaligned,src/uservm/src/vmm/microvm/kvm/vcpu/fpu.rs,239,qualified_path,rust,production
std::ptr,std::ptr::read_unaligned,src/uservm/src/vmm/microvm/kvm/vcpu/msr.rs,408,qualified_path,rust,production
std::ptr,std::ptr::copy_nonoverlapping,src/uservm/src/vmm/microvm/kvm/vmem.rs,261,qualified_path,rust,production
std::ptr,std::ptr::copy_nonoverlapping,src/uservm/src/vmm/microvm/kvm/vmem.rs,381,qualified_path,rust,production
std::ptr,std::ptr::null_mut,src/uservm/src/vmm/microvm/mod.rs,771,qualified_path,verus,production
std::ptr,std::ptr::null_mut,src/uservm/src/vmm/microvm/mod.rs,801,qualified_path,verus,production
std::ptr,std::ptr::copy_nonoverlapping,src/uservm/src/vmm/microvm/whp/vcpu/mod.rs,394,qualified_path,rust,production
std::ptr,std::ptr::copy_nonoverlapping,src/uservm/src/vmm/microvm/whp/vcpu/mod.rs,429,qualified_path,rust,production
std::ptr,std::ptr,src/uservm/src/vmm/microvm/whp/vmem.rs,15,import,verus,production
std::ptr,std::ptr::copy_nonoverlapping,src/uservm/src/vmm/microvm/whp/vmem.rs,1374,qualified_path,verus,production
std::ptr,std::ptr::copy_nonoverlapping,src/uservm/src/vmm/microvm/whp/vmem.rs,1419,qualified_path,verus,production
std::ptr,std::ptr::read_unaligned,src/uservm/src/vmm/microvm/whp/vmem.rs,1527,qualified_path,verus,production
std::rc,std::rc::Rc,src/libs/profiler/src/lib.rs,15,import,rust,production
std::rc,std::rc::Rc::new,src/libs/profiler/src/lib.rs,91,qualified_path,rust,production
std::rc,std::rc::Rc::new,src/libs/profiler/src/lib.rs,115,qualified_path,rust,production
std::rc,std::rc::Rc,src/libs/profiler/src/scope.rs,9,import,rust,production
std::result,std::result::Result,src/libs/nanvix-sandbox-config/src/lib.rs,52,qualified_path,rust,production
std::result,std::result::Result,src/uservm/src/standalone.rs,323,qualified_path,rust,production
std::result,std::result::Result,src/uservm/src/vmm/microvm/gdb/event_loop.rs,70,qualified_path,rust,production
std::result,std::result::Result,src/uservm/src/vmm/microvm/gdb/event_loop.rs,74,qualified_path,rust,production
std::result,std::result::Result,src/uservm/src/vmm/microvm/gdb/event_loop.rs,78,qualified_path,rust,production
std::result,std::result::Result,src/uservm/src/vmm/microvm/gdb/event_loop.rs,82,qualified_path,rust,production
std::result,std::result::Result,src/uservm/src/vmm/microvm/gdb/event_loop.rs,90,qualified_path,rust,production
std::result,std::result::Result,src/uservm/src/vmm/microvm/gdb/event_loop.rs,96,qualified_path,rust,production
std::result,std::result::Result,src/uservm/src/vmm/microvm/gdb/event_loop.rs,122,qualified_path,rust,production
std::result,std::result::Result,src/uservm/src/vmm/microvm/gdb/event_loop.rs,316,qualified_path,rust,production
std::result,std::result::Result,src/utils/nanvix-test/src/executor/terminal.rs,352,qualified_path,verus,production
std::result,std::result::Result,src/utils/nanvix-test/src/executor/terminal.rs,578,qualified_path,verus,production
std::slice,std::slice,src/uservm/src/pal/linux.rs,23,import,rust,production
std::slice,std::slice::from_raw_parts,src/uservm/src/pal/linux.rs,156,qualified_path,rust,production
std::slice,std::slice::from_raw_parts_mut,src/uservm/src/pal/linux.rs,170,qualified_path,rust,production
std::slice,std::slice::from_raw_parts,src/uservm/src/pal/linux.rs,506,qualified_path,rust,production
std::slice,std::slice::from_raw_parts,src/uservm/src/pal/linux.rs,655,qualified_path,rust,production
std::slice,std::slice::from_raw_parts_mut,src/uservm/src/pal/linux.rs,706,qualified_path,rust,production
std::slice,std::slice::from_raw_parts,src/uservm/src/pal/windows.rs,213,qualified_path,verus,production
std::slice,std::slice::from_raw_parts,src/uservm/src/pal/windows.rs,582,qualified_path,verus,production
std::slice,std::slice::from_raw_parts,src/uservm/src/vmm/microvm/guest.rs,202,qualified_path,rust,production
std::slice,std::slice,src/uservm/src/vmm/microvm/kvm/vcpu/mod.rs,73,import,verus,production
std::slice,std::slice::from_raw_parts,src/uservm/src/vmm/microvm/kvm/vcpu/mod.rs,1050,qualified_path,verus,production
std::slice,std::slice::from_raw_parts,src/uservm/src/vmm/microvm/kvm/vcpu/mod.rs,1072,qualified_path,verus,production
std::slice,std::slice,src/uservm/src/vmm/microvm/whp/vmem.rs,15,import,verus,production
std::slice,std::slice::from_raw_parts,src/uservm/src/vmm/microvm/whp/vmem.rs,1459,qualified_path,verus,production
std::slice,std::slice::from_raw_parts,src/uservm/src/vmm/microvm/whp/vmem.rs,1469,qualified_path,verus,production
std::slice,std::slice::from_raw_parts_mut,src/uservm/src/vmm/microvm/whp/vmem.rs,1536,qualified_path,verus,production
std::slice,std::slice::from_raw_parts,src/uservm/src/vmm/microvm/whp/vmem.rs,1576,qualified_path,verus,production
std::slice,std::slice::from_raw_parts,src/uservm/src/vmm/microvm/whp/vmem.rs,1687,qualified_path,verus,production
std::str,std::str::FromStr,src/libs/hwloc/src/lib.rs,21,import,rust,production
std::str,std::str::FromStr,src/libs/nanvix-http/src/message.rs,192,qualified_path,rust,production
std::str,std::str::FromStr,src/libs/nanvix-sandbox-config/src/lib.rs,49,qualified_path,rust,production
std::str,std::str::FromStr,src/libs/syscomm/src/socket_type.rs,13,import,rust,production
std::str,std::str::FromStr,src/utils/nanvix-bench/src/args.rs,10,import,verus,production
std::str,std::str::FromStr,src/utils/nanvix-bench/src/benchmark.rs,8,import,rust,production
std::str,std::str::from_utf8,src/utils/nanvix-bench/src/benchmarks/standalone.rs,313,qualified_path,rust,test_or_benchmark
std::string,std::string::String,src/libs/hostfs-api/src/long_msg.rs,334,qualified_path,rust,production
std::string,std::string::String::from_utf8,src/libs/hostfs-api/src/long_msg.rs,350,qualified_path,rust,production
std::string,std::string::String,src/libs/hostfs-api/src/long_msg.rs,366,qualified_path,rust,production
std::string,std::string::String::from_utf8,src/libs/hostfs-api/src/long_msg.rs,380,qualified_path,rust,production
std::string,std::string::String,src/libs/hostfs-api/src/long_msg.rs,391,qualified_path,rust,production
std::string,std::string::String::from_utf8,src/libs/hostfs-api/src/long_msg.rs,405,qualified_path,rust,production
std::string,std::string::String,src/libs/hostfs-api/src/long_msg.rs,417,qualified_path,rust,production
std::string,std::string::String::from_utf8,src/libs/hostfs-api/src/long_msg.rs,432,qualified_path,rust,production
std::string,std::string::String,src/libs/hostfs-api/src/long_msg.rs,443,qualified_path,rust,production
std::string,std::string::String,src/libs/hostfs-api/src/long_msg.rs,444,qualified_path,rust,production
std::string,std::string::String::from_utf8,src/libs/hostfs-api/src/long_msg.rs,462,qualified_path,rust,production
std::string,std::string::String::from_utf8,src/libs/hostfs-api/src/long_msg.rs,464,qualified_path,rust,production
std::string,std::string::String,src/libs/hostfs-api/src/long_msg.rs,480,qualified_path,rust,production
std::string,std::string::String,src/libs/hostfs-api/src/long_msg.rs,481,qualified_path,rust,production
std::string,std::string::String::from_utf8,src/libs/hostfs-api/src/long_msg.rs,499,qualified_path,rust,production
std::string,std::string::String::from_utf8,src/libs/hostfs-api/src/long_msg.rs,501,qualified_path,rust,production
std::string,std::string::String,src/libs/hostfs-api/src/long_msg.rs,516,qualified_path,rust,production
std::string,std::string::String::from_utf8,src/libs/hostfs-api/src/long_msg.rs,530,qualified_path,rust,production
std::string,std::string::String,src/libs/hostfs-api/src/long_msg.rs,541,qualified_path,rust,production
std::string,std::string::String::from_utf8,src/libs/hostfs-api/src/long_msg.rs,555,qualified_path,rust,production
std::string,std::string::String,src/libs/libc_libgen/src/basename.rs,83,import,rust,production
std::string,std::string::String::from_utf8,src/libs/libc_libgen/src/basename.rs,105,qualified_path,rust,production
std::string,std::string::String::from_utf8,src/libs/libc_libgen/src/basename.rs,129,qualified_path,rust,production
std::string,std::string::String,src/libs/libc_libgen/src/dirname.rs,107,import,rust,production
std::string,std::string::String::from_utf8,src/libs/libc_libgen/src/dirname.rs,129,qualified_path,rust,production
std::string,std::string::String::from_utf8,src/libs/libc_libgen/src/dirname.rs,154,qualified_path,rust,production
std::string,std::string::String,src/libs/libc_stdio/src/float_fmt.rs,551,import,rust,production
std::string,std::string::String::from_utf8,src/libs/libc_stdio/src/float_fmt.rs,585,qualified_path,rust,production
std::string,std::string::String,src/libs/libc_string/src/strsignal.rs,77,qualified_path,rust,production
std::string,std::string::String,src/libs/libc_time/src/asctime_r.rs,183,qualified_path,rust,production
std::string,std::string::String::from_utf8,src/libs/libc_time/src/asctime_r.rs,189,qualified_path,rust,production
std::string,std::string::String,src/libs/libc_time/src/ctime_r.rs,67,qualified_path,rust,production
std::string,std::string::String::from_utf8,src/libs/libc_time/src/ctime_r.rs,73,qualified_path,rust,production
std::string,std::string::String,src/libs/libc_time/src/locale.rs,64,import,rust,production
std::string,std::string::String,src/libs/libc_time/src/strftime.rs,329,import,rust,production
std::string,std::string::String::from_utf8_lossy,src/libs/libc_time/src/strftime.rs,360,qualified_path,rust,production
std::string,std::string::String,src/libs/syscall/src/unistd/bindings/getopt_long.rs,515,qualified_path,rust,production
std::string,std::string::String,src/libs/syscall/src/unistd/syscall/getopt.rs,215,import,verus,production
std::string,std::string::String,src/libs/syslog-macros/src/lib.rs,16,import,rust,production
std::string,std::string::ToString::to_string,src/libs/syslog-macros/src/lib.rs,393,qualified_path,rust,production
std::string,std::string::ToString::to_string,src/libs/syslog-macros/src/lib.rs,414,qualified_path,rust,production
std::string,std::string::String,src/uservm/src/pal/linux.rs,635,qualified_path,rust,production
std::string,std::string::String,src/uservm/src/pal/linux.rs,646,qualified_path,rust,production
std::string,std::string::String,src/uservm/src/pal/linux.rs,669,qualified_path,rust,production
std::string,std::string::String,src/uservm/src/pal/linux.rs,684,qualified_path,rust,production
std::sync,std::sync::Mutex,src/libs/libc_locale/src/setlocale.rs,127,import,rust,production
std::sync,std::sync::MutexGuard,src/libs/libc_locale/src/setlocale.rs,127,import,rust,production
std::sync,std::sync::Mutex::new,src/libs/libc_locale/src/setlocale.rs,135,qualified_path,rust,production
std::sync,std::sync::Mutex,src/libs/libc_locale/src/xlocale.rs,157,import,rust,production
std::sync,std::sync::MutexGuard,src/libs/libc_locale/src/xlocale.rs,157,import,rust,production
std::sync,std::sync::Mutex::new,src/libs/libc_locale/src/xlocale.rs,164,qualified_path,rust,production
std::sync,std::sync::Mutex::new,src/libs/libc_stdlib/src/atexit.rs,136,qualified_path,rust,production
std::sync,std::sync::Mutex,src/libs/libc_stdlib/src/atexit.rs,289,import,rust,production
std::sync,std::sync::MutexGuard,src/libs/libc_stdlib/src/atexit.rs,289,import,rust,production
std::sync,std::sync::Mutex::new,src/libs/libc_stdlib/src/atexit.rs,296,qualified_path,rust,production
std::sync,std::sync::Mutex,src/libs/libc_string/src/strtok.rs,108,import,rust,production
std::sync,std::sync::Mutex::new,src/libs/libc_string/src/strtok.rs,115,qualified_path,rust,production
std::sync,std::sync::Arc,src/libs/nanvix-http/src/client/standalone.rs,49,import,rust,production
std::sync,std::sync::Arc,src/libs/nanvix-http/src/server.rs,28,import,rust,production
std::sync,std::sync::Arc::new,src/libs/nanvix-http/src/server.rs,105,qualified_path,rust,production
std::sync,std::sync::Arc,src/libs/nanvix-shim-proto/src/executor.rs,14,import,rust,production
std::sync,std::sync::Arc::new,src/libs/nanvix-shim-proto/src/executor.rs,207,qualified_path,rust,production
std::sync,std::sync::Arc::new,src/libs/nanvix-shim-proto/src/executor.rs,212,qualified_path,rust,production
std::sync,std::sync::Arc,src/libs/nanvix-shim-proto/src/sandbox_service.rs,9,import,rust,production
std::sync,std::sync::Arc,src/libs/nanvix-shim-proto/src/task_service.rs,8,import,rust,production
std::sync,std::sync::OnceLock,src/libs/net-backend/src/platform/windows.rs,136,import,rust,production
std::sync,std::sync::OnceLock::new,src/libs/net-backend/src/platform/windows.rs,137,qualified_path,rust,production
std::sync,std::sync::Mutex,src/libs/syscall/src/unistd/bindings/getopt_long.rs,449,import,rust,production
std::sync,std::sync::Mutex::new,src/libs/syscall/src/unistd/bindings/getopt_long.rs,464,qualified_path,rust,production
std::sync,std::sync::Once,src/libs/syslog/src/hosted.rs,14,import,rust,production
std::sync,std::sync::Once::new,src/libs/syslog/src/hosted.rs,109,qualified_path,rust,production
std::sync,std::sync::Arc,src/uservm/src/counters.rs,8,import,rust,production
std::sync,std::sync::Arc::new,src/uservm/src/counters.rs,55,qualified_path,rust,production
std::sync,std::sync::Arc::new,src/uservm/src/counters.rs,56,qualified_path,rust,production
std::sync,std::sync::Arc::new,src/uservm/src/counters.rs,57,qualified_path,rust,production
std::sync,std::sync::Arc::new,src/uservm/src/counters.rs,58,qualified_path,rust,production
std::sync,std::sync::Arc,src/uservm/src/guest_profiler/samples.rs,11,import,rust,production
std::sync,std::sync::Mutex,src/uservm/src/guest_profiler/samples.rs,11,import,rust,production
std::sync,std::sync::Arc::new,src/uservm/src/guest_profiler/samples.rs,131,qualified_path,rust,production
std::sync,std::sync::Mutex::new,src/uservm/src/guest_profiler/samples.rs,131,qualified_path,rust,production
std::sync,std::sync::Arc,src/uservm/src/lib.rs,102,import,rust,production
std::sync,std::sync::Arc::new,src/uservm/src/lib.rs,340,qualified_path,rust,production
std::sync,std::sync::Arc,src/uservm/src/lib.rs,349,qualified_path,rust,production
std::sync,std::sync::Arc::new,src/uservm/src/lib.rs,350,qualified_path,rust,production
std::sync,std::sync::Arc,src/uservm/src/lib.rs,906,qualified_path,rust,production
std::sync,std::sync::Arc,src/uservm/src/memory_thread.rs,215,import,rust,production
std::sync,std::sync::Arc::new,src/uservm/src/memory_thread.rs,280,qualified_path,rust,production
std::sync,std::sync::Arc::new,src/uservm/src/memory_thread.rs,342,qualified_path,rust,production
std::sync,std::sync::Arc::new,src/uservm/src/memory_thread.rs,378,qualified_path,rust,production
std::sync,std::sync::Arc,src/uservm/src/orchestrator.rs,684,import,rust,production
std::sync,std::sync::Arc::new,src/uservm/src/orchestrator.rs,725,qualified_path,rust,production
std::sync,std::sync::Arc::new,src/uservm/src/orchestrator.rs,726,qualified_path,rust,production
std::sync,std::sync::Arc::new,src/uservm/src/orchestrator.rs,727,qualified_path,rust,production
std::sync,std::sync::Arc::new,src/uservm/src/orchestrator.rs,728,qualified_path,rust,production
std::sync,std::sync::LazyLock,src/uservm/src/pal/linux.rs,544,qualified_path,rust,production
std::sync,std::sync::LazyLock::new,src/uservm/src/pal/linux.rs,544,qualified_path,rust,production
std::sync,std::sync::Arc,src/uservm/src/pal/windows.rs,19,import,verus,production
std::sync,std::sync::Condvar,src/uservm/src/pal/windows.rs,19,import,verus,production
std::sync,std::sync::Mutex,src/uservm/src/pal/windows.rs,19,import,verus,production
std::sync,std::sync::MutexGuard,src/uservm/src/pal/windows.rs,19,import,verus,production
std::sync,std::sync::Arc::new,src/uservm/src/pal/windows.rs,347,qualified_path,verus,production
std::sync,std::sync::Mutex::new,src/uservm/src/pal/windows.rs,348,qualified_path,verus,production
std::sync,std::sync::Condvar::new,src/uservm/src/pal/windows.rs,354,qualified_path,verus,production
std::sync,std::sync::Condvar::new,src/uservm/src/pal/windows.rs,355,qualified_path,verus,production
std::sync,std::sync::Arc,src/uservm/src/pal/windows.rs,630,import,verus,production
std::sync,std::sync::Arc::new,src/uservm/src/pal/windows.rs,721,qualified_path,verus,production
std::sync,std::sync::Arc,src/uservm/src/perf.rs,16,import,rust,production
std::sync,std::sync::Arc::new,src/uservm/src/perf.rs,111,qualified_path,rust,production
std::sync,std::sync::Arc::new,src/uservm/src/perf.rs,112,qualified_path,rust,production
std::sync,std::sync::Arc::new,src/uservm/src/perf.rs,113,qualified_path,rust,production
std::sync,std::sync::Arc::new,src/uservm/src/perf.rs,114,qualified_path,rust,production
std::sync,std::sync::Arc::new,src/uservm/src/perf.rs,115,qualified_path,rust,production
std::sync,std::sync::Arc::new,src/uservm/src/perf.rs,116,qualified_path,rust,production
std::sync,std::sync::Arc::new,src/uservm/src/perf.rs,117,qualified_path,rust,production
std::sync,std::sync::Arc::new,src/uservm/src/perf.rs,118,qualified_path,rust,production
std::sync,std::sync::Arc::new,src/uservm/src/perf.rs,119,qualified_path,rust,production
std::sync,std::sync::Arc::new,src/uservm/src/perf.rs,120,qualified_path,rust,production
std::sync,std::sync::Arc::new,src/uservm/src/perf.rs,121,qualified_path,rust,production
std::sync,std::sync::Arc::new,src/uservm/src/perf.rs,122,qualified_path,rust,production
std::sync,std::sync::Arc::new,src/uservm/src/perf.rs,123,qualified_path,rust,production
std::sync,std::sync::Arc::new,src/uservm/src/perf.rs,124,qualified_path,rust,production
std::sync,std::sync::Arc::new,src/uservm/src/perf.rs,125,qualified_path,rust,production
std::sync,std::sync::Arc::new,src/uservm/src/perf.rs,126,qualified_path,rust,production
std::sync,std::sync::Arc::new,src/uservm/src/perf.rs,127,qualified_path,rust,production
std::sync,std::sync::Arc::new,src/uservm/src/perf.rs,128,qualified_path,rust,production
std::sync,std::sync::Arc::new,src/uservm/src/perf.rs,129,qualified_path,rust,production
std::sync,std::sync::Arc::new,src/uservm/src/perf.rs,130,qualified_path,rust,production
std::sync,std::sync::Arc::new,src/uservm/src/perf.rs,131,qualified_path,rust,production
std::sync,std::sync::Arc::new,src/uservm/src/perf.rs,132,qualified_path,rust,production
std::sync,std::sync::Arc::new,src/uservm/src/perf.rs,133,qualified_path,rust,production
std::sync,std::sync::Arc,src/uservm/src/standalone.rs,39,import,rust,production
std::sync,std::sync::Arc::new,src/uservm/src/standalone.rs,444,qualified_path,rust,production
std::sync,std::sync::Arc,src/uservm/src/vmm/microvm/emulator.rs,39,import,rust,production
std::sync,std::sync::Arc,src/uservm/src/vmm/microvm/gdb/event_loop.rs,44,import,rust,production
std::sync,std::sync::Arc,src/uservm/src/vmm/microvm/gdb/target.rs,55,import,rust,production
std::sync,std::sync::Arc,src/uservm/src/vmm/microvm/mod.rs,78,import,verus,production
std::sync,std::sync::Arc::new,src/uservm/src/vmm/microvm/mod.rs,202,qualified_path,verus,production
std::sync,std::sync::Arc,src/uservm/src/vmm/microvm/mod.rs,346,qualified_path,verus,production
std::sync,std::sync::Mutex,src/uservm/src/vmm/microvm/mod.rs,346,qualified_path,verus,production
std::sync,std::sync::Arc::new,src/uservm/src/vmm/microvm/mod.rs,500,qualified_path,verus,production
std::sync,std::sync::Arc::new,src/uservm/src/vmm/microvm/mod.rs,636,qualified_path,verus,production
std::sync,std::sync::Arc::new,src/uservm/src/vmm/microvm/mod.rs,639,qualified_path,verus,production
std::sync,std::sync::Arc::new,src/uservm/src/vmm/microvm/mod.rs,641,qualified_path,verus,production
std::sync,std::sync::Arc::new,src/uservm/src/vmm/microvm/mod.rs,653,qualified_path,verus,production
std::sync,std::sync::Arc,src/uservm/src/vmm/microvm/mod.rs,733,qualified_path,verus,production
std::sync,std::sync::Mutex,src/uservm/src/vmm/microvm/mod.rs,733,qualified_path,verus,production
std::sync,std::sync::Arc::new,src/uservm/src/vmm/microvm/mod.rs,865,qualified_path,verus,production
std::sync,std::sync::Arc,src/uservm/src/vmm/microvm/whp/console.rs,28,import,rust,production
std::sync,std::sync::Condvar,src/uservm/src/vmm/microvm/whp/console.rs,28,import,rust,production
std::sync,std::sync::Mutex,src/uservm/src/vmm/microvm/whp/console.rs,28,import,rust,production
std::sync,std::sync::MutexGuard,src/uservm/src/vmm/microvm/whp/console.rs,28,import,rust,production
std::sync,std::sync::Arc::new,src/uservm/src/vmm/microvm/whp/console.rs,152,qualified_path,rust,production
std::sync,std::sync::Mutex::new,src/uservm/src/vmm/microvm/whp/console.rs,153,qualified_path,rust,production
std::sync,std::sync::Condvar::new,src/uservm/src/vmm/microvm/whp/console.rs,161,qualified_path,rust,production
std::sync,std::sync::Condvar::new,src/uservm/src/vmm/microvm/whp/console.rs,162,qualified_path,rust,production
std::sync,std::sync::Arc,src/uservm/src/vmm/microvm/whp/console.rs,352,import,rust,production
std::sync,std::sync::Condvar,src/uservm/src/vmm/microvm/whp/console.rs,352,import,rust,production
std::sync,std::sync::Mutex,src/uservm/src/vmm/microvm/whp/console.rs,352,import,rust,production
std::sync,std::sync::MutexGuard,src/uservm/src/vmm/microvm/whp/console.rs,352,import,rust,production
std::sync,std::sync::Arc::new,src/uservm/src/vmm/microvm/whp/console.rs,385,qualified_path,rust,production
std::sync,std::sync::Mutex::new,src/uservm/src/vmm/microvm/whp/console.rs,386,qualified_path,rust,production
std::sync,std::sync::Condvar::new,src/uservm/src/vmm/microvm/whp/console.rs,387,qualified_path,rust,production
std::sync,std::sync::Arc::new,src/uservm/src/vmm/microvm/whp/console.rs,443,qualified_path,rust,production
std::sync,std::sync::Mutex::new,src/uservm/src/vmm/microvm/whp/console.rs,443,qualified_path,rust,production
std::sync,std::sync::Arc::new,src/uservm/src/vmm/microvm/whp/console.rs,488,qualified_path,rust,production
std::sync,std::sync::Mutex::new,src/uservm/src/vmm/microvm/whp/console.rs,488,qualified_path,rust,production
std::sync,std::sync::Arc::new,src/uservm/src/vmm/microvm/whp/console.rs,513,qualified_path,rust,production
std::sync,std::sync::Mutex::new,src/uservm/src/vmm/microvm/whp/console.rs,513,qualified_path,rust,production
std::sync,std::sync::Arc::new,src/uservm/src/vmm/microvm/whp/console.rs,532,qualified_path,rust,production
std::sync,std::sync::Mutex::new,src/uservm/src/vmm/microvm/whp/console.rs,532,qualified_path,rust,production
std::sync,std::sync::Arc::new,src/uservm/src/vmm/microvm/whp/console.rs,551,qualified_path,rust,production
std::sync,std::sync::Mutex::new,src/uservm/src/vmm/microvm/whp/console.rs,551,qualified_path,rust,production
std::sync,std::sync::Arc::new,src/uservm/src/vmm/microvm/whp/console.rs,575,qualified_path,rust,production
std::sync,std::sync::Mutex::new,src/uservm/src/vmm/microvm/whp/console.rs,575,qualified_path,rust,production
std::sync,std::sync::Arc,src/uservm/src/vmm/microvm/whp/mod.rs,64,import,rust,production
std::sync,std::sync::Arc::new,src/uservm/src/vmm/microvm/whp/mod.rs,249,qualified_path,rust,production
std::sync,std::sync::Arc::new,src/uservm/src/vmm/microvm/whp/mod.rs,250,qualified_path,rust,production
std::sync,std::sync::Mutex,src/uservm/src/vmm/microvm/whp/mod.rs,352,qualified_path,rust,production
std::sync,std::sync::Mutex,src/uservm/src/vmm/microvm/whp/mod.rs,371,qualified_path,rust,production
std::sync,std::sync::Arc::new,src/uservm/src/vmm/microvm/whp/mod.rs,496,qualified_path,rust,production
std::sync,std::sync::Arc::new,src/uservm/src/vmm/microvm/whp/mod.rs,687,qualified_path,rust,production
std::sync,std::sync::Mutex,src/uservm/src/vmm/microvm/whp/mod.rs,691,qualified_path,rust,production
std::sync,std::sync::Arc::new,src/uservm/src/vmm/microvm/whp/mod.rs,692,qualified_path,rust,production
std::sync,std::sync::Mutex::new,src/uservm/src/vmm/microvm/whp/mod.rs,692,qualified_path,rust,production
std::sync,std::sync::Arc::new,src/uservm/src/vmm/microvm/whp/mod.rs,693,qualified_path,rust,production
std::sync,std::sync::Arc::new,src/uservm/src/vmm/microvm/whp/mod.rs,694,qualified_path,rust,production
std::sync,std::sync::Arc::new,src/uservm/src/vmm/microvm/whp/mod.rs,697,qualified_path,rust,production
std::sync,std::sync::Arc::new,src/uservm/src/vmm/microvm/whp/mod.rs,710,qualified_path,rust,production
std::sync,std::sync::Arc::new,src/uservm/src/vmm/microvm/whp/mod.rs,711,qualified_path,rust,production
std::sync,std::sync::Arc::new,src/uservm/src/vmm/microvm/whp/mod.rs,720,qualified_path,rust,production
std::sync,std::sync::Arc::new,src/uservm/src/vmm/microvm/whp/mod.rs,721,qualified_path,rust,production
std::sync,std::sync::Arc::new,src/uservm/src/vmm/microvm/whp/mod.rs,801,qualified_path,rust,production
std::sync,std::sync::Arc::new,src/uservm/src/vmm/microvm/whp/mod.rs,802,qualified_path,rust,production
std::sync,std::sync::Arc,src/uservm/src/vmm/microvm/whp/timer.rs,12,import,rust,production
std::sync,std::sync::Condvar,src/uservm/src/vmm/microvm/whp/timer.rs,12,import,rust,production
std::sync,std::sync::Mutex,src/uservm/src/vmm/microvm/whp/timer.rs,12,import,rust,production
std::sync,std::sync::MutexGuard,src/uservm/src/vmm/microvm/whp/timer.rs,12,import,rust,production
std::sync,std::sync::WaitTimeoutResult,src/uservm/src/vmm/microvm/whp/timer.rs,12,import,rust,production
std::sync,std::sync::Arc::new,src/uservm/src/vmm/microvm/whp/timer.rs,86,qualified_path,rust,production
std::sync,std::sync::Condvar::new,src/uservm/src/vmm/microvm/whp/timer.rs,86,qualified_path,rust,production
std::sync,std::sync::Mutex::new,src/uservm/src/vmm/microvm/whp/timer.rs,86,qualified_path,rust,production
std::sync,std::sync::Arc,src/uservm/src/vmm/mod.rs,48,qualified_path,rust,production
std::sync,std::sync::Arc,src/utils/containerd-shim-nanvix-v1/src/main.rs,9,import,rust,production
std::sync,std::sync::Arc::new,src/utils/containerd-shim-nanvix-v1/src/main.rs,22,qualified_path,rust,production
std::sync,std::sync::Arc,src/utils/echo-client/src/main.rs,30,import,rust,production
std::sync,std::sync::Arc::new,src/utils/echo-client/src/main.rs,77,qualified_path,rust,production
std::sync,std::sync::Arc::new,src/utils/echo-client/src/main.rs,82,qualified_path,rust,production
std::sync,std::sync::Arc::new,src/utils/echo-client/src/main.rs,122,qualified_path,rust,production
std::sync,std::sync::Arc,src/utils/nanvix-test/src/executor/terminal.rs,30,import,verus,production
std::sync,std::sync::Arc::new,src/utils/nanvix-test/src/executor/terminal.rs,362,qualified_path,verus,production
std::sync,std::sync::Arc::clone,src/utils/nanvix-test/src/executor/terminal.rs,364,qualified_path,verus,production
std::sync,std::sync::Arc::new,src/utils/nanvix-test/src/executor/terminal.rs,376,qualified_path,verus,production
std::sync,std::sync::Arc::clone,src/utils/nanvix-test/src/executor/terminal.rs,378,qualified_path,verus,production
std::sync,std::sync::Arc::clone,src/utils/nanvix-test/src/executor/terminal.rs,399,qualified_path,verus,production
std::sync,std::sync::Arc::clone,src/utils/nanvix-test/src/executor/terminal.rs,417,qualified_path,verus,production
std::sync,std::sync::OnceLock,src/utils/nanvix-test/src/log_layout.rs,11,import,rust,production
std::sync,std::sync::OnceLock::new,src/utils/nanvix-test/src/log_layout.rs,64,qualified_path,rust,production
std::sync,std::sync::Arc,src/utils/nanvix-test/src/main.rs,81,import,rust,production
std::sync,std::sync::Arc::new,src/utils/nanvix-test/src/main.rs,142,qualified_path,rust,production
std::sync,std::sync::Arc::clone,src/utils/nanvix-test/src/main.rs,151,qualified_path,rust,production
std::sync,std::sync::Arc::clone,src/utils/nanvix-test/src/main.rs,195,qualified_path,rust,production
std::sync,std::sync::Mutex,src/utils/nanvix-test/src/warning.rs,9,import,rust,production
std::sync,std::sync::MutexGuard,src/utils/nanvix-test/src/warning.rs,9,import,rust,production
std::sync,std::sync::OnceLock,src/utils/nanvix-test/src/warning.rs,9,import,rust,production
std::sync,std::sync::OnceLock::new,src/utils/nanvix-test/src/warning.rs,28,qualified_path,rust,production
std::sync,std::sync::Mutex::new,src/utils/nanvix-test/src/warning.rs,44,qualified_path,rust,production
std::sync::atomic,std::sync::atomic::AtomicUsize,src/uservm/src/counters.rs,8,import,rust,production
std::sync::atomic,std::sync::atomic::Ordering,src/uservm/src/counters.rs,8,import,rust,production
std::sync::atomic,std::sync::atomic::AtomicUsize::new,src/uservm/src/counters.rs,55,qualified_path,rust,production
std::sync::atomic,std::sync::atomic::AtomicUsize::new,src/uservm/src/counters.rs,56,qualified_path,rust,production
std::sync::atomic,std::sync::atomic::AtomicUsize::new,src/uservm/src/counters.rs,57,qualified_path,rust,production
std::sync::atomic,std::sync::atomic::AtomicUsize::new,src/uservm/src/counters.rs,58,qualified_path,rust,production
std::sync::atomic,std::sync::atomic::Ordering::SeqCst,src/uservm/src/counters.rs,69,qualified_path,rust,production
std::sync::atomic,std::sync::atomic::Ordering::SeqCst,src/uservm/src/counters.rs,78,qualified_path,rust,production
std::sync::atomic,std::sync::atomic::Ordering::SeqCst,src/uservm/src/counters.rs,88,qualified_path,rust,production
std::sync::atomic,std::sync::atomic::Ordering::SeqCst,src/uservm/src/counters.rs,97,qualified_path,rust,production
std::sync::atomic,std::sync::atomic::Ordering::SeqCst,src/uservm/src/counters.rs,107,qualified_path,rust,production
std::sync::atomic,std::sync::atomic::Ordering::SeqCst,src/uservm/src/counters.rs,116,qualified_path,rust,production
std::sync::atomic,std::sync::atomic::Ordering::SeqCst,src/uservm/src/counters.rs,126,qualified_path,rust,production
std::sync::atomic,std::sync::atomic::Ordering::SeqCst,src/uservm/src/counters.rs,135,qualified_path,rust,production
std::sync::atomic,std::sync::atomic::AtomicBool,src/uservm/src/lib.rs,349,qualified_path,rust,production
std::sync::atomic,std::sync::atomic::AtomicBool::new,src/uservm/src/lib.rs,350,qualified_path,rust,production
std::sync::atomic,std::sync::atomic::AtomicBool,src/uservm/src/lib.rs,906,qualified_path,rust,production
std::sync::atomic,std::sync::atomic::Ordering::Release,src/uservm/src/lib.rs,936,qualified_path,rust,production
std::sync::atomic,std::sync::atomic::Ordering::Release,src/uservm/src/lib.rs,1038,qualified_path,rust,production
std::sync::atomic,std::sync::atomic::AtomicUsize,src/uservm/src/memory_thread.rs,215,import,rust,production
std::sync::atomic,std::sync::atomic::Ordering,src/uservm/src/memory_thread.rs,215,import,rust,production
std::sync::atomic,std::sync::atomic::AtomicUsize::new,src/uservm/src/memory_thread.rs,280,qualified_path,rust,production
std::sync::atomic,std::sync::atomic::Ordering::SeqCst,src/uservm/src/memory_thread.rs,285,qualified_path,rust,production
std::sync::atomic,std::sync::atomic::AtomicUsize::new,src/uservm/src/memory_thread.rs,342,qualified_path,rust,production
std::sync::atomic,std::sync::atomic::Ordering::SeqCst,src/uservm/src/memory_thread.rs,346,qualified_path,rust,production
std::sync::atomic,std::sync::atomic::AtomicUsize::new,src/uservm/src/memory_thread.rs,378,qualified_path,rust,production
std::sync::atomic,std::sync::atomic::AtomicBool,src/uservm/src/orchestrator.rs,684,import,rust,production
std::sync::atomic,std::sync::atomic::Ordering,src/uservm/src/orchestrator.rs,684,import,rust,production
std::sync::atomic,std::sync::atomic::AtomicBool::new,src/uservm/src/orchestrator.rs,725,qualified_path,rust,production
std::sync::atomic,std::sync::atomic::AtomicBool::new,src/uservm/src/orchestrator.rs,726,qualified_path,rust,production
std::sync::atomic,std::sync::atomic::AtomicBool::new,src/uservm/src/orchestrator.rs,727,qualified_path,rust,production
std::sync::atomic,std::sync::atomic::AtomicBool::new,src/uservm/src/orchestrator.rs,728,qualified_path,rust,production
std::sync::atomic,std::sync::atomic::Ordering::SeqCst,src/uservm/src/orchestrator.rs,746,qualified_path,rust,production
std::sync::atomic,std::sync::atomic::Ordering::SeqCst,src/uservm/src/orchestrator.rs,753,qualified_path,rust,production
std::sync::atomic,std::sync::atomic::Ordering::SeqCst,src/uservm/src/orchestrator.rs,760,qualified_path,rust,production
std::sync::atomic,std::sync::atomic::Ordering::SeqCst,src/uservm/src/orchestrator.rs,769,qualified_path,rust,production
std::sync::atomic,std::sync::atomic::Ordering::SeqCst,src/uservm/src/orchestrator.rs,774,qualified_path,rust,production
std::sync::atomic,std::sync::atomic::AtomicU64,src/uservm/src/perf.rs,16,import,rust,production
std::sync::atomic,std::sync::atomic::Ordering,src/uservm/src/perf.rs,16,import,rust,production
std::sync::atomic,std::sync::atomic::AtomicU64::new,src/uservm/src/perf.rs,111,qualified_path,rust,production
std::sync::atomic,std::sync::atomic::AtomicU64::new,src/uservm/src/perf.rs,112,qualified_path,rust,production
std::sync::atomic,std::sync::atomic::AtomicU64::new,src/uservm/src/perf.rs,113,qualified_path,rust,production
std::sync::atomic,std::sync::atomic::AtomicU64::new,src/uservm/src/perf.rs,114,qualified_path,rust,production
std::sync::atomic,std::sync::atomic::AtomicU64::new,src/uservm/src/perf.rs,115,qualified_path,rust,production
std::sync::atomic,std::sync::atomic::AtomicU64::new,src/uservm/src/perf.rs,116,qualified_path,rust,production
std::sync::atomic,std::sync::atomic::AtomicU64::new,src/uservm/src/perf.rs,117,qualified_path,rust,production
std::sync::atomic,std::sync::atomic::AtomicU64::new,src/uservm/src/perf.rs,118,qualified_path,rust,production
std::sync::atomic,std::sync::atomic::AtomicU64::new,src/uservm/src/perf.rs,119,qualified_path,rust,production
std::sync::atomic,std::sync::atomic::AtomicU64::new,src/uservm/src/perf.rs,120,qualified_path,rust,production
std::sync::atomic,std::sync::atomic::AtomicU64::new,src/uservm/src/perf.rs,121,qualified_path,rust,production
std::sync::atomic,std::sync::atomic::AtomicU64::new,src/uservm/src/perf.rs,122,qualified_path,rust,production
std::sync::atomic,std::sync::atomic::AtomicU64::new,src/uservm/src/perf.rs,123,qualified_path,rust,production
std::sync::atomic,std::sync::atomic::AtomicU64::new,src/uservm/src/perf.rs,124,qualified_path,rust,production
std::sync::atomic,std::sync::atomic::AtomicU64::new,src/uservm/src/perf.rs,125,qualified_path,rust,production
std::sync::atomic,std::sync::atomic::AtomicU64::new,src/uservm/src/perf.rs,126,qualified_path,rust,production
std::sync::atomic,std::sync::atomic::AtomicU64::new,src/uservm/src/perf.rs,127,qualified_path,rust,production
std::sync::atomic,std::sync::atomic::AtomicU64::new,src/uservm/src/perf.rs,128,qualified_path,rust,production
std::sync::atomic,std::sync::atomic::AtomicU64::new,src/uservm/src/perf.rs,129,qualified_path,rust,production
std::sync::atomic,std::sync::atomic::AtomicU64::new,src/uservm/src/perf.rs,130,qualified_path,rust,production
std::sync::atomic,std::sync::atomic::AtomicU64::new,src/uservm/src/perf.rs,131,qualified_path,rust,production
std::sync::atomic,std::sync::atomic::AtomicU64::new,src/uservm/src/perf.rs,132,qualified_path,rust,production
std::sync::atomic,std::sync::atomic::AtomicU64::new,src/uservm/src/perf.rs,133,qualified_path,rust,production
std::sync::atomic,std::sync::atomic::Ordering::Release,src/uservm/src/perf.rs,139,qualified_path,rust,production
std::sync::atomic,std::sync::atomic::Ordering::Release,src/uservm/src/perf.rs,144,qualified_path,rust,production
std::sync::atomic,std::sync::atomic::Ordering::Release,src/uservm/src/perf.rs,149,qualified_path,rust,production
std::sync::atomic,std::sync::atomic::Ordering::Release,src/uservm/src/perf.rs,154,qualified_path,rust,production
std::sync::atomic,std::sync::atomic::Ordering::Release,src/uservm/src/perf.rs,159,qualified_path,rust,production
std::sync::atomic,std::sync::atomic::Ordering::Release,src/uservm/src/perf.rs,164,qualified_path,rust,production
std::sync::atomic,std::sync::atomic::Ordering::Release,src/uservm/src/perf.rs,169,qualified_path,rust,production
std::sync::atomic,std::sync::atomic::Ordering::Release,src/uservm/src/perf.rs,174,qualified_path,rust,production
std::sync::atomic,std::sync::atomic::Ordering::Release,src/uservm/src/perf.rs,179,qualified_path,rust,production
std::sync::atomic,std::sync::atomic::Ordering::Release,src/uservm/src/perf.rs,184,qualified_path,rust,production
std::sync::atomic,std::sync::atomic::Ordering::Release,src/uservm/src/perf.rs,189,qualified_path,rust,production
std::sync::atomic,std::sync::atomic::Ordering::Release,src/uservm/src/perf.rs,194,qualified_path,rust,production
std::sync::atomic,std::sync::atomic::Ordering::Release,src/uservm/src/perf.rs,199,qualified_path,rust,production
std::sync::atomic,std::sync::atomic::Ordering::Release,src/uservm/src/perf.rs,204,qualified_path,rust,production
std::sync::atomic,std::sync::atomic::Ordering::Release,src/uservm/src/perf.rs,209,qualified_path,rust,production
std::sync::atomic,std::sync::atomic::Ordering::Release,src/uservm/src/perf.rs,214,qualified_path,rust,production
std::sync::atomic,std::sync::atomic::Ordering::Release,src/uservm/src/perf.rs,220,qualified_path,rust,production
std::sync::atomic,std::sync::atomic::Ordering::Release,src/uservm/src/perf.rs,225,qualified_path,rust,production
std::sync::atomic,std::sync::atomic::Ordering::Release,src/uservm/src/perf.rs,230,qualified_path,rust,production
std::sync::atomic,std::sync::atomic::Ordering::Release,src/uservm/src/perf.rs,235,qualified_path,rust,production
std::sync::atomic,std::sync::atomic::Ordering::Release,src/uservm/src/perf.rs,240,qualified_path,rust,production
std::sync::atomic,std::sync::atomic::Ordering::Release,src/uservm/src/perf.rs,245,qualified_path,rust,production
std::sync::atomic,std::sync::atomic::Ordering::Release,src/uservm/src/perf.rs,250,qualified_path,rust,production
std::sync::atomic,std::sync::atomic::AtomicBool,src/uservm/src/vmm/microvm/mod.rs,78,import,verus,production
std::sync::atomic,std::sync::atomic::Ordering,src/uservm/src/vmm/microvm/mod.rs,78,import,verus,production
std::sync::atomic,std::sync::atomic::Ordering::AcqRel,src/uservm/src/vmm/microvm/mod.rs,214,qualified_path,verus,production
std::sync::atomic,std::sync::atomic::Ordering::Release,src/uservm/src/vmm/microvm/mod.rs,250,qualified_path,verus,production
std::sync::atomic,std::sync::atomic::Ordering::SeqCst,src/uservm/src/vmm/microvm/mod.rs,403,qualified_path,verus,production
std::sync::atomic,std::sync::atomic::Ordering::Relaxed,src/uservm/src/vmm/microvm/mod.rs,705,qualified_path,verus,production
std::sync::atomic,std::sync::atomic::Ordering::Relaxed,src/uservm/src/vmm/microvm/mod.rs,707,qualified_path,verus,production
std::sync::atomic,std::sync::atomic::Ordering::SeqCst,src/uservm/src/vmm/microvm/mod.rs,823,qualified_path,verus,production
std::sync::atomic,std::sync::atomic::AtomicBool::new,src/uservm/src/vmm/microvm/mod.rs,865,qualified_path,verus,production
std::sync::atomic,std::sync::atomic::Ordering::SeqCst,src/uservm/src/vmm/microvm/mod.rs,875,qualified_path,verus,production
std::sync::atomic,std::sync::atomic::Ordering::SeqCst,src/uservm/src/vmm/microvm/mod.rs,975,qualified_path,verus,production
std::sync::atomic,std::sync::atomic::Ordering::Relaxed,src/uservm/src/vmm/microvm/mod.rs,1019,qualified_path,verus,production
std::sync::atomic,std::sync::atomic::Ordering::SeqCst,src/uservm/src/vmm/microvm/mod.rs,1715,qualified_path,verus,production
std::sync::atomic,std::sync::atomic::Ordering::SeqCst,src/uservm/src/vmm/microvm/mod.rs,1724,qualified_path,verus,production
std::sync::atomic,std::sync::atomic::AtomicBool,src/uservm/src/vmm/microvm/whp/mod.rs,64,import,rust,production
std::sync::atomic,std::sync::atomic::Ordering,src/uservm/src/vmm/microvm/whp/mod.rs,64,import,rust,production
std::sync::atomic,std::sync::atomic::AtomicBool::new,src/uservm/src/vmm/microvm/whp/mod.rs,249,qualified_path,rust,production
std::sync::atomic,std::sync::atomic::AtomicBool::new,src/uservm/src/vmm/microvm/whp/mod.rs,250,qualified_path,rust,production
std::sync::atomic,std::sync::atomic::Ordering::Acquire,src/uservm/src/vmm/microvm/whp/mod.rs,260,qualified_path,rust,production
std::sync::atomic,std::sync::atomic::Ordering::AcqRel,src/uservm/src/vmm/microvm/whp/mod.rs,264,qualified_path,rust,production
std::sync::atomic,std::sync::atomic::Ordering::Release,src/uservm/src/vmm/microvm/whp/mod.rs,284,qualified_path,rust,production
std::sync::atomic,std::sync::atomic::Ordering::AcqRel,src/uservm/src/vmm/microvm/whp/mod.rs,293,qualified_path,rust,production
std::sync::atomic,std::sync::atomic::Ordering::Release,src/uservm/src/vmm/microvm/whp/mod.rs,299,qualified_path,rust,production
std::sync::atomic,std::sync::atomic::AtomicU64,src/uservm/src/vmm/microvm/whp/mod.rs,363,qualified_path,rust,production
std::sync::atomic,std::sync::atomic::AtomicU64,src/uservm/src/vmm/microvm/whp/mod.rs,366,qualified_path,rust,production
std::sync::atomic,std::sync::atomic::Ordering::SeqCst,src/uservm/src/vmm/microvm/whp/mod.rs,405,qualified_path,rust,production
std::sync::atomic,std::sync::atomic::Ordering::SeqCst,src/uservm/src/vmm/microvm/whp/mod.rs,412,qualified_path,rust,production
std::sync::atomic,std::sync::atomic::Ordering::SeqCst,src/uservm/src/vmm/microvm/whp/mod.rs,421,qualified_path,rust,production
std::sync::atomic,std::sync::atomic::AtomicBool::new,src/uservm/src/vmm/microvm/whp/mod.rs,697,qualified_path,rust,production
std::sync::atomic,std::sync::atomic::AtomicBool::new,src/uservm/src/vmm/microvm/whp/mod.rs,710,qualified_path,rust,production
std::sync::atomic,std::sync::atomic::AtomicU64::new,src/uservm/src/vmm/microvm/whp/mod.rs,720,qualified_path,rust,production
std::sync::atomic,std::sync::atomic::AtomicU64::new,src/uservm/src/vmm/microvm/whp/mod.rs,721,qualified_path,rust,production
std::sync::atomic,std::sync::atomic::Ordering::SeqCst,src/uservm/src/vmm/microvm/whp/mod.rs,758,qualified_path,rust,production
std::sync::atomic,std::sync::atomic::AtomicBool::new,src/uservm/src/vmm/microvm/whp/mod.rs,801,qualified_path,rust,production
std::sync::atomic,std::sync::atomic::AtomicBool::new,src/uservm/src/vmm/microvm/whp/mod.rs,802,qualified_path,rust,production
std::sync::atomic,std::sync::atomic::Ordering::SeqCst,src/uservm/src/vmm/microvm/whp/mod.rs,837,qualified_path,rust,production
std::sync::atomic,std::sync::atomic::Ordering::Relaxed,src/uservm/src/vmm/microvm/whp/mod.rs,851,qualified_path,rust,production
std::sync::atomic,std::sync::atomic::Ordering::Relaxed,src/uservm/src/vmm/microvm/whp/mod.rs,859,qualified_path,rust,production
std::sync::atomic,std::sync::atomic::Ordering::Relaxed,src/uservm/src/vmm/microvm/whp/mod.rs,880,qualified_path,rust,production
std::sync::atomic,std::sync::atomic::Ordering::Relaxed,src/uservm/src/vmm/microvm/whp/mod.rs,882,qualified_path,rust,production
std::sync::atomic,std::sync::atomic::Ordering::Release,src/uservm/src/vmm/microvm/whp/mod.rs,885,qualified_path,rust,production
std::sync::atomic,std::sync::atomic::Ordering::SeqCst,src/uservm/src/vmm/microvm/whp/mod.rs,915,qualified_path,rust,production
std::sync::atomic,std::sync::atomic::Ordering::Acquire,src/uservm/src/vmm/microvm/whp/mod.rs,936,qualified_path,rust,production
std::sync::atomic,std::sync::atomic::Ordering::Relaxed,src/uservm/src/vmm/microvm/whp/mod.rs,1236,qualified_path,rust,production
std::sync::atomic,std::sync::atomic::Ordering::Relaxed,src/uservm/src/vmm/microvm/whp/mod.rs,1357,qualified_path,rust,production
std::sync::atomic,std::sync::atomic::Ordering::Relaxed,src/uservm/src/vmm/microvm/whp/mod.rs,1450,qualified_path,rust,production
std::sync::atomic,std::sync::atomic::Ordering::Relaxed,src/uservm/src/vmm/microvm/whp/mod.rs,1452,qualified_path,rust,production
std::sync::atomic,std::sync::atomic::Ordering::SeqCst,src/uservm/src/vmm/microvm/whp/mod.rs,1467,qualified_path,rust,production
std::sync::atomic,std::sync::atomic::Ordering::SeqCst,src/uservm/src/vmm/microvm/whp/mod.rs,1469,qualified_path,rust,production
std::sync::atomic,std::sync::atomic::AtomicBool::new,src/uservm/src/vmm/microvm/whp/mod.rs,1713,qualified_path,rust,production
std::sync::atomic,std::sync::atomic::AtomicBool::new,src/uservm/src/vmm/microvm/whp/mod.rs,1723,qualified_path,rust,production
std::sync::atomic,std::sync::atomic::Ordering::SeqCst,src/uservm/src/vmm/microvm/whp/mod.rs,1729,qualified_path,rust,production
std::sync::atomic,std::sync::atomic::AtomicBool,src/uservm/src/vmm/mod.rs,48,qualified_path,rust,production
std::sync::atomic,std::sync::atomic::AtomicUsize,src/utils/echo-client/src/main.rs,30,import,rust,production
std::sync::atomic,std::sync::atomic::AtomicUsize::new,src/utils/echo-client/src/main.rs,122,qualified_path,rust,production
std::sync::atomic,std::sync::atomic::Ordering::Relaxed,src/utils/echo-client/src/main.rs,134,qualified_path,rust,production
std::sync::atomic,std::sync::atomic::Ordering::Relaxed,src/utils/echo-client/src/main.rs,169,qualified_path,rust,production
std::sync::atomic,std::sync::atomic::AtomicBool,src/utils/nanvix-test/src/executor/terminal.rs,30,import,verus,production
std::sync::atomic,std::sync::atomic::Ordering,src/utils/nanvix-test/src/executor/terminal.rs,30,import,verus,production
std::sync::atomic,std::sync::atomic::Ordering::SeqCst,src/utils/nanvix-test/src/executor/terminal.rs,533,qualified_path,verus,production
std::sync::atomic,std::sync::atomic::AtomicI32,src/utils/nanvix-test/src/main.rs,81,import,rust,production
std::sync::atomic,std::sync::atomic::Ordering,src/utils/nanvix-test/src/main.rs,81,import,rust,production
std::sync::atomic,std::sync::atomic::AtomicI32::new,src/utils/nanvix-test/src/main.rs,142,qualified_path,rust,production
std::sync::atomic,std::sync::atomic::Ordering::SeqCst,src/utils/nanvix-test/src/main.rs,176,qualified_path,rust,production
std::sync::atomic,std::sync::atomic::Ordering::SeqCst,src/utils/nanvix-test/src/main.rs,188,qualified_path,rust,production
std::sync::atomic,std::sync::atomic::Ordering::SeqCst,src/utils/nanvix-test/src/main.rs,205,qualified_path,rust,production
std::sync::atomic,std::sync::atomic::Ordering::SeqCst,src/utils/nanvix-test/src/main.rs,214,qualified_path,rust,production
std::sync::atomic,std::sync::atomic::Ordering::SeqCst,src/utils/nanvix-test/src/main.rs,231,qualified_path,rust,production
std::sync::atomic,std::sync::atomic::AtomicBool,src/utils/nanvix-test/src/warning.rs,9,import,rust,production
std::sync::atomic,std::sync::atomic::Ordering,src/utils/nanvix-test/src/warning.rs,9,import,rust,production
std::sync::atomic,std::sync::atomic::AtomicBool::new,src/utils/nanvix-test/src/warning.rs,24,qualified_path,rust,production
std::sync::atomic,std::sync::atomic::AtomicBool::new,src/utils/nanvix-test/src/warning.rs,26,qualified_path,rust,production
std::sync::atomic,std::sync::atomic::Ordering::Relaxed,src/utils/nanvix-test/src/warning.rs,82,qualified_path,rust,production
std::sync::atomic,std::sync::atomic::Ordering::Relaxed,src/utils/nanvix-test/src/warning.rs,84,qualified_path,rust,production
std::sync::atomic,std::sync::atomic::Ordering::Relaxed,src/utils/nanvix-test/src/warning.rs,102,qualified_path,rust,production
std::sync::atomic,std::sync::atomic::Ordering::Relaxed,src/utils/nanvix-test/src/warning.rs,106,qualified_path,rust,production
std::sync::atomic,std::sync::atomic::Ordering::Relaxed,src/utils/nanvix-test/src/warning.rs,130,qualified_path,rust,production
std::sync::atomic,std::sync::atomic::Ordering::Relaxed,src/utils/nanvix-test/src/warning.rs,134,qualified_path,rust,production
std::sync::atomic,std::sync::atomic::Ordering::Relaxed,src/utils/nanvix-test/src/warning.rs,138,qualified_path,rust,production
std::sync::mpsc,std::sync::mpsc,src/uservm/src/pal/windows.rs,630,import,verus,production
std::sync::mpsc,std::sync::mpsc::channel,src/uservm/src/pal/windows.rs,694,qualified_path,verus,production
std::sync::mpsc,std::sync::mpsc::channel,src/uservm/src/pal/windows.rs,724,qualified_path,verus,production
std::sync::mpsc,std::sync::mpsc::SyncSender,src/uservm/src/standalone.rs,469,qualified_path,rust,production
std::sync::mpsc,std::sync::mpsc::sync_channel,src/uservm/src/standalone.rs,483,qualified_path,rust,production
std::sync::mpsc,std::sync::mpsc::sync_channel,src/uservm/src/standalone.rs,487,qualified_path,rust,production
std::thread,std::thread::JoinHandle,src/libs/nanvix-terminal/src/standalone.rs,284,qualified_path,verus,production
std::thread,std::thread::spawn,src/libs/nanvix-terminal/src/standalone.rs,284,qualified_path,verus,production
std::thread,std::thread::sleep,src/uservm/src/guest_profiler/perf_linux.rs,199,qualified_path,verus,production
std::thread,std::thread::sleep,src/uservm/src/guest_profiler/perf_linux.rs,203,qualified_path,verus,production
std::thread,std::thread,src/uservm/src/pal/windows.rs,19,import,verus,production
std::thread,std::thread::JoinHandle,src/uservm/src/pal/windows.rs,19,import,verus,production
std::thread,std::thread::Builder::new,src/uservm/src/pal/windows.rs,359,qualified_path,verus,production
std::thread,std::thread,src/uservm/src/pal/windows.rs,630,import,verus,production
std::thread,std::thread::spawn,src/uservm/src/pal/windows.rs,695,qualified_path,verus,production
std::thread,std::thread::spawn,src/uservm/src/pal/windows.rs,725,qualified_path,verus,production
std::thread,std::thread::spawn,src/uservm/src/pal/windows.rs,769,qualified_path,verus,production
std::thread,std::thread::JoinHandle,src/uservm/src/standalone.rs,470,qualified_path,rust,production
std::thread,std::thread::Builder::new,src/uservm/src/standalone.rs,488,qualified_path,rust,production
std::thread,std::thread::JoinHandle,src/uservm/src/vmm/microvm/mod.rs,696,qualified_path,verus,production
std::thread,std::thread::spawn,src/uservm/src/vmm/microvm/mod.rs,704,qualified_path,verus,production
std::thread,std::thread::sleep,src/uservm/src/vmm/microvm/mod.rs,706,qualified_path,verus,production
std::thread,std::thread::JoinHandle,src/uservm/src/vmm/microvm/mod.rs,866,qualified_path,verus,production
std::thread,std::thread,src/uservm/src/vmm/microvm/whp/console.rs,28,import,rust,production
std::thread,std::thread::JoinHandle,src/uservm/src/vmm/microvm/whp/console.rs,28,import,rust,production
std::thread,std::thread::Builder::new,src/uservm/src/vmm/microvm/whp/console.rs,166,qualified_path,rust,production
std::thread,std::thread::sleep,src/uservm/src/vmm/microvm/whp/mod.rs,423,qualified_path,rust,production
std::thread,std::thread::JoinHandle,src/uservm/src/vmm/microvm/whp/mod.rs,803,qualified_path,rust,production
std::thread,std::thread::spawn,src/uservm/src/vmm/microvm/whp/mod.rs,875,qualified_path,rust,production
std::thread,std::thread::sleep,src/uservm/src/vmm/microvm/whp/mod.rs,881,qualified_path,rust,production
std::thread,std::thread::JoinHandle,src/uservm/src/vmm/microvm/whp/mod.rs,1474,qualified_path,rust,production
std::thread,std::thread::spawn,src/uservm/src/vmm/microvm/whp/mod.rs,1474,qualified_path,rust,production
std::thread,std::thread,src/uservm/src/vmm/microvm/whp/timer.rs,12,import,rust,production
std::thread,std::thread::JoinHandle,src/uservm/src/vmm/microvm/whp/timer.rs,12,import,rust,production
std::thread,std::thread::spawn,src/uservm/src/vmm/microvm/whp/timer.rs,112,qualified_path,rust,production
std::thread,std::thread,src/utils/echo-client/src/main.rs,30,import,rust,production
std::thread,std::thread::sleep,src/utils/echo-client/src/main.rs,88,qualified_path,rust,production
std::thread,std::thread,src/utils/nanvix-test/src/nanvixd/mod.rs,38,import,rust,production
std::thread,std::thread::sleep,src/utils/nanvix-test/src/nanvixd/mod.rs,258,qualified_path,rust,production
std::time,std::time::SystemTime,src/benchmarks/snapshot-rust-nostd/build.rs,14,import,rust,test_or_benchmark
std::time,std::time::UNIX_EPOCH,src/benchmarks/snapshot-rust-nostd/build.rs,14,import,rust,test_or_benchmark
std::time,std::time::SystemTime::now,src/benchmarks/snapshot-rust-nostd/build.rs,66,qualified_path,rust,test_or_benchmark
std::time,std::time::SystemTime,src/daemons/networkd/src/framing.rs,95,import,rust,production
std::time,std::time::UNIX_EPOCH,src/daemons/networkd/src/framing.rs,95,import,rust,production
std::time,std::time::SystemTime::now,src/daemons/networkd/src/framing.rs,113,qualified_path,rust,production
std::time,std::time::Duration::from_secs,src/libs/nanvix-shim-standalone/src/mode.rs,172,qualified_path,verus,production
std::time,std::time::Duration::from_secs,src/libs/nanvix-shim-standalone/src/mode.rs,215,qualified_path,verus,production
std::time,std::time::Duration::from_secs,src/libs/nanvix-shim-standalone/src/mode.rs,493,qualified_path,verus,production
std::time,std::time::Instant,src/libs/profiler/src/lib.rs,176,import,rust,production
std::time,std::time::Instant::now,src/libs/profiler/src/lib.rs,181,qualified_path,rust,production
std::time,std::time::Instant,src/libs/profiler/src/scope.rs,9,import,rust,production
std::time,std::time::Instant::now,src/libs/profiler/src/scope.rs,148,qualified_path,rust,production
std::time,std::time::SystemTime::now,src/libs/syscomm/src/tests/unix.rs,32,qualified_path,rust,test_or_benchmark
std::time,std::time::UNIX_EPOCH,src/libs/syscomm/src/tests/unix.rs,33,qualified_path,rust,test_or_benchmark
std::time,std::time::SystemTime::now,src/libs/syscomm/src/tests/unix.rs,72,qualified_path,rust,test_or_benchmark
std::time,std::time::UNIX_EPOCH,src/libs/syscomm/src/tests/unix.rs,73,qualified_path,rust,test_or_benchmark
std::time,std::time::SystemTime::now,src/libs/syscomm/src/tests/unix.rs,149,qualified_path,rust,test_or_benchmark
std::time,std::time::UNIX_EPOCH,src/libs/syscomm/src/tests/unix.rs,150,qualified_path,rust,test_or_benchmark
std::time,std::time::SystemTime::now,src/libs/syscomm/src/tests/unix.rs,188,qualified_path,rust,test_or_benchmark
std::time,std::time::UNIX_EPOCH,src/libs/syscomm/src/tests/unix.rs,189,qualified_path,rust,test_or_benchmark
std::time,std::time::Instant,src/uservm/src/guest_profiler/perf_linux.rs,174,qualified_path,verus,production
std::time,std::time::Instant::now,src/uservm/src/guest_profiler/perf_linux.rs,174,qualified_path,verus,production
std::time,std::time::Duration::from_secs,src/uservm/src/guest_profiler/perf_linux.rs,175,qualified_path,verus,production
std::time,std::time::Instant::now,src/uservm/src/guest_profiler/perf_linux.rs,177,qualified_path,verus,production
std::time,std::time::Duration::from_millis,src/uservm/src/guest_profiler/perf_linux.rs,199,qualified_path,verus,production
std::time,std::time::Duration::from_millis,src/uservm/src/guest_profiler/perf_linux.rs,203,qualified_path,verus,production
std::time,std::time::Instant,src/uservm/src/lib.rs,101,import,rust,production
std::time,std::time::Duration,src/uservm/src/lib.rs,102,import,rust,production
std::time,std::time::Duration::from_secs,src/uservm/src/lib.rs,168,qualified_path,rust,production
std::time,std::time::Instant::now,src/uservm/src/lib.rs,302,qualified_path,rust,production
std::time,std::time::Instant::now,src/uservm/src/lib.rs,306,qualified_path,rust,production
std::time,std::time::Instant::now,src/uservm/src/lib.rs,384,qualified_path,rust,production
std::time,std::time::Instant::now,src/uservm/src/lib.rs,433,qualified_path,rust,production
std::time,std::time::SystemTime,src/uservm/src/lib.rs,1344,import,rust,production
std::time,std::time::UNIX_EPOCH,src/uservm/src/lib.rs,1344,import,rust,production
std::time,std::time::SystemTime::now,src/uservm/src/lib.rs,1358,qualified_path,rust,production
std::time,std::time::SystemTime::now,src/uservm/src/lib.rs,1387,qualified_path,rust,production
std::time,std::time::Duration::from_millis,src/uservm/src/orchestrator.rs,47,qualified_path,rust,production
std::time,std::time::Duration::from_millis,src/uservm/src/orchestrator.rs,570,qualified_path,rust,production
std::time,std::time::Duration::from_millis,src/uservm/src/orchestrator.rs,629,qualified_path,rust,production
std::time,std::time::Duration,src/uservm/src/orchestrator.rs,684,import,rust,production
std::time,std::time::Duration::from_millis,src/uservm/src/orchestrator.rs,792,qualified_path,rust,production
std::time,std::time::Duration::from_millis,src/uservm/src/orchestrator.rs,808,qualified_path,rust,production
std::time,std::time::Duration::from_millis,src/uservm/src/orchestrator.rs,827,qualified_path,rust,production
std::time,std::time::Duration::from_millis,src/uservm/src/orchestrator.rs,831,qualified_path,rust,production
std::time,std::time::Duration::from_millis,src/uservm/src/orchestrator.rs,855,qualified_path,rust,production
std::time,std::time::Duration::from_millis,src/uservm/src/orchestrator.rs,883,qualified_path,rust,production
std::time,std::time::Duration::from_millis,src/uservm/src/orchestrator.rs,886,qualified_path,rust,production
std::time,std::time::Duration::from_millis,src/uservm/src/orchestrator.rs,905,qualified_path,rust,production
std::time,std::time::Duration::from_millis,src/uservm/src/orchestrator.rs,913,qualified_path,rust,production
std::time,std::time::SystemTime,src/uservm/src/pal/linux.rs,620,import,rust,production
std::time,std::time::UNIX_EPOCH,src/uservm/src/pal/linux.rs,620,import,rust,production
std::time,std::time::SystemTime::now,src/uservm/src/pal/linux.rs,632,qualified_path,rust,production
std::time,std::time::Duration,src/uservm/src/pal/windows.rs,19,import,verus,production
std::time,std::time::Instant,src/uservm/src/pal/windows.rs,19,import,verus,production
std::time,std::time::Duration::from_secs,src/uservm/src/pal/windows.rs,249,qualified_path,verus,production
std::time,std::time::Instant::now,src/uservm/src/pal/windows.rs,441,qualified_path,verus,production
std::time,std::time::Instant::now,src/uservm/src/pal/windows.rs,443,qualified_path,verus,production
std::time,std::time::SystemTime,src/uservm/src/pal/windows.rs,549,import,verus,production
std::time,std::time::UNIX_EPOCH,src/uservm/src/pal/windows.rs,549,import,verus,production
std::time,std::time::SystemTime::now,src/uservm/src/pal/windows.rs,563,qualified_path,verus,production
std::time,std::time::Duration,src/uservm/src/pal/windows.rs,630,import,verus,production
std::time,std::time::Duration::from_secs,src/uservm/src/pal/windows.rs,736,qualified_path,verus,production
std::time,std::time::SystemTime,src/uservm/src/vmm/microvm/kvm/vmem.rs,535,import,rust,production
std::time,std::time::UNIX_EPOCH,src/uservm/src/vmm/microvm/kvm/vmem.rs,535,import,rust,production
std::time,std::time::SystemTime::now,src/uservm/src/vmm/microvm/kvm/vmem.rs,561,qualified_path,rust,production
std::time,std::time::Instant,src/uservm/src/vmm/microvm/mod.rs,122,import,verus,production
std::time,std::time::Instant::now,src/uservm/src/vmm/microvm/mod.rs,456,qualified_path,verus,production
std::time,std::time::Instant::now,src/uservm/src/vmm/microvm/mod.rs,474,qualified_path,verus,production
std::time,std::time::Instant::now,src/uservm/src/vmm/microvm/mod.rs,483,qualified_path,verus,production
std::time,std::time::Instant::now,src/uservm/src/vmm/microvm/mod.rs,506,qualified_path,verus,production
std::time,std::time::Instant::now,src/uservm/src/vmm/microvm/mod.rs,525,qualified_path,verus,production
std::time,std::time::Instant::now,src/uservm/src/vmm/microvm/mod.rs,540,qualified_path,verus,production
std::time,std::time::Instant::now,src/uservm/src/vmm/microvm/mod.rs,586,qualified_path,verus,production
std::time,std::time::Duration,src/uservm/src/vmm/microvm/mod.rs,607,qualified_path,verus,production
std::time,std::time::SystemTime::now,src/uservm/src/vmm/microvm/mod.rs,607,qualified_path,verus,production
std::time,std::time::UNIX_EPOCH,src/uservm/src/vmm/microvm/mod.rs,608,qualified_path,verus,production
std::time,std::time::Instant::now,src/uservm/src/vmm/microvm/mod.rs,628,qualified_path,verus,production
std::time,std::time::Duration,src/uservm/src/vmm/microvm/mod.rs,702,qualified_path,verus,production
std::time,std::time::Duration::from_micros,src/uservm/src/vmm/microvm/mod.rs,703,qualified_path,verus,production
std::time,std::time::Instant::now,src/uservm/src/vmm/microvm/mod.rs,861,qualified_path,verus,production
std::time,std::time::Instant::now,src/uservm/src/vmm/microvm/mod.rs,888,qualified_path,verus,production
std::time,std::time::Instant::now,src/uservm/src/vmm/microvm/mod.rs,1307,qualified_path,verus,production
std::time,std::time::Duration,src/uservm/src/vmm/microvm/whp/console.rs,28,import,rust,production
std::time,std::time::Instant,src/uservm/src/vmm/microvm/whp/console.rs,28,import,rust,production
std::time,std::time::Duration::from_secs,src/uservm/src/vmm/microvm/whp/console.rs,58,qualified_path,rust,production
std::time,std::time::Duration::from_secs,src/uservm/src/vmm/microvm/whp/console.rs,63,qualified_path,rust,production
std::time,std::time::Instant::now,src/uservm/src/vmm/microvm/whp/console.rs,223,qualified_path,rust,production
std::time,std::time::Instant::now,src/uservm/src/vmm/microvm/whp/console.rs,225,qualified_path,rust,production
std::time,std::time::Instant::now,src/uservm/src/vmm/microvm/whp/console.rs,253,qualified_path,rust,production
std::time,std::time::Instant::now,src/uservm/src/vmm/microvm/whp/console.rs,255,qualified_path,rust,production
std::time,std::time::Duration,src/uservm/src/vmm/microvm/whp/console.rs,352,import,rust,production
std::time,std::time::Instant,src/uservm/src/vmm/microvm/whp/console.rs,352,import,rust,production
std::time,std::time::Instant::now,src/uservm/src/vmm/microvm/whp/console.rs,558,qualified_path,rust,production
std::time,std::time::Instant::now,src/uservm/src/vmm/microvm/whp/console.rs,572,qualified_path,rust,production
std::time,std::time::Duration::from_secs,src/uservm/src/vmm/microvm/whp/console.rs,588,qualified_path,rust,production
std::time,std::time::Instant,src/uservm/src/vmm/microvm/whp/mod.rs,64,import,rust,production
std::time,std::time::Instant::now,src/uservm/src/vmm/microvm/whp/mod.rs,196,qualified_path,rust,production
std::time,std::time::Instant::now,src/uservm/src/vmm/microvm/whp/mod.rs,205,qualified_path,rust,production
std::time,std::time::Duration::from_millis,src/uservm/src/vmm/microvm/whp/mod.rs,423,qualified_path,rust,production
std::time,std::time::Instant::now,src/uservm/src/vmm/microvm/whp/mod.rs,466,qualified_path,rust,production
std::time,std::time::Instant::now,src/uservm/src/vmm/microvm/whp/mod.rs,474,qualified_path,rust,production
std::time,std::time::Instant::now,src/uservm/src/vmm/microvm/whp/mod.rs,483,qualified_path,rust,production
std::time,std::time::Instant::now,src/uservm/src/vmm/microvm/whp/mod.rs,502,qualified_path,rust,production
std::time,std::time::Instant::now,src/uservm/src/vmm/microvm/whp/mod.rs,522,qualified_path,rust,production
std::time,std::time::Instant::now,src/uservm/src/vmm/microvm/whp/mod.rs,567,qualified_path,rust,production
std::time,std::time::Instant::now,src/uservm/src/vmm/microvm/whp/mod.rs,634,qualified_path,rust,production
std::time,std::time::Instant::now,src/uservm/src/vmm/microvm/whp/mod.rs,672,qualified_path,rust,production
std::time,std::time::Instant::now,src/uservm/src/vmm/microvm/whp/mod.rs,766,qualified_path,rust,production
std::time,std::time::Instant::now,src/uservm/src/vmm/microvm/whp/mod.rs,771,qualified_path,rust,production
std::time,std::time::Duration,src/uservm/src/vmm/microvm/whp/mod.rs,772,qualified_path,rust,production
std::time,std::time::Duration::from_millis,src/uservm/src/vmm/microvm/whp/mod.rs,772,qualified_path,rust,production
std::time,std::time::Instant::now,src/uservm/src/vmm/microvm/whp/mod.rs,860,qualified_path,rust,production
std::time,std::time::Duration::from_micros,src/uservm/src/vmm/microvm/whp/mod.rs,879,qualified_path,rust,production
std::time,std::time::Instant::now,src/uservm/src/vmm/microvm/whp/mod.rs,924,qualified_path,rust,production
std::time,std::time::Instant::now,src/uservm/src/vmm/microvm/whp/mod.rs,1337,qualified_path,rust,production
std::time,std::time::SystemTime,src/uservm/src/vmm/microvm/whp/mod.rs,1649,import,rust,production
std::time,std::time::UNIX_EPOCH,src/uservm/src/vmm/microvm/whp/mod.rs,1649,import,rust,production
std::time,std::time::SystemTime::now,src/uservm/src/vmm/microvm/whp/mod.rs,1674,qualified_path,rust,production
std::time,std::time::Duration,src/uservm/src/vmm/microvm/whp/timer.rs,12,import,rust,production
std::time,std::time::Duration::from_micros,src/uservm/src/vmm/microvm/whp/timer.rs,110,qualified_path,rust,production
std::time,std::time::Duration::from_secs,src/utils/containerd-shim-nanvix-v1/tests/integration.rs,166,qualified_path,rust,test_or_benchmark
std::time,std::time::Duration::from_secs,src/utils/containerd-shim-nanvix-v1/tests/integration.rs,233,qualified_path,rust,test_or_benchmark
std::time,std::time::Duration,src/utils/echo-client/src/main.rs,30,import,rust,production
std::time,std::time::Instant,src/utils/echo-client/src/main.rs,30,import,rust,production
std::time,std::time::Duration::from_secs,src/utils/echo-client/src/main.rs,88,qualified_path,rust,production
std::time,std::time::Instant::now,src/utils/echo-client/src/main.rs,121,qualified_path,rust,production
std::time,std::time::Instant::now,src/utils/echo-client/src/main.rs,142,qualified_path,rust,production
std::time,std::time::Instant::now,src/utils/echo-client/src/main.rs,192,qualified_path,rust,production
std::time,std::time::Duration,src/utils/nanvix-bench/src/benchmarks/gateway.rs,55,import,rust,test_or_benchmark
std::time,std::time::Instant,src/utils/nanvix-bench/src/benchmarks/gateway.rs,55,import,rust,test_or_benchmark
std::time,std::time::Duration::from_secs,src/utils/nanvix-bench/src/benchmarks/gateway.rs,98,qualified_path,rust,test_or_benchmark
std::time,std::time::Duration::from_secs,src/utils/nanvix-bench/src/benchmarks/gateway.rs,101,qualified_path,rust,test_or_benchmark
std::time,std::time::Duration::from_millis,src/utils/nanvix-bench/src/benchmarks/gateway.rs,104,qualified_path,rust,test_or_benchmark
std::time,std::time::Duration::from_millis,src/utils/nanvix-bench/src/benchmarks/gateway.rs,107,qualified_path,rust,test_or_benchmark
std::time,std::time::Duration::from_secs,src/utils/nanvix-bench/src/benchmarks/gateway.rs,110,qualified_path,rust,test_or_benchmark
std::time,std::time::Duration::from_secs,src/utils/nanvix-bench/src/benchmarks/gateway.rs,113,qualified_path,rust,test_or_benchmark
std::time,std::time::Duration::ZERO,src/utils/nanvix-bench/src/benchmarks/gateway.rs,172,qualified_path,rust,test_or_benchmark
std::time,std::time::Instant::now,src/utils/nanvix-bench/src/benchmarks/gateway.rs,210,qualified_path,rust,test_or_benchmark
std::time,std::time::Instant::now,src/utils/nanvix-bench/src/benchmarks/gateway.rs,223,qualified_path,rust,test_or_benchmark
std::time,std::time::Instant::now,src/utils/nanvix-bench/src/benchmarks/gateway.rs,370,qualified_path,rust,test_or_benchmark
std::time,std::time::Instant::now,src/utils/nanvix-bench/src/benchmarks/gateway.rs,385,qualified_path,rust,test_or_benchmark
std::time,std::time::Instant::now,src/utils/nanvix-bench/src/benchmarks/gateway.rs,467,qualified_path,rust,test_or_benchmark
std::time,std::time::Duration::from_millis,src/utils/nanvix-bench/src/benchmarks/gateway.rs,476,qualified_path,rust,test_or_benchmark
std::time,std::time::Duration::from_millis,src/utils/nanvix-bench/src/benchmarks/gateway.rs,520,qualified_path,rust,test_or_benchmark
std::time,std::time::Instant::now,src/utils/nanvix-bench/src/benchmarks/gateway.rs,524,qualified_path,rust,test_or_benchmark
std::time,std::time::Duration::from_millis,src/utils/nanvix-bench/src/benchmarks/gateway.rs,528,qualified_path,rust,test_or_benchmark
std::time,std::time::Duration,src/utils/nanvix-bench/src/benchmarks/socket_echo.rs,26,import,rust,test_or_benchmark
std::time,std::time::Instant,src/utils/nanvix-bench/src/benchmarks/socket_echo.rs,26,import,rust,test_or_benchmark
std::time,std::time::Duration::from_millis,src/utils/nanvix-bench/src/benchmarks/socket_echo.rs,171,qualified_path,rust,test_or_benchmark
std::time,std::time::Instant::now,src/utils/nanvix-bench/src/benchmarks/socket_echo.rs,175,qualified_path,rust,test_or_benchmark
std::time,std::time::Duration::from_millis,src/utils/nanvix-bench/src/benchmarks/socket_echo.rs,179,qualified_path,rust,test_or_benchmark
std::time,std::time::Duration::from_secs,src/utils/nanvix-bench/src/benchmarks/socket_echo.rs,215,qualified_path,rust,test_or_benchmark
std::time,std::time::Instant::now,src/utils/nanvix-bench/src/benchmarks/socket_echo.rs,215,qualified_path,rust,test_or_benchmark
std::time,std::time::Instant::now,src/utils/nanvix-bench/src/benchmarks/socket_echo.rs,217,qualified_path,rust,test_or_benchmark
std::time,std::time::Duration::from_millis,src/utils/nanvix-bench/src/benchmarks/socket_echo.rs,219,qualified_path,rust,test_or_benchmark
std::time,std::time::Duration::from_millis,src/utils/nanvix-bench/src/benchmarks/socket_echo.rs,230,qualified_path,rust,test_or_benchmark
std::time,std::time::Duration::from_secs,src/utils/nanvix-bench/src/benchmarks/socket_echo.rs,244,qualified_path,rust,test_or_benchmark
std::time,std::time::Instant,src/utils/nanvix-bench/src/benchmarks/standalone.rs,17,import,rust,test_or_benchmark
std::time,std::time::Instant::now,src/utils/nanvix-bench/src/benchmarks/standalone.rs,224,qualified_path,rust,test_or_benchmark
std::time,std::time::Instant,src/utils/nanvix-bench/src/benchmarks/standalone_vfs.rs,22,import,verus,test_or_benchmark
std::time,std::time::Instant::now,src/utils/nanvix-bench/src/benchmarks/standalone_vfs.rs,507,qualified_path,verus,test_or_benchmark
std::time,std::time::Instant,src/utils/nanvix-bench/src/benchmarks/vmm/boot_time.rs,30,import,rust,test_or_benchmark
std::time,std::time::Instant::now,src/utils/nanvix-bench/src/benchmarks/vmm/boot_time.rs,80,qualified_path,rust,test_or_benchmark
std::time,std::time::Duration::from_millis,src/utils/nanvix-bench/src/benchmarks/vmm/boot_time.rs,139,qualified_path,rust,test_or_benchmark
std::time,std::time::Instant,src/utils/nanvix-bench/src/benchmarks/vmm/snapshot_restore.rs,33,import,rust,test_or_benchmark
std::time,std::time::Instant::now,src/utils/nanvix-bench/src/benchmarks/vmm/snapshot_restore.rs,132,qualified_path,rust,test_or_benchmark
std::time,std::time::Duration::from_millis,src/utils/nanvix-bench/src/benchmarks/vmm/snapshot_restore.rs,187,qualified_path,rust,test_or_benchmark
std::time,std::time::Instant::now,src/utils/nanvix-bench/src/benchmarks/vmm/snapshot_restore.rs,221,qualified_path,rust,test_or_benchmark
std::time,std::time::Duration::from_millis,src/utils/nanvix-bench/src/benchmarks/vmm/snapshot_restore.rs,285,qualified_path,rust,test_or_benchmark
std::time,std::time::Duration::from_millis,src/utils/nanvix-bench/src/benchmarks/vmm/snapshot_restore.rs,469,qualified_path,rust,test_or_benchmark
std::time,std::time::Instant,src/utils/nanvix-bench/src/benchmarks/vmm/warm_start_vmm.rs,54,import,rust,test_or_benchmark
std::time,std::time::Duration::from_millis,src/utils/nanvix-bench/src/benchmarks/vmm/warm_start_vmm.rs,416,qualified_path,rust,test_or_benchmark
std::time,std::time::Instant::now,src/utils/nanvix-bench/src/benchmarks/vmm/warm_start_vmm.rs,425,qualified_path,rust,test_or_benchmark
std::time,std::time::Duration::from_millis,src/utils/nanvix-bench/src/benchmarks/vmm/warm_start_vmm.rs,442,qualified_path,rust,test_or_benchmark
std::time,std::time::SystemTime,src/utils/nanvix-test/src/environment.rs,141,import,rust,production
std::time,std::time::UNIX_EPOCH,src/utils/nanvix-test/src/environment.rs,141,import,rust,production
std::time,std::time::SystemTime::now,src/utils/nanvix-test/src/environment.rs,152,qualified_path,rust,production
std::time,std::time::Duration,src/utils/nanvix-test/src/executor/http.rs,33,import,rust,production
std::time,std::time::SystemTime,src/utils/nanvix-test/src/executor/http.rs,33,import,rust,production
std::time,std::time::UNIX_EPOCH,src/utils/nanvix-test/src/executor/http.rs,33,import,rust,production
std::time,std::time::Duration,src/utils/nanvix-test/src/executor/snapshot_restore.rs,33,import,rust,production
std::time,std::time::Duration::from_millis,src/utils/nanvix-test/src/executor/snapshot_restore.rs,267,qualified_path,rust,production
std::time,std::time::Duration::from_millis,src/utils/nanvix-test/src/executor/snapshot_restore.rs,305,qualified_path,rust,production
std::time,std::time::Duration,src/utils/nanvix-test/src/executor/snapshot_save_exit.rs,32,import,rust,production
std::time,std::time::Duration::from_secs,src/utils/nanvix-test/src/executor/snapshot_save_exit.rs,61,qualified_path,rust,production
std::time,std::time::Duration,src/utils/nanvix-test/src/executor/terminal.rs,30,import,verus,production
std::time,std::time::SystemTime,src/utils/nanvix-test/src/log_layout.rs,11,import,rust,production
std::time,std::time::UNIX_EPOCH,src/utils/nanvix-test/src/log_layout.rs,11,import,rust,production
std::time,std::time::Duration,src/utils/nanvix-test/src/nanvixd/mod.rs,38,import,rust,production
std::time,std::time::Duration::from_millis,src/utils/nanvix-test/src/nanvixd/mod.rs,377,qualified_path,rust,production
std::vec,std::vec::IntoIter,src/daemons/hostfsd/src/handler.rs,1020,qualified_path,verus,production
std::vec,std::vec::IntoIter,src/daemons/hostfsd/src/handler.rs,1608,qualified_path,verus,production
std::vec,std::vec::Vec,src/libs/bump_allocator/src/lib.rs,335,import,rust,production
std::vec,std::vec::Vec::from,src/libs/bump_allocator/src/lib.rs,392,qualified_path,rust,production
std::vec,std::vec::Vec,src/libs/libc_assert/src/assert_func.rs,280,qualified_path,rust,production
std::vec,std::vec::Vec::new,src/libs/libc_assert/src/assert_func.rs,314,qualified_path,rust,production
std::vec,std::vec::Vec::new,src/libs/libc_assert/src/assert_func.rs,330,qualified_path,rust,production
std::vec,std::vec::Vec::new,src/libs/libc_assert/src/assert_func.rs,340,qualified_path,rust,production
std::vec,std::vec::Vec::new,src/libs/libc_assert/src/assert_func.rs,350,qualified_path,rust,production
std::vec,std::vec::Vec::new,src/libs/libc_assert/src/assert_func.rs,360,qualified_path,rust,production
std::vec,std::vec::Vec::new,src/libs/libc_assert/src/assert_func.rs,367,qualified_path,rust,production
std::vec,std::vec::Vec::new,src/libs/libc_assert/src/assert_func.rs,374,qualified_path,rust,production
std::vec,std::vec::Vec::new,src/libs/libc_assert/src/assert_func.rs,390,qualified_path,rust,production
std::vec,std::vec::Vec,src/libs/libc_libgen/src/basename.rs,83,import,rust,production
std::vec,std::vec::Vec,src/libs/libc_libgen/src/dirname.rs,107,import,rust,production
std::vec,std::vec::Vec,src/libs/libc_mntent/src/parse.rs,299,import,rust,production
std::vec,std::vec::Vec::new,src/libs/libc_mntent/src/parse.rs,315,qualified_path,rust,production
std::vec,std::vec::Vec,src/libs/libc_regex/src/tests.rs,27,import,rust,production
std::vec,std::vec,src/libs/libc_regex/src/tests.rs,60,qualified_path,rust,production
std::vec,std::vec::Vec,src/libs/libc_stdio/src/float_fmt.rs,551,import,rust,production
std::vec,std::vec::Vec::new,src/libs/libc_stdio/src/float_fmt.rs,582,qualified_path,rust,production
std::vec,std::vec::Vec,src/libs/libc_stdio/src/format_engine.rs,942,import,verus,production
std::vec,std::vec::Vec::new,src/libs/libc_stdio/src/format_engine.rs,951,qualified_path,verus,production
std::vec,std::vec::Vec::new,src/libs/libc_stdio/src/format_engine.rs,997,qualified_path,verus,production
std::vec,std::vec::Vec::new,src/libs/libc_stdio/src/format_engine.rs,998,qualified_path,verus,production
std::vec,std::vec::Vec::new,src/libs/libc_stdio/src/format_engine.rs,999,qualified_path,verus,production
std::vec,std::vec::Vec::new,src/libs/libc_stdio/src/format_engine.rs,1000,qualified_path,verus,production
std::vec,std::vec::Vec::new,src/libs/libc_stdio/src/format_engine.rs,1001,qualified_path,verus,production
std::vec,std::vec::Vec::new,src/libs/libc_stdio/src/format_engine.rs,1002,qualified_path,verus,production
std::vec,std::vec::Vec::new,src/libs/libc_stdio/src/format_engine.rs,1003,qualified_path,verus,production
std::vec,std::vec::Vec::new,src/libs/libc_stdio/src/format_engine.rs,1004,qualified_path,verus,production
std::vec,std::vec::Vec::new,src/libs/libc_stdio/src/format_engine.rs,1005,qualified_path,verus,production
std::vec,std::vec::Vec::new,src/libs/libc_stdio/src/format_engine.rs,1006,qualified_path,verus,production
std::vec,std::vec::Vec,src/libs/libc_stdio/src/vsscanf.rs,493,import,rust,production
std::vec,std::vec::Vec,src/libs/libc_stdlib/src/realpath.rs,463,import,rust,production
std::vec,std::vec::Vec,src/libs/libc_string/src/bcmp.rs,54,import,rust,production
std::vec,std::vec::Vec,src/libs/libc_string/src/bzero.rs,66,import,rust,production
std::vec,std::vec::Vec,src/libs/libc_string/src/locale.rs,93,import,rust,production
std::vec,std::vec::Vec,src/libs/libc_string/src/memccpy.rs,84,import,rust,production
std::vec,std::vec::Vec,src/libs/libc_string/src/memchr.rs,73,import,rust,production
std::vec,std::vec::Vec,src/libs/libc_string/src/memcmp.rs,100,import,rust,production
std::vec,std::vec::Vec,src/libs/libc_string/src/memcpy.rs,174,import,rust,production
std::vec,std::vec::Vec,src/libs/libc_string/src/mempcpy.rs,78,import,rust,production
std::vec,std::vec::Vec,src/libs/libc_string/src/memrchr.rs,72,import,rust,production
std::vec,std::vec::Vec,src/libs/libc_string/src/memset.rs,98,import,rust,production
std::vec,std::vec::Vec,src/libs/libc_string/src/stpcpy.rs,76,import,rust,production
std::vec,std::vec::Vec,src/libs/libc_string/src/stpncpy.rs,102,import,rust,production
std::vec,std::vec::Vec,src/libs/libc_string/src/strcasecmp.rs,73,import,rust,production
std::vec,std::vec::Vec,src/libs/libc_string/src/strcasestr.rs,99,import,rust,production
std::vec,std::vec::Vec,src/libs/libc_string/src/strcat.rs,82,import,rust,production
std::vec,std::vec::Vec,src/libs/libc_string/src/strchr.rs,70,import,rust,production
std::vec,std::vec::Vec,src/libs/libc_string/src/strchrnul.rs,70,import,rust,production
std::vec,std::vec::Vec,src/libs/libc_string/src/strcmp.rs,82,import,rust,production
std::vec,std::vec::Vec,src/libs/libc_string/src/strcpy.rs,73,import,rust,production
std::vec,std::vec::Vec,src/libs/libc_string/src/strcspn.rs,84,import,rust,production
std::vec,std::vec::Vec,src/libs/libc_string/src/strdup.rs,86,import,rust,production
std::vec,std::vec::Vec::new,src/libs/libc_string/src/strdup.rs,99,qualified_path,rust,production
std::vec,std::vec::Vec,src/libs/libc_string/src/strerror.rs,125,import,rust,production
std::vec,std::vec::Vec::new,src/libs/libc_string/src/strerror.rs,136,qualified_path,rust,production
std::vec,std::vec::Vec,src/libs/libc_string/src/strerror_r.rs,81,import,rust,production
std::vec,std::vec::Vec,src/libs/libc_string/src/strlcat.rs,105,import,rust,production
std::vec,std::vec::Vec,src/libs/libc_string/src/strlcpy.rs,95,import,rust,production
std::vec,std::vec::Vec,src/libs/libc_string/src/strlen.rs,67,import,rust,production
std::vec,std::vec::Vec::with_capacity,src/libs/libc_string/src/strlen.rs,123,qualified_path,rust,production
std::vec,std::vec::Vec,src/libs/libc_string/src/strncasecmp.rs,75,import,rust,production
std::vec,std::vec::Vec,src/libs/libc_string/src/strncat.rs,95,import,rust,production
std::vec,std::vec::Vec,src/libs/libc_string/src/strncmp.rs,88,import,rust,production
std::vec,std::vec::Vec,src/libs/libc_string/src/strncpy.rs,93,import,rust,production
std::vec,std::vec::Vec,src/libs/libc_string/src/strndup.rs,90,import,rust,production
std::vec,std::vec::Vec::new,src/libs/libc_string/src/strndup.rs,103,qualified_path,rust,production
std::vec,std::vec::Vec,src/libs/libc_string/src/strnlen.rs,66,import,rust,production
std::vec,std::vec::Vec,src/libs/libc_string/src/strpbrk.rs,76,import,rust,production
std::vec,std::vec::Vec,src/libs/libc_string/src/strrchr.rs,71,import,rust,production
std::vec,std::vec::Vec,src/libs/libc_string/src/strsep.rs,96,import,rust,production
std::vec,std::vec::Vec::new,src/libs/libc_string/src/strsep.rs,109,qualified_path,rust,production
std::vec,std::vec::Vec,src/libs/libc_string/src/strspn.rs,85,import,rust,production
std::vec,std::vec::Vec,src/libs/libc_string/src/strstr.rs,85,import,rust,production
std::vec,std::vec::Vec,src/libs/libc_string/src/strtok.rs,108,import,rust,production
std::vec,std::vec::Vec::new,src/libs/libc_string/src/strtok.rs,127,qualified_path,rust,production
std::vec,std::vec::Vec,src/libs/libc_string/src/strtok_r.rs,109,import,rust,production
std::vec,std::vec::Vec::new,src/libs/libc_string/src/strtok_r.rs,122,qualified_path,rust,production
std::vec,std::vec::Vec,src/libs/libc_string/src/strxfrm.rs,85,import,rust,production
std::vec,std::vec::Vec,src/libs/libc_time/src/asctime_r.rs,184,qualified_path,rust,production
std::vec,std::vec::Vec,src/libs/libc_time/src/ctime_r.rs,68,qualified_path,rust,production
std::vec,std::vec,src/libs/libc_time/src/locale.rs,64,import,rust,production
std::vec,std::vec::Vec,src/libs/libc_time/src/locale.rs,78,qualified_path,rust,production
std::vec,std::vec,src/libs/libc_time/src/strftime.rs,329,import,rust,production
std::vec,std::vec::Vec,src/libs/libc_time/src/strftime.rs,357,qualified_path,rust,production
std::vec,std::vec::Vec,src/libs/libc_time/src/strftime.rs,429,qualified_path,rust,production
std::vec,std::vec::Vec,src/libs/libc_time/src/strftime.rs,435,qualified_path,rust,production
std::vec,std::vec::Vec,src/libs/libc_wchar/src/multibyte.rs,674,qualified_path,rust,production
std::vec,std::vec::Vec,src/libs/multibin/src/lib.rs,367,import,rust,production
std::vec,std::vec::Vec::new,src/libs/multibin/src/lib.rs,393,qualified_path,rust,production
std::vec,std::vec::Vec::new,src/libs/multibin/src/lib.rs,394,qualified_path,rust,production
std::vec,std::vec::Vec::with_capacity,src/libs/multibin/src/lib.rs,465,qualified_path,rust,production
std::vec,std::vec::Vec::with_capacity,src/libs/multibin/src/lib.rs,480,qualified_path,rust,production
std::vec,std::vec,src/libs/multibin/src/lib.rs,491,qualified_path,rust,production
std::vec,std::vec::Vec,src/libs/multiimage/src/lib.rs,342,qualified_path,rust,production
std::vec,std::vec::Vec,src/libs/multiimage/src/lib.rs,344,qualified_path,rust,production
std::vec,std::vec::Vec,src/libs/multiimage/src/lib.rs,370,qualified_path,rust,production
std::vec,std::vec::Vec::with_capacity,src/libs/multiimage/src/lib.rs,370,qualified_path,rust,production
std::vec,std::vec::Vec,src/libs/multiimage/src/lib.rs,378,qualified_path,rust,production
std::vec,std::vec::Vec::with_capacity,src/libs/multiimage/src/lib.rs,378,qualified_path,rust,production
std::vec,std::vec::Vec,src/libs/multiimage/src/lib.rs,379,qualified_path,rust,production
std::vec,std::vec::Vec::with_capacity,src/libs/multiimage/src/lib.rs,379,qualified_path,rust,production
std::vec,std::vec,src/libs/multiimage/src/lib.rs,407,qualified_path,rust,production
std::vec,std::vec::Vec,src/libs/multiimage/src/lib.rs,407,qualified_path,rust,production
std::vec,std::vec::Vec,src/libs/multiimage/src/lib.rs,446,qualified_path,rust,production
std::vec,std::vec::Vec::with_capacity,src/libs/multiimage/src/lib.rs,446,qualified_path,rust,production
std::vec,std::vec::Vec,src/libs/multiimage/src/lib.rs,448,qualified_path,rust,production
std::vec,std::vec::Vec,src/libs/multiimage/src/lib.rs,454,qualified_path,rust,production
std::vec,std::vec::Vec::with_capacity,src/libs/multiimage/src/lib.rs,454,qualified_path,rust,production
std::vec,std::vec,src/libs/multiimage/src/lib.rs,471,qualified_path,rust,production
std::vec,std::vec::Vec,src/libs/multiimage/src/lib.rs,471,qualified_path,rust,production
std::vec,std::vec,src/libs/multiimage/src/lib.rs,495,qualified_path,rust,production
std::vec,std::vec::Vec,src/libs/multiimage/src/lib.rs,495,qualified_path,rust,production
std::vec,std::vec,src/libs/multiimage/src/lib.rs,594,qualified_path,rust,production
std::vec,std::vec::Vec,src/libs/multiimage/src/lib.rs,594,qualified_path,rust,production
std::vec,std::vec,src/libs/multiimage/src/lib.rs,595,qualified_path,rust,production
std::vec,std::vec::Vec,src/libs/multiimage/src/lib.rs,595,qualified_path,rust,production
std::vec,std::vec::Vec,src/libs/multiimage/src/lib.rs,617,qualified_path,rust,production
std::vec,std::vec::Vec::new,src/libs/multiimage/src/lib.rs,617,qualified_path,rust,production
std::vec,std::vec::Vec,src/libs/syscall/src/unistd/bindings/getopt_long.rs,449,import,rust,production
std::vec,std::vec::Vec,src/libs/syscall/src/unistd/syscall/getopt.rs,215,import,verus,production
std::vec,std::vec::Vec,src/libs/syslog-macros/src/lib.rs,16,import,rust,production
std::vec,std::vec::Vec::new,src/libs/syslog-macros/src/lib.rs,273,qualified_path,rust,production
std::vec,std::vec::Vec::new,src/libs/syslog-macros/src/lib.rs,274,qualified_path,rust,production
std::vec,std::vec::Vec,src/uservm/src/standalone.rs,518,qualified_path,rust,production
std::vec,std::vec::Vec::new,src/uservm/src/standalone.rs,519,qualified_path,rust,production
std::vec,std::vec::Vec,src/uservm/src/vmm/microvm/ramfs.rs,468,qualified_path,verus,production
std::vec,std::vec::Vec,src/uservm/src/vmm/microvm/ramfs.rs,470,qualified_path,verus,production
std::vec,std::vec::Vec,src/uservm/src/vmm/microvm/ramfs.rs,497,qualified_path,verus,production
std::vec,std::vec::Vec::with_capacity,src/uservm/src/vmm/microvm/ramfs.rs,498,qualified_path,verus,production
std::vec,std::vec::Vec,src/uservm/src/vmm/microvm/ramfs.rs,652,qualified_path,verus,production
std::vec,std::vec::Vec,src/uservm/src/vmm/microvm/ramfs.rs,706,qualified_path,verus,production
std::vec,std::vec::Vec,src/utils/nanvix-test/src/main.rs,255,qualified_path,rust,production
