target,category,status,rounds,initial_decision,final_decision,contract_form,typecheck_passed,det_status,r0_z3,classification,raw_det_reward,guarded_reward,semantic_guarded_reward,issues,semantic_gate_issues,semantic_review_issues,requires,ensures,contract_code,rationale,requires_source_fidelity_classification,requires_source_fidelity_rationale,requires_source_reference,requires_source_excerpt
alloc::collections::BTreeMap::append,data_structure,,1,add_spec,add_spec,assume_specification,True,ok,unsat,complete,1,1,1,,,,obeys_cmp::<Key>(),"final(m)@ == old(m)@.union_prefer_right(old(other)@); final(other)@ == Map::<Key, Value>::empty()","pub assume_specification<Key, Value, A: Allocator + Clone>[ BTreeMap::<Key, Value, A>::append ](
    m: &mut BTreeMap<Key, Value, A>,
    other: &mut BTreeMap<Key, Value, A>,
) where Key: Ord, A: Clone
    requires
        obeys_cmp::<Key>(),
    ensures
        final(m)@ == old(m)@.union_prefer_right(old(other)@),
        final(other)@ == Map::<Key, Value>::empty(),
;","The implementation moves every entry from other into self, chooses the value from other on key conflicts, and replaces other with an empty map. Under obeys_cmp::<Key>(), Map::union_prefer_right expresses exactly this semantic-view behavior.",source_justified,"alloc/src/collections/btree/map.rs:1236 shows this BTree operation is implemented over the ordered map/set structure with an `Ord` bound, and its documented effect is exactly the map/set algebra modeled by the candidate; the Verus `obeys_cmp` law is the bridge from Rust `Ord` execution to the semantic collection view.",alloc/src/collections/btree/map.rs:1236,"1232:     /// assert_eq!(a[&4], ""e"");
1233:     /// assert_eq!(a[&5], ""f"");
1234:     /// ```
1235:     #[stable(feature = ""btree_append"", since = ""1.11.0"")]
1236:     pub fn append(&mut self, other: &mut Self)
1237:     where
1238:         K: Ord,
1239:         A: Clone,
1240:     {
1241:         let other = mem::replace(other, Self::new_in((*self.alloc).clone()));
1242:         self.merge(other, |_key, _self_val, other_val| other_val);
1243:     }
1244: "
alloc::collections::BTreeMap::first_key_value,data_structure,,2,add_spec,add_spec,assume_specification,True,ok,unsat,complete,1,1,1,,,,vstd::laws_cmp::obeys_cmp::<Key>(),"match result {
            Some((key, value)) => {
                &&& m@.contains_key(*key)
                &&& m@[*key] == *value
                &&& forall|other: Key| #[trigger] m@.contains_key(other) ==>
                    (*key).cmp_spec(&other) != core::cmp::Ordering::Greater
                &&& *key == choose|candidate: Key| {
                    m@.contains_key(candidate)
                        && forall|other: Key| #[trigger] m@.contains_key(other) ==>
                            candidate.cmp_spec(&other) != core::cmp::Ordering::Greater
                }
            },
            None => m@.is_empty(),
        }","pub assume_specification<
    'a,
    Key: core::cmp::Ord,
    Value,
    A: alloc::alloc::Allocator + core::clone::Clone,
>[ alloc::collections::BTreeMap::<Key, Value, A>::first_key_value ](
    m: &'a alloc::collections::BTreeMap<Key, Value, A>,
) -> (result: core::option::Option<(&'a Key, &'a Value)>)
    requires
        vstd::laws_cmp::obeys_cmp::<Key>(),
    ensures
        match result {
            Some((key, value)) => {
                &&& m@.contains_key(*key)
                &&& m@[*key] == *value
                &&& forall|other: Key| #[trigger] m@.contains_key(other) ==>
                    (*key).cmp_spec(&other) != core::cmp::Ordering::Greater
                &&& *key == choose|candidate: Key| {
                    m@.contains_key(candidate)
                        && forall|other: Key| #[trigger] m@.contains_key(other) ==>
                            candidate.cmp_spec(&other) != core::cmp::Ordering::Greater
                }
            },
            None => m@.is_empty(),
        },
;","The result is related to the map view and identified as its minimum key, matching the documented implementation behavior. The canonical choose expression makes the semantic key output explicitly deterministic; under obeys_cmp, a nonempty finite map has a unique minimum. The associated value is then fixed by the map view.",source_justified,alloc/src/collections/btree/map.rs:810 shows the BTree operation's Rust source is ordered by the `Ord` comparator; the Verus `obeys_cmp` precondition is the vstd law connecting that source comparator to the semantic map/set view.,alloc/src/collections/btree/map.rs:810,"806:     /// map.insert(2, ""a"");
807:     /// assert_eq!(map.first_key_value(), Some((&1, &""b"")));
808:     /// ```
809:     #[stable(feature = ""map_first_last"", since = ""1.66.0"")]
810:     pub fn first_key_value(&self) -> Option<(&K, &V)>
811:     where
812:         K: Ord,
813:     {
814:         let root_node = self.root.as_ref()?.reborrow();
815:         root_node.first_leaf_edge().right_kv().ok().map(Handle::into_kv)
816:     }
817: 
818:     /// Returns the first entry in the map for in-place manipulation."
alloc::collections::BTreeMap::get_mut,data_structure,,4,add_spec,add_spec,assume_specification,True,ok,unsat,complete,1,1,1,,,,obeys_cmp::<Key>(),"{
            let old_map = old(m)@;
            let selected_key = choose|key: Key|
                sets_borrowed_key_to_key(old_map.dom(), k, &key);
            &&& contains_borrowed_key(old_map, k) ==>
                sets_borrowed_key_to_key(old_map.dom(), k, &selected_key)
            &&& result is Some == contains_borrowed_key(old_map, k)
            &&& match result {
                Some(v) => {
                    &&& *v == old_map[selected_key]
                    &&& *final(v) == *v
                    &&& final(m)@ == old_map
                },
                None => {
                    &&& !contains_borrowed_key(old_map, k)
                    &&& final(m)@ == old_map
                },
            }
        }","pub assume_specification<
    'a,
    Key: core::borrow::Borrow<Q> + core::cmp::Ord,
    Value,
    A: core::alloc::Allocator + core::clone::Clone,
    Q: core::cmp::Ord + ?Sized,
>[ alloc::collections::BTreeMap::<Key, Value, A>::get_mut::<Q> ](
    m: &'a mut alloc::collections::BTreeMap<Key, Value, A>,
    k: &Q,
) -> (result: core::option::Option<&'a mut Value>)
    requires
        obeys_cmp::<Key>(),
    ensures
        {
            let old_map = old(m)@;
            let selected_key = choose|key: Key|
                sets_borrowed_key_to_key(old_map.dom(), k, &key);
            &&& contains_borrowed_key(old_map, k) ==>
                sets_borrowed_key_to_key(old_map.dom(), k, &selected_key)
            &&& result is Some == contains_borrowed_key(old_map, k)
            &&& match result {
                Some(v) => {
                    &&& *v == old_map[selected_key]
                    &&& *final(v) == *v
                    &&& final(m)@ == old_map
                },
                None => {
                    &&& !contains_borrowed_key(old_map, k)
                    &&& final(m)@ == old_map
                },
            }
        },
;","Rust 1.96 documents BTreeMap::get_mut as returning a mutable reference to the value for the borrowed key, requires borrowed-form ordering to match the key ordering, and implements the lookup by search_tree(key) with Found(handle) returning handle.into_val_mut(). The contract chooses the stored key selected by the borrowed-key model, returns the old value through that mutable reference, and records that the lookup itself does not mutate the map.",source_justified,"alloc/src/collections/btree/map.rs:1006 documents that get_mut returns a mutable reference to the value for a borrowed key, requires borrowed-key ordering to match the owned key ordering, and implements the lookup with `search_tree(key)` / `Found(handle) => Some(handle.into_val_mut())`; `obeys_cmp` is the vstd law connecting that source ordering behavior to the semantic map view.",alloc/src/collections/btree/map.rs:1006,"981:         K: Borrow<Q> + Ord,
982:         Q: Ord,
987:     /// Returns a mutable reference to the value corresponding to the key.
1006:     pub fn get_mut<Q: ?Sized>(&mut self, key: &Q) -> Option<&mut V>
1008:         K: Borrow<Q> + Ord,
1009:         Q: Ord,
1012:         match root_node.search_tree(key) {
1013:             Found(handle) => Some(handle.into_val_mut()),
1014:             GoDown(_) => None,"
alloc::collections::BTreeMap::last_key_value,data_structure,,2,add_spec,add_spec,assume_specification,True,ok,unsat,complete,1,1,1,,,,obeys_cmp::<Key>(),"match result {
            Some((k, v)) => {
                &&& *k == choose|max_key: Key| {
                    &&& m@.contains_key(max_key)
                    &&& forall|other: Key| #[trigger] m@.contains_key(other) ==>
                        other.cmp_spec(&max_key) != core::cmp::Ordering::Greater
                }
                &&& m@.contains_key(*k)
                &&& m@[*k] == *v
                &&& forall|other: Key| #[trigger] m@.contains_key(other) ==>
                    other.cmp_spec(k) != core::cmp::Ordering::Greater
            },
            None => m@.is_empty(),
        }","pub assume_specification<
    'a,
    Key: Ord,
    Value,
    A: Allocator + Clone,
>[ BTreeMap::<Key, Value, A>::last_key_value ](
    m: &'a BTreeMap<Key, Value, A>,
) -> (result: Option<(&'a Key, &'a Value)>)
    requires
        obeys_cmp::<Key>(),
    ensures
        match result {
            Some((k, v)) => {
                &&& *k == choose|max_key: Key| {
                    &&& m@.contains_key(max_key)
                    &&& forall|other: Key| #[trigger] m@.contains_key(other) ==>
                        other.cmp_spec(&max_key) != core::cmp::Ordering::Greater
                }
                &&& m@.contains_key(*k)
                &&& m@[*k] == *v
                &&& forall|other: Key| #[trigger] m@.contains_key(other) ==>
                    other.cmp_spec(k) != core::cmp::Ordering::Greater
            },
            None => m@.is_empty(),
        },
;","The implementation returns None for an empty map and otherwise returns the value stored at the comparator-maximal key. Equating the returned key with a deterministic choice of the maximal stored key makes the modeled semantic output explicit while retaining directly usable membership, lookup, and maximality facts.",source_justified,alloc/src/collections/btree/map.rs:893 shows the BTree operation's Rust source is ordered by the `Ord` comparator; the Verus `obeys_cmp` precondition is the vstd law connecting that source comparator to the semantic map/set view.,alloc/src/collections/btree/map.rs:893,"889:     /// map.insert(2, ""a"");
890:     /// assert_eq!(map.last_key_value(), Some((&2, &""a"")));
891:     /// ```
892:     #[stable(feature = ""map_first_last"", since = ""1.66.0"")]
893:     pub fn last_key_value(&self) -> Option<(&K, &V)>
894:     where
895:         K: Ord,
896:     {
897:         let root_node = self.root.as_ref()?.reborrow();
898:         root_node.last_leaf_edge().left_kv().ok().map(Handle::into_kv)
899:     }
900: 
901:     /// Returns the last entry in the map for in-place manipulation."
alloc::collections::BTreeMap::pop_first,data_structure,,3,add_spec,add_spec,assume_specification,True,ok,unsat,complete,1,1,1,,,,obeys_cmp::<Key>(),"if old(m)@.is_empty() {
            &&& result is None
            &&& final(m)@ == old(m)@
        } else {
            let k = choose|k: Key| {
                &&& old(m)@.contains_key(k)
                &&& forall|key: Key| #[trigger] old(m)@.contains_key(key) ==>
                    key == k || k.cmp_spec(&key) == core::cmp::Ordering::Less
            };
            &&& result == Some((k, old(m)@[k]))
            &&& final(m)@ == old(m)@.remove(k)
        }","pub assume_specification<
    Key: core::cmp::Ord,
    Value,
    A: alloc::alloc::Allocator + core::clone::Clone,
>[ alloc::collections::BTreeMap::<Key, Value, A>::pop_first ](
    m: &mut alloc::collections::BTreeMap<Key, Value, A>,
) -> (result: core::option::Option<(Key, Value)>)
    requires
        obeys_cmp::<Key>(),
    ensures
        if old(m)@.is_empty() {
            &&& result is None
            &&& final(m)@ == old(m)@
        } else {
            let k = choose|k: Key| {
                &&& old(m)@.contains_key(k)
                &&& forall|key: Key| #[trigger] old(m)@.contains_key(key) ==>
                    key == k || k.cmp_spec(&key) == core::cmp::Ordering::Less
            };
            &&& result == Some((k, old(m)@[k]))
            &&& final(m)@ == old(m)@.remove(k)
        },
;","The nonempty case defines the minimum key once with a deterministic choice expression, then fixes both the returned pair and final map from that key. The empty case fixes the None result and unchanged map. This preserves the source-documented semantics while making all observable outputs syntactically determined.",source_justified,alloc/src/collections/btree/map.rs:872 shows the BTree operation's Rust source is ordered by the `Ord` comparator; the Verus `obeys_cmp` precondition is the vstd law connecting that source comparator to the semantic map/set view.,alloc/src/collections/btree/map.rs:872,"868:     /// }
869:     /// assert!(map.is_empty());
870:     /// ```
871:     #[stable(feature = ""map_first_last"", since = ""1.66.0"")]
872:     pub fn pop_first(&mut self) -> Option<(K, V)>
873:     where
874:         K: Ord,
875:     {
876:         self.first_entry().map(|entry| entry.remove_entry())
877:     }
878: 
879:     /// Returns the last key-value pair in the map.
880:     /// The key in this pair is the maximum key in the map."
alloc::collections::BTreeMap::pop_last,data_structure,,3,add_spec,add_spec,assume_specification,True,ok,unsat,complete,1,1,1,,,,obeys_cmp::<Key>(),"if old(m)@.is_empty() {
            &&& result is None
            &&& final(m)@ == old(m)@
        } else {
            let k = choose|k: Key|
                old(m)@.contains_key(k)
                && forall|other: Key| #![auto]
                    old(m)@.contains_key(other) ==> {
                        other.cmp_spec(&k) is Less || other == k
                    };
            &&& result == Some((k, old(m)@[k]))
            &&& final(m)@ == old(m)@.remove(k)
        }","pub assume_specification<Key: Ord, Value, A: Allocator + Clone>[ BTreeMap::<Key, Value, A>::pop_last ](
    m: &mut BTreeMap<Key, Value, A>,
) -> (result: Option<(Key, Value)>)
    requires
        obeys_cmp::<Key>(),
    ensures
        if old(m)@.is_empty() {
            &&& result is None
            &&& final(m)@ == old(m)@
        } else {
            let k = choose|k: Key|
                old(m)@.contains_key(k)
                && forall|other: Key| #![auto]
                    old(m)@.contains_key(other) ==> {
                        other.cmp_spec(&k) is Less || other == k
                    };
            &&& result == Some((k, old(m)@[k]))
            &&& final(m)@ == old(m)@.remove(k)
        },
;","For a nonempty map, lawful total ordering makes the maximum key unique. Naming that key with a specification-level choice makes both the returned pair and final map syntactically determined while preserving the source-documented maximum-element semantics. The empty case explicitly fixes both observable outputs.",source_justified,alloc/src/collections/btree/map.rs:955 shows the BTree operation's Rust source is ordered by the `Ord` comparator; the Verus `obeys_cmp` precondition is the vstd law connecting that source comparator to the semantic map/set view.,alloc/src/collections/btree/map.rs:955,"951:     /// }
952:     /// assert!(map.is_empty());
953:     /// ```
954:     #[stable(feature = ""map_first_last"", since = ""1.66.0"")]
955:     pub fn pop_last(&mut self) -> Option<(K, V)>
956:     where
957:         K: Ord,
958:     {
959:         self.last_entry().map(|entry| entry.remove_entry())
960:     }
961: 
962:     /// Returns `true` if the map contains a value for the specified key.
963:     ///"
alloc::collections::BTreeSet::append,data_structure,,3,add_spec,add_spec,assume_specification,True,ok,unsat,complete,1,1,1,,,,obeys_cmp::<Key>(),final(m)@ == old(m)@.union(old(other)@); final(other)@ == vstd::set::Set::<Key>::empty(),"pub assume_specification<Key, A: alloc::alloc::Allocator + Clone>[
    alloc::collections::BTreeSet::<Key, A>::append
](
    m: &mut alloc::collections::BTreeSet<Key, A>,
    other: &mut alloc::collections::BTreeSet<Key, A>,
)
where
    Key: Ord,
    A: Clone,
    requires
        obeys_cmp::<Key>(),
    ensures
        final(m)@ == old(m)@.union(old(other)@),
        final(other)@ == vstd::set::Set::<Key>::empty(),
;","The explicit `A: Clone` where-predicate mirrors the method-level bound in addition to the owning impl's bound, making the proxy signature match exactly. The postconditions capture the documented observable behavior: `self` receives the set union and `other` becomes empty.",source_justified,"alloc/src/collections/btree/set.rs:1139 shows this BTree operation is implemented over the ordered map/set structure with an `Ord` bound, and its documented effect is exactly the map/set algebra modeled by the candidate; the Verus `obeys_cmp` law is the bridge from Rust `Ord` execution to the semantic collection view.",alloc/src/collections/btree/set.rs:1139,"1135:     /// assert!(a.contains(&4));
1136:     /// assert!(a.contains(&5));
1137:     /// ```
1138:     #[stable(feature = ""btree_append"", since = ""1.11.0"")]
1139:     pub fn append(&mut self, other: &mut Self)
1140:     where
1141:         T: Ord,
1142:         A: Clone,
1143:     {
1144:         self.map.append(&mut other.map);
1145:     }
1146: 
1147:     /// Splits the collection into two at the value. Returns a new collection"
alloc::collections::BTreeSet::first,data_structure,,2,add_spec,add_spec,assume_specification,True,ok,unsat,complete,1,1,1,,,,obeys_cmp::<Key>(),"match result {
            Some(v) => {
                &&& m@.contains(*v)
                &&& forall|other: Key| #[trigger] m@.contains(other) ==>
                    (*v).cmp_spec(&other) != core::cmp::Ordering::Greater
                &&& *v == choose|candidate: Key| {
                    m@.contains(candidate)
                        && forall|other: Key| #[trigger] m@.contains(other) ==>
                            candidate.cmp_spec(&other) != core::cmp::Ordering::Greater
                }
            },
            None => m@.is_empty(),
        }","pub assume_specification<
    'a,
    Key: Ord,
    A: Allocator + Clone,
>[ BTreeSet::<Key, A>::first ](
    m: &'a BTreeSet<Key, A>,
) -> (result: Option<&'a Key>)
    requires
        obeys_cmp::<Key>(),
    ensures
        match result {
            Some(v) => {
                &&& m@.contains(*v)
                &&& forall|other: Key| #[trigger] m@.contains(other) ==>
                    (*v).cmp_spec(&other) != core::cmp::Ordering::Greater
                &&& *v == choose|candidate: Key| {
                    m@.contains(candidate)
                        && forall|other: Key| #[trigger] m@.contains(other) ==>
                            candidate.cmp_spec(&other) != core::cmp::Ordering::Greater
                }
            },
            None => m@.is_empty(),
        },
;",The result's dereferenced value is a member and minimum of the set. Equating it to a canonical choice of the minimum makes the observable output deterministic while retaining the source-documented minimum semantics.,source_justified,alloc/src/collections/btree/set.rs:792 shows the BTree operation's Rust source is ordered by the `Ord` comparator; the Verus `obeys_cmp` precondition is the vstd law connecting that source comparator to the semantic map/set view.,alloc/src/collections/btree/set.rs:792,"788:     /// ```
789:     #[must_use]
790:     #[stable(feature = ""map_first_last"", since = ""1.66.0"")]
791:     #[rustc_confusables(""front"")]
792:     pub fn first(&self) -> Option<&T>
793:     where
794:         T: Ord,
795:     {
796:         self.map.first_key_value().map(|(k, _)| k)
797:     }
798: 
799:     /// Returns a reference to the last element in the set, if any.
800:     /// This element is always the maximum of all elements in the set."
alloc::collections::BTreeSet::is_disjoint,data_structure,,1,add_spec,add_spec,assume_specification,True,ok,unsat,complete,1,1,1,,,,obeys_cmp::<Key>(),result == m@.disjoint(other@),"pub assume_specification<Key: Ord, A: Allocator + Clone>[ BTreeSet::<Key, A>::is_disjoint ](
    m: &BTreeSet<Key, A>,
    other: &BTreeSet<Key, A>,
) -> (result: bool)
    requires
        obeys_cmp::<Key>(),
    ensures
        result == m@.disjoint(other@),
;","The supplied implementation returns whether the intersection has no first element, exactly matching disjointness of the two semantic set views when Key's Ord implementation obeys the vstd comparison model.",source_justified,"alloc/src/collections/btree/set.rs:658 shows this BTree operation is implemented over the ordered map/set structure with an `Ord` bound, and its documented effect is exactly the map/set algebra modeled by the candidate; the Verus `obeys_cmp` law is the bridge from Rust `Ord` execution to the semantic collection view.",alloc/src/collections/btree/set.rs:658,"654:     /// assert_eq!(a.is_disjoint(&b), false);
655:     /// ```
656:     #[must_use]
657:     #[stable(feature = ""rust1"", since = ""1.0.0"")]
658:     pub fn is_disjoint(&self, other: &BTreeSet<T, A>) -> bool
659:     where
660:         T: Ord,
661:     {
662:         self.intersection(other).next().is_none()
663:     }
664: 
665:     /// Returns `true` if the set is a subset of another,
666:     /// i.e., `other` contains at least all the elements in `self`."
alloc::collections::BTreeSet::is_subset,data_structure,,3,add_spec,add_spec,assume_specification,True,ok,unsat,complete,1,1,1,,,,obeys_cmp::<Key>(),result == m@.subset_of(other@),"pub assume_specification<Key, A: Allocator + Clone>[
    BTreeSet::<Key, A>::is_subset
](m: &BTreeSet<Key, A>, other: &BTreeSet<Key, A>) -> (result: bool)
where
    Key: Ord,
    requires
        obeys_cmp::<Key>(),
    ensures
        result == m@.subset_of(other@),
;","Under vstd's comparison-law assumption, the implementation's Ord-based search computes semantic set inclusion. Moving obeys_cmp::<Key>() into the precondition makes the modeled Boolean output deterministic while restricting only key types for which the set-view interpretation is sound.",source_justified,alloc/src/collections/btree/set.rs:684 shows the BTree operation's Rust source is ordered by the `Ord` comparator; the Verus `obeys_cmp` precondition is the vstd law connecting that source comparator to the semantic map/set view.,alloc/src/collections/btree/set.rs:684,"680:     /// assert_eq!(set.is_subset(&sup), false);
681:     /// ```
682:     #[must_use]
683:     #[stable(feature = ""rust1"", since = ""1.0.0"")]
684:     pub fn is_subset(&self, other: &BTreeSet<T, A>) -> bool
685:     where
686:         T: Ord,
687:     {
688:         // Same result as self.difference(other).next().is_none()
689:         // but the code below is faster (hugely in some cases).
690:         if self.len() > other.len() {
691:             return false; // self has more elements than other
692:         }"
alloc::collections::BTreeSet::is_superset,data_structure,,3,add_spec,add_spec,assume_specification,True,ok,unsat,complete,1,1,1,,,,obeys_cmp::<Key>(),result == other@.subset_of(m@),"pub assume_specification<Key, A: alloc::alloc::Allocator + Clone>[ alloc::collections::BTreeSet::<Key, A>::is_superset ](
    m: &alloc::collections::BTreeSet<Key, A>,
    other: &alloc::collections::BTreeSet<Key, A>,
) -> (result: bool)
where
    Key: Ord,
    requires
        obeys_cmp::<Key>(),
    ensures
        result == other@.subset_of(m@),
;","The implementation delegates directly to other.is_subset(self). Requiring the vstd ordering laws makes the modeled set semantics applicable and allows the observable Boolean result to be determined exactly, avoiding the unconstrained result admitted by the previous implication when obeys_cmp is false.",source_justified,alloc/src/collections/btree/set.rs:765 shows the BTree operation's Rust source is ordered by the `Ord` comparator; the Verus `obeys_cmp` precondition is the vstd law connecting that source comparator to the semantic map/set view.,alloc/src/collections/btree/set.rs:765,"761:     /// assert_eq!(set.is_superset(&sub), true);
762:     /// ```
763:     #[must_use]
764:     #[stable(feature = ""rust1"", since = ""1.0.0"")]
765:     pub fn is_superset(&self, other: &BTreeSet<T, A>) -> bool
766:     where
767:         T: Ord,
768:     {
769:         other.is_subset(self)
770:     }
771: 
772:     /// Returns a reference to the first element in the set, if any.
773:     /// This element is always the minimum of all elements in the set."
alloc::collections::BTreeSet::last,data_structure,,4,add_spec,add_spec,assume_specification,True,ok,unsat,complete,1,1,1,,,,vstd::laws_cmp::obeys_cmp::<T>(),"match result {
            core::option::Option::Some(value) => {
                &&& !m@.is_empty()
                &&& *value == m@.find_unique_maximal(
                    |x: T, y: T| x.cmp_spec(&y) != core::cmp::Ordering::Greater,
                )
                &&& m@.contains(*value)
                &&& forall|x: T| #[trigger] m@.contains(x) ==>
                    x.cmp_spec(value) != core::cmp::Ordering::Greater
            },
            core::option::Option::None => m@.is_empty(),
        }","pub assume_specification<
    'a,
    T: core::cmp::Ord,
    A: alloc::alloc::Allocator + core::clone::Clone,
>[ alloc::collections::BTreeSet::<T, A>::last ](
    m: &'a alloc::collections::BTreeSet<T, A>,
) -> (result: core::option::Option<&'a T>)
    requires
        vstd::laws_cmp::obeys_cmp::<T>(),
    ensures
        match result {
            core::option::Option::Some(value) => {
                &&& !m@.is_empty()
                &&& *value == m@.find_unique_maximal(
                    |x: T, y: T| x.cmp_spec(&y) != core::cmp::Ordering::Greater,
                )
                &&& m@.contains(*value)
                &&& forall|x: T| #[trigger] m@.contains(x) ==>
                    x.cmp_spec(value) != core::cmp::Ordering::Greater
            },
            core::option::Option::None => m@.is_empty(),
        },
;",Rust 1.96 documents BTreeSet::last as returning the set maximum and implements it by projecting the key from last_key_value. The prior deterministic shape identifies the returned semantic value with the unique maximal element instead of reference identity.,source_justified,alloc/src/collections/btree/set.rs:819 shows the BTree operation's Rust source is ordered by the `Ord` comparator; the Verus `obeys_cmp` precondition is the vstd law connecting that source comparator to the semantic map/set view.,alloc/src/collections/btree/set.rs:819,"815:     /// ```
816:     #[must_use]
817:     #[stable(feature = ""map_first_last"", since = ""1.66.0"")]
818:     #[rustc_confusables(""back"")]
819:     pub fn last(&self) -> Option<&T>
820:     where
821:         T: Ord,
822:     {
823:         self.map.last_key_value().map(|(k, _)| k)
824:     }
825: 
826:     /// Removes the first element from the set and returns it, if any.
827:     /// The first element is always the minimum element in the set."
alloc::collections::BTreeSet::pop_first,data_structure,,4,add_spec,add_spec,assume_specification,True,ok,unsat,complete,1,1,1,,,,obeys_cmp::<T>(),"if old(m)@.is_empty() {
            &&& result is None
            &&& final(m)@ == old(m)@
        } else {
            let first = choose|candidate: T| {
                &&& old(m)@.contains(candidate)
                &&& forall|element: T| old(m)@.contains(element)
                    ==> candidate.cmp_spec(&element) != Ordering::Greater
            };
            &&& result == Some(first)
            &&& old(m)@.contains(first)
            &&& forall|element: T| old(m)@.contains(element)
                ==> first.cmp_spec(&element) != Ordering::Greater
            &&& final(m)@ == old(m)@.remove(first)
        }","pub assume_specification<T: Ord, A: Allocator + Clone>[ BTreeSet::<T, A>::pop_first ](
    m: &mut BTreeSet<T, A>,
) -> (result: Option<T>)
    requires
        obeys_cmp::<T>(),
    ensures
        if old(m)@.is_empty() {
            &&& result is None
            &&& final(m)@ == old(m)@
        } else {
            let first = choose|candidate: T| {
                &&& old(m)@.contains(candidate)
                &&& forall|element: T| old(m)@.contains(element)
                    ==> candidate.cmp_spec(&element) != Ordering::Greater
            };
            &&& result == Some(first)
            &&& old(m)@.contains(first)
            &&& forall|element: T| old(m)@.contains(element)
                ==> first.cmp_spec(&element) != Ordering::Greater
            &&& final(m)@ == old(m)@.remove(first)
        },
;",Rust 1.96 documents BTreeSet::pop_first as removing and returning the set minimum and implements it through map.pop_first. The prior deterministic shape chooses that minimum value and exposes exact post-state removal.,source_justified,alloc/src/collections/btree/set.rs:843 shows the BTree operation's Rust source is ordered by the `Ord` comparator; the Verus `obeys_cmp` precondition is the vstd law connecting that source comparator to the semantic map/set view.,alloc/src/collections/btree/set.rs:843,"839:     /// }
840:     /// assert!(set.is_empty());
841:     /// ```
842:     #[stable(feature = ""map_first_last"", since = ""1.66.0"")]
843:     pub fn pop_first(&mut self) -> Option<T>
844:     where
845:         T: Ord,
846:     {
847:         self.map.pop_first().map(|kv| kv.0)
848:     }
849: 
850:     /// Removes the last element from the set and returns it, if any.
851:     /// The last element is always the maximum element in the set."
alloc::collections::BTreeSet::pop_last,data_structure,,3,add_spec,add_spec,assume_specification,True,ok,unsat,complete,1,1,1,,,,obeys_cmp::<Key>(),"forall|v: Key| #![auto]
            result == Some(v) <==> old(m)@.contains(v)
                && forall|k: Key| #![auto]
                    old(m)@.contains(k) && k != v ==> k.cmp_spec(&v) is Less; (result is None) == old(m)@.is_empty(); match result {
            Some(v) => final(m)@ == old(m)@.remove(v),
            None => final(m)@ == old(m)@,
        }","pub assume_specification<Key: Ord, A: Allocator + Clone>[ BTreeSet::<Key, A>::pop_last ](
    m: &mut BTreeSet<Key, A>,
) -> (result: Option<Key>)
    requires
        obeys_cmp::<Key>(),
    ensures
        forall|v: Key| #![auto]
            result == Some(v) <==> old(m)@.contains(v)
                && forall|k: Key| #![auto]
                    old(m)@.contains(k) && k != v ==> k.cmp_spec(&v) is Less,
        (result is None) == old(m)@.is_empty(),
        match result {
            Some(v) => final(m)@ == old(m)@.remove(v),
            None => final(m)@ == old(m)@,
        },
;","The observable result is characterized as the pre-state maximum, None exactly represents an empty set, and the mutable post-state removes precisely the returned element. The structured requires and ensures now exactly mirror the typechecked contract clauses.",source_justified,alloc/src/collections/btree/set.rs:867 shows the BTree operation's Rust source is ordered by the `Ord` comparator; the Verus `obeys_cmp` precondition is the vstd law connecting that source comparator to the semantic map/set view.,alloc/src/collections/btree/set.rs:867,"863:     /// }
864:     /// assert!(set.is_empty());
865:     /// ```
866:     #[stable(feature = ""map_first_last"", since = ""1.66.0"")]
867:     pub fn pop_last(&mut self) -> Option<T>
868:     where
869:         T: Ord,
870:     {
871:         self.map.pop_last().map(|kv| kv.0)
872:     }
873: 
874:     /// Adds a value to the set.
875:     ///"
alloc::collections::BTreeSet::replace,data_structure,,2,add_spec,add_spec,assume_specification,True,ok,unsat,complete,1,1,1,,,,obeys_cmp::<Key>(),final(m)@ == old(m)@.insert(value); result == if old(m)@.contains(value) { Some(value) } else { None },"pub assume_specification<Key: Ord, A: Allocator + Clone>[ BTreeSet::<Key, A>::replace ](
    m: &mut BTreeSet<Key, A>,
    value: Key,
) -> (result: Option<Key>)
    requires
        obeys_cmp::<Key>(),
    ensures
        final(m)@ == old(m)@.insert(value),
        result == if old(m)@.contains(value) { Some(value) } else { None },
;","The implementation delegates to BTreeMap::replace. The post-state contains the supplied value, and the returned Option is determined by whether an equal value was present in the old set. Under obeys_cmp, comparator equality agrees with Verus equality, so an existing representative returned by replace is logically equal to value. Expressing the modeled output as a direct Option equality avoids the structured match-form mismatch.",source_justified,alloc/src/collections/btree/set.rs:924 shows the BTree operation's Rust source is ordered by the `Ord` comparator; the Verus `obeys_cmp` precondition is the vstd law connecting that source comparator to the semantic map/set view.,alloc/src/collections/btree/set.rs:924,"920:     /// assert_eq!(set.get(&[][..]).unwrap().capacity(), 10);
921:     /// ```
922:     #[stable(feature = ""set_recovery"", since = ""1.9.0"")]
923:     #[rustc_confusables(""swap"")]
924:     pub fn replace(&mut self, value: T) -> Option<T>
925:     where
926:         T: Ord,
927:     {
928:         self.map.replace(value)
929:     }
930: 
931:     /// Inserts the given `value` into the set if it is not present, then
932:     /// returns a reference to the value in the set."
alloc::collections::LinkedList::back_mut,data_structure,,5,add_spec,add_spec,assume_specification,True,ok,unsat,complete,1,1,1,,,,,"result is Some == (old(list)@.len() != 0); result is None == (old(list)@.len() == 0); result matches Some(value) ==> {
            &&& *value == old(list)@.last()
            &&& *final(value) == *value
            &&& final(list)@ == old(list)@
        }; result is None ==> final(list)@ == old(list)@","pub assume_specification<T, A: Allocator>[ LinkedList::<T, A>::back_mut ](
    list: &mut LinkedList<T, A>,
) -> (result: Option<&mut T>)
    ensures
        result is Some == (old(list)@.len() != 0),
        result is None == (old(list)@.len() == 0),
        result matches Some(value) ==> {
            &&& *value == old(list)@.last()
            &&& *final(value) == *value
            &&& final(list)@ == old(list)@
        },
        result is None ==> final(list)@ == old(list)@,
;","Rust 1.96 implements LinkedList::back_mut as `self.tail.as_mut().map(|node| &mut node.as_mut().element)`, so it returns Some exactly for nonempty lists and projects the old tail element. The contract models only the observable sequence value of that returned mutable reference and preserves both the returned value and the list view at function return, without pointer or private-node identity claims.",not_applicable,No requires clause is present.,,
alloc::collections::VecDeque::binary_search,data_structure,,3,add_spec,add_spec,assume_specification,True,ok,unsat,complete,1,1,1,,,,"obeys_cmp::<T>(); forall|i: int, j: int| 0 <= i < j < v@.len() ==>
            v@[i].cmp_spec(&v@[j]) != Ordering::Greater; forall|i: int, j: int|
            0 <= i < v@.len() && 0 <= j < v@.len()
            && v@[i].cmp_spec(x) == Ordering::Equal
            && v@[j].cmp_spec(x) == Ordering::Equal ==> i == j","match result {
            Ok(i) => {
                &&& i < v@.len()
                &&& v@[i as int].cmp_spec(x) == Ordering::Equal
                &&& forall|j: int| 0 <= j < (i as int) ==>
                    v@[j].cmp_spec(x) == Ordering::Less
                &&& forall|j: int| (i as int) < j < v@.len() ==>
                    v@[j].cmp_spec(x) == Ordering::Greater
            },
            Err(i) => {
                &&& i <= v@.len()
                &&& forall|j: int| 0 <= j < (i as int) ==>
                    v@[j].cmp_spec(x) == Ordering::Less
                &&& forall|j: int| (i as int) <= j < v@.len() ==>
                    v@[j].cmp_spec(x) == Ordering::Greater
            },
        }","pub assume_specification<T, A: Allocator>[ VecDeque::<T, A>::binary_search ](
    v: &VecDeque<T, A>,
    x: &T,
) -> (result: Result<usize, usize>)
where
    T: Ord,
    requires
        obeys_cmp::<T>(),
        forall|i: int, j: int| 0 <= i < j < v@.len() ==>
            v@[i].cmp_spec(&v@[j]) != Ordering::Greater,
        forall|i: int, j: int|
            0 <= i < v@.len() && 0 <= j < v@.len()
            && v@[i].cmp_spec(x) == Ordering::Equal
            && v@[j].cmp_spec(x) == Ordering::Equal ==> i == j,
    ensures
        match result {
            Ok(i) => {
                &&& i < v@.len()
                &&& v@[i as int].cmp_spec(x) == Ordering::Equal
                &&& forall|j: int| 0 <= j < (i as int) ==>
                    v@[j].cmp_spec(x) == Ordering::Less
                &&& forall|j: int| (i as int) < j < v@.len() ==>
                    v@[j].cmp_spec(x) == Ordering::Greater
            },
            Err(i) => {
                &&& i <= v@.len()
                &&& forall|j: int| 0 <= j < (i as int) ==>
                    v@[j].cmp_spec(x) == Ordering::Less
                &&& forall|j: int| (i as int) <= j < v@.len() ==>
                    v@[j].cmp_spec(x) == Ordering::Greater
            },
        },
;","For a sorted deque with lawful modeled comparison, binary_search returns the unique matching index or the unique insertion index. Requiring at most one element equal to the searched value removes the documented duplicate-match nondeterminism without requiring all deque elements to be distinct. Parenthesizing casts in chained comparisons makes the contract parse and typecheck in Verus.",source_justified,"alloc/src/collections/vec_deque/mod.rs:3201 shows `VecDeque::binary_search` has a `T: Ord` bound, delegates to `self.binary_search_by(|e| e.cmp(x))`, documents the sorted-input domain and insertion-index result, and documents that duplicate matches may return any matching index while unique matches have a uniquely determined position; `obeys_cmp` plus the sortedness and unique-match requires clauses and the Ok/Err partition postcondition are the vstd bridge that makes this source behavior deterministic.",alloc/src/collections/vec_deque/mod.rs:3201,"3156:     /// one of the matches could be returned. If the value is not found then
3157:     /// [`Result::Err`] is returned, containing the index where a matching
3158:     /// element could be inserted while maintaining sorted order.
3169:     /// uniquely determined position; the second and third are not
3193:     /// // If `num` is unique, `s.partition_point(|&x| x < num)` (with `<`) is equivalent to
3201:     pub fn binary_search(&self, x: &T) -> Result<usize, usize>
3203:         T: Ord,
3205:         self.binary_search_by(|e| e.cmp(x))
3213:     /// If the `VecDeque` is not sorted or if the comparator function does not
3218:     /// index of the matching element. If there are multiple matches, then any
3219:     /// one of the matches could be returned. If the value is not found then
3220:     /// [`Result::Err`] is returned, containing the index where a matching
3221:     /// element could be inserted while maintaining sorted order.
3232:     /// uniquely determined position; the second and third are not"
alloc::ffi::CString::from_vec_with_nul_unchecked,other,,3,add_spec,add_spec,assume_specification,True,ok,unsat,complete,1,1,1,,,,c_string_bytes_with_nul_valid(bytes@),result@ == bytes@.drop_last(),"pub assume_specification[ alloc::ffi::CString::from_vec_with_nul_unchecked ](
    bytes: alloc::vec::Vec<u8>,
) -> (result: alloc::ffi::CString)
    requires
        c_string_bytes_with_nul_valid(bytes@),
    ensures
        result@ == bytes@.drop_last(),
;","Although the function is unsafe, its documented safety invariant is expressible exactly by the existing CString validity predicate. Under that invariant, the source stores the supplied bytes unchanged, while the existing modeled CString view exposes the payload without its required trailing nul; therefore result@ equals bytes@.drop_last().",source_justified,"alloc/src/ffi/c_str.rs:635 states the safety precondition that the input Vec has exactly one nul byte and it is the last element, then delegates to `_from_vec_with_nul_unchecked` which stores the vector as the CString backing slice; `c_string_bytes_with_nul_valid(bytes@)` and `result@ == bytes@.drop_last()` are exactly that safe deterministic CString view.",alloc/src/ffi/c_str.rs:635,"621:     /// The given [`Vec`] **must** have one nul byte as its last element.
622:     /// This means it cannot be empty nor have any other nul byte anywhere else.
635:     pub unsafe fn from_vec_with_nul_unchecked(v: Vec<u8>) -> Self {
637:         unsafe { Self::_from_vec_with_nul_unchecked(v) }
641:         Self { inner: v.into_boxed_slice() }"
alloc::string::String::as_bytes,data_structure,,2,add_spec,add_spec,assume_specification,True,ok,unsat,complete,1,1,1,,,,,res@ == encode_utf8(s@),"pub assume_specification<'a>[ String::as_bytes ](s: &'a String) -> (res: &'a [u8])
    ensures
        res@ == encode_utf8(s@),
;",The implementation returns the String's underlying UTF-8 byte slice. The public vstd::utf8::encode_utf8 function relates the semantic string view to the observable returned byte sequence.,not_applicable,No requires clause is present.,,
alloc::string::String::clear,data_structure,,2,add_spec,add_spec,assume_specification,True,ok,unsat,complete,1,1,1,,,,,final(s)@ == Seq::<char>::empty(); final(s).spec_capacity() == old(s).spec_capacity(),"pub assume_specification[ String::clear ](s: &mut String)
    ensures
        final(s)@ == Seq::<char>::empty(),
        final(s).spec_capacity() == old(s).spec_capacity(),
;","String::clear removes all contents while preserving capacity, as guaranteed by the documentation and implemented through Vec::clear. Importing CapacitySpec makes the capacity observation typecheck.",not_applicable,No requires clause is present.,,
alloc::string::String::from_utf8_unchecked,data_structure,,3,add_spec,add_spec,assume_specification,True,ok,unsat,complete,1,1,1,,,,exists|chars: vstd::prelude::Seq<char>| vstd::utf8::encode_utf8(chars) == bytes@,"forall|chars: vstd::prelude::Seq<char>|
            vstd::utf8::encode_utf8(chars) == bytes@ ==> res@ == chars","pub assume_specification[ alloc::string::String::from_utf8_unchecked ](
    bytes: alloc::vec::Vec<u8>,
) -> (res: alloc::string::String)
    requires
        exists|chars: vstd::prelude::Seq<char>| vstd::utf8::encode_utf8(chars) == bytes@,
    ensures
        forall|chars: vstd::prelude::Seq<char>|
            vstd::utf8::encode_utf8(chars) == bytes@ ==> res@ == chars,
;",The precondition states the unsafe API's exact validity requirement using the public UTF-8 encoder. The postcondition characterizes the observable String view as the unique character sequence encoding to the consumed bytes. Quantifying over every such sequence avoids an unspecified existential witness and directly makes equal-input results equal.,source_justified,alloc/src/string.rs:1018 states the safety precondition that the input bytes are valid UTF-8 and constructs `String { vec: bytes }`; the UTF-8 encoding existence requirement and `res@` character-view postcondition are exactly that deterministic observable String value.,alloc/src/string.rs:1018,"989:     /// Converts a vector of bytes to a `String` without checking that the
990:     /// string contains valid UTF-8.
998:     /// This function is unsafe because it does not check that the bytes passed
999:     /// to it are valid UTF-8. If this constraint is violated, it may cause
1001:     /// the standard library assumes that `String`s are valid UTF-8.
1018:     pub unsafe fn from_utf8_unchecked(bytes: Vec<u8>) -> String {
1019:         String { vec: bytes }
1058:         // SAFETY: String contents are stipulated to be valid UTF-8, invalid contents are an error"
alloc::string::String::insert,data_structure,,3,add_spec,add_spec,assume_specification,True,ok,unsat,complete,1,1,1,,,,"exists |i: int| 0 <= i <= old(s)@.len()
            && encode_utf8(old(s)@.subrange(0, i)).len() == idx as nat","final(s)@ == old(s)@.insert(
            choose |i: int| 0 <= i <= old(s)@.len()
                && encode_utf8(old(s)@.subrange(0, i)).len() == idx as nat,
            ch,
        )","pub assume_specification[alloc::string::String::insert](
    s: &mut alloc::string::String,
    idx: usize,
    ch: char,
)
    requires
        exists |i: int| 0 <= i <= old(s)@.len()
            && encode_utf8(old(s)@.subrange(0, i)).len() == idx as nat,
    ensures
        final(s)@ == old(s)@.insert(
            choose |i: int| 0 <= i <= old(s)@.len()
                && encode_utf8(old(s)@.subrange(0, i)).len() == idx as nat,
            ch,
        ),
;","The precondition exactly describes an in-bounds UTF-8 character boundary. Because every character has a nonempty UTF-8 encoding, prefix byte lengths strictly increase, so the selected character index is unique. Using that selected index directly fixes the observable final character sequence and avoids the previous existential postcondition's inconclusive determinism check.",source_justified,alloc/src/string.rs:1731 shows the String source checks or indexes on UTF-8 character boundaries before returning normally; the requires clause encodes that documented non-panicking byte-index domain in vstd UTF-8 terms.,alloc/src/string.rs:1731,"1727:     #[inline]
1728:     #[track_caller]
1729:     #[stable(feature = ""rust1"", since = ""1.0.0"")]
1730:     #[rustc_confusables(""set"")]
1731:     pub fn insert(&mut self, idx: usize, ch: char) {
1732:         assert!(self.is_char_boundary(idx));
1733: 
1734:         let len = self.len();
1735:         let ch_len = ch.len_utf8();
1736:         self.reserve(ch_len);
1737: 
1738:         // SAFETY: Move the bytes starting from `idx` to their new location `ch_len`
1739:         // bytes ahead. This is safe because sufficient capacity was reserved, and `idx`"
alloc::string::String::insert_str,data_structure,,3,add_spec,add_spec,assume_specification,True,ok,unsat,complete,1,1,1,,,,"idx as nat <= vstd::utf8::encode_utf8(old(s)@).len(); vstd::utf8::valid_utf8(
            vstd::utf8::encode_utf8(old(s)@).take(idx as int)
        )","final(s)@ == vstd::utf8::decode_utf8(
            vstd::utf8::encode_utf8(old(s)@).take(idx as int)
                + vstd::utf8::encode_utf8(string@)
                + vstd::utf8::encode_utf8(old(s)@).skip(idx as int)
        )","pub assume_specification[alloc::string::String::insert_str](
    s: &mut alloc::string::String,
    idx: usize,
    string: &str,
)
    requires
        idx as nat <= vstd::utf8::encode_utf8(old(s)@).len(),
        vstd::utf8::valid_utf8(
            vstd::utf8::encode_utf8(old(s)@).take(idx as int)
        ),
    ensures
        final(s)@ == vstd::utf8::decode_utf8(
            vstd::utf8::encode_utf8(old(s)@).take(idx as int)
                + vstd::utf8::encode_utf8(string@)
                + vstd::utf8::encode_utf8(old(s)@).skip(idx as int)
        ),
;",The preconditions exactly require an in-bounds UTF-8 character boundary. The postcondition models byte-level insertion followed by UTF-8 decoding and directly fixes the observable final String value without an existential witness.,source_justified,alloc/src/string.rs:1788 shows the String source checks or indexes on UTF-8 character boundaries before returning normally; the requires clause encodes that documented non-panicking byte-index domain in vstd UTF-8 terms.,alloc/src/string.rs:1788,"1784:     #[inline]
1785:     #[track_caller]
1786:     #[stable(feature = ""insert_str"", since = ""1.16.0"")]
1787:     #[rustc_diagnostic_item = ""string_insert_str""]
1788:     pub fn insert_str(&mut self, idx: usize, string: &str) {
1789:         assert!(self.is_char_boundary(idx));
1790: 
1791:         let len = self.len();
1792:         let amt = string.len();
1793:         self.reserve(amt);
1794: 
1795:         // SAFETY: Move the bytes starting from `idx` to their new location `amt` bytes
1796:         // ahead. This is safe because sufficient capacity was just reserved, and `idx`"
alloc::string::String::into_bytes,data_structure,,2,add_spec,add_spec,assume_specification,True,ok,unsat,complete,1,1,1,,,,,res@ == vstd::utf8::encode_utf8(s@),"pub assume_specification[ alloc::string::String::into_bytes ](
    s: alloc::string::String,
) -> (res: alloc::vec::Vec<u8>)
    ensures
        res@ == vstd::utf8::encode_utf8(s@),
;",The implementation consumes the String and returns its backing byte vector unchanged. The public vstd UTF-8 encoder therefore relates the observable input character sequence to the returned byte sequence.,not_applicable,No requires clause is present.,,
alloc::string::String::is_empty,data_structure,,1,add_spec,add_spec,assume_specification,True,ok,unsat,complete,1,1,1,,,,,result == (s@.len() == 0),"pub assume_specification[ alloc::string::String::is_empty ](
    s: &alloc::string::String,
) -> (result: bool)
    ensures
        result == (s@.len() == 0),
;",The implementation returns whether the byte length is zero. A valid UTF-8 String has zero bytes exactly when its semantic character sequence is empty.,not_applicable,No requires clause is present.,,
alloc::string::String::len,data_structure,,2,add_spec,add_spec,assume_specification,True,ok,unsat,complete,1,1,1,,,,,result as nat == encode_utf8(s@).len(),"pub assume_specification[ alloc::string::String::len ](
    s: &alloc::string::String,
) -> (result: usize)
    ensures
        result as nat == encode_utf8(s@).len(),
;",String::len returns the length of its underlying UTF-8 byte vector. The public vstd::utf8::encode_utf8 function deterministically relates the semantic character view s@ to those bytes.,not_applicable,No requires clause is present.,,
alloc::string::String::pop,data_structure,,1,add_spec,add_spec,assume_specification,True,ok,unsat,complete,1,1,1,,,,,"old(s)@.len() == 0 ==> result == None && final(s)@ == old(s)@; old(s)@.len() > 0 ==> result == Some(old(s)@[old(s)@.len() - 1])
            && final(s)@ == old(s)@.drop_last()","pub assume_specification[ alloc::string::String::pop ](
    s: &mut alloc::string::String,
) -> (result: core::option::Option<char>)
    ensures
        old(s)@.len() == 0 ==> result == None && final(s)@ == old(s)@,
        old(s)@.len() > 0 ==> result == Some(old(s)@[old(s)@.len() - 1])
            && final(s)@ == old(s)@.drop_last(),
;","The implementation returns None without mutation for an empty string; otherwise it selects the final decoded char and shortens the buffer by that char's UTF-8 length, corresponding to removing the last element of String's character view.",not_applicable,No requires clause is present.,,
alloc::string::String::push,data_structure,,1,add_spec,add_spec,assume_specification,True,ok,unsat,complete,1,1,1,,,,,final(s)@ == old(s)@.push(ch),"pub assume_specification[ alloc::string::String::push ](
    s: &mut alloc::string::String,
    ch: char,
)
    ensures
        final(s)@ == old(s)@.push(ch),
;","The implementation UTF-8-encodes ch and appends it without changing the existing prefix, which corresponds to appending ch to String's public Seq<char> view.",not_applicable,No requires clause is present.,,
alloc::string::String::push_str,data_structure,,1,add_spec,add_spec,assume_specification,True,ok,unsat,complete,1,1,1,,,,,final(s)@ == old(s)@ + string@,"pub assume_specification[ alloc::string::String::push_str ](
    s: &mut alloc::string::String,
    string: &str,
)
    ensures
        final(s)@ == old(s)@ + string@,
;","The implementation appends string.as_bytes() to the String's backing bytes; because both inputs are valid UTF-8, the resulting character view is exactly the old String view followed by the appended str view.",not_applicable,No requires clause is present.,,
alloc::string::String::remove,data_structure,,2,add_spec,add_spec,assume_specification,True,ok,unsat,complete,1,1,1,,,,"exists |i: int| #![trigger encode_utf8(old(s)@.subrange(0, i))]
            0 <= i < old(s)@.len()
            && idx as nat == encode_utf8(old(s)@.subrange(0, i)).len()","forall |i: int| #![trigger encode_utf8(old(s)@.subrange(0, i))]
            0 <= i < old(s)@.len()
            && idx as nat == encode_utf8(old(s)@.subrange(0, i)).len()
            ==> result == old(s)@[i]
                && final(s)@ == old(s)@.subrange(0, i)
                    + old(s)@.subrange(i + 1, old(s)@.len() as int)","pub assume_specification[ String::remove ](
    s: &mut String,
    idx: usize,
) -> (result: char)
    requires
        exists |i: int| #![trigger encode_utf8(old(s)@.subrange(0, i))]
            0 <= i < old(s)@.len()
            && idx as nat == encode_utf8(old(s)@.subrange(0, i)).len(),
    ensures
        forall |i: int| #![trigger encode_utf8(old(s)@.subrange(0, i))]
            0 <= i < old(s)@.len()
            && idx as nat == encode_utf8(old(s)@.subrange(0, i)).len()
            ==> result == old(s)@[i]
                && final(s)@ == old(s)@.subrange(0, i)
                    + old(s)@.subrange(i + 1, old(s)@.len() as int),
;","The precondition requires a valid nonterminal UTF-8 boundary. The universal postcondition relates the result and final string to the precondition's matching character index, preventing separate existential post-state witnesses from obscuring determinism.",source_justified,alloc/src/string.rs:1535 shows the String source checks or indexes on UTF-8 character boundaries before returning normally; the requires clause encodes that documented non-panicking byte-index domain in vstd UTF-8 terms.,alloc/src/string.rs:1535,"1531:     #[inline]
1532:     #[stable(feature = ""rust1"", since = ""1.0.0"")]
1533:     #[track_caller]
1534:     #[rustc_confusables(""delete"", ""take"")]
1535:     pub fn remove(&mut self, idx: usize) -> char {
1536:         let ch = match self[idx..].chars().next() {
1537:             Some(ch) => ch,
1538:             None => panic!(""cannot remove a char from the end of a string""),
1539:         };
1540: 
1541:         let next = idx + ch.len_utf8();
1542:         let len = self.len();
1543:         unsafe {"
alloc::string::String::replace_range,data_structure,,4,add_spec,add_spec,assume_specification,True,ok,unsat,complete,1,1,1,,,,"string_replace_range_valid(&range, encode_utf8(old(s)@))","final(s)@ == string_replace_range_result(&range, encode_utf8(old(s)@), replace_with@)","pub open spec fn string_replace_range_snapshot<R: RangeBoundsSpec<usize>>(
    range: &R,
    len: nat,
) -> (int, int) {
    let start = match range.spec_start_bound() {
        SpecBound::Included(i) => *i as int,
        SpecBound::Excluded(i) => (*i as int) + 1,
        SpecBound::Unbounded => 0,
    };
    let end = match range.spec_end_bound() {
        SpecBound::Included(i) => (*i as int) + 1,
        SpecBound::Excluded(i) => *i as int,
        SpecBound::Unbounded => len as int,
    };
    (start, end)
}

pub open spec fn string_replace_range_valid<R: RangeBoundsSpec<usize>>(
    range: &R,
    old_bytes: Seq<u8>,
) -> bool {
    let snapshot = string_replace_range_snapshot(range, old_bytes.len());
    snapshot.0 <= snapshot.1
        && snapshot.1 <= old_bytes.len()
        && is_char_boundary(old_bytes, snapshot.0)
        && is_char_boundary(old_bytes, snapshot.1)
}

pub open spec fn string_replace_range_result<R: RangeBoundsSpec<usize>>(
    range: &R,
    old_bytes: Seq<u8>,
    replace_with: Seq<char>,
) -> Seq<char> {
    let snapshot = string_replace_range_snapshot(range, old_bytes.len());
    decode_utf8(
        old_bytes.subrange(0, snapshot.0)
            + encode_utf8(replace_with)
            + old_bytes.subrange(snapshot.1, old_bytes.len() as int),
    )
}

pub assume_specification<R>[ alloc::string::String::replace_range ](
    s: &mut alloc::string::String,
    range: R,
    replace_with: &str,
)
where
    R: core::ops::RangeBounds<usize>,
    requires
        string_replace_range_valid(&range, encode_utf8(old(s)@)),
    ensures
        final(s)@ == string_replace_range_result(&range, encode_utf8(old(s)@), replace_with@),
;","Rust 1.96 normalizes the generic RangeBounds value exactly once with `slice::range(range, ..self.len())`, checks both resulting byte endpoints with `is_char_boundary`, and splices `replace_with.bytes()` into that checked byte range. The helper snapshots those normalized byte endpoints once and the postcondition decodes the resulting UTF-8 bytes into the observable String view.",source_justified,"alloc/src/string.rs:2080 normalizes `range` exactly once with `slice::range(range, ..self.len())`, documents the panic domain for invalid range order and non-character-boundary endpoints, then checks both byte endpoints before splicing replacement bytes; `string_replace_range_valid` is exactly that source-backed normal-return domain.",alloc/src/string.rs:2080,"2064:     /// Panics if the range has `start_bound > end_bound`, or, if the range is
2065:     /// bounded on either end and does not lie on a [`char`] boundary.
2080:     pub fn replace_range<R>(&mut self, range: R, replace_with: &str)
2082:         R: RangeBounds<usize>,
2084:         // We avoid #81138 (nondeterministic RangeBounds impls) because we only use `range` once, here.
2085:         let checked_range = slice::range(range, ..self.len());
2088:             self.is_char_boundary(checked_range.start),
2092:             self.is_char_boundary(checked_range.end),
2096:         unsafe { self.as_mut_vec() }.splice(checked_range, replace_with.bytes());"
alloc::string::String::split_off,data_structure,,3,add_spec,add_spec,assume_specification,True,ok,unsat,complete,1,1,1,,,,"exists |i: int| 0 <= i <= old(s)@.len()
            && vstd::utf8::encode_utf8(old(s)@.take(i)).len() == at as nat","forall |i: int| #![auto]
            0 <= i <= old(s)@.len()
                && vstd::utf8::encode_utf8(old(s)@.take(i)).len() == at as nat
            ==> final(s)@ == old(s)@.take(i)
                && result@ == old(s)@.skip(i); final(s).spec_capacity() == old(s).spec_capacity()","pub assume_specification[alloc::string::String::split_off](
    s: &mut alloc::string::String,
    at: usize,
) -> (result: alloc::string::String)
    requires
        exists |i: int| 0 <= i <= old(s)@.len()
            && vstd::utf8::encode_utf8(old(s)@.take(i)).len() == at as nat,
    ensures
        forall |i: int| #![auto]
            0 <= i <= old(s)@.len()
                && vstd::utf8::encode_utf8(old(s)@.take(i)).len() == at as nat
            ==> final(s)@ == old(s)@.take(i)
                && result@ == old(s)@.skip(i),
        final(s).spec_capacity() == old(s).spec_capacity(),
;","The precondition exactly characterizes the non-panicking UTF-8 boundary domain. For every character-prefix index corresponding to the requested byte index, the postcondition directly identifies both observable outputs as the source prefix and suffix. Together with the existential precondition, this makes the outputs immediately determined without requiring the solver to derive uniqueness from UTF-8 length properties. The documented preservation of self capacity is also exposed.",source_justified,alloc/src/string.rs:1917 shows the String source checks or indexes on UTF-8 character boundaries before returning normally; the requires clause encodes that documented non-panicking byte-index domain in vstd UTF-8 terms.,alloc/src/string.rs:1917,"1913:     #[inline]
1914:     #[track_caller]
1915:     #[stable(feature = ""string_split_off"", since = ""1.16.0"")]
1916:     #[must_use = ""use `.truncate()` if you don't need the other half""]
1917:     pub fn split_off(&mut self, at: usize) -> String {
1918:         assert!(self.is_char_boundary(at));
1919:         let other = self.vec.split_off(at);
1920:         unsafe { String::from_utf8_unchecked(other) }
1921:     }
1922: 
1923:     /// Truncates this `String`, removing all contents.
1924:     ///
1925:     /// While this means the `String` will have a length of zero, it does not"
alloc::string::String::truncate,data_structure,,2,add_spec,add_spec,assume_specification,True,ok,unsat,complete,1,1,1,,,,"new_len as nat >= encode_utf8(old(s)@).len()
            || exists |i: int| 0 <= i <= old(s)@.len()
                && encode_utf8(old(s)@.take(i)).len() == new_len as nat","final(s)@ == if (new_len as nat) < encode_utf8(old(s)@).len() {
            old(s)@.take(choose |i: int| 0 <= i <= old(s)@.len()
                && encode_utf8(old(s)@.take(i)).len() == new_len as nat)
        } else {
            old(s)@
        }","pub assume_specification[ String::truncate ](
    s: &mut String,
    new_len: usize,
)
    requires
        new_len as nat >= encode_utf8(old(s)@).len()
            || exists |i: int| 0 <= i <= old(s)@.len()
                && encode_utf8(old(s)@.take(i)).len() == new_len as nat,
    ensures
        final(s)@ == if (new_len as nat) < encode_utf8(old(s)@).len() {
            old(s)@.take(choose |i: int| 0 <= i <= old(s)@.len()
                && encode_utf8(old(s)@.take(i)).len() == new_len as nat)
        } else {
            old(s)@
        },
;","The precondition exactly captures normal-return calls: out-of-range lengths are no-ops, while shorter lengths must equal the UTF-8 byte length of a character prefix. The postcondition directly determines the observable final character sequence, avoiding reliance on injectivity of encode_utf8 during determinism checking.",source_justified,alloc/src/string.rs:1478 shows the String source checks or indexes on UTF-8 character boundaries before returning normally; the requires clause encodes that documented non-panicking byte-index domain in vstd UTF-8 terms.,alloc/src/string.rs:1478,"1474:     /// ```
1475:     #[inline]
1476:     #[stable(feature = ""rust1"", since = ""1.0.0"")]
1477:     #[track_caller]
1478:     pub fn truncate(&mut self, new_len: usize) {
1479:         if new_len <= self.len() {
1480:             assert!(self.is_char_boundary(new_len));
1481:             self.vec.truncate(new_len)
1482:         }
1483:     }
1484: 
1485:     /// Removes the last character from the string buffer and returns it.
1486:     ///"
alloc::vec::Vec::dedup,data_structure,,3,add_spec,add_spec,assume_specification,True,ok,unsat,complete,1,1,1,,,,vstd::laws_eq::obeys_eq::<T>(),"final(vec)@ == Seq::new(old(vec)@.len(), |i: int| i)
            .filter(|i: int| i == 0 || !old(vec)@[i].eq_spec(&old(vec)@[i - 1]))
            .map(|_j: int, i: int| old(vec)@[i])","pub assume_specification<T: core::cmp::PartialEq, A: alloc::alloc::Allocator>[ alloc::vec::Vec::<T, A>::dedup ](
    vec: &mut alloc::vec::Vec<T, A>,
)
    requires
        vstd::laws_eq::obeys_eq::<T>(),
    ensures
        final(vec)@ == Seq::new(old(vec)@.len(), |i: int| i)
            .filter(|i: int| i == 0 || !old(vec)@[i].eq_spec(&old(vec)@[i - 1]))
            .map(|_j: int, i: int| old(vec)@[i]),
;","The postcondition retains the first element and every element unequal to its immediate predecessor. Under obeys_eq, equality is an equivalence relation, so this matches dedup's comparison against the last retained element. The map closure accepts both arguments required by Seq::map: the mapped sequence index and its retained original index.",source_justified,"alloc/src/vec/mod.rs:3704 shows `Vec::dedup` delegates to `dedup_by(|a, b| a == b)`; the vstd equality law connects that source `PartialEq` comparison to the sequence-view postcondition.",alloc/src/vec/mod.rs:3704,"3700:     /// assert_eq!(vec, [1, 2, 3, 2]);
3701:     /// ```
3702:     #[stable(feature = ""rust1"", since = ""1.0.0"")]
3703:     #[inline]
3704:     pub fn dedup(&mut self) {
3705:         self.dedup_by(|a, b| a == b)
3706:     }
3707: }
3708: 
3709: ////////////////////////////////////////////////////////////////////////////////
3710: // Internal methods and functions
3711: ////////////////////////////////////////////////////////////////////////////////
3712: "
alloc::vec::Vec::into_boxed_slice,data_structure,,1,add_spec,add_spec,assume_specification,True,ok,unsat,complete,1,1,1,,,,,slice@ == vec@,"pub assume_specification<T, A: core::alloc::Allocator>[
    alloc::vec::Vec::<T, A>::into_boxed_slice
](vec: alloc::vec::Vec<T, A>) -> (slice: alloc::boxed::Box<[T], A>)
    ensures
        slice@ == vec@,
;",The implementation preserves the vector's initialized elements and length while converting ownership to a boxed slice; its documented capacity reduction is not part of the semantic sequence view.,not_applicable,No requires clause is present.,,
alloc::vec::Vec::into_flattened,data_structure,,2,add_spec,add_spec,assume_specification,True,ok,unsat,complete,1,1,1,,,,vec@.len() * (N as nat) <= usize::MAX as nat,"result@ == Seq::new(vec@.len() * (N as nat), |k: int|
            (vec@[k / (N as int)])@[k % (N as int)])","pub assume_specification<T, A: core::alloc::Allocator, const N: usize>[
    alloc::vec::Vec::<[T; N], A>::into_flattened
](vec: alloc::vec::Vec<[T; N], A>) -> (result: alloc::vec::Vec<T, A>)
    requires
        vec@.len() * (N as nat) <= usize::MAX as nat,
    ensures
        result@ == Seq::new(vec@.len() * (N as nat), |k: int|
            (vec@[k / (N as int)])@[k % (N as int)]),
;","Direct sequence equality uniquely determines the observable result while preserving array and element order. The sequence length is zero when N is zero, so the element function is never observed. The precondition excludes the documented length-overflow panic.",source_justified,alloc/src/vec/mod.rs:3633 shows the source computes the flattened length with checked multiplication and panics on length overflow; the requires clause restricts the contract to the normal-return domain.,alloc/src/vec/mod.rs:3633,"3629:     /// let mut flattened = vec.into_flattened();
3630:     /// assert_eq!(flattened.pop(), Some(6));
3631:     /// ```
3632:     #[stable(feature = ""slice_flatten"", since = ""1.80.0"")]
3633:     pub fn into_flattened(self) -> Vec<T, A> {
3634:         let (ptr, len, cap, alloc) = self.into_raw_parts_with_alloc();
3635:         let (new_len, new_cap) = if T::IS_ZST {
3636:             (len.checked_mul(N).expect(""vec len overflow""), usize::MAX)
3637:         } else {
3638:             // SAFETY:
3639:             // - `cap * N` cannot overflow because the allocation is already in
3640:             // the address space.
3641:             // - Each `[T; N]` has `N` valid elements, so there are `len * N`"
core::array::as_mut_slice,data_structure,,5,add_spec,add_spec,assume_specification,True,ok,unsat,complete,1,1,1,,,,,out@ == old(ar)@; final(out)@ == out@; final(out)@ == final(ar)@,"pub assume_specification<T, const N: usize>[ <[T; N]>::as_mut_slice ](
    ar: &mut [T; N],
) -> (out: &mut [T])
    ensures
        out@ == old(ar)@,
        final(out)@ == out@,
        final(out)@ == final(ar)@,
;","Rust 1.96 documents [T; N]::as_mut_slice as returning a mutable slice over the entire array, equivalent to `&mut s[..]`, and the body returns `self`. The contract keeps exactly that whole-array view relation and final mutation correspondence.",not_applicable,No requires clause is present.,,
core::array::each_mut,data_structure,,1,add_spec,add_spec,assume_specification,True,ok,unsat,complete,1,1,1,,,,,forall|i: int| #![auto] 0 <= i < N ==> *out[i] == old(ar)@[i]; forall|i: int| #![auto] 0 <= i < N ==> *final(out[i]) == *out[i]; forall|i: int| #![auto] 0 <= i < N ==> *final(out[i]) == final(ar)@[i],"pub assume_specification<T, const N: usize>[ <[T; N]>::each_mut ](
    ar: &mut [T; N],
) -> (out: [&mut T; N])
    ensures
        forall|i: int| #![auto] 0 <= i < N ==> *out[i] == old(ar)@[i],
        forall|i: int| #![auto] 0 <= i < N ==> *final(out[i]) == *out[i],
        forall|i: int| #![auto] 0 <= i < N ==> *final(out[i]) == final(ar)@[i],
;","Rust 1.96 constructs one mutable reference for each array element (`buf[i] = &raw mut self[i]`) and transmutes the initialized pointer array to `[&mut T; N]`. The contract records only observable per-index values: each returned reference initially dereferences to the corresponding pre-call array element, no mutation occurs during the call, and each final returned-reference value equals the corresponding `final(ar)@` element. It intentionally makes no pointer identity or provenance claim.",not_applicable,No requires clause is present.,,
core::array::each_ref,data_structure,,2,add_spec,add_spec,assume_specification,True,ok,unsat,complete,1,1,1,,,,,forall|i: int| 0 <= i < N ==> *(out@[i]) == ar@[i],"pub assume_specification<T, const N: usize>[ <[T; N]>::each_ref ](
    ar: &[T; N],
) -> (out: [&T; N])
    ensures
        forall|i: int| 0 <= i < N ==> *(out@[i]) == ar@[i],
;",The pointwise postcondition states that every returned reference dereferences to the corresponding input element. It avoids the invalid comparison between Seq<&T> and Seq<T> while preserving the observable element ordering and values.,not_applicable,No requires clause is present.,,
core::array::from_mut,data_structure,,5,add_spec,add_spec,assume_specification,True,ok,unsat,complete,1,1,1,,,,,out@[0] == *old(s); final(out)@ == out@; *final(s) == final(out)@[0],"pub assume_specification<T>[ core::array::from_mut::<T> ](
    s: &mut T,
) -> (out: &mut [T; 1])
    ensures
        out@[0] == *old(s),
        final(out)@ == out@,
        *final(s) == final(out)@[0],
;","Rust 1.96 documents array::from_mut as converting `&mut T` to `&mut [T; 1]` without copying, and its body performs exactly the `(s as *mut T).cast::<[T; 1]>()` reinterpretation. The contract models only the observable singleton array view and the final mutation correspondence to the input reference.",not_applicable,No requires clause is present.,,
core::array::from_ref,data_structure,,1,add_spec,add_spec,assume_specification,True,ok,unsat,complete,1,1,1,,,,,out@ == seq![*s],"pub assume_specification<T>[core::array::from_ref](s: &T) -> (out: &[T; 1])
    ensures
        out@ == seq![*s],
;","The implementation reinterprets the shared reference as a reference to a length-one array without copying, so the result's semantic sequence contains exactly the referenced value.",not_applicable,No requires clause is present.,,
core::cmp::max,data_structure,,3,add_spec,add_spec,assume_specification,True,ok,unsat,complete,1,1,1,,,,T::obeys_cmp_spec(),"match v1.cmp_spec(&v2) {
            core::cmp::Ordering::Greater => r == v1,
            core::cmp::Ordering::Less | core::cmp::Ordering::Equal => r == v2,
        }","pub assume_specification<T: core::cmp::Ord>[core::cmp::max::<T>](
    v1: T,
    v2: T,
) -> (r: T)
    requires
        T::obeys_cmp_spec(),
    ensures
        match v1.cmp_spec(&v2) {
            core::cmp::Ordering::Greater => r == v1,
            core::cmp::Ordering::Less | core::cmp::Ordering::Equal => r == v2,
        }
;","The contract follows the source-level v1.max(v2) comparison direction: v1 is returned only when it is greater than v2; otherwise v2 is returned, including when the values compare equal.",source_justified,"core/src/cmp.rs:1681 shows `T: Ord`, documents that equal comparisons return the second argument, and delegates the executable body to `v1.max(v2)`; `T::obeys_cmp_spec()` is the vstd law connecting that Rust ordering behavior to the modeled comparison relation.",core/src/cmp.rs:1681,"1644: /// Compares and returns the maximum of two values.
1646: /// Returns the second argument if the comparison determines them to be equal.
1648: /// Internally uses an alias to [`Ord::max`].
1681: pub const fn max<T: [const] Ord + [const] Destruct>(v1: T, v2: T) -> T {
1682:     v1.max(v2)
1687: /// Returns the second argument if the comparison determines them to be equal.
1722: /// Returns the second argument if the comparison determines them to be equal."
core::cmp::min,data_structure,,3,add_spec,add_spec,assume_specification,True,ok,unsat,complete,1,1,1,,,,T::obeys_cmp_spec(),"match v1.cmp_spec(&v2) {
            core::cmp::Ordering::Less => r == v1,
            core::cmp::Ordering::Equal => r == v1,
            core::cmp::Ordering::Greater => r == v2,
        }","pub assume_specification<T: core::cmp::Ord>[core::cmp::min](v1: T, v2: T) -> (r: T)
    requires
        T::obeys_cmp_spec(),
    ensures
        match v1.cmp_spec(&v2) {
            core::cmp::Ordering::Less => r == v1,
            core::cmp::Ordering::Equal => r == v1,
            core::cmp::Ordering::Greater => r == v2,
        }
;","The implementation calls v1.min(v2). The contract directly models that receiver-oriented comparison: it returns v1 when v1 is less than or equal to v2, preserving the documented first-argument tie behavior, and returns v2 when v1 is greater.",source_justified,"core/src/cmp.rs:1574 shows `T: Ord`, documents that equal comparisons return the first argument, and delegates the executable body to `v1.min(v2)`; `T::obeys_cmp_spec()` is the vstd law connecting that Rust ordering behavior to the modeled comparison relation.",core/src/cmp.rs:1574,"1537: /// Compares and returns the minimum of two values.
1539: /// Returns the first argument if the comparison determines them to be equal.
1541: /// Internally uses an alias to [`Ord::min`].
1574: pub const fn min<T: [const] Ord + [const] Destruct>(v1: T, v2: T) -> T {
1575:     v1.min(v2)
1580: /// Returns the first argument if the comparison determines them to be equal.
1615: /// Returns the first argument if the comparison determines them to be equal."
core::convert::identity,data_structure,,1,add_spec,add_spec,assume_specification,True,ok,unsat,complete,1,1,1,,,,,ret == x,"pub assume_specification<T>[core::convert::identity::<T>](x: T) -> (ret: T)
    ensures
        ret == x,
;","The supplied implementation returns its generic input unchanged, so the result equals the input for every T without additional bounds or preconditions.",not_applicable,No requires clause is present.,,
core::hint::black_box,other,,1,add_spec,add_spec,assume_specification,True,ok,unsat,complete,1,1,1,,,,,output == dummy,"pub assume_specification<T>[core::hint::black_box](dummy: T) -> (output: T)
    ensures
        output == dummy,
;",The supplied implementation passes `dummy` directly through `core::intrinsics::black_box`; its optimization barrier does not alter the returned value.,not_applicable,No requires clause is present.,,
core::hint::select_unpredictable,other,,1,add_spec,add_spec,assume_specification,True,ok,unsat,complete,1,1,1,,,,,condition ==> result == true_val; !condition ==> result == false_val,"pub assume_specification<T>[core::hint::select_unpredictable](
    condition: bool,
    true_val: T,
    false_val: T,
) -> (result: T)
    ensures
        condition ==> result == true_val,
        !condition ==> result == false_val,
;",The supplied implementation and documentation establish that the returned value is exactly the selected input; the unpredictability hint affects only code generation.,not_applicable,No requires clause is present.,,
core::mem::min_align_of,data_structure,,1,add_spec,add_spec,assume_specification,True,ok,unsat,complete,1,1,1,,,,,res == core::mem::align_of::<T>(),"#[allow(deprecated)]
pub assume_specification<T>[ core::mem::min_align_of::<T> ]() -> (res: usize)
    ensures
        res == core::mem::align_of::<T>(),
    no_unwind
;","The implementation returns T's ABI alignment, and the API is explicitly deprecated in favor of align_of. Equating the result with align_of preserves the exact type-dependent value without inventing layout facts.",not_applicable,No requires clause is present.,,
core::mem::min_align_of_val,data_structure,,1,add_spec,add_spec,assume_specification,True,ok,unsat,complete,1,1,1,,,,,res == core::mem::align_of_val(val),"#[allow(deprecated)]
pub assume_specification<T: ?Sized>[ core::mem::min_align_of_val ](val: &T) -> (res: usize)
    ensures
        res == core::mem::align_of_val(val),
;","Rust 1.96 implements min_align_of_val using the same align_of_val intrinsic as its replacement, so equating their results precisely captures the deprecated API's observable behavior for both sized and dynamically sized values.",not_applicable,No requires clause is present.,,
core::mem::replace,data_structure,,1,add_spec,add_spec,assume_specification,True,ok,unsat,complete,1,1,1,,,,,res == *old(dest); *final(dest) == src,"pub assume_specification<T>[ core::mem::replace ](
    dest: &mut T,
    src: T,
) -> (res: T)
    ensures
        res == *old(dest),
        *final(dest) == src,
    opens_invariants none
    no_unwind;",The implementation returns the value previously stored at dest and moves src into dest without dropping either value or panicking.,not_applicable,No requires clause is present.,,
core::ops::Range::is_empty,other,,1,add_spec,add_spec,assume_specification,True,ok,unsat,complete,1,1,1,,,,<Idx as PartialOrdSpec<Idx>>::obeys_partial_cmp_spec(),ret == !r.start.is_lt(&r.end),"pub assume_specification<Idx: core::cmp::PartialOrd<Idx>>[ core::ops::Range::<Idx>::is_empty ](
    r: &core::ops::Range<Idx>,
) -> (ret: bool)
where
    Idx: core::cmp::PartialOrd<Idx>,
    requires
        <Idx as PartialOrdSpec<Idx>>::obeys_partial_cmp_spec(),
    ensures
        ret == !r.start.is_lt(&r.end),
;","The supplied implementation returns exactly the negation of `self.start < self.end`. Under the existing PartialOrd specification law, `is_lt` soundly models that comparison, including incomparable endpoints.",source_justified,core/src/ops/range.rs:151 shows the Rust source is guarded by `PartialOrd` and computes the result with `<`/`<=`; the vstd partial-order law connects those executable comparisons to the spec predicates.,core/src/ops/range.rs:151,"147:     /// ```
148:     #[inline]
149:     #[stable(feature = ""range_is_empty"", since = ""1.47.0"")]
150:     #[rustc_const_unstable(feature = ""const_range"", issue = ""none"")]
151:     pub const fn is_empty(&self) -> bool
152:     where
153:         Idx: [const] PartialOrd<Idx>,
154:     {
155:         !(self.start < self.end)
156:     }
157: }
158: 
159: /// A range only bounded inclusively below (`start..`)."
core::ops::RangeInclusive::into_inner,other,,1,add_spec,add_spec,assume_specification,True,ok,unsat,complete,1,1,1,,,,,ret.0 == r@.start; ret.1 == r@.end,"pub assume_specification<Idx>[ core::ops::RangeInclusive::<Idx>::into_inner ](
    r: core::ops::RangeInclusive<Idx>,
) -> (ret: (Idx, Idx))
    ensures
        ret.0 == r@.start,
        ret.1 == r@.end,
;","Rust 1.96 directly returns `(self.start, self.end)`. The public `RangeInclusive` view exposes these bounds, so the result can be related precisely without modeling exhaustion.",not_applicable,No requires clause is present.,,
core::ops::RangeInclusive::is_empty,other,,1,add_spec,add_spec,assume_specification,True,ok,unsat,complete,1,1,1,,,,Idx::obeys_partial_cmp_spec(),ret == (r@.exhausted || !r@.start.is_le(&r@.end)),"pub assume_specification<Idx: core::cmp::PartialOrd<Idx>>[
    core::ops::RangeInclusive::<Idx>::is_empty
](r: &core::ops::RangeInclusive<Idx>) -> (ret: bool)
where
    Idx: core::cmp::PartialOrd,
    requires
        Idx::obeys_partial_cmp_spec(),
    ensures
        ret == (r@.exhausted || !r@.start.is_le(&r@.end)),
;",The implementation returns the modeled exhaustion flag or the negation of the endpoint comparison. Requiring the existing PartialOrd specification law soundly connects executable <= with is_le.,source_justified,core/src/ops/range.rs:559 shows the Rust source is guarded by `PartialOrd` and computes the result with `<`/`<=`; the vstd partial-order law connects those executable comparisons to the spec predicates.,core/src/ops/range.rs:559,"555:     /// ```
556:     #[stable(feature = ""range_is_empty"", since = ""1.47.0"")]
557:     #[inline]
558:     #[rustc_const_unstable(feature = ""const_range"", issue = ""none"")]
559:     pub const fn is_empty(&self) -> bool
560:     where
561:         Idx: [const] PartialOrd,
562:     {
563:         self.exhausted || !(self.start <= self.end)
564:     }
565: }
566: 
567: /// A range only bounded inclusively above (`..=end`)."
core::option::Option::and,data_structure,,1,add_spec,add_spec,assume_specification,True,ok,unsat,complete,1,1,1,,,,,option.is_none() ==> res.is_none(); option.is_some() ==> res == optb,"pub assume_specification<T, U>[ core::option::Option::<T>::and ](
    option: core::option::Option<T>,
    optb: core::option::Option<U>,
) -> (res: core::option::Option<U>)
    ensures
        option.is_none() ==> res.is_none(),
        option.is_some() ==> res == optb,
;","The supplied implementation directly matches on self: None returns None, while Some(_) returns optb unchanged.",not_applicable,No requires clause is present.,,
core::option::Option::flatten,data_structure,,2,add_spec,add_spec,assume_specification,True,ok,unsat,complete,1,1,1,,,,,"res == match option {
            Some(inner) => inner,
            None => None,
        }","pub assume_specification<T>[ Option::<Option<T>>::flatten ](
    option: Option<Option<T>>,
) -> (res: Option<T>)
    ensures
        res == match option {
            Some(inner) => inner,
            None => None,
        },
    no_unwind
;",The implementation directly matches the outer Option and returns exactly the contained Option or None. The contract completely and non-vacuously determines the observable return value and is non-unwinding.,not_applicable,No requires clause is present.,,
core::option::Option::or,data_structure,,1,add_spec,add_spec,assume_specification,True,ok,unsat,complete,1,1,1,,,,,option.is_some() ==> res == option; option.is_none() ==> res == optb,"pub assume_specification<T>[ core::option::Option::<T>::or ](
    option: core::option::Option<T>,
    optb: core::option::Option<T>,
) -> (res: core::option::Option<T>)
    ensures
        option.is_some() ==> res == option,
        option.is_none() ==> res == optb,
;","The implementation returns self unchanged when it is Some and otherwise returns optb, yielding a complete non-vacuous result relation.",not_applicable,No requires clause is present.,,
core::option::Option::replace,data_structure,,1,add_spec,add_spec,assume_specification,True,ok,unsat,complete,1,1,1,,,,,res == *old(option); *final(option) == core::option::Option::Some(value),"pub assume_specification<T>[ core::option::Option::<T>::replace ](
    option: &mut core::option::Option<T>,
    value: T,
) -> (res: core::option::Option<T>)
    ensures
        res == *old(option),
        *final(option) == core::option::Option::Some(value),
;","The implementation delegates to mem::replace(self, Some(value)), so it returns the previous Option and leaves self as Some(value).",not_applicable,No requires clause is present.,,
core::option::Option::transpose,data_structure,,2,add_spec,add_spec,assume_specification,True,ok,unsat,complete,1,1,1,,,,,"res == match option { Some(Ok(x)) => Ok(Some(x)), Some(Err(e)) => Err(e), None => Ok(None) }","pub assume_specification<T, E>[ Option::<Result<T, E>>::transpose ](
    option: Option<Result<T, E>>,
) -> (res: Result<Option<T>, E>)
    ensures
        res == match option { Some(Ok(x)) => Ok(Some(x)), Some(Err(e)) => Err(e), None => Ok(None) },
    no_unwind
;","The postcondition exactly models all three source match arms and uniquely determines the observable Result<Option<T>, E> output without preconditions.",not_applicable,No requires clause is present.,,
core::option::Option::unzip,data_structure,,1,add_spec,add_spec,assume_specification,True,ok,unsat,complete,1,1,1,,,,,"option is Some ==> res.0 is Some && res.1 is Some && option->0 == (res.0->0, res.1->0); option is None ==> res.0 is None && res.1 is None","pub assume_specification<T, U>[ core::option::Option::<(T, U)>::unzip ](
    option: core::option::Option<(T, U)>,
) -> (res: (core::option::Option<T>, core::option::Option<U>))
    ensures
        option is Some ==> res.0 is Some && res.1 is Some && option->0 == (res.0->0, res.1->0),
        option is None ==> res.0 is None && res.1 is None,
;","The supplied implementation exhaustively maps Some((a, b)) to (Some(a), Some(b)) and None to (None, None), allowing a complete result relation without bounds or hidden state.",not_applicable,No requires clause is present.,,
core::option::Option::xor,data_structure,,2,add_spec,add_spec,assume_specification,True,ok,unsat,complete,1,1,1,,,,,"res == match (option, optb) { (Some(a), None) => Some(a), (None, Some(b)) => Some(b), _ => None }","pub assume_specification<T>[ Option::<T>::xor ](
    option: Option<T>,
    optb: Option<T>,
) -> (res: Option<T>)
    ensures
        res == match (option, optb) { (Some(a), None) => Some(a), (None, Some(b)) => Some(b), _ => None },
;","The postcondition directly and exhaustively models the implementation, returning the unique Some operand exactly when one input is Some.",not_applicable,No requires clause is present.,,
core::option::Option::zip,data_structure,,2,add_spec,add_spec,assume_specification,True,ok,unsat,complete,1,1,1,,,,,"res == match (option, other) {
            (core::option::Option::Some(a), core::option::Option::Some(b)) => core::option::Option::Some((a, b)),
            _ => core::option::Option::None,
        }","pub assume_specification<T, U>[ core::option::Option::<T>::zip ](
    option: core::option::Option<T>,
    other: core::option::Option<U>,
) -> (res: core::option::Option<(T, U)>)
    ensures
        res == match (option, other) {
            (core::option::Option::Some(a), core::option::Option::Some(b)) => core::option::Option::Some((a, b)),
            _ => core::option::Option::None,
        },
;","The source performs exactly this match over the consumed receiver and other option. The postcondition fully and deterministically characterizes the observable Option<(T, U)> result without preconditions or unnecessary type bounds.",not_applicable,No requires clause is present.,,
core::result::Result::and,data_structure,,4,add_spec,add_spec,assume_specification,True,ok,unsat,complete,1,1,1,,,,,result is Ok ==> and_result == res; result is Err ==> and_result is Err && and_result->Err_0 == result->Err_0,"pub assume_specification<T, E, U>[ core::result::Result::<T, E>::and ](
    result: core::result::Result<T, E>,
    res: core::result::Result<U, E>,
) -> (and_result: core::result::Result<U, E>)
    ensures
        result is Ok ==> and_result == res,
        result is Err ==> and_result is Err && and_result->Err_0 == result->Err_0,
    no_unwind
;",Rust 1.96 implements Result::and by returning `res` in the Ok branch and returning the original Err payload in the Err branch. This uses the accepted Result::or-style direct variant postconditions and avoids a local when_used_as_spec helper.,not_applicable,No requires clause is present.,,
core::result::Result::expect_err,data_structure,,1,add_spec,add_spec,assume_specification,True,ok,unsat,complete,1,1,1,,,,result is Err,e == result->Err_0,"#[verifier::inline]
pub open spec fn spec_expect_err<T: core::fmt::Debug, E>(result: Result<T, E>, msg: &str) -> E
    recommends
        result is Err,
{
    result->Err_0
}

#[verifier::when_used_as_spec(spec_expect_err)]
pub assume_specification<T: core::fmt::Debug, E>[ Result::<T, E>::expect_err ](
    result: Result<T, E>,
    msg: &str,
) -> (e: E)
    requires
        result is Err,
    ensures
        e == result->Err_0,
;",The supplied implementation returns the contained Err value exactly when self is Err. Requiring that variant excludes the documented panicking Ok branch.,source_justified,core/src/result.rs:1291 shows the source returns only the `Err(e)` match arm and calls the unwrap failure path for `Ok`; the requires clause selects the non-panicking normal-return branch.,core/src/result.rs:1291,"1287:     /// ```
1288:     #[inline]
1289:     #[track_caller]
1290:     #[stable(feature = ""result_expect_err"", since = ""1.17.0"")]
1291:     pub fn expect_err(self, msg: &str) -> E
1292:     where
1293:         T: fmt::Debug,
1294:     {
1295:         match self {
1296:             Ok(t) => unwrap_failed(msg, &t),
1297:             Err(e) => e,
1298:         }
1299:     }"
core::result::Result::flatten,data_structure,,2,add_spec,add_spec,assume_specification,True,ok,unsat,complete,1,1,1,,,,,"flattened == match result {
            core::result::Result::Ok(inner) => inner,
            core::result::Result::Err(e) => core::result::Result::Err(e),
        }","#[verifier::inline]
pub open spec fn flatten<T, E>(
    result: core::result::Result<core::result::Result<T, E>, E>,
) -> core::result::Result<T, E> {
    match result {
        core::result::Result::Ok(inner) => inner,
        core::result::Result::Err(e) => core::result::Result::Err(e),
    }
}

#[verifier::when_used_as_spec(flatten)]
pub assume_specification<T, E>[ core::result::Result::<core::result::Result<T, E>, E>::flatten ](
    result: core::result::Result<core::result::Result<T, E>, E>,
) -> (flattened: core::result::Result<T, E>)
    ensures
        flattened == match result {
            core::result::Result::Ok(inner) => inner,
            core::result::Result::Err(e) => core::result::Result::Err(e),
        },
    no_unwind
;",The postcondition directly and deterministically models the source match while remaining self-contained in checker harnesses: Ok(inner) returns inner and Err(e) returns Err(e). The operation cannot unwind.,not_applicable,No requires clause is present.,,
core::result::Result::or,data_structure,,1,add_spec,add_spec,assume_specification,True,ok,unsat,complete,1,1,1,,,,,result is Ok ==> or_result is Ok && or_result->Ok_0 == result->Ok_0; result is Err ==> or_result == res,"pub assume_specification<T, E, F>[ core::result::Result::<T, E>::or ](
    result: core::result::Result<T, E>,
    res: core::result::Result<T, F>,
) -> (or_result: core::result::Result<T, F>)
    ensures
        result is Ok ==> or_result is Ok && or_result->Ok_0 == result->Ok_0,
        result is Err ==> or_result == res,
    no_unwind
;","The supplied implementation directly matches on self: Ok(v) returns Ok(v), while Err(_) returns res. The contract captures both branches and the method cannot unwind.",not_applicable,No requires clause is present.,,
core::result::Result::transpose,data_structure,,1,add_spec,add_spec,assume_specification,True,ok,unsat,complete,1,1,1,,,,,"transposed == match result {
            core::result::Result::Ok(core::option::Option::Some(x)) => core::option::Option::Some(core::result::Result::Ok(x)),
            core::result::Result::Ok(core::option::Option::None) => core::option::Option::None,
            core::result::Result::Err(e) => core::option::Option::Some(core::result::Result::Err(e)),
        }","pub assume_specification<T, E>[
    core::result::Result::<core::option::Option<T>, E>::transpose
](
    result: core::result::Result<core::option::Option<T>, E>,
) -> (transposed: core::option::Option<core::result::Result<T, E>>)
    ensures
        transposed == match result {
            core::result::Result::Ok(core::option::Option::Some(x)) => core::option::Option::Some(core::result::Result::Ok(x)),
            core::result::Result::Ok(core::option::Option::None) => core::option::Option::None,
            core::result::Result::Err(e) => core::option::Option::Some(core::result::Result::Err(e)),
        },
    no_unwind
;","The supplied implementation is a total three-way match that directly determines the returned Option<Result<T, E>> while preserving the contained value or error.",not_applicable,No requires clause is present.,,
core::result::Result::unwrap_or,data_structure,,1,add_spec,add_spec,assume_specification,True,ok,unsat,complete,1,1,1,,,,,result is Ok ==> value == result->Ok_0; result is Err ==> value == default,"pub assume_specification<T, E>[ core::result::Result::<T, E>::unwrap_or ](
    result: core::result::Result<T, E>,
    default: T,
) -> (value: T)
    ensures
        result is Ok ==> value == result->Ok_0,
        result is Err ==> value == default,
;","The implementation directly matches on the consumed Result, returning its Ok value or the supplied default. The contract captures both exhaustive branches without hidden state.",not_applicable,No requires clause is present.,,
core::slice::as_array,data_structure,,1,add_spec,add_spec,assume_specification,True,ok,unsat,complete,1,1,1,,,,,ret.is_some() <==> slice@.len() == N; ret.is_some() ==> ret.unwrap()@ == slice@,"pub assume_specification<T, const N: usize>[ <[T]>::as_array::<N> ](slice: &[T]) -> (ret: Option<&[T; N]>)
    ensures
        ret.is_some() <==> slice@.len() == N,
        ret.is_some() ==> ret.unwrap()@ == slice@,
;","The implementation returns Some exactly when the slice length equals N, and the returned array reference views the same elements in the same order as the slice. The contract compares semantic views rather than reference identity.",not_applicable,No requires clause is present.,,
core::slice::as_chunks,data_structure,,4,add_spec,add_spec,assume_specification,True,ok,unsat,complete,1,1,1,,,,N != 0,"{
            let chunks = choose|candidate: Seq<[T; N]>| {
                &&& candidate.len() == slice@.len() / (N as nat)
                &&& forall|i: int| 0 <= i < candidate.len() ==>
                    (#[trigger] candidate[i])@ == slice@.subrange(
                        i * (N as int),
                        (i + 1) * (N as int),
                    )
            };
            &&& ret.0@ == chunks
            &&& ret.0@.len() == slice@.len() / (N as nat)
            &&& ret.1@.len() == slice@.len() % (N as nat)
            &&& slice@.len() == ret.0@.len() * (N as nat) + ret.1@.len()
            &&& forall|i: int| 0 <= i < ret.0@.len() ==>
                (#[trigger] ret.0@[i])@ == slice@.subrange(
                    i * (N as int),
                    (i + 1) * (N as int),
                )
            &&& ret.1@ == slice@.subrange(
                ((slice@.len() / (N as nat)) * (N as nat)) as int,
                slice@.len() as int,
            )
        }","pub assume_specification<T, const N: usize>[ <[T]>::as_chunks::<N> ](
    slice: &[T],
) -> (ret: (&[[T; N]], &[T]))
    requires
        N != 0,
    ensures
        {
            let chunks = choose|candidate: Seq<[T; N]>| {
                &&& candidate.len() == slice@.len() / (N as nat)
                &&& forall|i: int| 0 <= i < candidate.len() ==>
                    (#[trigger] candidate[i])@ == slice@.subrange(
                        i * (N as int),
                        (i + 1) * (N as int),
                    )
            };
            &&& ret.0@ == chunks
            &&& ret.0@.len() == slice@.len() / (N as nat)
            &&& ret.1@.len() == slice@.len() % (N as nat)
            &&& slice@.len() == ret.0@.len() * (N as nat) + ret.1@.len()
            &&& forall|i: int| 0 <= i < ret.0@.len() ==>
                (#[trigger] ret.0@[i])@ == slice@.subrange(
                    i * (N as int),
                    (i + 1) * (N as int),
                )
            &&& ret.1@ == slice@.subrange(
                ((slice@.len() / (N as nat)) * (N as nat)) as int,
                slice@.len() as int,
            )
        },
;","Rust 1.96 documents and asserts that the safe API panics for N == 0, then splits at len / N * N and casts the exact multiple-of-N prefix. The choose-backed chunk sequence makes the returned views uniquely deterministic without specifying reference identity.",source_justified,"core/src/slice/mod.rs:1399 documents that this safe chunk partition panics when `N` is zero, immediately asserts `N != 0`, and then splits the slice before casting the exact multiple-of-N region with `as_chunks_unchecked`/`as_chunks_unchecked_mut`; the `N != 0` requires clause is therefore exactly the source-backed normal-return domain.",core/src/slice/mod.rs:1399,"1360:     /// - `chunks.len()` equals `slice.len() / N`,
1361:     /// - `remainder.len()` equals `slice.len() % N`, and
1370:     /// Panics if `N` is zero.
1399:     pub const fn as_chunks<const N: usize>(&self) -> (&[[T; N]], &[T]) {
1400:         assert!(N != 0, ""chunk size must be non-zero"");
1401:         let len_rounded_down = self.len() / N * N;
1404:         let (multiple_of_n, remainder) = unsafe { self.split_at_unchecked(len_rounded_down) };
1407:         let array_slice = unsafe { multiple_of_n.as_chunks_unchecked() };
1416:     /// `let (remainder, chunks) = slice.as_rchunks()`, then:
1417:     /// - `remainder.len()` equals `slice.len() % N`,
1418:     /// - `chunks.len()` equals `slice.len() / N`, and
1427:     /// Panics if `N` is zero.
1437:     /// let (remainder, chunks) = slice.as_rchunks();"
core::slice::as_chunks_mut,data_structure,,5,add_spec,add_spec,assume_specification,True,ok,unsat,complete,1,1,1,,,,N != 0,"{
            let chunks = choose|candidate: Seq<[T; N]>| {
                &&& candidate.len() == old(slice)@.len() / (N as nat)
                &&& forall|i: int| 0 <= i < candidate.len() ==>
                    (#[trigger] candidate[i])@ == old(slice)@.subrange(
                        i * (N as int),
                        (i + 1) * (N as int),
                    )
            };
            &&& ret.0@ == chunks
            &&& ret.0@.len() == old(slice)@.len() / (N as nat)
            &&& ret.1@ == old(slice)@.subrange(
                ((old(slice)@.len() / (N as nat)) * (N as nat)) as int,
                old(slice)@.len() as int,
            )
            &&& final(ret.0)@ == ret.0@
            &&& final(ret.1)@ == ret.1@
            &&& final(slice)@ == old(slice)@
        }","pub assume_specification<T, const N: usize>[ <[T]>::as_chunks_mut::<N> ](
    slice: &mut [T],
) -> (ret: (&mut [[T; N]], &mut [T]))
    requires
        N != 0,
    ensures
        {
            let chunks = choose|candidate: Seq<[T; N]>| {
                &&& candidate.len() == old(slice)@.len() / (N as nat)
                &&& forall|i: int| 0 <= i < candidate.len() ==>
                    (#[trigger] candidate[i])@ == old(slice)@.subrange(
                        i * (N as int),
                        (i + 1) * (N as int),
                    )
            };
            &&& ret.0@ == chunks
            &&& ret.0@.len() == old(slice)@.len() / (N as nat)
            &&& ret.1@ == old(slice)@.subrange(
                ((old(slice)@.len() / (N as nat)) * (N as nat)) as int,
                old(slice)@.len() as int,
            )
            &&& final(ret.0)@ == ret.0@
            &&& final(ret.1)@ == ret.1@
            &&& final(slice)@ == old(slice)@
        },
;","Rust 1.96 documents and asserts that the mutable safe chunk API panics for N == 0, then splits at len / N * N and casts the exact multiple-of-N prefix with as_chunks_unchecked_mut. The contract models the returned chunk/remainder views, preserves those returned mutable views at function return, and records the unchanged final input slice without pointer/provenance claims.",source_justified,"core/src/slice/mod.rs:1555 documents that this safe chunk partition panics when `N` is zero, immediately asserts `N != 0`, and then splits the slice before casting the exact multiple-of-N region with `as_chunks_unchecked`/`as_chunks_unchecked_mut`; the `N != 0` requires clause is therefore exactly the source-backed normal-return domain.",core/src/slice/mod.rs:1555,"1519:     /// `let (chunks, remainder) = slice.as_chunks_mut()`, then:
1520:     /// - `chunks.len()` equals `slice.len() / N`,
1521:     /// - `remainder.len()` equals `slice.len() % N`, and
1530:     /// Panics if `N` is zero.
1555:     pub const fn as_chunks_mut<const N: usize>(&mut self) -> (&mut [[T; N]], &mut [T]) {
1556:         assert!(N != 0, ""chunk size must be non-zero"");
1557:         let len_rounded_down = self.len() / N * N;
1560:         let (multiple_of_n, remainder) = unsafe { self.split_at_mut_unchecked(len_rounded_down) };
1563:         let array_slice = unsafe { multiple_of_n.as_chunks_unchecked_mut() };
1572:     /// `let (remainder, chunks) = slice.as_rchunks_mut()`, then:
1573:     /// - `remainder.len()` equals `slice.len() % N`,
1574:     /// - `chunks.len()` equals `slice.len() / N`, and
1583:     /// Panics if `N` is zero."
core::slice::as_flattened,data_structure,,2,add_spec,add_spec,assume_specification,True,ok,unsat,complete,1,1,1,,,,slice@.len() * N <= usize::MAX,ret@.len() == slice@.len() * N; forall|i: int| 0 <= i < ret@.len() ==> ret@[i] == slice@[i / (N as int)][i % (N as int)],"pub assume_specification<T, const N: usize>[ <[[T; N]]>::as_flattened ](slice: &[[T; N]]) -> (ret: &[T])
    requires
        slice@.len() * N <= usize::MAX,
    ensures
        ret@.len() == slice@.len() * N,
        forall|i: int| 0 <= i < ret@.len() ==> ret@[i] == slice@[i / (N as int)][i % (N as int)],
;","The result length is the checked product, and every result element is mapped to its source array and offset in row-major order. The bounded quantifier is empty when N == 0, while the length clause uniquely fixes the result as empty.",source_justified,core/src/slice/mod.rs:5451 shows the source computes the flattened length with checked multiplication and panics on length overflow; the requires clause restricts the contract to the normal-return domain.,core/src/slice/mod.rs:5451,"5447:     /// assert!(empty_slice_of_arrays.as_flattened().is_empty());
5448:     /// ```
5449:     #[stable(feature = ""slice_flatten"", since = ""1.80.0"")]
5450:     #[rustc_const_stable(feature = ""const_slice_flatten"", since = ""1.87.0"")]
5451:     pub const fn as_flattened(&self) -> &[T] {
5452:         let len = if T::IS_ZST {
5453:             self.len().checked_mul(N).expect(""slice len overflow"")
5454:         } else {
5455:             // SAFETY: `self.len() * N` cannot overflow because `self` is
5456:             // already in the address space.
5457:             unsafe { self.len().unchecked_mul(N) }
5458:         };
5459:         // SAFETY: `[T]` is layout-identical to `[T; N]`"
core::slice::as_mut_array,data_structure,,4,add_spec,add_spec,assume_specification,True,ok,unsat,complete,1,1,1,,,,,"ret is Some == (old(slice)@.len() == N); ret matches Some(out) ==> {
            &&& out@ == old(slice)@
            &&& final(out)@ == out@
            &&& final(slice)@ == final(out)@
        }; ret is None ==> final(slice)@ == old(slice)@","pub assume_specification<T, const N: usize>[ <[T]>::as_mut_array::<N> ](
    slice: &mut [T],
) -> (ret: Option<&mut [T; N]>)
    ensures
        ret is Some == (old(slice)@.len() == N),
        ret matches Some(out) ==> {
            &&& out@ == old(slice)@
            &&& final(out)@ == out@
            &&& final(slice)@ == final(out)@
        },
        ret is None ==> final(slice)@ == old(slice)@,
;","Rust 1.96 documents slice::as_mut_array as returning Some exactly when the slice length equals N, then reinterprets the same mutable storage as `[T; N]`. The contract models only that observable whole slice/array view, returned-view preservation, and unchanged None branch without pointer or provenance claims.",not_applicable,No requires clause is present.,,
core::slice::as_rchunks,data_structure,,4,add_spec,add_spec,assume_specification,True,ok,unsat,complete,1,1,1,,,,N != 0,"ret.0@ == slice@.subrange(
            0,
            (slice@.len() % (N as nat)) as int,
        ); ret.1@ == Seq::new(
            slice@.len() / (N as nat),
            |i: int| choose|chunk: [T; N]|
                chunk@ == slice@.subrange(
                    (slice@.len() % (N as nat)) as int + i * (N as int),
                    (slice@.len() % (N as nat)) as int + (i + 1) * (N as int),
                ),
        ); forall|i: int| i >= 0 && ret.1@.len() > i ==>
            (#[trigger] ret.1@[i])@ == slice@.subrange(
                (slice@.len() % (N as nat)) as int + i * (N as int),
                (slice@.len() % (N as nat)) as int + (i + 1) * (N as int),
            )","pub assume_specification<T, const N: usize>[ <[T]>::as_rchunks::<N> ](
    slice: &[T],
) -> (ret: (&[T], &[[T; N]]))
    requires
        N != 0,
    ensures
        ret.0@ == slice@.subrange(
            0,
            (slice@.len() % (N as nat)) as int,
        ),
        ret.1@ == Seq::new(
            slice@.len() / (N as nat),
            |i: int| choose|chunk: [T; N]|
                chunk@ == slice@.subrange(
                    (slice@.len() % (N as nat)) as int + i * (N as int),
                    (slice@.len() % (N as nat)) as int + (i + 1) * (N as int),
                ),
        ),
        forall|i: int| i >= 0 && ret.1@.len() > i ==>
            (#[trigger] ret.1@[i])@ == slice@.subrange(
                (slice@.len() % (N as nat)) as int + i * (N as int),
                (slice@.len() % (N as nat)) as int + (i + 1) * (N as int),
            ),
;","Rust 1.96 documents and asserts that the safe reverse chunk API panics for N == 0, then splits off the len % N leading remainder and casts the exact multiple-of-N suffix. The Seq::new chunk view is deterministic and avoids reference-identity claims.",source_justified,"core/src/slice/mod.rs:1446 documents that this safe chunk partition panics when `N` is zero, immediately asserts `N != 0`, and then splits the slice before casting the exact multiple-of-N region with `as_chunks_unchecked`/`as_chunks_unchecked_mut`; the `N != 0` requires clause is therefore exactly the source-backed normal-return domain.",core/src/slice/mod.rs:1446,"1401:         let len_rounded_down = self.len() / N * N;
1404:         let (multiple_of_n, remainder) = unsafe { self.split_at_unchecked(len_rounded_down) };
1407:         let array_slice = unsafe { multiple_of_n.as_chunks_unchecked() };
1416:     /// `let (remainder, chunks) = slice.as_rchunks()`, then:
1417:     /// - `remainder.len()` equals `slice.len() % N`,
1418:     /// - `chunks.len()` equals `slice.len() / N`, and
1427:     /// Panics if `N` is zero.
1437:     /// let (remainder, chunks) = slice.as_rchunks();
1446:     pub const fn as_rchunks<const N: usize>(&self) -> (&[T], &[[T; N]]) {
1447:         assert!(N != 0, ""chunk size must be non-zero"");
1452:         let array_slice = unsafe { multiple_of_n.as_chunks_unchecked() };
1483:     ///     unsafe { slice.as_chunks_unchecked_mut() };
1488:     ///     unsafe { slice.as_chunks_unchecked_mut() };"
core::slice::as_rchunks_mut,data_structure,,5,add_spec,add_spec,assume_specification,True,ok,unsat,complete,1,1,1,,,,N != 0,"ret.0@ == old(slice)@.subrange(
            0,
            (old(slice)@.len() % (N as nat)) as int,
        ); ret.1@ == Seq::new(
            old(slice)@.len() / (N as nat),
            |i: int| choose|chunk: [T; N]|
                chunk@ == old(slice)@.subrange(
                    (old(slice)@.len() % (N as nat)) as int + i * (N as int),
                    (old(slice)@.len() % (N as nat)) as int + (i + 1) * (N as int),
                ),
        ); forall|i: int| i >= 0 && ret.1@.len() > i ==>
            (#[trigger] ret.1@[i])@ == old(slice)@.subrange(
                (old(slice)@.len() % (N as nat)) as int + i * (N as int),
                (old(slice)@.len() % (N as nat)) as int + (i + 1) * (N as int),
            ); final(ret.0)@ == ret.0@; final(ret.1)@ == ret.1@; final(slice)@ == old(slice)@","pub assume_specification<T, const N: usize>[ <[T]>::as_rchunks_mut::<N> ](
    slice: &mut [T],
) -> (ret: (&mut [T], &mut [[T; N]]))
    requires
        N != 0,
    ensures
        ret.0@ == old(slice)@.subrange(
            0,
            (old(slice)@.len() % (N as nat)) as int,
        ),
        ret.1@ == Seq::new(
            old(slice)@.len() / (N as nat),
            |i: int| choose|chunk: [T; N]|
                chunk@ == old(slice)@.subrange(
                    (old(slice)@.len() % (N as nat)) as int + i * (N as int),
                    (old(slice)@.len() % (N as nat)) as int + (i + 1) * (N as int),
                ),
        ),
        forall|i: int| i >= 0 && ret.1@.len() > i ==>
            (#[trigger] ret.1@[i])@ == old(slice)@.subrange(
                (old(slice)@.len() % (N as nat)) as int + i * (N as int),
                (old(slice)@.len() % (N as nat)) as int + (i + 1) * (N as int),
            ),
        final(ret.0)@ == ret.0@,
        final(ret.1)@ == ret.1@,
        final(slice)@ == old(slice)@,
;","Rust 1.96 documents and asserts that the mutable reverse chunk API panics for N == 0, then splits off the len % N leading remainder and casts the exact multiple-of-N suffix with as_chunks_unchecked_mut. The contract models those deterministic returned views, preserves them at function return, and avoids reference-identity or provenance claims.",source_justified,"core/src/slice/mod.rs:1608 documents that this safe chunk partition panics when `N` is zero, immediately asserts `N != 0`, and then splits the slice before casting the exact multiple-of-N region with `as_chunks_unchecked`/`as_chunks_unchecked_mut`; the `N != 0` requires clause is therefore exactly the source-backed normal-return domain.",core/src/slice/mod.rs:1608,"1563:         let array_slice = unsafe { multiple_of_n.as_chunks_unchecked_mut() };
1572:     /// `let (remainder, chunks) = slice.as_rchunks_mut()`, then:
1573:     /// - `remainder.len()` equals `slice.len() % N`,
1574:     /// - `chunks.len()` equals `slice.len() / N`, and
1583:     /// Panics if `N` is zero.
1608:     pub const fn as_rchunks_mut<const N: usize>(&mut self) -> (&mut [T], &mut [[T; N]]) {
1609:         assert!(N != 0, ""chunk size must be non-zero"");
1611:         let (remainder, multiple_of_n) = self.split_at_mut(self.len() - len * N);
1614:         let array_slice = unsafe { multiple_of_n.as_chunks_unchecked_mut() };
1627:     /// Panics if `N` is zero.
1650:         assert!(N != 0, ""window size must be non-zero"");"
core::slice::binary_search,data_structure,,3,add_spec,add_spec,assume_specification,True,ok,unsat,complete,1,1,1,,,,"obeys_cmp::<T>(); forall|i: int, j: int| 0 <= i < j < v@.len() ==>
            v@[i].cmp_spec(&v@[j]) != Ordering::Greater; forall|i: int, j: int|
            0 <= i < v@.len() && 0 <= j < v@.len()
            && v@[i].cmp_spec(x) == Ordering::Equal
            && v@[j].cmp_spec(x) == Ordering::Equal ==> i == j","match result {
            Ok(i) => {
                &&& i < v@.len()
                &&& v@[i as int].cmp_spec(x) == Ordering::Equal
                &&& forall|j: int| 0 <= j < (i as int) ==>
                    v@[j].cmp_spec(x) == Ordering::Less
                &&& forall|j: int| (i as int) < j < v@.len() ==>
                    v@[j].cmp_spec(x) == Ordering::Greater
            },
            Err(i) => {
                &&& i <= v@.len()
                &&& forall|j: int| 0 <= j < (i as int) ==>
                    v@[j].cmp_spec(x) == Ordering::Less
                &&& forall|j: int| (i as int) <= j < v@.len() ==>
                    v@[j].cmp_spec(x) == Ordering::Greater
            },
        }","pub assume_specification<T>[ <[T]>::binary_search ](
    v: &[T],
    x: &T,
) -> (result: Result<usize, usize>)
where
    T: Ord,
    requires
        obeys_cmp::<T>(),
        forall|i: int, j: int| 0 <= i < j < v@.len() ==>
            v@[i].cmp_spec(&v@[j]) != Ordering::Greater,
        forall|i: int, j: int|
            0 <= i < v@.len() && 0 <= j < v@.len()
            && v@[i].cmp_spec(x) == Ordering::Equal
            && v@[j].cmp_spec(x) == Ordering::Equal ==> i == j,
    ensures
        match result {
            Ok(i) => {
                &&& i < v@.len()
                &&& v@[i as int].cmp_spec(x) == Ordering::Equal
                &&& forall|j: int| 0 <= j < (i as int) ==>
                    v@[j].cmp_spec(x) == Ordering::Less
                &&& forall|j: int| (i as int) < j < v@.len() ==>
                    v@[j].cmp_spec(x) == Ordering::Greater
            },
            Err(i) => {
                &&& i <= v@.len()
                &&& forall|j: int| 0 <= j < (i as int) ==>
                    v@[j].cmp_spec(x) == Ordering::Less
                &&& forall|j: int| (i as int) <= j < v@.len() ==>
                    v@[j].cmp_spec(x) == Ordering::Greater
            },
        },
;","Rust 1.96 documents slice::binary_search as a T: Ord wrapper around `self.binary_search_by(|p| p.cmp(x))`, returning the matching index or insertion index for sorted input while allowing any duplicate match. The uniqueness precondition removes only that documented duplicate-choice nondeterminism, so the Ok/Err partition is deterministic under obeys_cmp.",source_justified,"core/src/slice/mod.rs:2925 shows `slice::binary_search` has a `T: Ord` bound, delegates to `self.binary_search_by(|p| p.cmp(x))`, documents the sorted-input domain and insertion-index result, and documents that duplicate matches may return any matching index while unique matches have a uniquely determined position; `obeys_cmp` plus the sortedness and unique-match requires clauses and the Ok/Err partition postcondition are the vstd bridge that makes this source behavior deterministic.",core/src/slice/mod.rs:2925,"2918:     /// // If `num` is unique, `s.partition_point(|&x| x < num)` (with `<`) is equivalent to
2925:     pub fn binary_search(&self, x: &T) -> Result<usize, usize>
2927:         T: Ord,
2929:         self.binary_search_by(|p| p.cmp(x))
2937:     /// If the slice is not sorted or if the comparator function does not
2942:     /// index of the matching element. If there are multiple matches, then any
2943:     /// one of the matches could be returned. The index is chosen
2946:     /// the index where a matching element could be inserted while maintaining
2958:     /// uniquely determined position; the second and third are not"
core::slice::contains,data_structure,,1,add_spec,add_spec,assume_specification,True,ok,unsat,complete,1,1,1,,,,T::obeys_eq_spec(),result <==> exists|i: int| 0 <= i < slice@.len() && slice@[i].eq_spec(x),"pub assume_specification<T>[ <[T]>::contains ](slice: &[T], x: &T) -> (result: bool)
where
    T: core::cmp::PartialEq,
    requires
        T::obeys_eq_spec(),
    ensures
        result <==> exists|i: int| 0 <= i < slice@.len() && slice@[i].eq_spec(x),
;",The supplied implementation delegates to SliceContains and the documented result is membership by PartialEq. The contract models the directional element-to-needle comparison and requires PartialEq's executable result to obey eq_spec.,source_justified,core/src/slice/mod.rs:2594 shows the slice source requires `PartialEq` and computes the result by equality comparison; the vstd equality law connects that executable comparison to `eq_spec`.,core/src/slice/mod.rs:2594,"2590:     /// ```
2591:     #[stable(feature = ""rust1"", since = ""1.0.0"")]
2592:     #[inline]
2593:     #[must_use]
2594:     pub fn contains(&self, x: &T) -> bool
2595:     where
2596:         T: PartialEq,
2597:     {
2598:         cmp::SliceContains::slice_contains(x, self)
2599:     }
2600: 
2601:     /// Returns `true` if `needle` is a prefix of the slice or equal to the slice.
2602:     ///"
core::slice::eq_ignore_ascii_case,data_structure,,2,add_spec,add_spec,assume_specification,True,ok,unsat,complete,1,1,1,,,,,"result == (
            slice@.len() == other@.len()
            && forall|i: int| 0 <= i < slice@.len() ==> {
                let a = (#[trigger] slice@[i]) as int;
                let b = other@[i] as int;
                a == b
                    || (65 <= a && a <= 90 && b == a + 32)
                    || (65 <= b && b <= 90 && a == b + 32)
            }
        )","pub assume_specification[ <[u8]>::eq_ignore_ascii_case ](
    slice: &[u8],
    other: &[u8],
) -> (result: bool)
    ensures
        result == (
            slice@.len() == other@.len()
            && forall|i: int| 0 <= i < slice@.len() ==> {
                let a = (#[trigger] slice@[i]) as int;
                let b = other@[i] as int;
                a == b
                    || (65 <= a && a <= 90 && b == a + 32)
                    || (65 <= b && b <= 90 && a == b + 32)
            }
        ),
;",The implementation returns false for unequal lengths and otherwise compares corresponding bytes using ASCII case-insensitive equality. The explicit sequence-index trigger makes quantifier instantiation deterministic while preserving the byte-level characterization.,not_applicable,No requires clause is present.,,
core::slice::first_chunk,data_structure,,3,add_spec,add_spec,assume_specification,True,ok,unsat,complete,1,1,1,,,,,"match ret {
            Option::Some(chunk) =>
                slice@.len() >= N && chunk@ == slice@.subrange(0, N as int),
            Option::None => slice@.len() < N,
        }","pub assume_specification<T, const N: usize>[ <[T]>::first_chunk::<N> ](
    slice: &[T],
) -> (ret: Option<&[T; N]>)
    ensures
        match ret {
            Option::Some(chunk) =>
                slice@.len() >= N && chunk@ == slice@.subrange(0, N as int),
            Option::None => slice@.len() < N,
        },
;","A single structured match specifies both result variants without overlapping or redundant domains. None occurs exactly for slices shorter than N; otherwise Some exposes the first N elements, including the N == 0 case.",not_applicable,No requires clause is present.,,
core::slice::first_chunk_mut,data_structure,,4,add_spec,add_spec,assume_specification,True,ok,unsat,complete,1,1,1,,,,,"ret is Some == (N as int <= old(slice)@.len()); ret matches Some(out) ==> {
            &&& out@ == old(slice)@.subrange(0, N as int)
            &&& final(out)@ == out@
            &&& final(slice)@ == final(out)@ + old(slice)@.subrange(N as int, old(slice)@.len() as int)
        }; ret is None ==> final(slice)@ == old(slice)@","pub assume_specification<T, const N: usize>[ <[T]>::first_chunk_mut::<N> ](
    slice: &mut [T],
) -> (ret: Option<&mut [T; N]>)
    ensures
        ret is Some == (N as int <= old(slice)@.len()),
        ret matches Some(out) ==> {
            &&& out@ == old(slice)@.subrange(0, N as int)
            &&& final(out)@ == out@
            &&& final(slice)@ == final(out)@ + old(slice)@.subrange(N as int, old(slice)@.len() as int)
        },
        ret is None ==> final(slice)@ == old(slice)@,
;","Rust 1.96 documents first_chunk_mut as returning None when the slice is shorter than N and otherwise returning a mutable array reference to the first N items. The source casts the slice's mutable pointer after the length check, so the contract models the prefix view, returned-view preservation, and the untouched suffix.",not_applicable,No requires clause is present.,,
core::slice::from_mut,data_structure,,6,add_spec,add_spec,assume_specification,True,ok,unsat,complete,1,1,1,,,,,ret@ == seq![*old(s)]; final(ret)@ == ret@; final(ret)@ == seq![*final(s)]; *final(s) == *old(s),"pub assume_specification<T>[ core::slice::from_mut ](
    s: &mut T,
) -> (ret: &mut [T])
    ensures
        ret@ == seq![*old(s)],
        final(ret)@ == ret@,
        final(ret)@ == seq![*final(s)],
        *final(s) == *old(s),
;",Rust 1.96 documents slice::from_mut as producing a length-one slice without copying and implements it by delegating directly to `array::from_mut(s)`. The contract models the singleton slice contents before and after mutation through the returned view.,not_applicable,No requires clause is present.,,
core::slice::from_ref,data_structure,,1,add_spec,add_spec,assume_specification,True,ok,unsat,complete,1,1,1,,,,,result@ == seq![*s],"pub assume_specification<T>[ core::slice::from_ref::<T> ](s: &T) -> (result: &[T])
    ensures
        result@ == seq![*s],
;",The implementation delegates to array::from_ref and returns a one-element shared slice containing the referenced value. The contract compares semantic sequence views rather than asserting reference or pointer identity.,not_applicable,No requires clause is present.,,
core::slice::is_ascii,data_structure,,1,add_spec,add_spec,assume_specification,True,ok,unsat,complete,1,1,1,,,,,ret == (forall|i: int| 0 <= i < slice@.len() ==> slice@[i] <= 0x7f),"pub assume_specification[ <[u8]>::is_ascii ](slice: &[u8]) -> (ret: bool)
    ensures
        ret == (forall|i: int| 0 <= i < slice@.len() ==> slice@[i] <= 0x7f),
;",The documented result is true exactly when every byte is in the ASCII range 0..=127; universal quantification also correctly makes an empty slice return true.,not_applicable,No requires clause is present.,,
core::slice::is_sorted,data_structure,,2,add_spec,add_spec,assume_specification,True,ok,unsat,complete,1,1,1,,,,T::obeys_partial_cmp_spec(),"result <==> forall|i: int|
            0 <= i && i + 1 < slice@.len()
                ==> (#[trigger] slice@[i]).is_le(&slice@[i + 1])","pub assume_specification<T>[ <[T]>::is_sorted ](slice: &[T]) -> (result: bool)
where
    T: core::cmp::PartialOrd,
    requires
        T::obeys_partial_cmp_spec(),
    ensures
        result <==> forall|i: int|
            0 <= i && i + 1 < slice@.len()
                ==> (#[trigger] slice@[i]).is_le(&slice@[i + 1]),
;","The result exactly characterizes sortedness as every consecutive pair satisfying PartialOrd::le. Triggering on the indexed element makes quantifier instantiation explicit while preserving the source-defined behavior, including true for slices of length zero or one.",source_justified,core/src/slice/mod.rs:4735 shows the Rust source is guarded by `PartialOrd` and computes the result with `<`/`<=`; the vstd partial-order law connects those executable comparisons to the spec predicates.,core/src/slice/mod.rs:4735,"4731:     /// ```
4732:     #[inline]
4733:     #[stable(feature = ""is_sorted"", since = ""1.82.0"")]
4734:     #[must_use]
4735:     pub fn is_sorted(&self) -> bool
4736:     where
4737:         T: PartialOrd,
4738:     {
4739:         // This odd number works the best. 32 + 1 extra due to overlapping chunk boundaries.
4740:         const CHUNK_SIZE: usize = 33;
4741:         if self.len() < CHUNK_SIZE {
4742:             return self.windows(2).all(|w| w[0] <= w[1]);
4743:         }"
core::slice::last_chunk,data_structure,,1,add_spec,add_spec,assume_specification,True,ok,unsat,complete,1,1,1,,,,,"ret.is_some() <==> N <= slice.len(); ret.is_some() ==> ret.unwrap()@ == slice@.subrange(slice@.len() as int - N as int, slice@.len() as int)","pub assume_specification<T, const N: usize>[ <[T]>::last_chunk::<N> ](slice: &[T]) -> (ret: core::option::Option<&[T; N]>)
    ensures
        ret.is_some() <==> N <= slice.len(),
        ret.is_some() ==> ret.unwrap()@ == slice@.subrange(slice@.len() as int - N as int, slice@.len() as int),
;","The implementation returns None exactly when N exceeds the slice length; otherwise it returns an array reference whose semantic view is the final N elements, including the empty suffix for N == 0.",not_applicable,No requires clause is present.,,
core::slice::last_chunk_mut,data_structure,,5,add_spec,add_spec,assume_specification,True,ok,unsat,complete,1,1,1,,,,,"ret is Some == (N as int <= old(slice)@.len()); ret matches Some(out) ==> {
            &&& out@ == old(slice)@.subrange(old(slice)@.len() - N as int, old(slice)@.len() as int)
            &&& final(out)@ == out@
            &&& final(slice)@ == old(slice)@.subrange(0, old(slice)@.len() - N as int) + final(out)@
        }; ret is None ==> final(slice)@ == old(slice)@","pub assume_specification<T, const N: usize>[ <[T]>::last_chunk_mut::<N> ](
    slice: &mut [T],
) -> (ret: Option<&mut [T; N]>)
    ensures
        ret is Some == (N as int <= old(slice)@.len()),
        ret matches Some(out) ==> {
            &&& out@ == old(slice)@.subrange(old(slice)@.len() - N as int, old(slice)@.len() as int)
            &&& final(out)@ == out@
            &&& final(slice)@ == old(slice)@.subrange(0, old(slice)@.len() - N as int) + final(out)@
        },
        ret is None ==> final(slice)@ == old(slice)@,
;","Rust 1.96 documents last_chunk_mut as returning None when the slice is shorter than N and otherwise returning a mutable array reference to the last N items. The body computes the suffix index with checked_sub, splits at that index, and casts the last slice to `[T; N]`, so the contract models the unchanged prefix and returned suffix view without provenance claims.",not_applicable,No requires clause is present.,,
core::slice::reverse,data_structure,,3,add_spec,add_spec,assume_specification,True,ok,unsat,complete,1,1,1,,,,,final(slice)@ == old(slice)@.reverse(),"pub assume_specification<T>[ <[T]>::reverse ](slice: &mut [T])
    ensures
        final(slice)@ == old(slice)@.reverse(),
;","Rust 1.96 reverses the slice in place by splitting the front and back halves and swapping mirrored elements. The contract records only the observable final sequence view, avoiding pointer or provenance claims while preserving the operation's full semantics.",not_applicable,No requires clause is present.,,
core::slice::split_at_checked,data_structure,,2,add_spec,add_spec,assume_specification,True,ok,unsat,complete,1,1,1,,,,,"ret is Some == (mid <= slice.len()); ret matches Some((left, right)) ==> {
            &&& left@ == slice@.subrange(0, mid as int)
            &&& right@ == slice@.subrange(mid as int, slice@.len() as int)
        }","pub assume_specification<T>[ <[T]>::split_at_checked ](
    slice: &[T],
    mid: usize,
) -> (ret: Option<(&[T], &[T])>)
    ensures
        ret is Some == (mid <= slice.len()),
        ret matches Some((left, right)) ==> {
            &&& left@ == slice@.subrange(0, mid as int)
            &&& right@ == slice@.subrange(mid as int, slice@.len() as int)
        },
;","The first postcondition specifies exactly when the result is present. The second specifies the observable sequence contents of both returned slices when present, matching the implementation's split at mid.",not_applicable,No requires clause is present.,,
core::slice::split_at_mut_checked,data_structure,,5,add_spec,add_spec,assume_specification,True,ok,unsat,complete,1,1,1,,,,,"ret is Some == (mid <= old(slice)@.len()); ret matches Some((left, right)) ==> {
            &&& left@ == old(slice)@.subrange(0, mid as int)
            &&& right@ == old(slice)@.subrange(mid as int, old(slice)@.len() as int)
            &&& final(left)@ == left@
            &&& final(right)@ == right@
            &&& final(slice)@ == final(left)@ + final(right)@
        }; ret is None ==> final(slice)@ == old(slice)@","pub assume_specification<T>[ <[T]>::split_at_mut_checked ](
    slice: &mut [T],
    mid: usize,
) -> (ret: Option<(&mut [T], &mut [T])>)
    ensures
        ret is Some == (mid <= old(slice)@.len()),
        ret matches Some((left, right)) ==> {
            &&& left@ == old(slice)@.subrange(0, mid as int)
            &&& right@ == old(slice)@.subrange(mid as int, old(slice)@.len() as int)
            &&& final(left)@ == left@
            &&& final(right)@ == right@
            &&& final(slice)@ == final(left)@ + final(right)@
        },
        ret is None ==> final(slice)@ == old(slice)@,
;","Rust 1.96 returns Some exactly when `mid <= self.len()`, delegates that branch to `self.split_at_mut_unchecked(mid)`, and otherwise returns None. The contract reuses the accepted split_at_checked Option shape, the accepted mutable split post-state preservation, and the unchanged input state on the None branch.",not_applicable,No requires clause is present.,,
core::slice::split_at_mut_unchecked,data_structure,,5,add_spec,add_spec,assume_specification,True,ok,unsat,complete,1,1,1,,,,mid as int <= old(slice)@.len(),"ret.0@ == old(slice)@.subrange(0, mid as int); ret.1@ == old(slice)@.subrange(mid as int, old(slice)@.len() as int); final(ret.0)@ == ret.0@; final(ret.1)@ == ret.1@; final(slice)@ == final(ret.0)@ + final(ret.1)@","pub assume_specification<T>[ <[T]>::split_at_mut_unchecked ](
    slice: &mut [T],
    mid: usize,
) -> (ret: (&mut [T], &mut [T]))
    requires
        mid as int <= old(slice)@.len(),
    ensures
        ret.0@ == old(slice)@.subrange(0, mid as int),
        ret.1@ == old(slice)@.subrange(mid as int, old(slice)@.len() as int),
        final(ret.0)@ == ret.0@,
        final(ret.1)@ == ret.1@,
        final(slice)@ == final(ret.0)@ + final(ret.1)@,
;","Rust 1.96 documents the unsafe precondition `0 <= mid <= self.len()`, checks `mid <= len`, then returns the prefix and suffix with `from_raw_parts_mut(ptr, mid)` and `from_raw_parts_mut(ptr.add(mid), unchecked_sub(len, mid))`. The contract models those prefix/suffix slice views, preserves the returned sub-slice contents at function return, and exposes the final concatenated input state without specifying reference provenance.",source_justified,"core/src/slice/mod.rs:2095 states the unsafe precondition `0 <= mid <= self.len()`, checks `mid <= len`, and constructs the two mutable sub-slices with `from_raw_parts_mut(ptr, mid)` and `from_raw_parts_mut(ptr.add(mid), unchecked_sub(len, mid))`; the requires clause, prefix/suffix view postconditions, returned sub-slice preservation at function return, and concatenated input post-state are exactly that source-backed normal-return shape.",core/src/slice/mod.rs:2095,"2052:             (mid: usize = mid, len: usize = len) => mid <= len,
2055:         // SAFETY: Caller has to check that `0 <= mid <= self.len()`
2071:     /// `0 <= mid <= self.len()`.
2095:     pub const unsafe fn split_at_mut_unchecked(&mut self, mid: usize) -> (&mut [T], &mut [T]) {
2102:             (mid: usize = mid, len: usize = len) => mid <= len,
2105:         // SAFETY: Caller has to check that `0 <= mid <= self.len()`.
2107:         // `[ptr; mid]` and `[mid; len]` are not overlapping, so returning a mutable reference
2111:                 from_raw_parts_mut(ptr, mid),
2112:                 from_raw_parts_mut(ptr.add(mid), unchecked_sub(len, mid)),"
core::slice::split_first,data_structure,,3,add_spec,add_spec,assume_specification,True,ok,unsat,complete,1,1,1,,,,,"ret.is_some() == (slice@.len() > 0); match ret {
            Some((first, tail)) =>
                *first == slice@[0]
                && tail@ == slice@.subrange(1, slice@.len() as int),
            None => true,
        }","pub assume_specification<T>[ <[T]>::split_first ](slice: &[T]) -> (ret: Option<(&T, &[T])>)
    ensures
        ret.is_some() == (slice@.len() > 0),
        match ret {
            Some((first, tail)) =>
                *first == slice@[0]
                && tail@ == slice@.subrange(1, slice@.len() as int),
            None => true,
        },
;",The first postcondition separately specifies the return variant: the result is Some exactly when the slice is nonempty. The second specifies the observable payload of Some as the first element and suffix beginning at index 1. This directly follows the slice-pattern implementation and avoids duplicating the variant condition inside the payload contract.,not_applicable,No requires clause is present.,,
core::slice::split_first_chunk,data_structure,,2,add_spec,add_spec,assume_specification,True,ok,unsat,complete,1,1,1,,,,,"ret.is_some() <==> N <= slice.len(); ret.is_some() ==> ret.unwrap().0@ == slice@.subrange(0, N as int); ret.is_some() ==> ret.unwrap().1@ == slice@.subrange(N as int, slice@.len() as int)","pub assume_specification<T, const N: usize>[ <[T]>::split_first_chunk::<N> ](
    slice: &[T],
) -> (ret: core::option::Option<(&[T; N], &[T])>)
    ensures
        ret.is_some() <==> N <= slice.len(),
        ret.is_some() ==> ret.unwrap().0@ == slice@.subrange(0, N as int),
        ret.is_some() ==> ret.unwrap().1@ == slice@.subrange(N as int, slice@.len() as int),
;","The implementation returns None exactly when the slice is shorter than N. On success, its observable sequence views are precisely the first N elements and the remaining suffix. Casting slice@.len() from nat to int matches Seq::subrange's endpoint type.",not_applicable,No requires clause is present.,,
core::slice::split_first_chunk_mut,data_structure,,5,add_spec,add_spec,assume_specification,True,ok,unsat,complete,1,1,1,,,,,"ret is Some == (N as int <= old(slice)@.len()); ret matches Some((first, tail)) ==> {
            &&& first@ == old(slice)@.subrange(0, N as int)
            &&& tail@ == old(slice)@.subrange(N as int, old(slice)@.len() as int)
            &&& final(first)@ == first@
            &&& final(tail)@ == tail@
            &&& final(slice)@ == final(first)@ + final(tail)@
        }; ret is None ==> final(slice)@ == old(slice)@","pub assume_specification<T, const N: usize>[ <[T]>::split_first_chunk_mut::<N> ](
    slice: &mut [T],
) -> (ret: Option<(&mut [T; N], &mut [T])>)
    ensures
        ret is Some == (N as int <= old(slice)@.len()),
        ret matches Some((first, tail)) ==> {
            &&& first@ == old(slice)@.subrange(0, N as int)
            &&& tail@ == old(slice)@.subrange(N as int, old(slice)@.len() as int)
            &&& final(first)@ == first@
            &&& final(tail)@ == tail@
            &&& final(slice)@ == final(first)@ + final(tail)@
        },
        ret is None ==> final(slice)@ == old(slice)@,
;","Rust 1.96 returns Some exactly when `split_at_mut_checked(N)` succeeds, casts the checked first slice to `[T; N]`, and returns the remaining tail. The contract models those returned mutable views by their old slice/array contents, preserves each returned view at function return, and relates the final input slice to the final first-chunk and tail views without claiming pointer identity.",not_applicable,No requires clause is present.,,
core::slice::split_first_mut,data_structure,,4,add_spec,add_spec,assume_specification,True,ok,unsat,complete,1,1,1,,,,,"ret is Some == (old(slice)@.len() != 0); ret matches Some((first, tail)) ==> {
            &&& *first == old(slice)@[0]
            &&& tail@ == old(slice)@.subrange(1, old(slice)@.len() as int)
            &&& *final(first) == *first
            &&& final(tail)@ == tail@
            &&& final(slice)@ == seq![*final(first)] + final(tail)@
        }; ret is None ==> final(slice)@ == old(slice)@","pub assume_specification<T>[ <[T]>::split_first_mut ](
    slice: &mut [T],
) -> (ret: Option<(&mut T, &mut [T])>)
    ensures
        ret is Some == (old(slice)@.len() != 0),
        ret matches Some((first, tail)) ==> {
            &&& *first == old(slice)@[0]
            &&& tail@ == old(slice)@.subrange(1, old(slice)@.len() as int)
            &&& *final(first) == *first
            &&& final(tail)@ == tail@
            &&& final(slice)@ == seq![*final(first)] + final(tail)@
        },
        ret is None ==> final(slice)@ == old(slice)@,
;","Rust 1.96 pattern-matches `[first, tail @ ..]` and returns `Some((first, tail))` exactly for nonempty slices. The contract models the returned element by its dereferenced value, the returned tail by its semantic view, preserves both returned mutable views at function return, and reconstructs the final input slice from those views without pointer/provenance claims.",not_applicable,No requires clause is present.,,
core::slice::split_last,data_structure,,1,add_spec,add_spec,assume_specification,True,ok,unsat,complete,1,1,1,,,,,"ret.is_some() == (slice@.len() > 0); ret.is_some() ==> *ret.unwrap().0 == slice@[slice@.len() - 1]; ret.is_some() ==> ret.unwrap().1@ == slice@.subrange(0, slice@.len() - 1)","pub assume_specification<T>[ <[T]>::split_last ](slice: &[T]) -> (ret: core::option::Option<(&T, &[T])>)
    ensures
        ret.is_some() == (slice@.len() > 0),
        ret.is_some() ==> *ret.unwrap().0 == slice@[slice@.len() - 1],
        ret.is_some() ==> ret.unwrap().1@ == slice@.subrange(0, slice@.len() - 1),
;",The implementation returns None exactly for an empty slice; otherwise it returns the final element and the preceding slice. The contract compares the referenced element and slice through their semantic values rather than reference identity.,not_applicable,No requires clause is present.,,
core::slice::split_last_chunk,data_structure,,2,add_spec,add_spec,assume_specification,True,ok,unsat,complete,1,1,1,,,,,"ret matches Some(_) <==> N <= slice@.len(); ret matches Some(parts) ==> parts.0@ == slice@.subrange(0, slice@.len() - N as int); ret matches Some(parts) ==> parts.1@ == slice@.subrange(slice@.len() - N as int, slice@.len() as int)","pub assume_specification<T, const N: usize>[ <[T]>::split_last_chunk::<N> ](slice: &[T]) -> (ret: Option<(&[T], &[T; N])>)
    ensures
        ret matches Some(_) <==> N <= slice@.len(),
        ret matches Some(parts) ==> parts.0@ == slice@.subrange(0, slice@.len() - N as int),
        ret matches Some(parts) ==> parts.1@ == slice@.subrange(slice@.len() - N as int, slice@.len() as int),
;","The implementation returns None exactly when checked_sub(N) fails. Otherwise it splits at len - N, returning the prefix and an array reference whose sequence view is the final N elements. Casting the final subrange endpoint to int matches Seq::subrange's argument type.",not_applicable,No requires clause is present.,,
core::slice::split_last_chunk_mut,data_structure,,4,add_spec,add_spec,assume_specification,True,ok,unsat,complete,1,1,1,,,,,"ret is Some == (N as int <= old(slice)@.len()); ret matches Some((init, last)) ==> {
            &&& init@ == old(slice)@.subrange(0, old(slice)@.len() - N as int)
            &&& last@ == old(slice)@.subrange(old(slice)@.len() - N as int, old(slice)@.len() as int)
            &&& final(init)@ == init@
            &&& final(last)@ == last@
            &&& final(slice)@ == final(init)@ + final(last)@
        }; ret is None ==> final(slice)@ == old(slice)@","pub assume_specification<T, const N: usize>[ <[T]>::split_last_chunk_mut::<N> ](
    slice: &mut [T],
) -> (ret: Option<(&mut [T], &mut [T; N])>)
    ensures
        ret is Some == (N as int <= old(slice)@.len()),
        ret matches Some((init, last)) ==> {
            &&& init@ == old(slice)@.subrange(0, old(slice)@.len() - N as int)
            &&& last@ == old(slice)@.subrange(old(slice)@.len() - N as int, old(slice)@.len() as int)
            &&& final(init)@ == init@
            &&& final(last)@ == last@
            &&& final(slice)@ == final(init)@ + final(last)@
        },
        ret is None ==> final(slice)@ == old(slice)@,
;","Rust 1.96 returns None when `self.len().checked_sub(N)` fails; otherwise it splits at the checked index, returns the init slice and casts the last slice to `[T; N]`. The contract models that branch shape with old init/last views, preserves both returned views at function return, and reconstructs the final input slice from their final semantic views.",not_applicable,No requires clause is present.,,
core::slice::split_last_mut,data_structure,,5,add_spec,add_spec,assume_specification,True,ok,unsat,complete,1,1,1,,,,,"ret is Some == (old(slice)@.len() != 0); ret matches Some((last, init)) ==> {
            &&& *last == old(slice)@[(old(slice)@.len() - 1) as int]
            &&& init@ == old(slice)@.subrange(0, old(slice)@.len() - 1)
            &&& *final(last) == *last
            &&& final(init)@ == init@
            &&& final(slice)@ == final(init)@ + seq![*final(last)]
        }; ret is None ==> final(slice)@ == old(slice)@","pub assume_specification<T>[ <[T]>::split_last_mut ](
    slice: &mut [T],
) -> (ret: Option<(&mut T, &mut [T])>)
    ensures
        ret is Some == (old(slice)@.len() != 0),
        ret matches Some((last, init)) ==> {
            &&& *last == old(slice)@[(old(slice)@.len() - 1) as int]
            &&& init@ == old(slice)@.subrange(0, old(slice)@.len() - 1)
            &&& *final(last) == *last
            &&& final(init)@ == init@
            &&& final(slice)@ == final(init)@ + seq![*final(last)]
        },
        ret is None ==> final(slice)@ == old(slice)@,
;","Rust 1.96 pattern-matches `[init @ .., last]` and returns `Some((last, init))` exactly for nonempty slices. The contract models the returned element by its dereferenced value, the returned init slice by its semantic view, preserves both returned mutable views, and reconstructs the final input slice from those views.",not_applicable,No requires clause is present.,,
core::slice::split_off_first,data_structure,,4,add_spec,add_spec,assume_specification,True,ok,unsat,complete,1,1,1,,,,,"ret.is_none() == (old(slice)@.len() == 0); ret.is_some() ==> *ret.unwrap() == old(slice)@[0]; old(slice)@.len() == 0 ==> final(slice)@ == old(slice)@; old(slice)@.len() > 0 ==> final(slice)@ == old(slice)@.subrange(1, old(slice)@.len() as int)","pub assume_specification<T, 'a>[ <[T]>::split_off_first ](
    slice: &mut &'a [T],
) -> (ret: Option<&'a T>)
    ensures
        ret.is_none() == (old(slice)@.len() == 0),
        ret.is_some() ==> *ret.unwrap() == old(slice)@[0],
        old(slice)@.len() == 0 ==> final(slice)@ == old(slice)@,
        old(slice)@.len() > 0 ==> final(slice)@ == old(slice)@.subrange(1, old(slice)@.len() as int),
;",The implementation returns None without modifying an empty slice; otherwise it returns the first element and replaces the input slice reference with the remaining suffix. The contract compares element and slice semantic views rather than reference identity.,not_applicable,No requires clause is present.,,
core::slice::split_off_first_mut,data_structure,,5,add_spec,add_spec,assume_specification,True,ok,unsat,complete,1,1,1,,,,,"ret is Some == (old(slice)@.len() != 0); ret matches Some(first) ==> {
            &&& *first == old(slice)@[0]
            &&& *final(first) == *first
            &&& final(slice)@ == old(slice)@.subrange(1, old(slice)@.len() as int)
            &&& old(slice)@ == seq![*final(first)] + final(slice)@
        }; ret is None ==> final(slice)@ == old(slice)@","pub assume_specification<'a, T>[ <[T]>::split_off_first_mut ](
    slice: &mut &'a mut [T],
) -> (ret: Option<&'a mut T>)
    ensures
        ret is Some == (old(slice)@.len() != 0),
        ret matches Some(first) ==> {
            &&& *first == old(slice)@[0]
            &&& *final(first) == *first
            &&& final(slice)@ == old(slice)@.subrange(1, old(slice)@.len() as int)
            &&& old(slice)@ == seq![*final(first)] + final(slice)@
        },
        ret is None ==> final(slice)@ == old(slice)@,
;","Rust 1.96 replaces `self` with an empty mutable slice, delegates to `split_first_mut`, assigns `*self = rem`, and returns `Some(first)` only for nonempty slices. The contract models the returned element by dereferenced value and reconstructs the final slice reference as the remaining tail, without pointer/provenance claims.",not_applicable,No requires clause is present.,,
core::slice::split_off_last_mut,data_structure,,5,add_spec,add_spec,assume_specification,True,ok,unsat,complete,1,1,1,,,,,"ret is Some == (old(slice)@.len() != 0); ret matches Some(last) ==> {
            &&& *last == old(slice)@[(old(slice)@.len() - 1) as int]
            &&& *final(last) == *last
            &&& final(slice)@ == old(slice)@.subrange(0, old(slice)@.len() - 1)
            &&& old(slice)@ == final(slice)@ + seq![*final(last)]
        }; ret is None ==> final(slice)@ == old(slice)@","pub assume_specification<'a, T>[ <[T]>::split_off_last_mut ](
    slice: &mut &'a mut [T],
) -> (ret: Option<&'a mut T>)
    ensures
        ret is Some == (old(slice)@.len() != 0),
        ret matches Some(last) ==> {
            &&& *last == old(slice)@[(old(slice)@.len() - 1) as int]
            &&& *final(last) == *last
            &&& final(slice)@ == old(slice)@.subrange(0, old(slice)@.len() - 1)
            &&& old(slice)@ == final(slice)@ + seq![*final(last)]
        },
        ret is None ==> final(slice)@ == old(slice)@,
;","Rust 1.96 replaces `self` with an empty mutable slice, delegates to `split_last_mut`, assigns `*self = rem`, and returns `Some(last)` only for nonempty slices. The contract models the returned element by dereferenced value and reconstructs the final slice reference as the remaining init slice, without pointer/provenance claims.",not_applicable,No requires clause is present.,,
core::slice::starts_with,data_structure,,1,add_spec,add_spec,assume_specification,True,ok,unsat,complete,1,1,1,,,,T::obeys_eq_spec(),"ret <==> (
            needle@.len() <= slice@.len()
            && forall|i: int| 0 <= i < needle@.len() ==> slice@[i].eq_spec(&needle@[i])
        )","pub assume_specification<T>[ <[T]>::starts_with ](
    slice: &[T],
    needle: &[T],
) -> (ret: bool)
where
    T: core::cmp::PartialEq,
    requires
        T::obeys_eq_spec(),
    ensures
        ret <==> (
            needle@.len() <= slice@.len()
            && forall|i: int| 0 <= i < needle@.len() ==> slice@[i].eq_spec(&needle@[i])
        ),
;",The implementation returns true exactly when the needle length fits and every corresponding prefix element compares equal. The existing PartialEqSpec vocabulary models those element comparisons.,source_justified,core/src/slice/mod.rs:2624 shows the slice source requires `PartialEq` and computes the result by equality comparison; the vstd equality law connects that executable comparison to `eq_spec`.,core/src/slice/mod.rs:2624,"2620:     /// assert!(v.starts_with(&[]));
2621:     /// ```
2622:     #[stable(feature = ""rust1"", since = ""1.0.0"")]
2623:     #[must_use]
2624:     pub fn starts_with(&self, needle: &[T]) -> bool
2625:     where
2626:         T: PartialEq,
2627:     {
2628:         let n = needle.len();
2629:         self.len() >= n && needle == &self[..n]
2630:     }
2631: 
2632:     /// Returns `true` if `needle` is a suffix of the slice or equal to the slice."
core::slice::trim_ascii,data_structure,,4,add_spec,add_spec,assume_specification,True,ok,unsat,complete,1,1,1,,,,,"exists|start: int, end: int| {
            &&& 0 <= start <= end <= slice@.len()
            &&& r@ == slice@.subrange(start, end)
            &&& (forall|i: int| 0 <= i < start ==> spec_is_ascii_whitespace(slice@[i]))
            &&& (forall|i: int| end <= i < slice@.len() ==> spec_is_ascii_whitespace(slice@[i]))
            &&& (start < end ==> !spec_is_ascii_whitespace(slice@[start]))
            &&& (start < end ==> !spec_is_ascii_whitespace(slice@[end - 1]))
        }","pub open spec fn spec_is_ascii_whitespace(byte: u8) -> bool {
    byte == 9u8 || byte == 10u8 || byte == 12u8 || byte == 13u8 || byte == 32u8
}

pub assume_specification[ <[u8]>::trim_ascii ](slice: &[u8]) -> (r: &[u8])
    ensures
        exists|start: int, end: int| {
            &&& 0 <= start <= end <= slice@.len()
            &&& r@ == slice@.subrange(start, end)
            &&& (forall|i: int| 0 <= i < start ==> spec_is_ascii_whitespace(slice@[i]))
            &&& (forall|i: int| end <= i < slice@.len() ==> spec_is_ascii_whitespace(slice@[i]))
            &&& (start < end ==> !spec_is_ascii_whitespace(slice@[start]))
            &&& (start < end ==> !spec_is_ascii_whitespace(slice@[end - 1]))
        },
;","The implementation removes the maximal leading and trailing runs of ASCII-whitespace bytes. The contract deterministically characterizes the returned semantic sequence as the subrange between those runs, including empty and all-whitespace inputs.",not_applicable,No requires clause is present.,,
core::slice::trim_ascii_end,data_structure,,2,add_spec,add_spec,assume_specification,True,ok,unsat,complete,1,1,1,,,,,"result@ == slice@.subrange(0, result@.len() as int); result@.len() <= slice@.len(); forall|i: int| result@.len() <= i < slice@.len() ==> {
            let byte = #[trigger] slice@[i];
            byte == 0x09 || byte == 0x0a || byte == 0x0c || byte == 0x0d || byte == 0x20
        }; result@.len() > 0 ==> {
            let byte = result@[(result@.len() - 1) as int];
            !(byte == 0x09 || byte == 0x0a || byte == 0x0c || byte == 0x0d || byte == 0x20)
        }","pub assume_specification[ <[u8]>::trim_ascii_end ](slice: &[u8]) -> (result: &[u8])
    ensures
        result@ == slice@.subrange(0, result@.len() as int),
        result@.len() <= slice@.len(),
        forall|i: int| result@.len() <= i < slice@.len() ==> {
            let byte = #[trigger] slice@[i];
            byte == 0x09 || byte == 0x0a || byte == 0x0c || byte == 0x0d || byte == 0x20
        },
        result@.len() > 0 ==> {
            let byte = result@[(result@.len() - 1) as int];
            !(byte == 0x09 || byte == 0x0a || byte == 0x0c || byte == 0x0d || byte == 0x20)
        },
;","The result is exactly a prefix of the input; every removed trailing byte is ASCII whitespace, and any retained final byte is not ASCII whitespace. Inlining the byte predicate keeps each ensure self-contained for determinism checking while uniquely identifying the maximal prefix retained by the implementation.",not_applicable,No requires clause is present.,,
core::slice::trim_ascii_start,data_structure,,2,add_spec,add_spec,assume_specification,True,ok,unsat,complete,1,1,1,,,,,"exists|start: int|
            0 <= start <= slice@.len()
            && (forall|i: int| 0 <= i < start ==> (
                slice@[i] == 0x09u8
                || slice@[i] == 0x0au8
                || slice@[i] == 0x0cu8
                || slice@[i] == 0x0du8
                || slice@[i] == 0x20u8
            ))
            && (start == slice@.len() || (
                slice@[start] != 0x09u8
                && slice@[start] != 0x0au8
                && slice@[start] != 0x0cu8
                && slice@[start] != 0x0du8
                && slice@[start] != 0x20u8
            ))
            && ret@ == slice@.subrange(start, slice@.len() as int)","pub assume_specification[ <[u8]>::trim_ascii_start ](slice: &[u8]) -> (ret: &[u8])
    ensures
        exists|start: int|
            0 <= start <= slice@.len()
            && (forall|i: int| 0 <= i < start ==> (
                slice@[i] == 0x09u8
                || slice@[i] == 0x0au8
                || slice@[i] == 0x0cu8
                || slice@[i] == 0x0du8
                || slice@[i] == 0x20u8
            ))
            && (start == slice@.len() || (
                slice@[start] != 0x09u8
                && slice@[start] != 0x0au8
                && slice@[start] != 0x0cu8
                && slice@[start] != 0x0du8
                && slice@[start] != 0x20u8
            ))
            && ret@ == slice@.subrange(start, slice@.len() as int),
;",The implementation removes exactly the maximal prefix whose bytes satisfy Rust's ASCII-whitespace set. Casting the sequence length from nat to int supplies the endpoint type required by Seq::subrange while preserving the semantic relationship between the input and returned slice views.,not_applicable,No requires clause is present.,,
core::str::ceil_char_boundary,data_structure,,1,add_spec,add_spec,assume_specification,True,ok,unsat,complete,1,1,1,,,,,result <= s.len(); index >= s.len() ==> result == s.len(); index < s.len() ==> index <= result; s.is_char_boundary(result); forall|i: usize| index <= i && i < result ==> !s.is_char_boundary(i),"pub assume_specification[ str::ceil_char_boundary ](
    s: &str,
    index: usize,
) -> (result: usize)
    ensures
        result <= s.len(),
        index >= s.len() ==> result == s.len(),
        index < s.len() ==> index <= result,
        s.is_char_boundary(result),
        forall|i: usize| index <= i && i < result ==> !s.is_char_boundary(i),
;","The implementation caps out-of-range indices at the string length and otherwise scans upward to the first UTF-8 character boundary. The contract captures the bound, cap behavior, boundary validity, and minimality.",not_applicable,No requires clause is present.,,
core::str::eq_ignore_ascii_case,data_structure,,3,add_spec,add_spec,assume_specification,True,ok,unsat,complete,1,1,1,,,,,result == (s.spec_bytes().len() == other.spec_bytes().len() && forall|i: int| 0 <= i < s.spec_bytes().len() ==> (if 65 <= s.spec_bytes()[i] && s.spec_bytes()[i] <= 90 { (s.spec_bytes()[i] as int) + 32 } else { s.spec_bytes()[i] as int }) == (if 65 <= other.spec_bytes()[i] && other.spec_bytes()[i] <= 90 { (other.spec_bytes()[i] as int) + 32 } else { other.spec_bytes()[i] as int })),"pub assume_specification[ str::eq_ignore_ascii_case ](
    s: &str,
    other: &str,
) -> (result: bool)
    ensures
        result == (s.spec_bytes().len() == other.spec_bytes().len() && forall|i: int| 0 <= i < s.spec_bytes().len() ==> (if 65 <= s.spec_bytes()[i] && s.spec_bytes()[i] <= 90 { (s.spec_bytes()[i] as int) + 32 } else { s.spec_bytes()[i] as int }) == (if 65 <= other.spec_bytes()[i] && other.spec_bytes()[i] <= 90 { (other.spec_bytes()[i] as int) + 32 } else { other.spec_bytes()[i] as int })),
;",The implementation delegates directly to byte-slice ASCII-insensitive equality. The contract observes the Boolean result and characterizes it by equal UTF-8 byte lengths and pointwise equality after mapping ASCII uppercase bytes to lowercase. The structured ensures entry now exactly matches the clause in contract_code.,not_applicable,No requires clause is present.,,
core::str::floor_char_boundary,data_structure,,2,add_spec,add_spec,assume_specification,True,ok,unsat,complete,1,1,1,,,,,result <= index; result <= s.spec_bytes().len(); s.is_char_boundary(result); forall|i: usize| result < i && i <= index ==> !s.is_char_boundary(i),"pub assume_specification[ str::floor_char_boundary ](
    s: &str,
    index: usize,
) -> (result: usize)
    ensures
        result <= index,
        result <= s.spec_bytes().len(),
        s.is_char_boundary(result),
        forall|i: usize| result < i && i <= index ==> !s.is_char_boundary(i),
;","The implementation returns the greatest UTF-8 character boundary not exceeding index, clamping indices beyond the string length to the string length. The imported trait makes spec_bytes available, while boundary validity and maximality deterministically characterize the observable result.",not_applicable,No requires clause is present.,,
core::str::from_utf8,data_structure,,5,add_spec,add_spec,assume_specification,True,ok,unsat,complete,1,1,1,,,,,valid_utf8(v@) ==> (result matches Ok(string) && string@ == decode_utf8(v@)); !valid_utf8(v@) ==> result is Err,"pub assume_specification[ str::from_utf8 ](
    v: &[u8],
) -> (result: Result<&str, core::str::Utf8Error>)
    ensures
        valid_utf8(v@) ==> (result matches Ok(string) && string@ == decode_utf8(v@)),
        !valid_utf8(v@) ==> result is Err,
;","Promotes the saved round-01 source-backed contract for the inherent `str::from_utf8` declaration only. Rust 1.96 delegates the inherent constructor to `converts::from_utf8`, whose body returns `Ok` after `run_utf8_validation` succeeds and `Err(err)` otherwise; the contract specifies only the decoded string view and Result branch.",not_applicable,No requires clause is present.,,
core::str::from_utf8_mut,data_structure,,3,add_spec,add_spec,assume_specification,True,ok,unsat,complete,1,1,1,,,,,final(v)@ == old(v)@; valid_utf8(old(v)@) ==> (result matches Ok(string) && string@ == decode_utf8(old(v)@)); !valid_utf8(old(v)@) ==> result is Err,"pub assume_specification[ core::str::from_utf8_mut ](
    v: &mut [u8],
) -> (result: Result<&mut str, core::str::Utf8Error>)
    ensures
        final(v)@ == old(v)@,
        valid_utf8(old(v)@) ==> (result matches Ok(string) && string@ == decode_utf8(old(v)@)),
        !valid_utf8(old(v)@) ==> result is Err,
;","The contract typechecks and directly models the source behavior: conversion does not modify the bytes, succeeds exactly when the original byte sequence is valid UTF-8, and exposes the decoded semantic string on success. The determinism failure is caused by the checker passing the unsized [u8] post-state by value, not by this contract.",not_applicable,No requires clause is present.,,
core::str::make_ascii_lowercase,data_structure,,5,add_spec,add_spec,assume_specification,True,ok,unsat,complete,1,1,1,,,,,"final(s).spec_bytes().len() == old(s).spec_bytes().len(); forall|i: int| 0 <= i < old(s).spec_bytes().len() ==> #[trigger] final(s).spec_bytes()[i] as int
            == if 0x41u8 <= old(s).spec_bytes()[i] && old(s).spec_bytes()[i] <= 0x5au8 {
                old(s).spec_bytes()[i] as int + 32
            } else {
                old(s).spec_bytes()[i] as int
            }","pub assume_specification[ str::make_ascii_lowercase ](s: &mut str)
    ensures
        final(s).spec_bytes().len() == old(s).spec_bytes().len(),
        forall|i: int| 0 <= i < old(s).spec_bytes().len() ==> #[trigger] final(s).spec_bytes()[i] as int
            == if 0x41u8 <= old(s).spec_bytes()[i] && old(s).spec_bytes()[i] <= 0x5au8 {
                old(s).spec_bytes()[i] as int + 32
            } else {
                old(s).spec_bytes()[i] as int
            },
;","The implementation mutates the string bytes in place, mapping ASCII 'A' through 'Z' to 'a' through 'z' while preserving all other bytes and the byte length. Casting byte observations to int matches the existing vstd ASCII-folding spec style and avoids Verus branch type mismatches without changing the modeled byte relation.",not_applicable,No requires clause is present.,,
core::str::make_ascii_uppercase,data_structure,,3,add_spec,add_spec,assume_specification,True,ok,unsat,complete,1,1,1,,,,,"final(s).spec_bytes().len() == old(s).spec_bytes().len(); forall|i: int| 0 <= i < old(s).spec_bytes().len() ==>
            final(s).spec_bytes()[i] as int == if 0x61u8 <= old(s).spec_bytes()[i] && old(s).spec_bytes()[i] <= 0x7au8 {
                old(s).spec_bytes()[i] as int - 0x20int
            } else {
                old(s).spec_bytes()[i] as int
            }","pub assume_specification[ str::make_ascii_uppercase ](s: &mut str)
    ensures
        final(s).spec_bytes().len() == old(s).spec_bytes().len(),
        forall|i: int| 0 <= i < old(s).spec_bytes().len() ==>
            final(s).spec_bytes()[i] as int == if 0x61u8 <= old(s).spec_bytes()[i] && old(s).spec_bytes()[i] <= 0x7au8 {
                old(s).spec_bytes()[i] as int - 0x20int
            } else {
                old(s).spec_bytes()[i] as int
            },
;","The method mutates the UTF-8 bytes in place by uppercasing ASCII lowercase letters. Casting byte values to int makes both conditional branches type-compatible while still specifying the complete deterministic post-state: length is preserved, bytes in a-z are reduced by 0x20, and every other byte is unchanged.",not_applicable,No requires clause is present.,,
core::str::split_at_checked,data_structure,,4,add_spec,add_spec,assume_specification,True,ok,unsat,complete,1,1,1,,,,,"ret.is_some() == is_char_boundary(s.spec_bytes(), mid as int); ret.is_some() ==> ret.unwrap().0.spec_bytes() == s.spec_bytes().subrange(0, mid as int); ret.is_some() ==> ret.unwrap().1.spec_bytes() == s.spec_bytes().subrange(mid as int, s.spec_bytes().len() as int)","pub assume_specification[ str::split_at_checked ](
    s: &str,
    mid: usize,
) -> (ret: Option<(&str, &str)>)
    ensures
        ret.is_some() == is_char_boundary(s.spec_bytes(), mid as int),
        ret.is_some() ==> ret.unwrap().0.spec_bytes() == s.spec_bytes().subrange(0, mid as int),
        ret.is_some() ==> ret.unwrap().1.spec_bytes() == s.spec_bytes().subrange(mid as int, s.spec_bytes().len() as int),
;","Rust 1.96 returns Some exactly when `self.is_char_boundary(mid)`, delegates that branch to `self.split_at_unchecked(mid)`, and otherwise returns None. The contract models only the returned immutable string slices' byte views as the source prefix and suffix, without claiming reference identity or provenance.",not_applicable,No requires clause is present.,,
core::str::split_at_mut_checked,data_structure,,5,add_spec,add_spec,assume_specification,True,ok,unsat,complete,1,1,1,,,,,"ret is Some <==> is_char_boundary(old(s).spec_bytes(), mid as int); ret matches Some((left, right)) ==> {
            &&& left.spec_bytes() =~= old(s).spec_bytes().subrange(0, mid as int)
            &&& right.spec_bytes() =~= old(s).spec_bytes().subrange(mid as int, old(s).spec_bytes().len() as int)
            &&& final(left).spec_bytes() == left.spec_bytes()
            &&& final(right).spec_bytes() == right.spec_bytes()
            &&& final(s).spec_bytes() == final(left).spec_bytes() + final(right).spec_bytes()
        }; ret is None ==> final(s).spec_bytes() == old(s).spec_bytes()","pub assume_specification[ str::split_at_mut_checked ](
    s: &mut str,
    mid: usize,
) -> (ret: Option<(&mut str, &mut str)>)
    ensures
        ret is Some <==> is_char_boundary(old(s).spec_bytes(), mid as int),
        ret matches Some((left, right)) ==> {
            &&& left.spec_bytes() =~= old(s).spec_bytes().subrange(0, mid as int)
            &&& right.spec_bytes() =~= old(s).spec_bytes().subrange(mid as int, old(s).spec_bytes().len() as int)
            &&& final(left).spec_bytes() == left.spec_bytes()
            &&& final(right).spec_bytes() == right.spec_bytes()
            &&& final(s).spec_bytes() == final(left).spec_bytes() + final(right).spec_bytes()
        },
        ret is None ==> final(s).spec_bytes() == old(s).spec_bytes(),
;","Rust 1.96 returns Some exactly when `self.is_char_boundary(mid)`, delegates that branch to `self.split_at_mut_unchecked(mid)`, and otherwise returns None. The contract models the returned mutable str slices extensionally by their byte subranges and preserves the input byte state on the None branch without claiming pointer provenance.",not_applicable,No requires clause is present.,,
core::str::trim,data_structure,,4,add_spec,add_spec,assume_specification,True,ok,unsat,complete,1,1,1,,,,,"result@ == ({
            let bounds = choose|bounds: (int, int)|
                0 <= bounds.0
                && bounds.0 <= bounds.1
                && bounds.1 <= s@.len()
                && (forall|i: int| 0 <= i < bounds.0 ==>
                    #[trigger] str_unicode_white_space(s@[i]))
                && (forall|i: int| bounds.1 <= i < s@.len() ==>
                    #[trigger] str_unicode_white_space(s@[i]))
                && (bounds.0 == bounds.1 || !str_unicode_white_space(s@[bounds.0]))
                && (bounds.0 == bounds.1 || !str_unicode_white_space(s@[bounds.1 - 1]));
            s@.subrange(bounds.0, bounds.1)
        })","pub open spec fn str_unicode_white_space(c: char) -> bool {
    c == '\u{0009}' || c == '\u{000a}' || c == '\u{000b}' ||
    c == '\u{000c}' || c == '\u{000d}' || c == '\u{0020}' ||
    c == '\u{0085}' || c == '\u{00a0}' || c == '\u{1680}' ||
    c == '\u{2000}' || c == '\u{2001}' || c == '\u{2002}' ||
    c == '\u{2003}' || c == '\u{2004}' || c == '\u{2005}' ||
    c == '\u{2006}' || c == '\u{2007}' || c == '\u{2008}' ||
    c == '\u{2009}' || c == '\u{200a}' || c == '\u{2028}' ||
    c == '\u{2029}' || c == '\u{202f}' || c == '\u{205f}' ||
    c == '\u{3000}'
}

pub assume_specification[ str::trim ](s: &str) -> (result: &str)
    ensures
        result@ == ({
            let bounds = choose|bounds: (int, int)|
                0 <= bounds.0
                && bounds.0 <= bounds.1
                && bounds.1 <= s@.len()
                && (forall|i: int| 0 <= i < bounds.0 ==>
                    #[trigger] str_unicode_white_space(s@[i]))
                && (forall|i: int| bounds.1 <= i < s@.len() ==>
                    #[trigger] str_unicode_white_space(s@[i]))
                && (bounds.0 == bounds.1 || !str_unicode_white_space(s@[bounds.0]))
                && (bounds.0 == bounds.1 || !str_unicode_white_space(s@[bounds.1 - 1]));
            s@.subrange(bounds.0, bounds.1)
        }),
;",Rust 1.96 trim removes leading and trailing char::is_whitespace characters. The helper enumerates the documented Unicode White_Space set and the choose expression gives one deterministic string view.,not_applicable,No requires clause is present.,,
core::str::trim_ascii,data_structure,,2,add_spec,add_spec,assume_specification,True,ok,unsat,complete,1,1,1,,,,,"result@ == ({
            let bounds = choose|bounds: (int, int)|
                0 <= bounds.0
                && bounds.0 <= bounds.1
                && bounds.1 <= s@.len()
                && (forall|i: int| 0 <= i < bounds.0 ==> (s@[i] == ' ' || s@[i] == '\t' || s@[i] == '\n' || s@[i] == '\x0c' || s@[i] == '\r'))
                && (forall|i: int| bounds.1 <= i < s@.len() ==> (s@[i] == ' ' || s@[i] == '\t' || s@[i] == '\n' || s@[i] == '\x0c' || s@[i] == '\r'))
                && (bounds.0 < bounds.1 ==> !(s@[bounds.0] == ' ' || s@[bounds.0] == '\t' || s@[bounds.0] == '\n' || s@[bounds.0] == '\x0c' || s@[bounds.0] == '\r'))
                && (bounds.0 < bounds.1 ==> !(s@[bounds.1 - 1] == ' ' || s@[bounds.1 - 1] == '\t' || s@[bounds.1 - 1] == '\n' || s@[bounds.1 - 1] == '\x0c' || s@[bounds.1 - 1] == '\r'));
            s@.subrange(bounds.0, bounds.1)
        })","pub assume_specification[ str::trim_ascii ](s: &str) -> (result: &str)
    ensures
        result@ == ({
            let bounds = choose|bounds: (int, int)|
                0 <= bounds.0
                && bounds.0 <= bounds.1
                && bounds.1 <= s@.len()
                && (forall|i: int| 0 <= i < bounds.0 ==> (s@[i] == ' ' || s@[i] == '\t' || s@[i] == '\n' || s@[i] == '\x0c' || s@[i] == '\r'))
                && (forall|i: int| bounds.1 <= i < s@.len() ==> (s@[i] == ' ' || s@[i] == '\t' || s@[i] == '\n' || s@[i] == '\x0c' || s@[i] == '\r'))
                && (bounds.0 < bounds.1 ==> !(s@[bounds.0] == ' ' || s@[bounds.0] == '\t' || s@[bounds.0] == '\n' || s@[bounds.0] == '\x0c' || s@[bounds.0] == '\r'))
                && (bounds.0 < bounds.1 ==> !(s@[bounds.1 - 1] == ' ' || s@[bounds.1 - 1] == '\t' || s@[bounds.1 - 1] == '\n' || s@[bounds.1 - 1] == '\x0c' || s@[bounds.1 - 1] == '\r'));
            s@.subrange(bounds.0, bounds.1)
        }),
;",The chosen bounds describe exactly a contiguous slice after removing the five characters recognized by u8::is_ascii_whitespace from both ends. Expressing result@ as one input-dependent specification expression preserves the full observable result while making determinism follow directly from equality to that expression.,not_applicable,No requires clause is present.,,
core::str::trim_ascii_end,data_structure,,4,add_spec,add_spec,assume_specification,True,ok,unsat,complete,1,1,1,,,,,"result@ == s@.subrange(0, result@.len() as int); result@.len() <= s@.len(); forall|i: int| result@.len() <= i < s@.len() ==> {
            let c = #[trigger] s@[i];
            c == ' ' || c == '\t' || c == '\n' || c == '\x0c' || c == '\r'
        }; result@.len() > 0 ==> {
            let c = result@[(result@.len() - 1) as int];
            !(c == ' ' || c == '\t' || c == '\n' || c == '\x0c' || c == '\r')
        }","pub assume_specification[ str::trim_ascii_end ](s: &str) -> (result: &str)
    ensures
        result@ == s@.subrange(0, result@.len() as int),
        result@.len() <= s@.len(),
        forall|i: int| result@.len() <= i < s@.len() ==> {
            let c = #[trigger] s@[i];
            c == ' ' || c == '\t' || c == '\n' || c == '\x0c' || c == '\r'
        },
        result@.len() > 0 ==> {
            let c = result@[(result@.len() - 1) as int];
            !(c == ' ' || c == '\t' || c == '\n' || c == '\x0c' || c == '\r')
        },
;",The result is exactly a prefix of the input; every removed trailing character is Rust ASCII whitespace and any retained final character is not. This is the accepted slice trim_ascii_end shape lifted to str views without adding preconditions or pointer-identity claims.,not_applicable,No requires clause is present.,,
core::str::trim_ascii_start,data_structure,,4,add_spec,add_spec,assume_specification,True,ok,unsat,complete,1,1,1,,,,,"result@ == ({
            let start = choose|start: int|
                0 <= start
                && start <= s@.len()
                && (forall|i: int| 0 <= i < start ==> (s@[i] == ' ' || s@[i] == '\t' || s@[i] == '\n' || s@[i] == '\x0c' || s@[i] == '\r'))
                && (start == s@.len() || !(s@[start] == ' ' || s@[start] == '\t' || s@[start] == '\n' || s@[start] == '\x0c' || s@[start] == '\r'));
            s@.subrange(start, s@.len() as int)
        })","pub assume_specification[ str::trim_ascii_start ](s: &str) -> (result: &str)
    ensures
        result@ == ({
            let start = choose|start: int|
                0 <= start
                && start <= s@.len()
                && (forall|i: int| 0 <= i < start ==> (s@[i] == ' ' || s@[i] == '\t' || s@[i] == '\n' || s@[i] == '\x0c' || s@[i] == '\r'))
                && (start == s@.len() || !(s@[start] == ' ' || s@[start] == '\t' || s@[start] == '\n' || s@[start] == '\x0c' || s@[start] == '\r'));
            s@.subrange(start, s@.len() as int)
        }),
;",The result is exactly the suffix obtained by removing the maximal leading run of Rust ASCII whitespace characters. Expressing the suffix as one source-dependent view expression mirrors the accepted str::trim_ascii analogue and makes the modeled result deterministic without specifying pointer identity.,not_applicable,No requires clause is present.,,
core::str::trim_end,data_structure,,4,add_spec,add_spec,assume_specification,True,ok,unsat,complete,1,1,1,,,,,"result@ == s@.subrange(0, result@.len() as int); result@.len() <= s@.len(); forall|i: int| result@.len() <= i < s@.len() ==> {
            let c = #[trigger] s@[i];
            str_unicode_white_space(c)
        }; result@.len() > 0 ==> {
            let c = result@[(result@.len() - 1) as int];
            !str_unicode_white_space(c)
        }","pub open spec fn str_unicode_white_space(c: char) -> bool {
    c == '\u{0009}' || c == '\u{000a}' || c == '\u{000b}' ||
    c == '\u{000c}' || c == '\u{000d}' || c == '\u{0020}' ||
    c == '\u{0085}' || c == '\u{00a0}' || c == '\u{1680}' ||
    c == '\u{2000}' || c == '\u{2001}' || c == '\u{2002}' ||
    c == '\u{2003}' || c == '\u{2004}' || c == '\u{2005}' ||
    c == '\u{2006}' || c == '\u{2007}' || c == '\u{2008}' ||
    c == '\u{2009}' || c == '\u{200a}' || c == '\u{2028}' ||
    c == '\u{2029}' || c == '\u{202f}' || c == '\u{205f}' ||
    c == '\u{3000}'
}

pub assume_specification[ str::trim_end ](s: &str) -> (result: &str)
    ensures
        result@ == s@.subrange(0, result@.len() as int),
        result@.len() <= s@.len(),
        forall|i: int| result@.len() <= i < s@.len() ==> {
            let c = #[trigger] s@[i];
            str_unicode_white_space(c)
        },
        result@.len() > 0 ==> {
            let c = result@[(result@.len() - 1) as int];
            !str_unicode_white_space(c)
        },
;",Rust 1.96 trim_end delegates to trim_end_matches(char::is_whitespace). The contract uses the accepted trim_ascii_end prefix/suffix shape with the documented Unicode White_Space set.,not_applicable,No requires clause is present.,,
core::str::trim_left,data_structure,,4,add_spec,add_spec,assume_specification,True,ok,unsat,complete,1,1,1,,,,,"result@ == ({
            let start = choose|start: int|
                0 <= start
                && start <= s@.len()
                && (forall|i: int| 0 <= i < start ==>
                    #[trigger] str_unicode_white_space(s@[i]))
                && (start == s@.len() || !str_unicode_white_space(s@[start]));
            s@.subrange(start, s@.len() as int)
        })","pub open spec fn str_unicode_white_space(c: char) -> bool {
    c == '\u{0009}' || c == '\u{000a}' || c == '\u{000b}' ||
    c == '\u{000c}' || c == '\u{000d}' || c == '\u{0020}' ||
    c == '\u{0085}' || c == '\u{00a0}' || c == '\u{1680}' ||
    c == '\u{2000}' || c == '\u{2001}' || c == '\u{2002}' ||
    c == '\u{2003}' || c == '\u{2004}' || c == '\u{2005}' ||
    c == '\u{2006}' || c == '\u{2007}' || c == '\u{2008}' ||
    c == '\u{2009}' || c == '\u{200a}' || c == '\u{2028}' ||
    c == '\u{2029}' || c == '\u{202f}' || c == '\u{205f}' ||
    c == '\u{3000}'
}

pub assume_specification[ str::trim_left ](s: &str) -> (result: &str)
    ensures
        result@ == ({
            let start = choose|start: int|
                0 <= start
                && start <= s@.len()
                && (forall|i: int| 0 <= i < start ==>
                    #[trigger] str_unicode_white_space(s@[i]))
                && (start == s@.len() || !str_unicode_white_space(s@[start]));
            s@.subrange(start, s@.len() as int)
        }),
;","Rust 1.96 implements trim_left by delegating to trim_start, whose source removes leading char::is_whitespace characters. The helper enumerates the documented Unicode White_Space set and the choose expression gives one deterministic string view.",not_applicable,No requires clause is present.,,
core::str::trim_right,data_structure,,3,add_spec,add_spec,assume_specification,True,ok,unsat,complete,1,1,1,,,,,"result@.len() <= s@.len(); result@ == s@.take(result@.len() as int); forall|i: int| result@.len() <= i < s@.len() ==> (
            s@[i] == '\u{9}' || s@[i] == '\u{a}' || s@[i] == '\u{b}' || s@[i] == '\u{c}' || s@[i] == '\u{d}' ||
            s@[i] == '\u{20}' || s@[i] == '\u{85}' || s@[i] == '\u{a0}' || s@[i] == '\u{1680}' ||
            s@[i] == '\u{2000}' || s@[i] == '\u{2001}' || s@[i] == '\u{2002}' || s@[i] == '\u{2003}' ||
            s@[i] == '\u{2004}' || s@[i] == '\u{2005}' || s@[i] == '\u{2006}' || s@[i] == '\u{2007}' ||
            s@[i] == '\u{2008}' || s@[i] == '\u{2009}' || s@[i] == '\u{200a}' || s@[i] == '\u{2028}' ||
            s@[i] == '\u{2029}' || s@[i] == '\u{202f}' || s@[i] == '\u{205f}' || s@[i] == '\u{3000}'
        ); result@.len() == 0 || !(
            result@[result@.len() - 1] == '\u{9}' || result@[result@.len() - 1] == '\u{a}' ||
            result@[result@.len() - 1] == '\u{b}' || result@[result@.len() - 1] == '\u{c}' ||
            result@[result@.len() - 1] == '\u{d}' || result@[result@.len() - 1] == '\u{20}' ||
            result@[result@.len() - 1] == '\u{85}' || result@[result@.len() - 1] == '\u{a0}' ||
            result@[result@.len() - 1] == '\u{1680}' || result@[result@.len() - 1] == '\u{2000}' ||
            result@[result@.len() - 1] == '\u{2001}' || result@[result@.len() - 1] == '\u{2002}' ||
            result@[result@.len() - 1] == '\u{2003}' || result@[result@.len() - 1] == '\u{2004}' ||
            result@[result@.len() - 1] == '\u{2005}' || result@[result@.len() - 1] == '\u{2006}' ||
            result@[result@.len() - 1] == '\u{2007}' || result@[result@.len() - 1] == '\u{2008}' ||
            result@[result@.len() - 1] == '\u{2009}' || result@[result@.len() - 1] == '\u{200a}' ||
            result@[result@.len() - 1] == '\u{2028}' || result@[result@.len() - 1] == '\u{2029}' ||
            result@[result@.len() - 1] == '\u{202f}' || result@[result@.len() - 1] == '\u{205f}' ||
            result@[result@.len() - 1] == '\u{3000}'
        )","pub assume_specification[ str::trim_right ](s: &str) -> (result: &str)
    ensures
        result@.len() <= s@.len(),
        result@ == s@.take(result@.len() as int),
        forall|i: int| result@.len() <= i < s@.len() ==> (
            s@[i] == '\u{9}' || s@[i] == '\u{a}' || s@[i] == '\u{b}' || s@[i] == '\u{c}' || s@[i] == '\u{d}' ||
            s@[i] == '\u{20}' || s@[i] == '\u{85}' || s@[i] == '\u{a0}' || s@[i] == '\u{1680}' ||
            s@[i] == '\u{2000}' || s@[i] == '\u{2001}' || s@[i] == '\u{2002}' || s@[i] == '\u{2003}' ||
            s@[i] == '\u{2004}' || s@[i] == '\u{2005}' || s@[i] == '\u{2006}' || s@[i] == '\u{2007}' ||
            s@[i] == '\u{2008}' || s@[i] == '\u{2009}' || s@[i] == '\u{200a}' || s@[i] == '\u{2028}' ||
            s@[i] == '\u{2029}' || s@[i] == '\u{202f}' || s@[i] == '\u{205f}' || s@[i] == '\u{3000}'
        ),
        result@.len() == 0 || !(
            result@[result@.len() - 1] == '\u{9}' || result@[result@.len() - 1] == '\u{a}' ||
            result@[result@.len() - 1] == '\u{b}' || result@[result@.len() - 1] == '\u{c}' ||
            result@[result@.len() - 1] == '\u{d}' || result@[result@.len() - 1] == '\u{20}' ||
            result@[result@.len() - 1] == '\u{85}' || result@[result@.len() - 1] == '\u{a0}' ||
            result@[result@.len() - 1] == '\u{1680}' || result@[result@.len() - 1] == '\u{2000}' ||
            result@[result@.len() - 1] == '\u{2001}' || result@[result@.len() - 1] == '\u{2002}' ||
            result@[result@.len() - 1] == '\u{2003}' || result@[result@.len() - 1] == '\u{2004}' ||
            result@[result@.len() - 1] == '\u{2005}' || result@[result@.len() - 1] == '\u{2006}' ||
            result@[result@.len() - 1] == '\u{2007}' || result@[result@.len() - 1] == '\u{2008}' ||
            result@[result@.len() - 1] == '\u{2009}' || result@[result@.len() - 1] == '\u{200a}' ||
            result@[result@.len() - 1] == '\u{2028}' || result@[result@.len() - 1] == '\u{2029}' ||
            result@[result@.len() - 1] == '\u{202f}' || result@[result@.len() - 1] == '\u{205f}' ||
            result@[result@.len() - 1] == '\u{3000}'
        ),
;",The implementation delegates directly to trim_end. The contract uniquely characterizes the observable result as the maximal prefix remaining after trailing Unicode White_Space characters are removed. Casting the natural-valued sequence length to int supplies the argument type required by Seq::take.,not_applicable,No requires clause is present.,,
core::str::trim_start,data_structure,,4,add_spec,add_spec,assume_specification,True,ok,unsat,complete,1,1,1,,,,,"result@ == ({
            let start = choose|start: int|
                0 <= start
                && start <= s@.len()
                && (forall|i: int| 0 <= i < start ==>
                    #[trigger] str_unicode_white_space(s@[i]))
                && (start == s@.len() || !str_unicode_white_space(s@[start]));
            s@.subrange(start, s@.len() as int)
        })","pub open spec fn str_unicode_white_space(c: char) -> bool {
    c == '\u{0009}' || c == '\u{000a}' || c == '\u{000b}' ||
    c == '\u{000c}' || c == '\u{000d}' || c == '\u{0020}' ||
    c == '\u{0085}' || c == '\u{00a0}' || c == '\u{1680}' ||
    c == '\u{2000}' || c == '\u{2001}' || c == '\u{2002}' ||
    c == '\u{2003}' || c == '\u{2004}' || c == '\u{2005}' ||
    c == '\u{2006}' || c == '\u{2007}' || c == '\u{2008}' ||
    c == '\u{2009}' || c == '\u{200a}' || c == '\u{2028}' ||
    c == '\u{2029}' || c == '\u{202f}' || c == '\u{205f}' ||
    c == '\u{3000}'
}

pub assume_specification[ str::trim_start ](s: &str) -> (result: &str)
    ensures
        result@ == ({
            let start = choose|start: int|
                0 <= start
                && start <= s@.len()
                && (forall|i: int| 0 <= i < start ==>
                    #[trigger] str_unicode_white_space(s@[i]))
                && (start == s@.len() || !str_unicode_white_space(s@[start]));
            s@.subrange(start, s@.len() as int)
        }),
;",Rust 1.96 trim_start delegates to trim_start_matches(char::is_whitespace). The helper enumerates the documented Unicode White_Space set and the choose expression gives one deterministic string view.,not_applicable,No requires clause is present.,,
std::collections::HashMap::get_mut,other,,4,add_spec,add_spec,assume_specification,True,ok,unsat,complete,1,1,1,,,,obeys_key_model::<Key>(); builds_valid_hashers::<S>(),"{
            let old_map = old(m)@;
            let selected_key = choose|key: Key|
                sets_borrowed_key_to_key(old_map.dom(), k, &key);
            &&& contains_borrowed_key(old_map, k) ==>
                sets_borrowed_key_to_key(old_map.dom(), k, &selected_key)
            &&& result is Some == contains_borrowed_key(old_map, k)
            &&& match result {
                Some(v) => {
                    &&& *v == old_map[selected_key]
                    &&& *final(v) == *v
                    &&& final(m)@ == old_map
                },
                None => {
                    &&& !contains_borrowed_key(old_map, k)
                    &&& final(m)@ == old_map
                },
            }
        }","pub assume_specification<
    'a,
    Key: std::borrow::Borrow<Q> + std::hash::Hash + Eq,
    Value,
    S: std::hash::BuildHasher,
    A: std::alloc::Allocator,
    Q: std::hash::Hash + Eq + ?Sized,
>[ std::collections::HashMap::<Key, Value, S, A>::get_mut::<Q> ](
    m: &'a mut std::collections::HashMap<Key, Value, S, A>,
    k: &Q,
) -> (result: Option<&'a mut Value>)
    requires
        obeys_key_model::<Key>(),
        builds_valid_hashers::<S>(),
    ensures
        {
            let old_map = old(m)@;
            let selected_key = choose|key: Key|
                sets_borrowed_key_to_key(old_map.dom(), k, &key);
            &&& contains_borrowed_key(old_map, k) ==>
                sets_borrowed_key_to_key(old_map.dom(), k, &selected_key)
            &&& result is Some == contains_borrowed_key(old_map, k)
            &&& match result {
                Some(v) => {
                    &&& *v == old_map[selected_key]
                    &&& *final(v) == *v
                    &&& final(m)@ == old_map
                },
                None => {
                    &&& !contains_borrowed_key(old_map, k)
                    &&& final(m)@ == old_map
                },
            }
        },
;","Rust 1.96 documents HashMap::get_mut as returning a mutable reference to the value for the borrowed key, requires borrowed-form Hash/Eq compatibility, and delegates to self.base.get_mut(k). The contract chooses the stored key selected by the borrowed-key model, returns the old value through the mutable reference when present, and records that the lookup itself does not mutate the map.",source_justified,"std/src/collections/hash/map.rs:1297 documents that get_mut returns a mutable reference to the value for a borrowed key, requires borrowed-key Hash/Eq compatibility, and delegates to `self.base.get_mut(k)`; `obeys_key_model` and `builds_valid_hashers` are the vstd laws connecting that source HashMap behavior to the borrowed-key semantic view.",std/src/collections/hash/map.rs:1297,"1252:     /// The key may be any borrowed form of the map's key type, but
1253:     /// [`Hash`] and [`Eq`] on the borrowed form *must* match those for
1271:         K: Borrow<Q>,
1272:         Q: Hash + Eq,
1277:     /// Returns a mutable reference to the value corresponding to the key.
1279:     /// The key may be any borrowed form of the map's key type, but
1280:     /// [`Hash`] and [`Eq`] on the borrowed form *must* match those for
1297:     pub fn get_mut<Q: ?Sized>(&mut self, k: &Q) -> Option<&mut V>
1299:         K: Borrow<Q>,
1300:         Q: Hash + Eq,
1302:         self.base.get_mut(k)"
std::collections::HashMap::remove_entry,other,,4,add_spec,add_spec,assume_specification,True,ok,unsat,complete,1,1,1,,,,obeys_key_model::<Key>(); builds_valid_hashers::<S>(),"{
            let old_map = old(m)@;
            let removed_key = choose|key: Key|
                sets_borrowed_key_to_key(old_map.dom(), k, &key);
            &&& contains_borrowed_key(old_map, k) ==>
                sets_borrowed_key_to_key(old_map.dom(), k, &removed_key)
            &&& result == if contains_borrowed_key(old_map, k) {
                Some((removed_key, old_map[removed_key]))
            } else {
                None
            }
            &&& final(m)@ == if contains_borrowed_key(old_map, k) {
                old_map.remove(removed_key)
            } else {
                old_map
            }
        }","pub assume_specification<
    Key: std::borrow::Borrow<Q> + std::hash::Hash + Eq,
    Value,
    S: std::hash::BuildHasher,
    A: std::alloc::Allocator,
    Q: std::hash::Hash + Eq + ?Sized,
>[ std::collections::HashMap::<Key, Value, S, A>::remove_entry::<Q> ](
    m: &mut std::collections::HashMap<Key, Value, S, A>,
    k: &Q,
) -> (result: Option<(Key, Value)>)
    requires
        obeys_key_model::<Key>(),
        builds_valid_hashers::<S>(),
    ensures
        {
            let old_map = old(m)@;
            let removed_key = choose|key: Key|
                sets_borrowed_key_to_key(old_map.dom(), k, &key);
            &&& contains_borrowed_key(old_map, k) ==>
                sets_borrowed_key_to_key(old_map.dom(), k, &removed_key)
            &&& result == if contains_borrowed_key(old_map, k) {
                Some((removed_key, old_map[removed_key]))
            } else {
                None
            }
            &&& final(m)@ == if contains_borrowed_key(old_map, k) {
                old_map.remove(removed_key)
            } else {
                old_map
            }
        },
;","Rust 1.96 documents HashMap::remove_entry as removing a borrowed key and returning the stored key-value pair, and the body delegates to self.base.remove_entry(k). The Hash/Eq/hasher preconditions are the vstd bridge that makes the borrowed-key model functional enough to identify the returned stored key and exact final map.",source_justified,"std/src/collections/hash/map.rs:1420 documents that remove_entry accepts any borrowed key whose Hash/Eq behavior matches the map key type, returns the stored key and value when present, and delegates to `self.base.remove_entry(k)`; `obeys_key_model` and `builds_valid_hashers` are the vstd laws connecting that source HashMap behavior to the borrowed-key semantic view.",std/src/collections/hash/map.rs:1420,"1375:     /// [`Hash`] and [`Eq`] on the borrowed form *must* match those for
1393:         K: Borrow<Q>,
1394:         Q: Hash + Eq,
1399:     /// Removes a key from the map, returning the stored key and value if the
1402:     /// The key may be any borrowed form of the map's key type, but
1403:     /// [`Hash`] and [`Eq`] on the borrowed form *must* match those for
1420:     pub fn remove_entry<Q: ?Sized>(&mut self, k: &Q) -> Option<(K, V)>
1422:         K: Borrow<Q>,
1423:         Q: Hash + Eq,
1425:         self.base.remove_entry(k)"
std::collections::HashSet::is_disjoint,other,,1,add_spec,add_spec,assume_specification,True,ok,unsat,complete,1,1,1,,,,obeys_key_model::<Key>(); builds_valid_hashers::<S>(),result == m@.disjoint(other@),"pub assume_specification<
    Key: Eq + Hash,
    S: BuildHasher,
    A: Allocator,
>[ HashSet::<Key, S, A>::is_disjoint ](
    m: &HashSet<Key, S, A>,
    other: &HashSet<Key, S, A>,
) -> (result: bool)
    requires
        obeys_key_model::<Key>(),
        builds_valid_hashers::<S>(),
    ensures
        result == m@.disjoint(other@),
;","The implementation returns true exactly when neither set contains an element of the other. Under vstd's established key and hasher model laws, this is precisely the public Set::disjoint relation on the two HashSet views.",source_justified,"std/src/collections/hash/set.rs:955 shows the HashSet operation is implemented by iteration and `contains`/subset queries; Rust HashSet semantics rely on Eq/Hash and the BuildHasher, and the vstd `obeys_key_model`/`builds_valid_hashers` laws are the semantic bridge for that source behavior.",std/src/collections/hash/set.rs:955,"951:     /// b.insert(1);
952:     /// assert_eq!(a.is_disjoint(&b), false);
953:     /// ```
954:     #[stable(feature = ""rust1"", since = ""1.0.0"")]
955:     pub fn is_disjoint(&self, other: &HashSet<T, S, A>) -> bool {
956:         if self.len() <= other.len() {
957:             self.iter().all(|v| !other.contains(v))
958:         } else {
959:             other.iter().all(|v| !self.contains(v))
960:         }
961:     }
962: 
963:     /// Returns `true` if the set is a subset of another,"
std::collections::HashSet::is_subset,other,,1,add_spec,add_spec,assume_specification,True,ok,unsat,complete,1,1,1,,,,obeys_key_model::<Key>(); builds_valid_hashers::<S>(),result == m@.subset_of(other@),"pub assume_specification<
    Key: core::cmp::Eq + core::hash::Hash,
    S: core::hash::BuildHasher,
    A: std::alloc::Allocator,
>[ std::collections::HashSet::<Key, S, A>::is_subset ](
    m: &std::collections::HashSet<Key, S, A>,
    other: &std::collections::HashSet<Key, S, A>,
) -> (result: bool)
    requires
        obeys_key_model::<Key>(),
        builds_valid_hashers::<S>(),
    ensures
        result == m@.subset_of(other@),
;","The implementation returns whether every element of self is found in other, exactly matching Set::subset_of. The key-model and hasher laws connect executable equality and hashing to the semantic set view.",source_justified,"std/src/collections/hash/set.rs:981 shows the HashSet operation is implemented by iteration and `contains`/subset queries; Rust HashSet semantics rely on Eq/Hash and the BuildHasher, and the vstd `obeys_key_model`/`builds_valid_hashers` laws are the semantic bridge for that source behavior.",std/src/collections/hash/set.rs:981,"977:     /// set.insert(4);
978:     /// assert_eq!(set.is_subset(&sup), false);
979:     /// ```
980:     #[stable(feature = ""rust1"", since = ""1.0.0"")]
981:     pub fn is_subset(&self, other: &HashSet<T, S, A>) -> bool {
982:         if self.len() <= other.len() { self.iter().all(|v| other.contains(v)) } else { false }
983:     }
984: 
985:     /// Returns `true` if the set is a superset of another,
986:     /// i.e., `self` contains at least all the values in `other`.
987:     ///
988:     /// # Examples
989:     ///"
std::collections::HashSet::is_superset,other,,1,add_spec,add_spec,assume_specification,True,ok,unsat,complete,1,1,1,,,,obeys_key_model::<Key>(); builds_valid_hashers::<S>(),result == other@.subset_of(m@),"pub assume_specification<
    Key: Eq + Hash,
    S: BuildHasher,
    A: Allocator,
>[ HashSet::<Key, S, A>::is_superset ](
    m: &HashSet<Key, S, A>,
    other: &HashSet<Key, S, A>,
) -> (result: bool)
    requires
        obeys_key_model::<Key>(),
        builds_valid_hashers::<S>(),
    ensures
        result == other@.subset_of(m@),
;","The supplied implementation delegates directly to other.is_subset(self), and the documentation defines this as every element of other being contained in self. Under the existing key-model and hasher-validity laws, this is exactly other@.subset_of(m@).",source_justified,"std/src/collections/hash/set.rs:1007 shows the HashSet operation is implemented by iteration and `contains`/subset queries; Rust HashSet semantics rely on Eq/Hash and the BuildHasher, and the vstd `obeys_key_model`/`builds_valid_hashers` laws are the semantic bridge for that source behavior.",std/src/collections/hash/set.rs:1007,"1003:     /// assert_eq!(set.is_superset(&sub), true);
1004:     /// ```
1005:     #[inline]
1006:     #[stable(feature = ""rust1"", since = ""1.0.0"")]
1007:     pub fn is_superset(&self, other: &HashSet<T, S, A>) -> bool {
1008:         other.is_subset(self)
1009:     }
1010: 
1011:     /// Adds a value to the set.
1012:     ///
1013:     /// Returns whether the value was newly inserted. That is:
1014:     ///
1015:     /// - If the set did not previously contain this value, `true` is returned."
std::collections::HashSet::replace,other,,2,add_spec,add_spec,assume_specification,True,ok,unsat,complete,1,1,1,,,,obeys_key_model::<Key>(); builds_valid_hashers::<S>(),"match result {
            Some(replaced) => {
                &&& sets_borrowed_key_to_key(old(m)@, &value, &replaced)
                &&& final(m)@ == old(m)@.remove(replaced).insert(value)
            },
            None => {
                &&& !set_contains_borrowed_key(old(m)@, &value)
                &&& final(m)@ == old(m)@.insert(value)
            },
        }","pub assume_specification<
    Key: Eq + Hash,
    S: BuildHasher,
    A: Allocator,
>[ HashSet::<Key, S, A>::replace ](
    m: &mut HashSet<Key, S, A>,
    value: Key,
) -> (result: Option<Key>)
    requires
        obeys_key_model::<Key>(),
        builds_valid_hashers::<S>(),
    ensures
        match result {
            Some(replaced) => {
                &&& sets_borrowed_key_to_key(old(m)@, &value, &replaced)
                &&& final(m)@ == old(m)@.remove(replaced).insert(value)
            },
            None => {
                &&& !set_contains_borrowed_key(old(m)@, &value)
                &&& final(m)@ == old(m)@.insert(value)
            },
        },
;","The implementation delegates to the underlying set replacement operation. The contract distinguishes absence from replacement, relates the returned value to the equal stored representative, and describes the resulting set after inserting the supplied value.",source_justified,"std/src/collections/hash/set.rs:1056 documents replacing an equal existing set value and returning the replaced value, and delegates to `self.base.replace(value)`; Rust HashSet semantics rely on Eq/Hash and the BuildHasher, so the vstd `obeys_key_model`/`builds_valid_hashers` laws are the required semantic bridge.",std/src/collections/hash/set.rs:1056,"1052:     /// ```
1053:     #[inline]
1054:     #[stable(feature = ""set_recovery"", since = ""1.9.0"")]
1055:     #[rustc_confusables(""swap"")]
1056:     pub fn replace(&mut self, value: T) -> Option<T> {
1057:         self.base.replace(value)
1058:     }
1059: 
1060:     /// Removes a value from the set. Returns whether the value was
1061:     /// present in the set.
1062:     ///
1063:     /// The value may be any borrowed form of the set's value type, but
1064:     /// [`Hash`] and [`Eq`] on the borrowed form *must* match those for"
std::thread::Result::flatten,io_os_runtime,,3,add_spec,add_spec,assume_specification,True,ok,unsat,complete,1,1,1,,,,,"match value {
            core::result::Result::Ok(inner) => result == inner,
            core::result::Result::Err(e) => result == core::result::Result::Err(e),
        }","pub assume_specification<T, E>[core::result::Result::<core::result::Result<T, E>, E>::flatten](
    value: core::result::Result<core::result::Result<T, E>, E>,
) -> (result: core::result::Result<T, E>)
    ensures
        match value {
            core::result::Result::Ok(inner) => result == inner,
            core::result::Result::Err(e) => result == core::result::Result::Err(e),
        },
;","The contract exactly follows the implementation: an Ok returns its inner Result unchanged, while an Err is preserved. Result is a modeled output, so payload-preserving equality gives a source-justified deterministic specification rather than merely constraining the output variant. The canonical core Result method is targeted because std::thread::Result is a type alias.",not_applicable,No requires clause is present.,,
