target,status,semantic_family,contract_coverage_result,typecheck_result,determinism_result,target_binding_result,signature_shape_result,generic_bounds_result,anti_vacuity_result,source_fidelity_result
core::slice::ChunksExact::remainder,generated-new-real-relation-spec,iterator-splitting-and-chunking,covered: generated-new-real-relation-spec,verus-typecheck: pass; rc=0; command=/home/chentianyu/nanvix-rust-std-spec-survey/verus/source/target-verus/release/verus verification/harnesses/slice_splitting_iterator_batch.rs --no-verify; harness=verification/harnesses/slice_splitting_iterator_batch.rs; stdout=verification/evidence/slice_splitting_iterator_batch.verus.stdout(empty); stderr=verification/evidence/slice_splitting_iterator_batch.verus.stderr(empty); static-contract-shape-check retained with executable declaration present,feedback-pipeline determinism: status=ok; R0=UNSAT; r0_z3=unsat; classification=complete; verus_rc=0; evidence=verification/evidence/slice_feedback_determinism/all-20260811T1415Z-select-nth-result-shape/core__slice__ChunksExact__remainder/result.json; synthetic=verification/evidence/slice_feedback_determinism/all-20260811T1415Z-select-nth-result-shape/core__slice__ChunksExact__remainder/synthetic_spec.rs; harness=verification/evidence/slice_feedback_determinism/all-20260811T1415Z-select-nth-result-shape/core__slice__ChunksExact__remainder/det_harness.rs,target core::slice::ChunksExact::remainder bound from inventory declaration core:33656 at core/src/slice/iter.rs:1876,signature mirrored from inventory row and source declaration,none,passed: generated relation uses shared Seq/View vocabulary and no banned vacuity fragment,"passed: source reference, signature, and generic bounds match inventory"
core::slice::ChunksExactMut::into_remainder,generated-new-real-relation-spec,iterator-splitting-and-chunking,covered: generated-new-real-relation-spec,verus-typecheck: pass; rc=0; command=/home/chentianyu/nanvix-rust-std-spec-survey/verus/source/target-verus/release/verus verification/harnesses/slice_splitting_iterator_batch.rs --no-verify; harness=verification/harnesses/slice_splitting_iterator_batch.rs; stdout=verification/evidence/slice_splitting_iterator_batch.verus.stdout(empty); stderr=verification/evidence/slice_splitting_iterator_batch.verus.stderr(empty); static-contract-shape-check retained with executable declaration present,feedback-pipeline determinism: status=ok; R0=UNSAT; r0_z3=unsat; classification=complete; verus_rc=0; evidence=verification/evidence/slice_feedback_determinism/all-20260811T1415Z-select-nth-result-shape/core__slice__ChunksExactMut__into_remainder/result.json; synthetic=verification/evidence/slice_feedback_determinism/all-20260811T1415Z-select-nth-result-shape/core__slice__ChunksExactMut__into_remainder/synthetic_spec.rs; harness=verification/evidence/slice_feedback_determinism/all-20260811T1415Z-select-nth-result-shape/core__slice__ChunksExactMut__into_remainder/det_harness.rs,target core::slice::ChunksExactMut::into_remainder bound from inventory declaration core:33672 at core/src/slice/iter.rs:2039,signature mirrored from inventory row and source declaration,none,passed: generated relation uses shared Seq/View vocabulary and no banned vacuity fragment,"passed: source reference, signature, and generic bounds match inventory"
core::slice::Iter::as_slice,generated-new-real-relation-spec,iterator-splitting-and-chunking,covered: generated-new-real-relation-spec,verus-typecheck: pass; rc=0; command=/home/chentianyu/nanvix-rust-std-spec-survey/verus/source/target-verus/release/verus verification/harnesses/slice_splitting_iterator_batch.rs --no-verify; harness=verification/harnesses/slice_splitting_iterator_batch.rs; stdout=verification/evidence/slice_splitting_iterator_batch.verus.stdout(empty); stderr=verification/evidence/slice_splitting_iterator_batch.verus.stderr(empty); static-contract-shape-check retained with executable declaration present,feedback-pipeline determinism: status=ok; R0=UNSAT; r0_z3=unsat; classification=complete; verus_rc=0; evidence=verification/evidence/slice_feedback_determinism/all-20260811T1415Z-select-nth-result-shape/core__slice__Iter__as_slice/result.json; synthetic=verification/evidence/slice_feedback_determinism/all-20260811T1415Z-select-nth-result-shape/core__slice__Iter__as_slice/synthetic_spec.rs; harness=verification/evidence/slice_feedback_determinism/all-20260811T1415Z-select-nth-result-shape/core__slice__Iter__as_slice/det_harness.rs,target core::slice::Iter::as_slice bound from inventory declaration core:33478 at core/src/slice/iter.rs:135,signature mirrored from inventory row and source declaration,none,passed: generated relation uses shared Seq/View vocabulary and no banned vacuity fragment,"passed: source reference, signature, and generic bounds match inventory"
core::slice::IterMut::as_slice,generated-new-real-relation-spec,iterator-splitting-and-chunking,covered: generated-new-real-relation-spec,verus-typecheck: pass; rc=0; command=/home/chentianyu/nanvix-rust-std-spec-survey/verus/source/target-verus/release/verus verification/harnesses/slice_splitting_iterator_batch.rs --no-verify; harness=verification/harnesses/slice_splitting_iterator_batch.rs; stdout=verification/evidence/slice_splitting_iterator_batch.verus.stdout(empty); stderr=verification/evidence/slice_splitting_iterator_batch.verus.stderr(empty); static-contract-shape-check retained with executable declaration present,feedback-pipeline determinism: status=ok; R0=UNSAT; r0_z3=unsat; classification=complete; verus_rc=0; evidence=verification/evidence/slice_feedback_determinism/all-20260811T1415Z-select-nth-result-shape/core__slice__IterMut__as_slice/result.json; synthetic=verification/evidence/slice_feedback_determinism/all-20260811T1415Z-select-nth-result-shape/core__slice__IterMut__as_slice/synthetic_spec.rs; harness=verification/evidence/slice_feedback_determinism/all-20260811T1415Z-select-nth-result-shape/core__slice__IterMut__as_slice/det_harness.rs,target core::slice::IterMut::as_slice bound from inventory declaration core:33494 at core/src/slice/iter.rs:311,signature mirrored from inventory row and source declaration,none,passed: generated relation uses shared Seq/View vocabulary and no banned vacuity fragment,"passed: source reference, signature, and generic bounds match inventory"
core::slice::IterMut::into_slice,generated-new-real-relation-spec,iterator-splitting-and-chunking,covered: generated-new-real-relation-spec,verus-typecheck: pass; rc=0; command=/home/chentianyu/nanvix-rust-std-spec-survey/verus/source/target-verus/release/verus verification/harnesses/slice_splitting_iterator_batch.rs --no-verify; harness=verification/harnesses/slice_splitting_iterator_batch.rs; stdout=verification/evidence/slice_splitting_iterator_batch.verus.stdout(empty); stderr=verification/evidence/slice_splitting_iterator_batch.verus.stderr(empty); static-contract-shape-check retained with executable declaration present,feedback-pipeline determinism: status=ok; R0=UNSAT; r0_z3=unsat; classification=complete; verus_rc=0; evidence=verification/evidence/slice_feedback_determinism/all-20260811T1415Z-select-nth-result-shape/core__slice__IterMut__into_slice/result.json; synthetic=verification/evidence/slice_feedback_determinism/all-20260811T1415Z-select-nth-result-shape/core__slice__IterMut__into_slice/synthetic_spec.rs; harness=verification/evidence/slice_feedback_determinism/all-20260811T1415Z-select-nth-result-shape/core__slice__IterMut__into_slice/det_harness.rs,target core::slice::IterMut::into_slice bound from inventory declaration core:33493 at core/src/slice/iter.rs:274,signature mirrored from inventory row and source declaration,none,passed: generated relation uses shared Seq/View vocabulary and no banned vacuity fragment,"passed: source reference, signature, and generic bounds match inventory"
core::slice::RChunksExact::remainder,generated-new-real-relation-spec,iterator-splitting-and-chunking,covered: generated-new-real-relation-spec,verus-typecheck: pass; rc=0; command=/home/chentianyu/nanvix-rust-std-spec-survey/verus/source/target-verus/release/verus verification/harnesses/slice_splitting_iterator_batch.rs --no-verify; harness=verification/harnesses/slice_splitting_iterator_batch.rs; stdout=verification/evidence/slice_splitting_iterator_batch.verus.stdout(empty); stderr=verification/evidence/slice_splitting_iterator_batch.verus.stderr(empty); static-contract-shape-check retained with executable declaration present,feedback-pipeline determinism: status=ok; R0=UNSAT; r0_z3=unsat; classification=complete; verus_rc=0; evidence=verification/evidence/slice_feedback_determinism/all-20260811T1415Z-select-nth-result-shape/core__slice__RChunksExact__remainder/result.json; synthetic=verification/evidence/slice_feedback_determinism/all-20260811T1415Z-select-nth-result-shape/core__slice__RChunksExact__remainder/synthetic_spec.rs; harness=verification/evidence/slice_feedback_determinism/all-20260811T1415Z-select-nth-result-shape/core__slice__RChunksExact__remainder/det_harness.rs,target core::slice::RChunksExact::remainder bound from inventory declaration core:33721 at core/src/slice/iter.rs:2686,signature mirrored from inventory row and source declaration,none,passed: generated relation uses shared Seq/View vocabulary and no banned vacuity fragment,"passed: source reference, signature, and generic bounds match inventory"
core::slice::RChunksExactMut::into_remainder,generated-new-real-relation-spec,iterator-splitting-and-chunking,covered: generated-new-real-relation-spec,verus-typecheck: pass; rc=0; command=/home/chentianyu/nanvix-rust-std-spec-survey/verus/source/target-verus/release/verus verification/harnesses/slice_splitting_iterator_batch.rs --no-verify; harness=verification/harnesses/slice_splitting_iterator_batch.rs; stdout=verification/evidence/slice_splitting_iterator_batch.verus.stdout(empty); stderr=verification/evidence/slice_splitting_iterator_batch.verus.stderr(empty); static-contract-shape-check retained with executable declaration present,feedback-pipeline determinism: status=ok; R0=UNSAT; r0_z3=unsat; classification=complete; verus_rc=0; evidence=verification/evidence/slice_feedback_determinism/all-20260811T1415Z-select-nth-result-shape/core__slice__RChunksExactMut__into_remainder/result.json; synthetic=verification/evidence/slice_feedback_determinism/all-20260811T1415Z-select-nth-result-shape/core__slice__RChunksExactMut__into_remainder/synthetic_spec.rs; harness=verification/evidence/slice_feedback_determinism/all-20260811T1415Z-select-nth-result-shape/core__slice__RChunksExactMut__into_remainder/det_harness.rs,target core::slice::RChunksExactMut::into_remainder bound from inventory declaration core:33736 at core/src/slice/iter.rs:2855,signature mirrored from inventory row and source declaration,none,passed: generated relation uses shared Seq/View vocabulary and no banned vacuity fragment,"passed: source reference, signature, and generic bounds match inventory"
core::slice::align_to,generated-new-real-relation-spec,raw-pointer-and-provenance,covered: generated-new-real-relation-spec,verus-typecheck: pass; rc=0; command=/home/chentianyu/nanvix-rust-std-spec-survey/verus/source/target-verus/release/verus verification/harnesses/slice_remaining_families_batch.rs --no-verify; harness=verification/harnesses/slice_remaining_families_batch.rs; stdout=verification/evidence/slice_remaining_families_batch.verus.stdout(empty); stderr=verification/evidence/slice_remaining_families_batch.verus.stderr(empty); executable declaration present,"feedback-pipeline determinism: status=ok; R0=UNKNOWN; r0_z3=unknown; classification=ok_inconclusive; unknown_reason=raw-pointer-provenance-boundary; unknown_review_reason=pointer address, provenance, alignment, or layout state is source-observable but not uniquely recoverable from the pure slice Seq view; verus_rc=1; evidence=verification/evidence/slice_feedback_determinism/all-20260811T1415Z-select-nth-result-shape/core__slice__align_to/result.json; synthetic=verification/evidence/slice_feedback_determinism/all-20260811T1415Z-select-nth-result-shape/core__slice__align_to/synthetic_spec.rs; harness=verification/evidence/slice_feedback_determinism/all-20260811T1415Z-select-nth-result-shape/core__slice__align_to/det_harness.rs",target core::slice::align_to bound from inventory declaration core:61130 at core/src/slice/mod.rs:4506,signature mirrored from inventory row and source declaration,<U>,passed: generated relation uses shared Seq/View vocabulary and no banned vacuity fragment,"passed: source reference, signature, and generic bounds match inventory"
core::slice::align_to_mut,generated-new-real-relation-spec,raw-pointer-and-provenance,covered: generated-new-real-relation-spec,verus-typecheck: pass; rc=0; command=/home/chentianyu/nanvix-rust-std-spec-survey/verus/source/target-verus/release/verus verification/harnesses/slice_remaining_families_batch.rs --no-verify; harness=verification/harnesses/slice_remaining_families_batch.rs; stdout=verification/evidence/slice_remaining_families_batch.verus.stdout(empty); stderr=verification/evidence/slice_remaining_families_batch.verus.stderr(empty); executable declaration present,"feedback-pipeline determinism: status=ok; R0=UNKNOWN; r0_z3=unknown; classification=ok_inconclusive; unknown_reason=raw-pointer-provenance-boundary; unknown_review_reason=pointer address, provenance, alignment, or layout state is source-observable but not uniquely recoverable from the pure slice Seq view; verus_rc=1; evidence=verification/evidence/slice_feedback_determinism/all-20260811T1415Z-select-nth-result-shape/core__slice__align_to_mut/result.json; synthetic=verification/evidence/slice_feedback_determinism/all-20260811T1415Z-select-nth-result-shape/core__slice__align_to_mut/synthetic_spec.rs; harness=verification/evidence/slice_feedback_determinism/all-20260811T1415Z-select-nth-result-shape/core__slice__align_to_mut/det_harness.rs",target core::slice::align_to_mut bound from inventory declaration core:61131 at core/src/slice/mod.rs:4571,signature mirrored from inventory row and source declaration,<U>,passed: generated relation uses shared Seq/View vocabulary and no banned vacuity fragment,"passed: source reference, signature, and generic bounds match inventory"
core::slice::array_windows,generated-new-real-relation-spec,iterator-splitting-and-chunking,covered: generated-new-real-relation-spec,verus-typecheck: pass; rc=0; command=/home/chentianyu/nanvix-rust-std-spec-survey/verus/source/target-verus/release/verus verification/harnesses/slice_splitting_iterator_batch.rs --no-verify; harness=verification/harnesses/slice_splitting_iterator_batch.rs; stdout=verification/evidence/slice_splitting_iterator_batch.verus.stdout(empty); stderr=verification/evidence/slice_splitting_iterator_batch.verus.stderr(empty); static-contract-shape-check retained with executable declaration present,"feedback-pipeline determinism: status=ok; R0=UNKNOWN; r0_z3=unknown; classification=ok_inconclusive; unknown_reason=iterator-or-subslice-state-boundary; unknown_review_reason=contract fixes source/remaining/subrange state, but the Rust iterator, chunk, split, or borrowed subslice value retains opaque runtime/lifetime state; verus_rc=1; evidence=verification/evidence/slice_feedback_determinism/all-20260811T1415Z-select-nth-result-shape/core__slice__array_windows/result.json; synthetic=verification/evidence/slice_feedback_determinism/all-20260811T1415Z-select-nth-result-shape/core__slice__array_windows/synthetic_spec.rs; harness=verification/evidence/slice_feedback_determinism/all-20260811T1415Z-select-nth-result-shape/core__slice__array_windows/det_harness.rs",target core::slice::array_windows bound from inventory declaration core:33684 at core/src/slice/mod.rs:1649,signature mirrored from inventory row and source declaration,<const N: usize>,passed: generated relation uses shared Seq/View vocabulary and no banned vacuity fragment,"passed: source reference, signature, and generic bounds match inventory"
core::slice::as_array,generated-new-real-relation-spec,views-and-fixed-subranges,covered: generated-new-real-relation-spec,verus-typecheck: pass; rc=0; command=/home/chentianyu/nanvix-rust-std-spec-survey/verus/source/target-verus/release/verus verification/harnesses/slice_splitting_iterator_batch.rs --no-verify; harness=verification/harnesses/slice_splitting_iterator_batch.rs; stdout=verification/evidence/slice_splitting_iterator_batch.verus.stdout(empty); stderr=verification/evidence/slice_splitting_iterator_batch.verus.stderr(empty); static-contract-shape-check retained with executable declaration present,feedback-pipeline determinism: status=ok; R0=UNSAT; r0_z3=unsat; classification=complete; verus_rc=0; evidence=verification/evidence/slice_feedback_determinism/all-20260811T1415Z-select-nth-result-shape/core__slice__as_array/result.json; synthetic=verification/evidence/slice_feedback_determinism/all-20260811T1415Z-select-nth-result-shape/core__slice__as_array/synthetic_spec.rs; harness=verification/evidence/slice_feedback_determinism/all-20260811T1415Z-select-nth-result-shape/core__slice__as_array/det_harness.rs,target core::slice::as_array bound from inventory declaration core:61076 at core/src/slice/mod.rs:853,signature mirrored from inventory row and source declaration,<const N: usize>,passed: generated relation uses shared Seq/View vocabulary and no banned vacuity fragment,"passed: source reference, signature, and generic bounds match inventory"
core::slice::as_chunks,generated-new-real-relation-spec,iterator-splitting-and-chunking,covered: generated-new-real-relation-spec,verus-typecheck: pass; rc=0; command=/home/chentianyu/nanvix-rust-std-spec-survey/verus/source/target-verus/release/verus verification/harnesses/slice_splitting_iterator_batch.rs --no-verify; harness=verification/harnesses/slice_splitting_iterator_batch.rs; stdout=verification/evidence/slice_splitting_iterator_batch.verus.stdout(empty); stderr=verification/evidence/slice_splitting_iterator_batch.verus.stderr(empty); static-contract-shape-check retained with executable declaration present,"feedback-pipeline determinism: status=ok; R0=UNKNOWN; r0_z3=unknown; classification=ok_inconclusive; unknown_reason=iterator-or-subslice-state-boundary; unknown_review_reason=contract fixes source/remaining/subrange state, but the Rust iterator, chunk, split, or borrowed subslice value retains opaque runtime/lifetime state; verus_rc=1; evidence=verification/evidence/slice_feedback_determinism/all-20260811T1415Z-select-nth-result-shape/core__slice__as_chunks/result.json; synthetic=verification/evidence/slice_feedback_determinism/all-20260811T1415Z-select-nth-result-shape/core__slice__as_chunks/synthetic_spec.rs; harness=verification/evidence/slice_feedback_determinism/all-20260811T1415Z-select-nth-result-shape/core__slice__as_chunks/det_harness.rs",target core::slice::as_chunks bound from inventory declaration core:61081 at core/src/slice/mod.rs:1399,signature mirrored from inventory row and source declaration,<const N: usize>,passed: generated relation uses shared Seq/View vocabulary and no banned vacuity fragment,"passed: source reference, signature, and generic bounds match inventory"
core::slice::as_chunks_mut,generated-new-real-relation-spec,iterator-splitting-and-chunking,covered: generated-new-real-relation-spec,verus-typecheck: pass; rc=0; command=/home/chentianyu/nanvix-rust-std-spec-survey/verus/source/target-verus/release/verus verification/harnesses/slice_splitting_iterator_batch.rs --no-verify; harness=verification/harnesses/slice_splitting_iterator_batch.rs; stdout=verification/evidence/slice_splitting_iterator_batch.verus.stdout(empty); stderr=verification/evidence/slice_splitting_iterator_batch.verus.stderr(empty); static-contract-shape-check retained with executable declaration present,"feedback-pipeline determinism: status=ok; R0=UNKNOWN; r0_z3=unknown; classification=ok_inconclusive; unknown_reason=iterator-or-subslice-state-boundary; unknown_review_reason=contract fixes source/remaining/subrange state, but the Rust iterator, chunk, split, or borrowed subslice value retains opaque runtime/lifetime state; verus_rc=1; evidence=verification/evidence/slice_feedback_determinism/all-20260811T1415Z-select-nth-result-shape/core__slice__as_chunks_mut/result.json; synthetic=verification/evidence/slice_feedback_determinism/all-20260811T1415Z-select-nth-result-shape/core__slice__as_chunks_mut/synthetic_spec.rs; harness=verification/evidence/slice_feedback_determinism/all-20260811T1415Z-select-nth-result-shape/core__slice__as_chunks_mut/det_harness.rs",target core::slice::as_chunks_mut bound from inventory declaration core:61082 at core/src/slice/mod.rs:1555,signature mirrored from inventory row and source declaration,<const N: usize>,passed: generated relation uses shared Seq/View vocabulary and no banned vacuity fragment,"passed: source reference, signature, and generic bounds match inventory"
core::slice::as_chunks_unchecked,generated-new-real-relation-spec,iterator-splitting-and-chunking,covered: generated-new-real-relation-spec,verus-typecheck: pass; rc=0; command=/home/chentianyu/nanvix-rust-std-spec-survey/verus/source/target-verus/release/verus verification/harnesses/slice_splitting_iterator_batch.rs --no-verify; harness=verification/harnesses/slice_splitting_iterator_batch.rs; stdout=verification/evidence/slice_splitting_iterator_batch.verus.stdout(empty); stderr=verification/evidence/slice_splitting_iterator_batch.verus.stderr(empty); static-contract-shape-check retained with executable declaration present,"feedback-pipeline determinism: status=ok; R0=UNKNOWN; r0_z3=unknown; classification=ok_inconclusive; unknown_reason=iterator-or-subslice-state-boundary; unknown_review_reason=contract fixes source/remaining/subrange state, but the Rust iterator, chunk, split, or borrowed subslice value retains opaque runtime/lifetime state; verus_rc=1; evidence=verification/evidence/slice_feedback_determinism/all-20260811T1415Z-select-nth-result-shape/core__slice__as_chunks_unchecked/result.json; synthetic=verification/evidence/slice_feedback_determinism/all-20260811T1415Z-select-nth-result-shape/core__slice__as_chunks_unchecked/synthetic_spec.rs; harness=verification/evidence/slice_feedback_determinism/all-20260811T1415Z-select-nth-result-shape/core__slice__as_chunks_unchecked/det_harness.rs",target core::slice::as_chunks_unchecked bound from inventory declaration core:61085 at core/src/slice/mod.rs:1341,signature mirrored from inventory row and source declaration,<const N: usize>,passed: generated relation uses shared Seq/View vocabulary and no banned vacuity fragment,"passed: source reference, signature, and generic bounds match inventory"
core::slice::as_chunks_unchecked_mut,generated-new-real-relation-spec,iterator-splitting-and-chunking,covered: generated-new-real-relation-spec,verus-typecheck: pass; rc=0; command=/home/chentianyu/nanvix-rust-std-spec-survey/verus/source/target-verus/release/verus verification/harnesses/slice_splitting_iterator_batch.rs --no-verify; harness=verification/harnesses/slice_splitting_iterator_batch.rs; stdout=verification/evidence/slice_splitting_iterator_batch.verus.stdout(empty); stderr=verification/evidence/slice_splitting_iterator_batch.verus.stderr(empty); static-contract-shape-check retained with executable declaration present,"feedback-pipeline determinism: status=ok; R0=UNKNOWN; r0_z3=unknown; classification=ok_inconclusive; unknown_reason=iterator-or-subslice-state-boundary; unknown_review_reason=contract fixes source/remaining/subrange state, but the Rust iterator, chunk, split, or borrowed subslice value retains opaque runtime/lifetime state; verus_rc=1; evidence=verification/evidence/slice_feedback_determinism/all-20260811T1415Z-select-nth-result-shape/core__slice__as_chunks_unchecked_mut/result.json; synthetic=verification/evidence/slice_feedback_determinism/all-20260811T1415Z-select-nth-result-shape/core__slice__as_chunks_unchecked_mut/synthetic_spec.rs; harness=verification/evidence/slice_feedback_determinism/all-20260811T1415Z-select-nth-result-shape/core__slice__as_chunks_unchecked_mut/det_harness.rs",target core::slice::as_chunks_unchecked_mut bound from inventory declaration core:61088 at core/src/slice/mod.rs:1501,signature mirrored from inventory row and source declaration,<const N: usize>,passed: generated relation uses shared Seq/View vocabulary and no banned vacuity fragment,"passed: source reference, signature, and generic bounds match inventory"
core::slice::as_flattened,generated-new-real-relation-spec,views-and-fixed-subranges,covered: generated-new-real-relation-spec,verus-typecheck: pass; rc=0; command=/home/chentianyu/nanvix-rust-std-spec-survey/verus/source/target-verus/release/verus verification/harnesses/slice_remaining_families_batch.rs --no-verify; harness=verification/harnesses/slice_remaining_families_batch.rs; stdout=verification/evidence/slice_remaining_families_batch.verus.stdout(empty); stderr=verification/evidence/slice_remaining_families_batch.verus.stderr(empty); executable declaration present,feedback-pipeline determinism: status=ok; R0=UNSAT; r0_z3=unsat; classification=complete; verus_rc=0; evidence=verification/evidence/slice_feedback_determinism/all-20260811T1415Z-select-nth-result-shape/core__slice__as_flattened/result.json; synthetic=verification/evidence/slice_feedback_determinism/all-20260811T1415Z-select-nth-result-shape/core__slice__as_flattened/synthetic_spec.rs; harness=verification/evidence/slice_feedback_determinism/all-20260811T1415Z-select-nth-result-shape/core__slice__as_flattened/det_harness.rs,target core::slice::as_flattened bound from inventory declaration core:61083 at core/src/slice/mod.rs:5451,signature mirrored from inventory row and source declaration,none,passed: generated relation uses shared Seq/View vocabulary and no banned vacuity fragment,"passed: source reference, signature, and generic bounds match inventory"
core::slice::as_flattened_mut,generated-new-real-relation-spec,views-and-fixed-subranges,covered: generated-new-real-relation-spec,verus-typecheck: pass; rc=0; command=/home/chentianyu/nanvix-rust-std-spec-survey/verus/source/target-verus/release/verus verification/harnesses/slice_remaining_families_batch.rs --no-verify; harness=verification/harnesses/slice_remaining_families_batch.rs; stdout=verification/evidence/slice_remaining_families_batch.verus.stdout(empty); stderr=verification/evidence/slice_remaining_families_batch.verus.stderr(empty); executable declaration present,"feedback-pipeline determinism: status=ok; R0=UNKNOWN; r0_z3=unknown; classification=ok_inconclusive; unknown_reason=mutable-reference-view-boundary; unknown_review_reason=contract fixes the Seq view and old/final frame, but mutable reference identity and alias/lifetime state are not uniquely determined by that view; verus_rc=1; evidence=verification/evidence/slice_feedback_determinism/all-20260811T1415Z-select-nth-result-shape/core__slice__as_flattened_mut/result.json; synthetic=verification/evidence/slice_feedback_determinism/all-20260811T1415Z-select-nth-result-shape/core__slice__as_flattened_mut/synthetic_spec.rs; harness=verification/evidence/slice_feedback_determinism/all-20260811T1415Z-select-nth-result-shape/core__slice__as_flattened_mut/det_harness.rs",target core::slice::as_flattened_mut bound from inventory declaration core:61086 at core/src/slice/mod.rs:5493,signature mirrored from inventory row and source declaration,none,passed: generated relation uses shared Seq/View vocabulary and no banned vacuity fragment,"passed: source reference, signature, and generic bounds match inventory"
core::slice::as_mut_array,generated-new-real-relation-spec,views-and-fixed-subranges,covered: generated-new-real-relation-spec,verus-typecheck: pass; rc=0; command=/home/chentianyu/nanvix-rust-std-spec-survey/verus/source/target-verus/release/verus verification/harnesses/slice_splitting_iterator_batch.rs --no-verify; harness=verification/harnesses/slice_splitting_iterator_batch.rs; stdout=verification/evidence/slice_splitting_iterator_batch.verus.stdout(empty); stderr=verification/evidence/slice_splitting_iterator_batch.verus.stderr(empty); static-contract-shape-check retained with executable declaration present,"feedback-pipeline determinism: status=ok; R0=UNKNOWN; r0_z3=unknown; classification=ok_inconclusive; unknown_reason=mutable-reference-view-boundary; unknown_review_reason=contract fixes the Seq view and old/final frame, but mutable reference identity and alias/lifetime state are not uniquely determined by that view; verus_rc=1; evidence=verification/evidence/slice_feedback_determinism/all-20260811T1415Z-select-nth-result-shape/core__slice__as_mut_array/result.json; synthetic=verification/evidence/slice_feedback_determinism/all-20260811T1415Z-select-nth-result-shape/core__slice__as_mut_array/synthetic_spec.rs; harness=verification/evidence/slice_feedback_determinism/all-20260811T1415Z-select-nth-result-shape/core__slice__as_mut_array/det_harness.rs",target core::slice::as_mut_array bound from inventory declaration core:61077 at core/src/slice/mod.rs:872,signature mirrored from inventory row and source declaration,<const N: usize>,passed: generated relation uses shared Seq/View vocabulary and no banned vacuity fragment,"passed: source reference, signature, and generic bounds match inventory"
core::slice::as_mut_ptr,generated-new-real-relation-spec,raw-pointer-and-provenance,covered: generated-new-real-relation-spec,verus-typecheck: pass; rc=0; command=/home/chentianyu/nanvix-rust-std-spec-survey/verus/source/target-verus/release/verus verification/harnesses/slice_remaining_families_batch.rs --no-verify; harness=verification/harnesses/slice_remaining_families_batch.rs; stdout=verification/evidence/slice_remaining_families_batch.verus.stdout(empty); stderr=verification/evidence/slice_remaining_families_batch.verus.stderr(empty); executable declaration present,"feedback-pipeline determinism: status=ok; R0=UNKNOWN; r0_z3=unknown; classification=ok_inconclusive; unknown_reason=raw-pointer-provenance-boundary; unknown_review_reason=pointer address, provenance, alignment, or layout state is source-observable but not uniquely recoverable from the pure slice Seq view; verus_rc=1; evidence=verification/evidence/slice_feedback_determinism/all-20260811T1415Z-select-nth-result-shape/core__slice__as_mut_ptr/result.json; synthetic=verification/evidence/slice_feedback_determinism/all-20260811T1415Z-select-nth-result-shape/core__slice__as_mut_ptr/synthetic_spec.rs; harness=verification/evidence/slice_feedback_determinism/all-20260811T1415Z-select-nth-result-shape/core__slice__as_mut_ptr/det_harness.rs",target core::slice::as_mut_ptr bound from inventory declaration core:61074 at core/src/slice/mod.rs:760,signature mirrored from inventory row and source declaration,none,passed: generated relation uses shared Seq/View vocabulary and no banned vacuity fragment,"passed: source reference, signature, and generic bounds match inventory"
core::slice::as_mut_ptr_range,generated-new-real-relation-spec,raw-pointer-and-provenance,covered: generated-new-real-relation-spec,verus-typecheck: pass; rc=0; command=/home/chentianyu/nanvix-rust-std-spec-survey/verus/source/target-verus/release/verus verification/harnesses/slice_remaining_families_batch.rs --no-verify; harness=verification/harnesses/slice_remaining_families_batch.rs; stdout=verification/evidence/slice_remaining_families_batch.verus.stdout(empty); stderr=verification/evidence/slice_remaining_families_batch.verus.stderr(empty); executable declaration present,"feedback-pipeline determinism: status=ok; R0=UNKNOWN; r0_z3=unknown; classification=ok_inconclusive; unknown_reason=raw-pointer-provenance-boundary; unknown_review_reason=pointer address, provenance, alignment, or layout state is source-observable but not uniquely recoverable from the pure slice Seq view; verus_rc=1; evidence=verification/evidence/slice_feedback_determinism/all-20260811T1415Z-select-nth-result-shape/core__slice__as_mut_ptr_range/result.json; synthetic=verification/evidence/slice_feedback_determinism/all-20260811T1415Z-select-nth-result-shape/core__slice__as_mut_ptr_range/synthetic_spec.rs; harness=verification/evidence/slice_feedback_determinism/all-20260811T1415Z-select-nth-result-shape/core__slice__as_mut_ptr_range/det_harness.rs",target core::slice::as_mut_ptr_range bound from inventory declaration core:33775 at core/src/slice/mod.rs:839,signature mirrored from inventory row and source declaration,none,passed: generated relation uses shared Seq/View vocabulary and no banned vacuity fragment,"passed: source reference, signature, and generic bounds match inventory"
core::slice::as_ptr,generated-new-real-relation-spec,raw-pointer-and-provenance,covered: generated-new-real-relation-spec,verus-typecheck: pass; rc=0; command=/home/chentianyu/nanvix-rust-std-spec-survey/verus/source/target-verus/release/verus verification/harnesses/slice_remaining_families_batch.rs --no-verify; harness=verification/harnesses/slice_remaining_families_batch.rs; stdout=verification/evidence/slice_remaining_families_batch.verus.stdout(empty); stderr=verification/evidence/slice_remaining_families_batch.verus.stderr(empty); executable declaration present,"feedback-pipeline determinism: status=ok; R0=UNKNOWN; r0_z3=unknown; classification=ok_inconclusive; unknown_reason=raw-pointer-provenance-boundary; unknown_review_reason=pointer address, provenance, alignment, or layout state is source-observable but not uniquely recoverable from the pure slice Seq view; verus_rc=1; evidence=verification/evidence/slice_feedback_determinism/all-20260811T1415Z-select-nth-result-shape/core__slice__as_ptr/result.json; synthetic=verification/evidence/slice_feedback_determinism/all-20260811T1415Z-select-nth-result-shape/core__slice__as_ptr/synthetic_spec.rs; harness=verification/evidence/slice_feedback_determinism/all-20260811T1415Z-select-nth-result-shape/core__slice__as_ptr/det_harness.rs",target core::slice::as_ptr bound from inventory declaration core:61075 at core/src/slice/mod.rs:728,signature mirrored from inventory row and source declaration,none,passed: generated relation uses shared Seq/View vocabulary and no banned vacuity fragment,"passed: source reference, signature, and generic bounds match inventory"
core::slice::as_ptr_range,generated-new-real-relation-spec,raw-pointer-and-provenance,covered: generated-new-real-relation-spec,verus-typecheck: pass; rc=0; command=/home/chentianyu/nanvix-rust-std-spec-survey/verus/source/target-verus/release/verus verification/harnesses/slice_remaining_families_batch.rs --no-verify; harness=verification/harnesses/slice_remaining_families_batch.rs; stdout=verification/evidence/slice_remaining_families_batch.verus.stdout(empty); stderr=verification/evidence/slice_remaining_families_batch.verus.stderr(empty); executable declaration present,"feedback-pipeline determinism: status=ok; R0=UNKNOWN; r0_z3=unknown; classification=ok_inconclusive; unknown_reason=raw-pointer-provenance-boundary; unknown_review_reason=pointer address, provenance, alignment, or layout state is source-observable but not uniquely recoverable from the pure slice Seq view; verus_rc=1; evidence=verification/evidence/slice_feedback_determinism/all-20260811T1415Z-select-nth-result-shape/core__slice__as_ptr_range/result.json; synthetic=verification/evidence/slice_feedback_determinism/all-20260811T1415Z-select-nth-result-shape/core__slice__as_ptr_range/synthetic_spec.rs; harness=verification/evidence/slice_feedback_determinism/all-20260811T1415Z-select-nth-result-shape/core__slice__as_ptr_range/det_harness.rs",target core::slice::as_ptr_range bound from inventory declaration core:33773 at core/src/slice/mod.rs:796,signature mirrored from inventory row and source declaration,none,passed: generated relation uses shared Seq/View vocabulary and no banned vacuity fragment,"passed: source reference, signature, and generic bounds match inventory"
core::slice::as_rchunks,generated-new-real-relation-spec,iterator-splitting-and-chunking,covered: generated-new-real-relation-spec,verus-typecheck: pass; rc=0; command=/home/chentianyu/nanvix-rust-std-spec-survey/verus/source/target-verus/release/verus verification/harnesses/slice_splitting_iterator_batch.rs --no-verify; harness=verification/harnesses/slice_splitting_iterator_batch.rs; stdout=verification/evidence/slice_splitting_iterator_batch.verus.stdout(empty); stderr=verification/evidence/slice_splitting_iterator_batch.verus.stderr(empty); static-contract-shape-check retained with executable declaration present,"feedback-pipeline determinism: status=ok; R0=UNKNOWN; r0_z3=unknown; classification=ok_inconclusive; unknown_reason=iterator-or-subslice-state-boundary; unknown_review_reason=contract fixes source/remaining/subrange state, but the Rust iterator, chunk, split, or borrowed subslice value retains opaque runtime/lifetime state; verus_rc=1; evidence=verification/evidence/slice_feedback_determinism/all-20260811T1415Z-select-nth-result-shape/core__slice__as_rchunks/result.json; synthetic=verification/evidence/slice_feedback_determinism/all-20260811T1415Z-select-nth-result-shape/core__slice__as_rchunks/synthetic_spec.rs; harness=verification/evidence/slice_feedback_determinism/all-20260811T1415Z-select-nth-result-shape/core__slice__as_rchunks/det_harness.rs",target core::slice::as_rchunks bound from inventory declaration core:61084 at core/src/slice/mod.rs:1446,signature mirrored from inventory row and source declaration,<const N: usize>,passed: generated relation uses shared Seq/View vocabulary and no banned vacuity fragment,"passed: source reference, signature, and generic bounds match inventory"
core::slice::as_rchunks_mut,generated-new-real-relation-spec,iterator-splitting-and-chunking,covered: generated-new-real-relation-spec,verus-typecheck: pass; rc=0; command=/home/chentianyu/nanvix-rust-std-spec-survey/verus/source/target-verus/release/verus verification/harnesses/slice_splitting_iterator_batch.rs --no-verify; harness=verification/harnesses/slice_splitting_iterator_batch.rs; stdout=verification/evidence/slice_splitting_iterator_batch.verus.stdout(empty); stderr=verification/evidence/slice_splitting_iterator_batch.verus.stderr(empty); static-contract-shape-check retained with executable declaration present,"feedback-pipeline determinism: status=ok; R0=UNKNOWN; r0_z3=unknown; classification=ok_inconclusive; unknown_reason=iterator-or-subslice-state-boundary; unknown_review_reason=contract fixes source/remaining/subrange state, but the Rust iterator, chunk, split, or borrowed subslice value retains opaque runtime/lifetime state; verus_rc=1; evidence=verification/evidence/slice_feedback_determinism/all-20260811T1415Z-select-nth-result-shape/core__slice__as_rchunks_mut/result.json; synthetic=verification/evidence/slice_feedback_determinism/all-20260811T1415Z-select-nth-result-shape/core__slice__as_rchunks_mut/synthetic_spec.rs; harness=verification/evidence/slice_feedback_determinism/all-20260811T1415Z-select-nth-result-shape/core__slice__as_rchunks_mut/det_harness.rs",target core::slice::as_rchunks_mut bound from inventory declaration core:61087 at core/src/slice/mod.rs:1608,signature mirrored from inventory row and source declaration,<const N: usize>,passed: generated relation uses shared Seq/View vocabulary and no banned vacuity fragment,"passed: source reference, signature, and generic bounds match inventory"
core::slice::assume_init_drop,generated-new-real-relation-spec,maybe-uninit-slice-storage,covered: generated-new-real-relation-spec,verus-typecheck: pass; rc=0; command=/home/chentianyu/nanvix-rust-std-spec-survey/verus/source/target-verus/release/verus verification/harnesses/slice_remaining_families_batch.rs --no-verify; harness=verification/harnesses/slice_remaining_families_batch.rs; stdout=verification/evidence/slice_remaining_families_batch.verus.stdout(empty); stderr=verification/evidence/slice_remaining_families_batch.verus.stderr(empty); executable declaration present,feedback-pipeline determinism: status=ok; R0=UNKNOWN; r0_z3=unknown; classification=ok_inconclusive; unknown_reason=maybeuninit-storage-boundary; unknown_review_reason=MaybeUninit initialization/storage state is modeled relationally through a raw-storage view and cannot be collapsed to one unique concrete value; verus_rc=1; evidence=verification/evidence/slice_feedback_determinism/all-20260811T1415Z-select-nth-result-shape/core__slice__assume_init_drop/result.json; synthetic=verification/evidence/slice_feedback_determinism/all-20260811T1415Z-select-nth-result-shape/core__slice__assume_init_drop/synthetic_spec.rs; harness=verification/evidence/slice_feedback_determinism/all-20260811T1415Z-select-nth-result-shape/core__slice__assume_init_drop/det_harness.rs,target core::slice::assume_init_drop bound from inventory declaration core:61036 at core/src/mem/maybe_uninit.rs:1487,signature mirrored from inventory row and source declaration,"T: [const] Destruct,",passed: generated relation uses shared Seq/View vocabulary and no banned vacuity fragment,"passed: source reference, signature, and generic bounds match inventory"
core::slice::assume_init_mut,generated-new-real-relation-spec,maybe-uninit-slice-storage,covered: generated-new-real-relation-spec,verus-typecheck: pass; rc=0; command=/home/chentianyu/nanvix-rust-std-spec-survey/verus/source/target-verus/release/verus verification/harnesses/slice_remaining_families_batch.rs --no-verify; harness=verification/harnesses/slice_remaining_families_batch.rs; stdout=verification/evidence/slice_remaining_families_batch.verus.stdout(empty); stderr=verification/evidence/slice_remaining_families_batch.verus.stderr(empty); executable declaration present,feedback-pipeline determinism: status=ok; R0=UNKNOWN; r0_z3=unknown; classification=ok_inconclusive; unknown_reason=maybeuninit-storage-boundary; unknown_review_reason=MaybeUninit initialization/storage state is modeled relationally through a raw-storage view and cannot be collapsed to one unique concrete value; verus_rc=1; evidence=verification/evidence/slice_feedback_determinism/all-20260811T1415Z-select-nth-result-shape/core__slice__assume_init_mut/result.json; synthetic=verification/evidence/slice_feedback_determinism/all-20260811T1415Z-select-nth-result-shape/core__slice__assume_init_mut/synthetic_spec.rs; harness=verification/evidence/slice_feedback_determinism/all-20260811T1415Z-select-nth-result-shape/core__slice__assume_init_mut/det_harness.rs,target core::slice::assume_init_mut bound from inventory declaration core:61038 at core/src/mem/maybe_uninit.rs:1528,signature mirrored from inventory row and source declaration,none,passed: generated relation uses shared Seq/View vocabulary and no banned vacuity fragment,"passed: source reference, signature, and generic bounds match inventory"
core::slice::assume_init_ref,generated-new-real-relation-spec,maybe-uninit-slice-storage,covered: generated-new-real-relation-spec,verus-typecheck: pass; rc=0; command=/home/chentianyu/nanvix-rust-std-spec-survey/verus/source/target-verus/release/verus verification/harnesses/slice_remaining_families_batch.rs --no-verify; harness=verification/harnesses/slice_remaining_families_batch.rs; stdout=verification/evidence/slice_remaining_families_batch.verus.stdout(empty); stderr=verification/evidence/slice_remaining_families_batch.verus.stderr(empty); executable declaration present,feedback-pipeline determinism: status=ok; R0=UNSAT; r0_z3=unsat; classification=complete; verus_rc=0; evidence=verification/evidence/slice_feedback_determinism/all-20260811T1415Z-select-nth-result-shape/core__slice__assume_init_ref/result.json; synthetic=verification/evidence/slice_feedback_determinism/all-20260811T1415Z-select-nth-result-shape/core__slice__assume_init_ref/synthetic_spec.rs; harness=verification/evidence/slice_feedback_determinism/all-20260811T1415Z-select-nth-result-shape/core__slice__assume_init_ref/det_harness.rs,target core::slice::assume_init_ref bound from inventory declaration core:61037 at core/src/mem/maybe_uninit.rs:1509,signature mirrored from inventory row and source declaration,none,passed: generated relation uses shared Seq/View vocabulary and no banned vacuity fragment,"passed: source reference, signature, and generic bounds match inventory"
core::slice::binary_search,generated-new-real-relation-spec,search-prefix-suffix-ordering,covered: generated-new-real-relation-spec,verus-typecheck: pass; rc=0; command=/home/chentianyu/nanvix-rust-std-spec-survey/verus/source/target-verus/release/verus verification/harnesses/slice_observation_mutation_batch.rs --no-verify; harness=verification/harnesses/slice_observation_mutation_batch.rs; stdout=verification/evidence/slice_observation_mutation_batch.verus.stdout(empty); stderr=verification/evidence/slice_observation_mutation_batch.verus.stderr(empty); static-contract-shape-check retained with executable declaration present,"feedback-pipeline determinism: status=ok; R0=UNKNOWN; r0_z3=unknown; classification=ok_inconclusive; unknown_reason=duplicate-or-callback-search-boundary; unknown_review_reason=search result is source-backed but relational: duplicate matches, insertion points, or callback/predicate observations do not force a unique return; verus_rc=1; evidence=verification/evidence/slice_feedback_determinism/all-20260811T1415Z-select-nth-result-shape/core__slice__binary_search/result.json; synthetic=verification/evidence/slice_feedback_determinism/all-20260811T1415Z-select-nth-result-shape/core__slice__binary_search/synthetic_spec.rs; harness=verification/evidence/slice_feedback_determinism/all-20260811T1415Z-select-nth-result-shape/core__slice__binary_search/det_harness.rs",target core::slice::binary_search bound from inventory declaration core:61097 at core/src/slice/mod.rs:2925,signature mirrored from inventory row and source declaration,"T: Ord,",passed: generated relation uses shared Seq/View vocabulary and no banned vacuity fragment,"passed: source reference, signature, and generic bounds match inventory"
core::slice::binary_search_by,generated-new-real-relation-spec,search-prefix-suffix-ordering,covered: generated-new-real-relation-spec,verus-typecheck: pass; rc=0; command=/home/chentianyu/nanvix-rust-std-spec-survey/verus/source/target-verus/release/verus verification/harnesses/slice_observation_mutation_batch.rs --no-verify; harness=verification/harnesses/slice_observation_mutation_batch.rs; stdout=verification/evidence/slice_observation_mutation_batch.verus.stdout(empty); stderr=verification/evidence/slice_observation_mutation_batch.verus.stderr(empty); static-contract-shape-check retained with executable declaration present,"feedback-pipeline determinism: status=ok; R0=UNKNOWN; r0_z3=unknown; classification=ok_inconclusive; unknown_reason=duplicate-or-callback-search-boundary; unknown_review_reason=search result is source-backed but relational: duplicate matches, insertion points, or callback/predicate observations do not force a unique return; verus_rc=1; evidence=verification/evidence/slice_feedback_determinism/all-20260811T1415Z-select-nth-result-shape/core__slice__binary_search_by/result.json; synthetic=verification/evidence/slice_feedback_determinism/all-20260811T1415Z-select-nth-result-shape/core__slice__binary_search_by/synthetic_spec.rs; harness=verification/evidence/slice_feedback_determinism/all-20260811T1415Z-select-nth-result-shape/core__slice__binary_search_by/det_harness.rs",target core::slice::binary_search_by bound from inventory declaration core:61106 at core/src/slice/mod.rs:2976,signature mirrored from inventory row and source declaration,"<'a, F> F: FnMut(&'a T) -> Ordering,",passed: generated relation uses shared Seq/View vocabulary and no banned vacuity fragment,"passed: source reference, signature, and generic bounds match inventory"
core::slice::binary_search_by_key,generated-new-real-relation-spec,search-prefix-suffix-ordering,covered: generated-new-real-relation-spec,verus-typecheck: pass; rc=0; command=/home/chentianyu/nanvix-rust-std-spec-survey/verus/source/target-verus/release/verus verification/harnesses/slice_observation_mutation_batch.rs --no-verify; harness=verification/harnesses/slice_observation_mutation_batch.rs; stdout=verification/evidence/slice_observation_mutation_batch.verus.stdout(empty); stderr=verification/evidence/slice_observation_mutation_batch.verus.stderr(empty); static-contract-shape-check retained with executable declaration present,"feedback-pipeline determinism: status=ok; R0=UNKNOWN; r0_z3=unknown; classification=ok_inconclusive; unknown_reason=duplicate-or-callback-search-boundary; unknown_review_reason=search result is source-backed but relational: duplicate matches, insertion points, or callback/predicate observations do not force a unique return; verus_rc=1; evidence=verification/evidence/slice_feedback_determinism/all-20260811T1415Z-select-nth-result-shape/core__slice__binary_search_by_key/result.json; synthetic=verification/evidence/slice_feedback_determinism/all-20260811T1415Z-select-nth-result-shape/core__slice__binary_search_by_key/synthetic_spec.rs; harness=verification/evidence/slice_feedback_determinism/all-20260811T1415Z-select-nth-result-shape/core__slice__binary_search_by_key/det_harness.rs",target core::slice::binary_search_by_key bound from inventory declaration core:61107 at core/src/slice/mod.rs:3077,signature mirrored from inventory row and source declaration,"<'a, B, F> F: FnMut(&'a T) -> B, B: Ord,",passed: generated relation uses shared Seq/View vocabulary and no banned vacuity fragment,"passed: source reference, signature, and generic bounds match inventory"
core::slice::chunk_by,generated-new-real-relation-spec,iterator-splitting-and-chunking,covered: generated-new-real-relation-spec,verus-typecheck: pass; rc=0; command=/home/chentianyu/nanvix-rust-std-spec-survey/verus/source/target-verus/release/verus verification/harnesses/slice_splitting_iterator_batch.rs --no-verify; harness=verification/harnesses/slice_splitting_iterator_batch.rs; stdout=verification/evidence/slice_splitting_iterator_batch.verus.stdout(empty); stderr=verification/evidence/slice_splitting_iterator_batch.verus.stderr(empty); static-contract-shape-check retained with executable declaration present,"feedback-pipeline determinism: status=ok; R0=UNKNOWN; r0_z3=unknown; classification=ok_inconclusive; unknown_reason=iterator-or-subslice-state-boundary; unknown_review_reason=contract fixes source/remaining/subrange state, but the Rust iterator, chunk, split, or borrowed subslice value retains opaque runtime/lifetime state; verus_rc=1; evidence=verification/evidence/slice_feedback_determinism/all-20260811T1415Z-select-nth-result-shape/core__slice__chunk_by/result.json; synthetic=verification/evidence/slice_feedback_determinism/all-20260811T1415Z-select-nth-result-shape/core__slice__chunk_by/synthetic_spec.rs; harness=verification/evidence/slice_feedback_determinism/all-20260811T1415Z-select-nth-result-shape/core__slice__chunk_by/det_harness.rs",target core::slice::chunk_by bound from inventory declaration core:33749 at core/src/slice/mod.rs:1867,signature mirrored from inventory row and source declaration,"<F> F: FnMut(&T, &T) -> bool,",passed: generated relation uses shared Seq/View vocabulary and no banned vacuity fragment,"passed: source reference, signature, and generic bounds match inventory"
core::slice::chunk_by_mut,generated-new-real-relation-spec,iterator-splitting-and-chunking,covered: generated-new-real-relation-spec,verus-typecheck: pass; rc=0; command=/home/chentianyu/nanvix-rust-std-spec-survey/verus/source/target-verus/release/verus verification/harnesses/slice_splitting_iterator_batch.rs --no-verify; harness=verification/harnesses/slice_splitting_iterator_batch.rs; stdout=verification/evidence/slice_splitting_iterator_batch.verus.stdout(empty); stderr=verification/evidence/slice_splitting_iterator_batch.verus.stderr(empty); static-contract-shape-check retained with executable declaration present,"feedback-pipeline determinism: status=ok; R0=UNKNOWN; r0_z3=unknown; classification=ok_inconclusive; unknown_reason=iterator-or-subslice-state-boundary; unknown_review_reason=contract fixes source/remaining/subrange state, but the Rust iterator, chunk, split, or borrowed subslice value retains opaque runtime/lifetime state; verus_rc=1; evidence=verification/evidence/slice_feedback_determinism/all-20260811T1415Z-select-nth-result-shape/core__slice__chunk_by_mut/result.json; synthetic=verification/evidence/slice_feedback_determinism/all-20260811T1415Z-select-nth-result-shape/core__slice__chunk_by_mut/synthetic_spec.rs; harness=verification/evidence/slice_feedback_determinism/all-20260811T1415Z-select-nth-result-shape/core__slice__chunk_by_mut/det_harness.rs",target core::slice::chunk_by_mut bound from inventory declaration core:33761 at core/src/slice/mod.rs:1909,signature mirrored from inventory row and source declaration,"<F> F: FnMut(&T, &T) -> bool,",passed: generated relation uses shared Seq/View vocabulary and no banned vacuity fragment,"passed: source reference, signature, and generic bounds match inventory"
core::slice::chunks,generated-new-real-relation-spec,iterator-splitting-and-chunking,covered: generated-new-real-relation-spec,verus-typecheck: pass; rc=0; command=/home/chentianyu/nanvix-rust-std-spec-survey/verus/source/target-verus/release/verus verification/harnesses/slice_splitting_iterator_batch.rs --no-verify; harness=verification/harnesses/slice_splitting_iterator_batch.rs; stdout=verification/evidence/slice_splitting_iterator_batch.verus.stdout(empty); stderr=verification/evidence/slice_splitting_iterator_batch.verus.stderr(empty); static-contract-shape-check retained with executable declaration present,"feedback-pipeline determinism: status=ok; R0=UNKNOWN; r0_z3=unknown; classification=ok_inconclusive; unknown_reason=iterator-or-subslice-state-boundary; unknown_review_reason=contract fixes source/remaining/subrange state, but the Rust iterator, chunk, split, or borrowed subslice value retains opaque runtime/lifetime state; verus_rc=1; evidence=verification/evidence/slice_feedback_determinism/all-20260811T1415Z-select-nth-result-shape/core__slice__chunks/result.json; synthetic=verification/evidence/slice_feedback_determinism/all-20260811T1415Z-select-nth-result-shape/core__slice__chunks/synthetic_spec.rs; harness=verification/evidence/slice_feedback_determinism/all-20260811T1415Z-select-nth-result-shape/core__slice__chunks/det_harness.rs",target core::slice::chunks bound from inventory declaration core:33631 at core/src/slice/mod.rs:1158,signature mirrored from inventory row and source declaration,none,passed: generated relation uses shared Seq/View vocabulary and no banned vacuity fragment,"passed: source reference, signature, and generic bounds match inventory"
core::slice::chunks_exact,generated-new-real-relation-spec,iterator-splitting-and-chunking,covered: generated-new-real-relation-spec,verus-typecheck: pass; rc=0; command=/home/chentianyu/nanvix-rust-std-spec-survey/verus/source/target-verus/release/verus verification/harnesses/slice_splitting_iterator_batch.rs --no-verify; harness=verification/harnesses/slice_splitting_iterator_batch.rs; stdout=verification/evidence/slice_splitting_iterator_batch.verus.stdout(empty); stderr=verification/evidence/slice_splitting_iterator_batch.verus.stderr(empty); static-contract-shape-check retained with executable declaration present,"feedback-pipeline determinism: status=ok; R0=UNKNOWN; r0_z3=unknown; classification=ok_inconclusive; unknown_reason=iterator-or-subslice-state-boundary; unknown_review_reason=contract fixes source/remaining/subrange state, but the Rust iterator, chunk, split, or borrowed subslice value retains opaque runtime/lifetime state; verus_rc=1; evidence=verification/evidence/slice_feedback_determinism/all-20260811T1415Z-select-nth-result-shape/core__slice__chunks_exact/result.json; synthetic=verification/evidence/slice_feedback_determinism/all-20260811T1415Z-select-nth-result-shape/core__slice__chunks_exact/synthetic_spec.rs; harness=verification/evidence/slice_feedback_determinism/all-20260811T1415Z-select-nth-result-shape/core__slice__chunks_exact/det_harness.rs",target core::slice::chunks_exact bound from inventory declaration core:33657 at core/src/slice/mod.rs:1245,signature mirrored from inventory row and source declaration,none,passed: generated relation uses shared Seq/View vocabulary and no banned vacuity fragment,"passed: source reference, signature, and generic bounds match inventory"
core::slice::chunks_exact_mut,generated-new-real-relation-spec,iterator-splitting-and-chunking,covered: generated-new-real-relation-spec,verus-typecheck: pass; rc=0; command=/home/chentianyu/nanvix-rust-std-spec-survey/verus/source/target-verus/release/verus verification/harnesses/slice_splitting_iterator_batch.rs --no-verify; harness=verification/harnesses/slice_splitting_iterator_batch.rs; stdout=verification/evidence/slice_splitting_iterator_batch.verus.stdout(empty); stderr=verification/evidence/slice_splitting_iterator_batch.verus.stderr(empty); static-contract-shape-check retained with executable declaration present,"feedback-pipeline determinism: status=ok; R0=UNKNOWN; r0_z3=unknown; classification=ok_inconclusive; unknown_reason=iterator-or-subslice-state-boundary; unknown_review_reason=contract fixes source/remaining/subrange state, but the Rust iterator, chunk, split, or borrowed subslice value retains opaque runtime/lifetime state; verus_rc=1; evidence=verification/evidence/slice_feedback_determinism/all-20260811T1415Z-select-nth-result-shape/core__slice__chunks_exact_mut/result.json; synthetic=verification/evidence/slice_feedback_determinism/all-20260811T1415Z-select-nth-result-shape/core__slice__chunks_exact_mut/synthetic_spec.rs; harness=verification/evidence/slice_feedback_determinism/all-20260811T1415Z-select-nth-result-shape/core__slice__chunks_exact_mut/det_harness.rs",target core::slice::chunks_exact_mut bound from inventory declaration core:33673 at core/src/slice/mod.rs:1293,signature mirrored from inventory row and source declaration,none,passed: generated relation uses shared Seq/View vocabulary and no banned vacuity fragment,"passed: source reference, signature, and generic bounds match inventory"
core::slice::chunks_mut,generated-new-real-relation-spec,iterator-splitting-and-chunking,covered: generated-new-real-relation-spec,verus-typecheck: pass; rc=0; command=/home/chentianyu/nanvix-rust-std-spec-survey/verus/source/target-verus/release/verus verification/harnesses/slice_splitting_iterator_batch.rs --no-verify; harness=verification/harnesses/slice_splitting_iterator_batch.rs; stdout=verification/evidence/slice_splitting_iterator_batch.verus.stdout(empty); stderr=verification/evidence/slice_splitting_iterator_batch.verus.stderr(empty); static-contract-shape-check retained with executable declaration present,"feedback-pipeline determinism: status=ok; R0=UNKNOWN; r0_z3=unknown; classification=ok_inconclusive; unknown_reason=iterator-or-subslice-state-boundary; unknown_review_reason=contract fixes source/remaining/subrange state, but the Rust iterator, chunk, split, or borrowed subslice value retains opaque runtime/lifetime state; verus_rc=1; evidence=verification/evidence/slice_feedback_determinism/all-20260811T1415Z-select-nth-result-shape/core__slice__chunks_mut/result.json; synthetic=verification/evidence/slice_feedback_determinism/all-20260811T1415Z-select-nth-result-shape/core__slice__chunks_mut/synthetic_spec.rs; harness=verification/evidence/slice_feedback_determinism/all-20260811T1415Z-select-nth-result-shape/core__slice__chunks_mut/det_harness.rs",target core::slice::chunks_mut bound from inventory declaration core:33644 at core/src/slice/mod.rs:1202,signature mirrored from inventory row and source declaration,none,passed: generated relation uses shared Seq/View vocabulary and no banned vacuity fragment,"passed: source reference, signature, and generic bounds match inventory"
core::slice::clone_from_slice,generated-new-real-relation-spec,mutation-frame-and-permutation,covered: generated-new-real-relation-spec,verus-typecheck: pass; rc=0; command=/home/chentianyu/nanvix-rust-std-spec-survey/verus/source/target-verus/release/verus verification/harnesses/slice_observation_mutation_batch.rs --no-verify; harness=verification/harnesses/slice_observation_mutation_batch.rs; stdout=verification/evidence/slice_observation_mutation_batch.verus.stdout(empty); stderr=verification/evidence/slice_observation_mutation_batch.verus.stderr(empty); static-contract-shape-check retained with executable declaration present,"feedback-pipeline determinism: status=ok; R0=UNKNOWN; r0_z3=unknown; classification=ok_inconclusive; unknown_reason=clone-or-callback-effect-boundary; unknown_review_reason=Clone/FnMut effects are modeled by source-order observation relations, so the contract preserves effect nondeterminism instead of choosing outputs; verus_rc=1; evidence=verification/evidence/slice_feedback_determinism/all-20260811T1415Z-select-nth-result-shape/core__slice__clone_from_slice/result.json; synthetic=verification/evidence/slice_feedback_determinism/all-20260811T1415Z-select-nth-result-shape/core__slice__clone_from_slice/synthetic_spec.rs; harness=verification/evidence/slice_feedback_determinism/all-20260811T1415Z-select-nth-result-shape/core__slice__clone_from_slice/det_harness.rs",target core::slice::clone_from_slice bound from inventory declaration core:10943 at core/src/slice/mod.rs:4260,signature mirrored from inventory row and source declaration,"T: [const] Clone + [const] Destruct,",passed: generated relation uses shared Seq/View vocabulary and no banned vacuity fragment,"passed: source reference, signature, and generic bounds match inventory"
core::slice::contains,generated-new-real-relation-spec,search-prefix-suffix-ordering,covered: generated-new-real-relation-spec,verus-typecheck: pass; rc=0; command=/home/chentianyu/nanvix-rust-std-spec-survey/verus/source/target-verus/release/verus verification/harnesses/slice_observation_mutation_batch.rs --no-verify; harness=verification/harnesses/slice_observation_mutation_batch.rs; stdout=verification/evidence/slice_observation_mutation_batch.verus.stdout(empty); stderr=verification/evidence/slice_observation_mutation_batch.verus.stderr(empty); static-contract-shape-check retained with executable declaration present,feedback-pipeline determinism: status=ok; R0=UNSAT; r0_z3=unsat; classification=complete; verus_rc=0; evidence=verification/evidence/slice_feedback_determinism/all-20260811T1415Z-select-nth-result-shape/core__slice__contains/result.json; synthetic=verification/evidence/slice_feedback_determinism/all-20260811T1415Z-select-nth-result-shape/core__slice__contains/synthetic_spec.rs; harness=verification/evidence/slice_feedback_determinism/all-20260811T1415Z-select-nth-result-shape/core__slice__contains/det_harness.rs,target core::slice::contains bound from inventory declaration core:61098 at core/src/slice/mod.rs:2594,signature mirrored from inventory row and source declaration,"T: PartialEq,",passed: generated relation uses shared Seq/View vocabulary and no banned vacuity fragment,"passed: source reference, signature, and generic bounds match inventory"
core::slice::copy_from_slice,existing-vstd,existing-vstd-baseline,covered: existing-vstd,static-contract-shape-check: passed; copied vstd excerpt available for Verus review,deterministic where vstd contract is deterministic; iterator relation uses existing vstd iterator law,target core::slice::copy_from_slice mapped to vstd-baseline/std_specs/slice.rs:212-218,signature mirrored from inventory row and source declaration,"T: Copy,",passed: exact existing vstd relation retained and no banned vacuity fragment,"passed: source reference, signature, and generic bounds match inventory"
core::slice::copy_within,existing-vstd,existing-vstd-baseline,covered: existing-vstd,static-contract-shape-check: passed; copied vstd excerpt available for Verus review,deterministic where vstd contract is deterministic; iterator relation uses existing vstd iterator law,target core::slice::copy_within mapped to vstd-baseline/std_specs/slice.rs:220-259,signature mirrored from inventory row and source declaration,"<R: RangeBounds<usize>> T: Copy,",passed: exact existing vstd relation retained and no banned vacuity fragment,"passed: source reference, signature, and generic bounds match inventory"
core::slice::element_offset,generated-new-real-relation-spec,raw-pointer-and-provenance,covered: generated-new-real-relation-spec,verus-typecheck: pass; rc=0; command=/home/chentianyu/nanvix-rust-std-spec-survey/verus/source/target-verus/release/verus verification/harnesses/slice_remaining_families_batch.rs --no-verify; harness=verification/harnesses/slice_remaining_families_batch.rs; stdout=verification/evidence/slice_remaining_families_batch.verus.stdout(empty); stderr=verification/evidence/slice_remaining_families_batch.verus.stderr(empty); executable declaration present,"feedback-pipeline determinism: status=ok; R0=UNKNOWN; r0_z3=unknown; classification=ok_inconclusive; unknown_reason=raw-pointer-provenance-boundary; unknown_review_reason=pointer address, provenance, alignment, or layout state is source-observable but not uniquely recoverable from the pure slice Seq view; verus_rc=1; evidence=verification/evidence/slice_feedback_determinism/all-20260811T1415Z-select-nth-result-shape/core__slice__element_offset/result.json; synthetic=verification/evidence/slice_feedback_determinism/all-20260811T1415Z-select-nth-result-shape/core__slice__element_offset/synthetic_spec.rs; harness=verification/evidence/slice_feedback_determinism/all-20260811T1415Z-select-nth-result-shape/core__slice__element_offset/det_harness.rs",target core::slice::element_offset bound from inventory declaration core:61143 at core/src/slice/mod.rs:5267,signature mirrored from inventory row and source declaration,none,passed: generated relation uses shared Seq/View vocabulary and no banned vacuity fragment,"passed: source reference, signature, and generic bounds match inventory"
core::slice::ends_with,generated-new-real-relation-spec,search-prefix-suffix-ordering,covered: generated-new-real-relation-spec,verus-typecheck: pass; rc=0; command=/home/chentianyu/nanvix-rust-std-spec-survey/verus/source/target-verus/release/verus verification/harnesses/slice_observation_mutation_batch.rs --no-verify; harness=verification/harnesses/slice_observation_mutation_batch.rs; stdout=verification/evidence/slice_observation_mutation_batch.verus.stdout(empty); stderr=verification/evidence/slice_observation_mutation_batch.verus.stderr(empty); static-contract-shape-check retained with executable declaration present,feedback-pipeline determinism: status=ok; R0=UNSAT; r0_z3=unsat; classification=complete; verus_rc=0; evidence=verification/evidence/slice_feedback_determinism/all-20260811T1415Z-select-nth-result-shape/core__slice__ends_with/result.json; synthetic=verification/evidence/slice_feedback_determinism/all-20260811T1415Z-select-nth-result-shape/core__slice__ends_with/synthetic_spec.rs; harness=verification/evidence/slice_feedback_determinism/all-20260811T1415Z-select-nth-result-shape/core__slice__ends_with/det_harness.rs,target core::slice::ends_with bound from inventory declaration core:61100 at core/src/slice/mod.rs:2655,signature mirrored from inventory row and source declaration,"T: PartialEq,",passed: generated relation uses shared Seq/View vocabulary and no banned vacuity fragment,"passed: source reference, signature, and generic bounds match inventory"
core::slice::eq_ignore_ascii_case,generated-new-real-relation-spec,ascii-byte-sequence,covered: generated-new-real-relation-spec,verus-typecheck: pass; rc=0; command=/home/chentianyu/nanvix-rust-std-spec-survey/verus/source/target-verus/release/verus verification/harnesses/slice_remaining_families_batch.rs --no-verify; harness=verification/harnesses/slice_remaining_families_batch.rs; stdout=verification/evidence/slice_remaining_families_batch.verus.stdout(empty); stderr=verification/evidence/slice_remaining_families_batch.verus.stderr(empty); executable declaration present,feedback-pipeline determinism: status=ok; R0=UNSAT; r0_z3=unsat; classification=complete; verus_rc=0; evidence=verification/evidence/slice_feedback_determinism/all-20260811T1415Z-select-nth-result-shape/core__slice__eq_ignore_ascii_case/result.json; synthetic=verification/evidence/slice_feedback_determinism/all-20260811T1415Z-select-nth-result-shape/core__slice__eq_ignore_ascii_case/synthetic_spec.rs; harness=verification/evidence/slice_feedback_determinism/all-20260811T1415Z-select-nth-result-shape/core__slice__eq_ignore_ascii_case/det_harness.rs,target core::slice::eq_ignore_ascii_case bound from inventory declaration core:61046 at core/src/slice/ascii.rs:60,signature mirrored from inventory row and source declaration,none,passed: generated relation uses shared Seq/View vocabulary and no banned vacuity fragment,"passed: source reference, signature, and generic bounds match inventory"
core::slice::escape_ascii,generated-new-real-relation-spec,ascii-byte-sequence,covered: generated-new-real-relation-spec,verus-typecheck: pass; rc=0; command=/home/chentianyu/nanvix-rust-std-spec-survey/verus/source/target-verus/release/verus verification/harnesses/slice_remaining_families_batch.rs --no-verify; harness=verification/harnesses/slice_remaining_families_batch.rs; stdout=verification/evidence/slice_remaining_families_batch.verus.stdout(empty); stderr=verification/evidence/slice_remaining_families_batch.verus.stderr(empty); executable declaration present,feedback-pipeline determinism: status=ok; R0=UNSAT; r0_z3=unsat; classification=complete; verus_rc=0; evidence=verification/evidence/slice_feedback_determinism/all-20260811T1415Z-select-nth-result-shape/core__slice__escape_ascii/result.json; synthetic=verification/evidence/slice_feedback_determinism/all-20260811T1415Z-select-nth-result-shape/core__slice__escape_ascii/synthetic_spec.rs; harness=verification/evidence/slice_feedback_determinism/all-20260811T1415Z-select-nth-result-shape/core__slice__escape_ascii/det_harness.rs,target core::slice::escape_ascii bound from inventory declaration core:33425 at core/src/slice/ascii.rs:218,signature mirrored from inventory row and source declaration,none,passed: generated relation uses shared Seq/View vocabulary and no banned vacuity fragment,"passed: source reference, signature, and generic bounds match inventory"
core::slice::fill,generated-new-real-relation-spec,mutation-frame-and-permutation,covered: generated-new-real-relation-spec,verus-typecheck: pass; rc=0; command=/home/chentianyu/nanvix-rust-std-spec-survey/verus/source/target-verus/release/verus verification/harnesses/slice_observation_mutation_batch.rs --no-verify; harness=verification/harnesses/slice_observation_mutation_batch.rs; stdout=verification/evidence/slice_observation_mutation_batch.verus.stdout(empty); stderr=verification/evidence/slice_observation_mutation_batch.verus.stderr(empty); static-contract-shape-check retained with executable declaration present,"feedback-pipeline determinism: status=ok; R0=UNKNOWN; r0_z3=unknown; classification=ok_inconclusive; unknown_reason=clone-or-callback-effect-boundary; unknown_review_reason=Clone/FnMut effects are modeled by source-order observation relations, so the contract preserves effect nondeterminism instead of choosing outputs; verus_rc=1; evidence=verification/evidence/slice_feedback_determinism/all-20260811T1415Z-select-nth-result-shape/core__slice__fill/result.json; synthetic=verification/evidence/slice_feedback_determinism/all-20260811T1415Z-select-nth-result-shape/core__slice__fill/synthetic_spec.rs; harness=verification/evidence/slice_feedback_determinism/all-20260811T1415Z-select-nth-result-shape/core__slice__fill/det_harness.rs",target core::slice::fill bound from inventory declaration core:61030 at core/src/slice/mod.rs:4172,signature mirrored from inventory row and source declaration,"T: Clone,",passed: generated relation uses shared Seq/View vocabulary and no banned vacuity fragment,"passed: source reference, signature, and generic bounds match inventory"
core::slice::fill_with,generated-new-real-relation-spec,mutation-frame-and-permutation,covered: generated-new-real-relation-spec,verus-typecheck: pass; rc=0; command=/home/chentianyu/nanvix-rust-std-spec-survey/verus/source/target-verus/release/verus verification/harnesses/slice_observation_mutation_batch.rs --no-verify; harness=verification/harnesses/slice_observation_mutation_batch.rs; stdout=verification/evidence/slice_observation_mutation_batch.verus.stdout(empty); stderr=verification/evidence/slice_observation_mutation_batch.verus.stderr(empty); static-contract-shape-check retained with executable declaration present,feedback-pipeline determinism: status=ok; R0=UNSAT; r0_z3=unsat; classification=complete; verus_rc=0; evidence=verification/evidence/slice_feedback_determinism/all-20260811T1415Z-select-nth-result-shape/core__slice__fill_with/result.json; synthetic=verification/evidence/slice_feedback_determinism/all-20260811T1415Z-select-nth-result-shape/core__slice__fill_with/synthetic_spec.rs; harness=verification/evidence/slice_feedback_determinism/all-20260811T1415Z-select-nth-result-shape/core__slice__fill_with/det_harness.rs,target core::slice::fill_with bound from inventory declaration core:61127 at core/src/slice/mod.rs:4196,signature mirrored from inventory row and source declaration,"<F> F: FnMut() -> T,",passed: generated relation uses shared Seq/View vocabulary and no banned vacuity fragment,"passed: source reference, signature, and generic bounds match inventory"
core::slice::first,existing-vstd,existing-vstd-baseline,covered: existing-vstd,static-contract-shape-check: passed; copied vstd excerpt available for Verus review,deterministic where vstd contract is deterministic; iterator relation uses existing vstd iterator law,target core::slice::first mapped to vstd-baseline/std_specs/slice.rs:166-170,signature mirrored from inventory row and source declaration,none,passed: exact existing vstd relation retained and no banned vacuity fragment,"passed: source reference, signature, and generic bounds match inventory"
core::slice::first_chunk,generated-new-real-relation-spec,iterator-splitting-and-chunking,covered: generated-new-real-relation-spec,verus-typecheck: pass; rc=0; command=/home/chentianyu/nanvix-rust-std-spec-survey/verus/source/target-verus/release/verus verification/harnesses/slice_splitting_iterator_batch.rs --no-verify; harness=verification/harnesses/slice_splitting_iterator_batch.rs; stdout=verification/evidence/slice_splitting_iterator_batch.verus.stdout(empty); stderr=verification/evidence/slice_splitting_iterator_batch.verus.stderr(empty); static-contract-shape-check retained with executable declaration present,feedback-pipeline determinism: status=ok; R0=UNSAT; r0_z3=unsat; classification=complete; verus_rc=0; evidence=verification/evidence/slice_feedback_determinism/all-20260811T1415Z-select-nth-result-shape/core__slice__first_chunk/result.json; synthetic=verification/evidence/slice_feedback_determinism/all-20260811T1415Z-select-nth-result-shape/core__slice__first_chunk/synthetic_spec.rs; harness=verification/evidence/slice_feedback_determinism/all-20260811T1415Z-select-nth-result-shape/core__slice__first_chunk/det_harness.rs,target core::slice::first_chunk bound from inventory declaration core:61064 at core/src/slice/mod.rs:327,signature mirrored from inventory row and source declaration,<const N: usize>,passed: generated relation uses shared Seq/View vocabulary and no banned vacuity fragment,"passed: source reference, signature, and generic bounds match inventory"
core::slice::first_chunk_mut,generated-new-real-relation-spec,iterator-splitting-and-chunking,covered: generated-new-real-relation-spec,verus-typecheck: pass; rc=0; command=/home/chentianyu/nanvix-rust-std-spec-survey/verus/source/target-verus/release/verus verification/harnesses/slice_splitting_iterator_batch.rs --no-verify; harness=verification/harnesses/slice_splitting_iterator_batch.rs; stdout=verification/evidence/slice_splitting_iterator_batch.verus.stdout(empty); stderr=verification/evidence/slice_splitting_iterator_batch.verus.stderr(empty); static-contract-shape-check retained with executable declaration present,"feedback-pipeline determinism: status=ok; R0=UNKNOWN; r0_z3=unknown; classification=ok_inconclusive; unknown_reason=iterator-or-subslice-state-boundary; unknown_review_reason=contract fixes source/remaining/subrange state, but the Rust iterator, chunk, split, or borrowed subslice value retains opaque runtime/lifetime state; verus_rc=1; evidence=verification/evidence/slice_feedback_determinism/all-20260811T1415Z-select-nth-result-shape/core__slice__first_chunk_mut/result.json; synthetic=verification/evidence/slice_feedback_determinism/all-20260811T1415Z-select-nth-result-shape/core__slice__first_chunk_mut/synthetic_spec.rs; harness=verification/evidence/slice_feedback_determinism/all-20260811T1415Z-select-nth-result-shape/core__slice__first_chunk_mut/det_harness.rs",target core::slice::first_chunk_mut bound from inventory declaration core:61065 at core/src/slice/mod.rs:357,signature mirrored from inventory row and source declaration,<const N: usize>,passed: generated relation uses shared Seq/View vocabulary and no banned vacuity fragment,"passed: source reference, signature, and generic bounds match inventory"
core::slice::first_mut,existing-vstd,existing-vstd-baseline,covered: existing-vstd,static-contract-shape-check: passed; copied vstd excerpt available for Verus review,deterministic where vstd contract is deterministic; iterator relation uses existing vstd iterator law,target core::slice::first_mut mapped to vstd-baseline/std_specs/slice.rs:178-184,signature mirrored from inventory row and source declaration,none,passed: exact existing vstd relation retained and no banned vacuity fragment,"passed: source reference, signature, and generic bounds match inventory"
core::slice::from_mut,generated-new-real-relation-spec,raw-pointer-and-provenance,covered: generated-new-real-relation-spec,verus-typecheck: pass; rc=0; command=/home/chentianyu/nanvix-rust-std-spec-survey/verus/source/target-verus/release/verus verification/harnesses/slice_remaining_families_batch.rs --no-verify; harness=verification/harnesses/slice_remaining_families_batch.rs; stdout=verification/evidence/slice_remaining_families_batch.verus.stdout(empty); stderr=verification/evidence/slice_remaining_families_batch.verus.stderr(empty); executable declaration present,"feedback-pipeline determinism: status=ok; R0=UNKNOWN; r0_z3=unknown; classification=ok_inconclusive; unknown_reason=raw-pointer-provenance-boundary; unknown_review_reason=pointer address, provenance, alignment, or layout state is source-observable but not uniquely recoverable from the pure slice Seq view; verus_rc=1; evidence=verification/evidence/slice_feedback_determinism/all-20260811T1415Z-select-nth-result-shape/core__slice__from_mut/result.json; synthetic=verification/evidence/slice_feedback_determinism/all-20260811T1415Z-select-nth-result-shape/core__slice__from_mut/synthetic_spec.rs; harness=verification/evidence/slice_feedback_determinism/all-20260811T1415Z-select-nth-result-shape/core__slice__from_mut/det_harness.rs",target core::slice::from_mut bound from inventory declaration core:33772 at core/src/slice/raw.rs:211,signature mirrored from inventory row and source declaration,<T>,passed: generated relation uses shared Seq/View vocabulary and no banned vacuity fragment,"passed: source reference, signature, and generic bounds match inventory"
core::slice::from_raw_parts,generated-new-real-relation-spec,raw-pointer-and-provenance,covered: generated-new-real-relation-spec,verus-typecheck: pass; rc=0; command=/home/chentianyu/nanvix-rust-std-spec-survey/verus/source/target-verus/release/verus verification/harnesses/slice_remaining_families_batch.rs --no-verify; harness=verification/harnesses/slice_remaining_families_batch.rs; stdout=verification/evidence/slice_remaining_families_batch.verus.stdout(empty); stderr=verification/evidence/slice_remaining_families_batch.verus.stderr(empty); executable declaration present,"feedback-pipeline determinism: status=ok; R0=UNKNOWN; r0_z3=unknown; classification=ok_inconclusive; unknown_reason=raw-pointer-provenance-boundary; unknown_review_reason=pointer address, provenance, alignment, or layout state is source-observable but not uniquely recoverable from the pure slice Seq view; verus_rc=1; evidence=verification/evidence/slice_feedback_determinism/all-20260811T1415Z-select-nth-result-shape/core__slice__from_raw_parts/result.json; synthetic=verification/evidence/slice_feedback_determinism/all-20260811T1415Z-select-nth-result-shape/core__slice__from_raw_parts/synthetic_spec.rs; harness=verification/evidence/slice_feedback_determinism/all-20260811T1415Z-select-nth-result-shape/core__slice__from_raw_parts/det_harness.rs",target core::slice::from_raw_parts bound from inventory declaration core:9483 at core/src/slice/raw.rs:124,signature mirrored from inventory row and source declaration,"<'a, T>",passed: generated relation uses shared Seq/View vocabulary and no banned vacuity fragment,"passed: source reference, signature, and generic bounds match inventory"
core::slice::from_raw_parts_mut,generated-new-real-relation-spec,raw-pointer-and-provenance,covered: generated-new-real-relation-spec,verus-typecheck: pass; rc=0; command=/home/chentianyu/nanvix-rust-std-spec-survey/verus/source/target-verus/release/verus verification/harnesses/slice_remaining_families_batch.rs --no-verify; harness=verification/harnesses/slice_remaining_families_batch.rs; stdout=verification/evidence/slice_remaining_families_batch.verus.stdout(empty); stderr=verification/evidence/slice_remaining_families_batch.verus.stderr(empty); executable declaration present,"feedback-pipeline determinism: status=ok; R0=UNKNOWN; r0_z3=unknown; classification=ok_inconclusive; unknown_reason=raw-pointer-provenance-boundary; unknown_review_reason=pointer address, provenance, alignment, or layout state is source-observable but not uniquely recoverable from the pure slice Seq view; verus_rc=1; evidence=verification/evidence/slice_feedback_determinism/all-20260811T1415Z-select-nth-result-shape/core__slice__from_raw_parts_mut/result.json; synthetic=verification/evidence/slice_feedback_determinism/all-20260811T1415Z-select-nth-result-shape/core__slice__from_raw_parts_mut/synthetic_spec.rs; harness=verification/evidence/slice_feedback_determinism/all-20260811T1415Z-select-nth-result-shape/core__slice__from_raw_parts_mut/det_harness.rs",target core::slice::from_raw_parts_mut bound from inventory declaration core:9596 at core/src/slice/raw.rs:179,signature mirrored from inventory row and source declaration,"<'a, T>",passed: generated relation uses shared Seq/View vocabulary and no banned vacuity fragment,"passed: source reference, signature, and generic bounds match inventory"
core::slice::from_ref,generated-new-real-relation-spec,raw-pointer-and-provenance,covered: generated-new-real-relation-spec,verus-typecheck: pass; rc=0; command=/home/chentianyu/nanvix-rust-std-spec-survey/verus/source/target-verus/release/verus verification/harnesses/slice_remaining_families_batch.rs --no-verify; harness=verification/harnesses/slice_remaining_families_batch.rs; stdout=verification/evidence/slice_remaining_families_batch.verus.stdout(empty); stderr=verification/evidence/slice_remaining_families_batch.verus.stderr(empty); executable declaration present,feedback-pipeline determinism: status=ok; R0=UNSAT; r0_z3=unsat; classification=complete; verus_rc=0; evidence=verification/evidence/slice_feedback_determinism/all-20260811T1415Z-select-nth-result-shape/core__slice__from_ref/result.json; synthetic=verification/evidence/slice_feedback_determinism/all-20260811T1415Z-select-nth-result-shape/core__slice__from_ref/synthetic_spec.rs; harness=verification/evidence/slice_feedback_determinism/all-20260811T1415Z-select-nth-result-shape/core__slice__from_ref/det_harness.rs,target core::slice::from_ref bound from inventory declaration core:33771 at core/src/slice/raw.rs:203,signature mirrored from inventory row and source declaration,<T>,passed: generated relation uses shared Seq/View vocabulary and no banned vacuity fragment,"passed: source reference, signature, and generic bounds match inventory"
core::slice::get,existing-vstd,existing-vstd-baseline,covered: existing-vstd,static-contract-shape-check: passed; copied vstd excerpt available for Verus review,deterministic where vstd contract is deterministic; iterator relation uses existing vstd iterator law,target core::slice::get mapped to vstd-baseline/slice.rs:133-148,signature mirrored from inventory row and source declaration,"<I> I: [const] SliceIndex<Self>,",passed: exact existing vstd relation retained and no banned vacuity fragment,"passed: source reference, signature, and generic bounds match inventory"
core::slice::get_disjoint_mut,generated-new-real-relation-spec,mutation-frame-and-permutation,covered: generated-new-real-relation-spec,verus-typecheck: pass; rc=0; command=/home/chentianyu/nanvix-rust-std-spec-survey/verus/source/target-verus/release/verus verification/harnesses/slice_remaining_families_batch.rs --no-verify; harness=verification/harnesses/slice_remaining_families_batch.rs; stdout=verification/evidence/slice_remaining_families_batch.verus.stdout(empty); stderr=verification/evidence/slice_remaining_families_batch.verus.stderr(empty); executable declaration present,"feedback-pipeline determinism: status=ok; R0=UNKNOWN; r0_z3=unknown; classification=ok_inconclusive; unknown_reason=disjoint-mutable-alias-boundary; unknown_review_reason=disjoint mutable-reference arrays preserve source aliasing and post-state relations, but reference identity is not uniquely fixed by the contract; verus_rc=1; evidence=verification/evidence/slice_feedback_determinism/all-20260811T1415Z-select-nth-result-shape/core__slice__get_disjoint_mut/result.json; synthetic=verification/evidence/slice_feedback_determinism/all-20260811T1415Z-select-nth-result-shape/core__slice__get_disjoint_mut/synthetic_spec.rs; harness=verification/evidence/slice_feedback_determinism/all-20260811T1415Z-select-nth-result-shape/core__slice__get_disjoint_mut/det_harness.rs",target core::slice::get_disjoint_mut bound from inventory declaration core:33825 at core/src/slice/mod.rs:5216,signature mirrored from inventory row and source declaration,"<I, const N: usize> I: GetDisjointMutIndex + SliceIndex<Self>,",passed: generated relation uses shared Seq/View vocabulary and no banned vacuity fragment,"passed: source reference, signature, and generic bounds match inventory"
core::slice::get_disjoint_unchecked_mut,generated-new-real-relation-spec,mutation-frame-and-permutation,covered: generated-new-real-relation-spec,verus-typecheck: pass; rc=0; command=/home/chentianyu/nanvix-rust-std-spec-survey/verus/source/target-verus/release/verus verification/harnesses/slice_remaining_families_batch.rs --no-verify; harness=verification/harnesses/slice_remaining_families_batch.rs; stdout=verification/evidence/slice_remaining_families_batch.verus.stdout(empty); stderr=verification/evidence/slice_remaining_families_batch.verus.stderr(empty); executable declaration present,"feedback-pipeline determinism: status=ok; R0=UNKNOWN; r0_z3=unknown; classification=ok_inconclusive; unknown_reason=disjoint-mutable-alias-boundary; unknown_review_reason=disjoint mutable-reference arrays preserve source aliasing and post-state relations, but reference identity is not uniquely fixed by the contract; verus_rc=1; evidence=verification/evidence/slice_feedback_determinism/all-20260811T1415Z-select-nth-result-shape/core__slice__get_disjoint_unchecked_mut/result.json; synthetic=verification/evidence/slice_feedback_determinism/all-20260811T1415Z-select-nth-result-shape/core__slice__get_disjoint_unchecked_mut/synthetic_spec.rs; harness=verification/evidence/slice_feedback_determinism/all-20260811T1415Z-select-nth-result-shape/core__slice__get_disjoint_unchecked_mut/det_harness.rs",target core::slice::get_disjoint_unchecked_mut bound from inventory declaration core:61142 at core/src/slice/mod.rs:5149,signature mirrored from inventory row and source declaration,"<I, const N: usize> I: GetDisjointMutIndex + SliceIndex<Self>,",passed: generated relation uses shared Seq/View vocabulary and no banned vacuity fragment,"passed: source reference, signature, and generic bounds match inventory"
core::slice::get_mut,generated-new-real-relation-spec,basic-observation-and-conversion,covered: generated-new-real-relation-spec,verus-typecheck: pass; rc=0; command=/home/chentianyu/nanvix-rust-std-spec-survey/verus/source/target-verus/release/verus verification/harnesses/slice_remaining_families_batch.rs --no-verify; harness=verification/harnesses/slice_remaining_families_batch.rs; stdout=verification/evidence/slice_remaining_families_batch.verus.stdout(empty); stderr=verification/evidence/slice_remaining_families_batch.verus.stderr(empty); executable declaration present,"feedback-pipeline determinism: status=ok; R0=UNKNOWN; r0_z3=unknown; classification=ok_inconclusive; unknown_reason=mutable-reference-view-boundary; unknown_review_reason=contract fixes the Seq view and old/final frame, but mutable reference identity and alias/lifetime state are not uniquely determined by that view; verus_rc=1; evidence=verification/evidence/slice_feedback_determinism/all-20260811T1415Z-select-nth-result-shape/core__slice__get_mut/result.json; synthetic=verification/evidence/slice_feedback_determinism/all-20260811T1415Z-select-nth-result-shape/core__slice__get_mut/synthetic_spec.rs; harness=verification/evidence/slice_feedback_determinism/all-20260811T1415Z-select-nth-result-shape/core__slice__get_mut/det_harness.rs",target core::slice::get_mut bound from inventory declaration core:61073 at core/src/slice/mod.rs:600,signature mirrored from inventory row and source declaration,"<I> I: [const] SliceIndex<Self>,",passed: generated relation uses shared Seq/View vocabulary and no banned vacuity fragment,"passed: source reference, signature, and generic bounds match inventory"
core::slice::get_unchecked,generated-new-real-relation-spec,raw-pointer-and-provenance,covered: generated-new-real-relation-spec,verus-typecheck: pass; rc=0; command=/home/chentianyu/nanvix-rust-std-spec-survey/verus/source/target-verus/release/verus verification/harnesses/slice_remaining_families_batch.rs --no-verify; harness=verification/harnesses/slice_remaining_families_batch.rs; stdout=verification/evidence/slice_remaining_families_batch.verus.stdout(empty); stderr=verification/evidence/slice_remaining_families_batch.verus.stderr(empty); executable declaration present,"feedback-pipeline determinism: status=ok; R0=UNKNOWN; r0_z3=unknown; classification=ok_inconclusive; unknown_reason=raw-pointer-provenance-boundary; unknown_review_reason=pointer address, provenance, alignment, or layout state is source-observable but not uniquely recoverable from the pure slice Seq view; verus_rc=1; evidence=verification/evidence/slice_feedback_determinism/all-20260811T1415Z-select-nth-result-shape/core__slice__get_unchecked/result.json; synthetic=verification/evidence/slice_feedback_determinism/all-20260811T1415Z-select-nth-result-shape/core__slice__get_unchecked/synthetic_spec.rs; harness=verification/evidence/slice_feedback_determinism/all-20260811T1415Z-select-nth-result-shape/core__slice__get_unchecked/det_harness.rs",target core::slice::get_unchecked bound from inventory declaration core:33468 at core/src/slice/mod.rs:640,signature mirrored from inventory row and source declaration,"<I> I: [const] SliceIndex<Self>,",passed: generated relation uses shared Seq/View vocabulary and no banned vacuity fragment,"passed: source reference, signature, and generic bounds match inventory"
core::slice::get_unchecked_mut,generated-new-real-relation-spec,raw-pointer-and-provenance,covered: generated-new-real-relation-spec,verus-typecheck: pass; rc=0; command=/home/chentianyu/nanvix-rust-std-spec-survey/verus/source/target-verus/release/verus verification/harnesses/slice_remaining_families_batch.rs --no-verify; harness=verification/harnesses/slice_remaining_families_batch.rs; stdout=verification/evidence/slice_remaining_families_batch.verus.stdout(empty); stderr=verification/evidence/slice_remaining_families_batch.verus.stderr(empty); executable declaration present,"feedback-pipeline determinism: status=ok; R0=UNKNOWN; r0_z3=unknown; classification=ok_inconclusive; unknown_reason=raw-pointer-provenance-boundary; unknown_review_reason=pointer address, provenance, alignment, or layout state is source-observable but not uniquely recoverable from the pure slice Seq view; verus_rc=1; evidence=verification/evidence/slice_feedback_determinism/all-20260811T1415Z-select-nth-result-shape/core__slice__get_unchecked_mut/result.json; synthetic=verification/evidence/slice_feedback_determinism/all-20260811T1415Z-select-nth-result-shape/core__slice__get_unchecked_mut/synthetic_spec.rs; harness=verification/evidence/slice_feedback_determinism/all-20260811T1415Z-select-nth-result-shape/core__slice__get_unchecked_mut/det_harness.rs",target core::slice::get_unchecked_mut bound from inventory declaration core:33469 at core/src/slice/mod.rs:686,signature mirrored from inventory row and source declaration,"<I> I: [const] SliceIndex<Self>,",passed: generated relation uses shared Seq/View vocabulary and no banned vacuity fragment,"passed: source reference, signature, and generic bounds match inventory"
core::slice::is_ascii,generated-new-real-relation-spec,ascii-byte-sequence,covered: generated-new-real-relation-spec,verus-typecheck: pass; rc=0; command=/home/chentianyu/nanvix-rust-std-spec-survey/verus/source/target-verus/release/verus verification/harnesses/slice_remaining_families_batch.rs --no-verify; harness=verification/harnesses/slice_remaining_families_batch.rs; stdout=verification/evidence/slice_remaining_families_batch.verus.stdout(empty); stderr=verification/evidence/slice_remaining_families_batch.verus.stderr(empty); executable declaration present,feedback-pipeline determinism: status=ok; R0=UNSAT; r0_z3=unsat; classification=complete; verus_rc=0; evidence=verification/evidence/slice_feedback_determinism/all-20260811T1415Z-select-nth-result-shape/core__slice__is_ascii/result.json; synthetic=verification/evidence/slice_feedback_determinism/all-20260811T1415Z-select-nth-result-shape/core__slice__is_ascii/synthetic_spec.rs; harness=verification/evidence/slice_feedback_determinism/all-20260811T1415Z-select-nth-result-shape/core__slice__is_ascii/det_harness.rs,target core::slice::is_ascii bound from inventory declaration core:61043 at core/src/slice/ascii.rs:18,signature mirrored from inventory row and source declaration,none,passed: generated relation uses shared Seq/View vocabulary and no banned vacuity fragment,"passed: source reference, signature, and generic bounds match inventory"
core::slice::is_empty,existing-vstd,existing-vstd-baseline,covered: existing-vstd,static-contract-shape-check: passed; copied vstd excerpt available for Verus review,deterministic where vstd contract is deterministic; iterator relation uses existing vstd iterator law,target core::slice::is_empty mapped to vstd-baseline/slice.rs:88-96,signature mirrored from inventory row and source declaration,none,passed: exact existing vstd relation retained and no banned vacuity fragment,"passed: source reference, signature, and generic bounds match inventory"
core::slice::is_sorted,generated-new-real-relation-spec,search-prefix-suffix-ordering,covered: generated-new-real-relation-spec,verus-typecheck: pass; rc=0; command=/home/chentianyu/nanvix-rust-std-spec-survey/verus/source/target-verus/release/verus verification/harnesses/slice_remaining_families_batch.rs --no-verify; harness=verification/harnesses/slice_remaining_families_batch.rs; stdout=verification/evidence/slice_remaining_families_batch.verus.stdout(empty); stderr=verification/evidence/slice_remaining_families_batch.verus.stderr(empty); executable declaration present,feedback-pipeline determinism: status=ok; R0=UNSAT; r0_z3=unsat; classification=complete; verus_rc=0; evidence=verification/evidence/slice_feedback_determinism/all-20260811T1415Z-select-nth-result-shape/core__slice__is_sorted/result.json; synthetic=verification/evidence/slice_feedback_determinism/all-20260811T1415Z-select-nth-result-shape/core__slice__is_sorted/synthetic_spec.rs; harness=verification/evidence/slice_feedback_determinism/all-20260811T1415Z-select-nth-result-shape/core__slice__is_sorted/det_harness.rs,target core::slice::is_sorted bound from inventory declaration core:61133 at core/src/slice/mod.rs:4735,signature mirrored from inventory row and source declaration,"T: PartialOrd,",passed: generated relation uses shared Seq/View vocabulary and no banned vacuity fragment,"passed: source reference, signature, and generic bounds match inventory"
core::slice::is_sorted_by,generated-new-real-relation-spec,search-prefix-suffix-ordering,covered: generated-new-real-relation-spec,verus-typecheck: pass; rc=0; command=/home/chentianyu/nanvix-rust-std-spec-survey/verus/source/target-verus/release/verus verification/harnesses/slice_remaining_families_batch.rs --no-verify; harness=verification/harnesses/slice_remaining_families_batch.rs; stdout=verification/evidence/slice_remaining_families_batch.verus.stdout(empty); stderr=verification/evidence/slice_remaining_families_batch.verus.stderr(empty); executable declaration present,feedback-pipeline determinism: status=ok; R0=UNSAT; r0_z3=unsat; classification=complete; verus_rc=0; evidence=verification/evidence/slice_feedback_determinism/all-20260811T1415Z-select-nth-result-shape/core__slice__is_sorted_by/result.json; synthetic=verification/evidence/slice_feedback_determinism/all-20260811T1415Z-select-nth-result-shape/core__slice__is_sorted_by/synthetic_spec.rs; harness=verification/evidence/slice_feedback_determinism/all-20260811T1415Z-select-nth-result-shape/core__slice__is_sorted_by/det_harness.rs,target core::slice::is_sorted_by bound from inventory declaration core:61134 at core/src/slice/mod.rs:4778,signature mirrored from inventory row and source declaration,"<'a, F> F: FnMut(&'a T, &'a T) -> bool,",passed: generated relation uses shared Seq/View vocabulary and no banned vacuity fragment,"passed: source reference, signature, and generic bounds match inventory"
core::slice::is_sorted_by_key,generated-new-real-relation-spec,search-prefix-suffix-ordering,covered: generated-new-real-relation-spec,verus-typecheck: pass; rc=0; command=/home/chentianyu/nanvix-rust-std-spec-survey/verus/source/target-verus/release/verus verification/harnesses/slice_remaining_families_batch.rs --no-verify; harness=verification/harnesses/slice_remaining_families_batch.rs; stdout=verification/evidence/slice_remaining_families_batch.verus.stdout(empty); stderr=verification/evidence/slice_remaining_families_batch.verus.stderr(empty); executable declaration present,feedback-pipeline determinism: status=ok; R0=UNSAT; r0_z3=unsat; classification=complete; verus_rc=0; evidence=verification/evidence/slice_feedback_determinism/all-20260811T1415Z-select-nth-result-shape/core__slice__is_sorted_by_key/result.json; synthetic=verification/evidence/slice_feedback_determinism/all-20260811T1415Z-select-nth-result-shape/core__slice__is_sorted_by_key/synthetic_spec.rs; harness=verification/evidence/slice_feedback_determinism/all-20260811T1415Z-select-nth-result-shape/core__slice__is_sorted_by_key/det_harness.rs,target core::slice::is_sorted_by_key bound from inventory declaration core:61135 at core/src/slice/mod.rs:4802,signature mirrored from inventory row and source declaration,"<'a, F, K> F: FnMut(&'a T) -> K, K: PartialOrd,",passed: generated relation uses shared Seq/View vocabulary and no banned vacuity fragment,"passed: source reference, signature, and generic bounds match inventory"
core::slice::iter,existing-vstd,existing-vstd-baseline,covered: existing-vstd,static-contract-shape-check: passed; copied vstd excerpt available for Verus review,deterministic where vstd contract is deterministic; iterator relation uses existing vstd iterator law,target core::slice::iter mapped to vstd-baseline/std_specs/slice.rs:140-155,signature mirrored from inventory row and source declaration,none,passed: exact existing vstd relation retained and no banned vacuity fragment,"passed: source reference, signature, and generic bounds match inventory"
core::slice::iter_mut,generated-new-real-relation-spec,iterator-splitting-and-chunking,covered: generated-new-real-relation-spec,verus-typecheck: pass; rc=0; command=/home/chentianyu/nanvix-rust-std-spec-survey/verus/source/target-verus/release/verus verification/harnesses/slice_splitting_iterator_batch.rs --no-verify; harness=verification/harnesses/slice_splitting_iterator_batch.rs; stdout=verification/evidence/slice_splitting_iterator_batch.verus.stdout(empty); stderr=verification/evidence/slice_splitting_iterator_batch.verus.stderr(empty); static-contract-shape-check retained with executable declaration present,feedback-pipeline determinism: status=ok; R0=UNSAT; r0_z3=unsat; classification=complete; verus_rc=0; evidence=verification/evidence/slice_feedback_determinism/all-20260811T1415Z-select-nth-result-shape/core__slice__iter_mut/result.json; synthetic=verification/evidence/slice_feedback_determinism/all-20260811T1415Z-select-nth-result-shape/core__slice__iter_mut/synthetic_spec.rs; harness=verification/evidence/slice_feedback_determinism/all-20260811T1415Z-select-nth-result-shape/core__slice__iter_mut/det_harness.rs,target core::slice::iter_mut bound from inventory declaration core:33492 at core/src/slice/mod.rs:1063,signature mirrored from inventory row and source declaration,none,passed: generated relation uses shared Seq/View vocabulary and no banned vacuity fragment,"passed: source reference, signature, and generic bounds match inventory"
core::slice::last,existing-vstd,existing-vstd-baseline,covered: existing-vstd,static-contract-shape-check: passed; copied vstd excerpt available for Verus review,deterministic where vstd contract is deterministic; iterator relation uses existing vstd iterator law,target core::slice::last mapped to vstd-baseline/std_specs/slice.rs:172-176,signature mirrored from inventory row and source declaration,none,passed: exact existing vstd relation retained and no banned vacuity fragment,"passed: source reference, signature, and generic bounds match inventory"
core::slice::last_chunk,generated-new-real-relation-spec,iterator-splitting-and-chunking,covered: generated-new-real-relation-spec,verus-typecheck: pass; rc=0; command=/home/chentianyu/nanvix-rust-std-spec-survey/verus/source/target-verus/release/verus verification/harnesses/slice_splitting_iterator_batch.rs --no-verify; harness=verification/harnesses/slice_splitting_iterator_batch.rs; stdout=verification/evidence/slice_splitting_iterator_batch.verus.stdout(empty); stderr=verification/evidence/slice_splitting_iterator_batch.verus.stderr(empty); static-contract-shape-check retained with executable declaration present,feedback-pipeline determinism: status=ok; R0=UNSAT; r0_z3=unsat; classification=complete; verus_rc=0; evidence=verification/evidence/slice_feedback_determinism/all-20260811T1415Z-select-nth-result-shape/core__slice__last_chunk/result.json; synthetic=verification/evidence/slice_feedback_determinism/all-20260811T1415Z-select-nth-result-shape/core__slice__last_chunk/synthetic_spec.rs; harness=verification/evidence/slice_feedback_determinism/all-20260811T1415Z-select-nth-result-shape/core__slice__last_chunk/det_harness.rs,target core::slice::last_chunk bound from inventory declaration core:61070 at core/src/slice/mod.rs:509,signature mirrored from inventory row and source declaration,<const N: usize>,passed: generated relation uses shared Seq/View vocabulary and no banned vacuity fragment,"passed: source reference, signature, and generic bounds match inventory"
core::slice::last_chunk_mut,generated-new-real-relation-spec,iterator-splitting-and-chunking,covered: generated-new-real-relation-spec,verus-typecheck: pass; rc=0; command=/home/chentianyu/nanvix-rust-std-spec-survey/verus/source/target-verus/release/verus verification/harnesses/slice_splitting_iterator_batch.rs --no-verify; harness=verification/harnesses/slice_splitting_iterator_batch.rs; stdout=verification/evidence/slice_splitting_iterator_batch.verus.stdout(empty); stderr=verification/evidence/slice_splitting_iterator_batch.verus.stderr(empty); static-contract-shape-check retained with executable declaration present,"feedback-pipeline determinism: status=ok; R0=UNKNOWN; r0_z3=unknown; classification=ok_inconclusive; unknown_reason=iterator-or-subslice-state-boundary; unknown_review_reason=contract fixes source/remaining/subrange state, but the Rust iterator, chunk, split, or borrowed subslice value retains opaque runtime/lifetime state; verus_rc=1; evidence=verification/evidence/slice_feedback_determinism/all-20260811T1415Z-select-nth-result-shape/core__slice__last_chunk_mut/result.json; synthetic=verification/evidence/slice_feedback_determinism/all-20260811T1415Z-select-nth-result-shape/core__slice__last_chunk_mut/synthetic_spec.rs; harness=verification/evidence/slice_feedback_determinism/all-20260811T1415Z-select-nth-result-shape/core__slice__last_chunk_mut/det_harness.rs",target core::slice::last_chunk_mut bound from inventory declaration core:61071 at core/src/slice/mod.rs:539,signature mirrored from inventory row and source declaration,<const N: usize>,passed: generated relation uses shared Seq/View vocabulary and no banned vacuity fragment,"passed: source reference, signature, and generic bounds match inventory"
core::slice::last_mut,existing-vstd,existing-vstd-baseline,covered: existing-vstd,static-contract-shape-check: passed; copied vstd excerpt available for Verus review,deterministic where vstd contract is deterministic; iterator relation uses existing vstd iterator law,target core::slice::last_mut mapped to vstd-baseline/std_specs/slice.rs:186-192,signature mirrored from inventory row and source declaration,none,passed: exact existing vstd relation retained and no banned vacuity fragment,"passed: source reference, signature, and generic bounds match inventory"
core::slice::len,existing-vstd,existing-vstd-baseline,covered: existing-vstd,static-contract-shape-check: passed; copied vstd excerpt available for Verus review,deterministic where vstd contract is deterministic; iterator relation uses existing vstd iterator law,target core::slice::len mapped to vstd-baseline/slice.rs:71-86,signature mirrored from inventory row and source declaration,none,passed: exact existing vstd relation retained and no banned vacuity fragment,"passed: source reference, signature, and generic bounds match inventory"
core::slice::make_ascii_lowercase,generated-new-real-relation-spec,ascii-byte-sequence,covered: generated-new-real-relation-spec,verus-typecheck: pass; rc=0; command=/home/chentianyu/nanvix-rust-std-spec-survey/verus/source/target-verus/release/verus verification/harnesses/slice_remaining_families_batch.rs --no-verify; harness=verification/harnesses/slice_remaining_families_batch.rs; stdout=verification/evidence/slice_remaining_families_batch.verus.stdout(empty); stderr=verification/evidence/slice_remaining_families_batch.verus.stderr(empty); executable declaration present,feedback-pipeline determinism: status=ok; R0=UNSAT; r0_z3=unsat; classification=complete; verus_rc=0; evidence=verification/evidence/slice_feedback_determinism/all-20260811T1415Z-select-nth-result-shape/core__slice__make_ascii_lowercase/result.json; synthetic=verification/evidence/slice_feedback_determinism/all-20260811T1415Z-select-nth-result-shape/core__slice__make_ascii_lowercase/synthetic_spec.rs; harness=verification/evidence/slice_feedback_determinism/all-20260811T1415Z-select-nth-result-shape/core__slice__make_ascii_lowercase/det_harness.rs,target core::slice::make_ascii_lowercase bound from inventory declaration core:61048 at core/src/slice/ascii.rs:195,signature mirrored from inventory row and source declaration,none,passed: generated relation uses shared Seq/View vocabulary and no banned vacuity fragment,"passed: source reference, signature, and generic bounds match inventory"
core::slice::make_ascii_uppercase,generated-new-real-relation-spec,ascii-byte-sequence,covered: generated-new-real-relation-spec,verus-typecheck: pass; rc=0; command=/home/chentianyu/nanvix-rust-std-spec-survey/verus/source/target-verus/release/verus verification/harnesses/slice_remaining_families_batch.rs --no-verify; harness=verification/harnesses/slice_remaining_families_batch.rs; stdout=verification/evidence/slice_remaining_families_batch.verus.stdout(empty); stderr=verification/evidence/slice_remaining_families_batch.verus.stderr(empty); executable declaration present,feedback-pipeline determinism: status=ok; R0=UNSAT; r0_z3=unsat; classification=complete; verus_rc=0; evidence=verification/evidence/slice_feedback_determinism/all-20260811T1415Z-select-nth-result-shape/core__slice__make_ascii_uppercase/result.json; synthetic=verification/evidence/slice_feedback_determinism/all-20260811T1415Z-select-nth-result-shape/core__slice__make_ascii_uppercase/synthetic_spec.rs; harness=verification/evidence/slice_feedback_determinism/all-20260811T1415Z-select-nth-result-shape/core__slice__make_ascii_uppercase/det_harness.rs,target core::slice::make_ascii_uppercase bound from inventory declaration core:61047 at core/src/slice/ascii.rs:173,signature mirrored from inventory row and source declaration,none,passed: generated relation uses shared Seq/View vocabulary and no banned vacuity fragment,"passed: source reference, signature, and generic bounds match inventory"
core::slice::partition_point,generated-new-real-relation-spec,search-prefix-suffix-ordering,covered: generated-new-real-relation-spec,verus-typecheck: pass; rc=0; command=/home/chentianyu/nanvix-rust-std-spec-survey/verus/source/target-verus/release/verus verification/harnesses/slice_observation_mutation_batch.rs --no-verify; harness=verification/harnesses/slice_observation_mutation_batch.rs; stdout=verification/evidence/slice_observation_mutation_batch.verus.stdout(empty); stderr=verification/evidence/slice_observation_mutation_batch.verus.stderr(empty); static-contract-shape-check retained with executable declaration present,"feedback-pipeline determinism: status=ok; R0=UNKNOWN; r0_z3=unknown; classification=ok_inconclusive; unknown_reason=duplicate-or-callback-search-boundary; unknown_review_reason=search result is source-backed but relational: duplicate matches, insertion points, or callback/predicate observations do not force a unique return; verus_rc=1; evidence=verification/evidence/slice_feedback_determinism/all-20260811T1415Z-select-nth-result-shape/core__slice__partition_point/result.json; synthetic=verification/evidence/slice_feedback_determinism/all-20260811T1415Z-select-nth-result-shape/core__slice__partition_point/synthetic_spec.rs; harness=verification/evidence/slice_feedback_determinism/all-20260811T1415Z-select-nth-result-shape/core__slice__partition_point/det_harness.rs",target core::slice::partition_point bound from inventory declaration core:61108 at core/src/slice/mod.rs:4861,signature mirrored from inventory row and source declaration,"<P> P: FnMut(&T) -> bool,",passed: generated relation uses shared Seq/View vocabulary and no banned vacuity fragment,"passed: source reference, signature, and generic bounds match inventory"
core::slice::rchunks,generated-new-real-relation-spec,iterator-splitting-and-chunking,covered: generated-new-real-relation-spec,verus-typecheck: pass; rc=0; command=/home/chentianyu/nanvix-rust-std-spec-survey/verus/source/target-verus/release/verus verification/harnesses/slice_splitting_iterator_batch.rs --no-verify; harness=verification/harnesses/slice_splitting_iterator_batch.rs; stdout=verification/evidence/slice_splitting_iterator_batch.verus.stdout(empty); stderr=verification/evidence/slice_splitting_iterator_batch.verus.stderr(empty); static-contract-shape-check retained with executable declaration present,"feedback-pipeline determinism: status=ok; R0=UNKNOWN; r0_z3=unknown; classification=ok_inconclusive; unknown_reason=iterator-or-subslice-state-boundary; unknown_review_reason=contract fixes source/remaining/subrange state, but the Rust iterator, chunk, split, or borrowed subslice value retains opaque runtime/lifetime state; verus_rc=1; evidence=verification/evidence/slice_feedback_determinism/all-20260811T1415Z-select-nth-result-shape/core__slice__rchunks/result.json; synthetic=verification/evidence/slice_feedback_determinism/all-20260811T1415Z-select-nth-result-shape/core__slice__rchunks/synthetic_spec.rs; harness=verification/evidence/slice_feedback_determinism/all-20260811T1415Z-select-nth-result-shape/core__slice__rchunks/det_harness.rs",target core::slice::rchunks bound from inventory declaration core:33696 at core/src/slice/mod.rs:1689,signature mirrored from inventory row and source declaration,none,passed: generated relation uses shared Seq/View vocabulary and no banned vacuity fragment,"passed: source reference, signature, and generic bounds match inventory"
core::slice::rchunks_exact,generated-new-real-relation-spec,iterator-splitting-and-chunking,covered: generated-new-real-relation-spec,verus-typecheck: pass; rc=0; command=/home/chentianyu/nanvix-rust-std-spec-survey/verus/source/target-verus/release/verus verification/harnesses/slice_splitting_iterator_batch.rs --no-verify; harness=verification/harnesses/slice_splitting_iterator_batch.rs; stdout=verification/evidence/slice_splitting_iterator_batch.verus.stdout(empty); stderr=verification/evidence/slice_splitting_iterator_batch.verus.stderr(empty); static-contract-shape-check retained with executable declaration present,"feedback-pipeline determinism: status=ok; R0=UNKNOWN; r0_z3=unknown; classification=ok_inconclusive; unknown_reason=iterator-or-subslice-state-boundary; unknown_review_reason=contract fixes source/remaining/subrange state, but the Rust iterator, chunk, split, or borrowed subslice value retains opaque runtime/lifetime state; verus_rc=1; evidence=verification/evidence/slice_feedback_determinism/all-20260811T1415Z-select-nth-result-shape/core__slice__rchunks_exact/result.json; synthetic=verification/evidence/slice_feedback_determinism/all-20260811T1415Z-select-nth-result-shape/core__slice__rchunks_exact/synthetic_spec.rs; harness=verification/evidence/slice_feedback_determinism/all-20260811T1415Z-select-nth-result-shape/core__slice__rchunks_exact/det_harness.rs",target core::slice::rchunks_exact bound from inventory declaration core:33722 at core/src/slice/mod.rs:1778,signature mirrored from inventory row and source declaration,none,passed: generated relation uses shared Seq/View vocabulary and no banned vacuity fragment,"passed: source reference, signature, and generic bounds match inventory"
core::slice::rchunks_exact_mut,generated-new-real-relation-spec,iterator-splitting-and-chunking,covered: generated-new-real-relation-spec,verus-typecheck: pass; rc=0; command=/home/chentianyu/nanvix-rust-std-spec-survey/verus/source/target-verus/release/verus verification/harnesses/slice_splitting_iterator_batch.rs --no-verify; harness=verification/harnesses/slice_splitting_iterator_batch.rs; stdout=verification/evidence/slice_splitting_iterator_batch.verus.stdout(empty); stderr=verification/evidence/slice_splitting_iterator_batch.verus.stderr(empty); static-contract-shape-check retained with executable declaration present,"feedback-pipeline determinism: status=ok; R0=UNKNOWN; r0_z3=unknown; classification=ok_inconclusive; unknown_reason=iterator-or-subslice-state-boundary; unknown_review_reason=contract fixes source/remaining/subrange state, but the Rust iterator, chunk, split, or borrowed subslice value retains opaque runtime/lifetime state; verus_rc=1; evidence=verification/evidence/slice_feedback_determinism/all-20260811T1415Z-select-nth-result-shape/core__slice__rchunks_exact_mut/result.json; synthetic=verification/evidence/slice_feedback_determinism/all-20260811T1415Z-select-nth-result-shape/core__slice__rchunks_exact_mut/synthetic_spec.rs; harness=verification/evidence/slice_feedback_determinism/all-20260811T1415Z-select-nth-result-shape/core__slice__rchunks_exact_mut/det_harness.rs",target core::slice::rchunks_exact_mut bound from inventory declaration core:33737 at core/src/slice/mod.rs:1827,signature mirrored from inventory row and source declaration,none,passed: generated relation uses shared Seq/View vocabulary and no banned vacuity fragment,"passed: source reference, signature, and generic bounds match inventory"
core::slice::rchunks_mut,generated-new-real-relation-spec,iterator-splitting-and-chunking,covered: generated-new-real-relation-spec,verus-typecheck: pass; rc=0; command=/home/chentianyu/nanvix-rust-std-spec-survey/verus/source/target-verus/release/verus verification/harnesses/slice_splitting_iterator_batch.rs --no-verify; harness=verification/harnesses/slice_splitting_iterator_batch.rs; stdout=verification/evidence/slice_splitting_iterator_batch.verus.stdout(empty); stderr=verification/evidence/slice_splitting_iterator_batch.verus.stderr(empty); static-contract-shape-check retained with executable declaration present,"feedback-pipeline determinism: status=ok; R0=UNKNOWN; r0_z3=unknown; classification=ok_inconclusive; unknown_reason=iterator-or-subslice-state-boundary; unknown_review_reason=contract fixes source/remaining/subrange state, but the Rust iterator, chunk, split, or borrowed subslice value retains opaque runtime/lifetime state; verus_rc=1; evidence=verification/evidence/slice_feedback_determinism/all-20260811T1415Z-select-nth-result-shape/core__slice__rchunks_mut/result.json; synthetic=verification/evidence/slice_feedback_determinism/all-20260811T1415Z-select-nth-result-shape/core__slice__rchunks_mut/synthetic_spec.rs; harness=verification/evidence/slice_feedback_determinism/all-20260811T1415Z-select-nth-result-shape/core__slice__rchunks_mut/det_harness.rs",target core::slice::rchunks_mut bound from inventory declaration core:33709 at core/src/slice/mod.rs:1733,signature mirrored from inventory row and source declaration,none,passed: generated relation uses shared Seq/View vocabulary and no banned vacuity fragment,"passed: source reference, signature, and generic bounds match inventory"
core::slice::reverse,generated-new-real-relation-spec,mutation-frame-and-permutation,covered: generated-new-real-relation-spec,verus-typecheck: pass; rc=0; command=/home/chentianyu/nanvix-rust-std-spec-survey/verus/source/target-verus/release/verus verification/harnesses/slice_observation_mutation_batch.rs --no-verify; harness=verification/harnesses/slice_observation_mutation_batch.rs; stdout=verification/evidence/slice_observation_mutation_batch.verus.stdout(empty); stderr=verification/evidence/slice_observation_mutation_batch.verus.stderr(empty); static-contract-shape-check retained with executable declaration present,feedback-pipeline determinism: status=ok; R0=UNSAT; r0_z3=unsat; classification=complete; verus_rc=0; evidence=verification/evidence/slice_feedback_determinism/all-20260811T1415Z-select-nth-result-shape/core__slice__reverse/result.json; synthetic=verification/evidence/slice_feedback_determinism/all-20260811T1415Z-select-nth-result-shape/core__slice__reverse/synthetic_spec.rs; harness=verification/evidence/slice_feedback_determinism/all-20260811T1415Z-select-nth-result-shape/core__slice__reverse/det_harness.rs,target core::slice::reverse bound from inventory declaration core:61080 at core/src/slice/mod.rs:981,signature mirrored from inventory row and source declaration,none,passed: generated relation uses shared Seq/View vocabulary and no banned vacuity fragment,"passed: source reference, signature, and generic bounds match inventory"
core::slice::rotate_left,generated-new-real-relation-spec,mutation-frame-and-permutation,covered: generated-new-real-relation-spec,verus-typecheck: pass; rc=0; command=/home/chentianyu/nanvix-rust-std-spec-survey/verus/source/target-verus/release/verus verification/harnesses/slice_observation_mutation_batch.rs --no-verify; harness=verification/harnesses/slice_observation_mutation_batch.rs; stdout=verification/evidence/slice_observation_mutation_batch.verus.stdout(empty); stderr=verification/evidence/slice_observation_mutation_batch.verus.stderr(empty); static-contract-shape-check retained with executable declaration present,feedback-pipeline determinism: status=ok; R0=UNSAT; r0_z3=unsat; classification=complete; verus_rc=0; evidence=verification/evidence/slice_feedback_determinism/all-20260811T1415Z-select-nth-result-shape/core__slice__rotate_left/result.json; synthetic=verification/evidence/slice_feedback_determinism/all-20260811T1415Z-select-nth-result-shape/core__slice__rotate_left/synthetic_spec.rs; harness=verification/evidence/slice_feedback_determinism/all-20260811T1415Z-select-nth-result-shape/core__slice__rotate_left/det_harness.rs,target core::slice::rotate_left bound from inventory declaration core:61123 at core/src/slice/mod.rs:3890,signature mirrored from inventory row and source declaration,none,passed: generated relation uses shared Seq/View vocabulary and no banned vacuity fragment,"passed: source reference, signature, and generic bounds match inventory"
core::slice::rotate_right,generated-new-real-relation-spec,mutation-frame-and-permutation,covered: generated-new-real-relation-spec,verus-typecheck: pass; rc=0; command=/home/chentianyu/nanvix-rust-std-spec-survey/verus/source/target-verus/release/verus verification/harnesses/slice_observation_mutation_batch.rs --no-verify; harness=verification/harnesses/slice_observation_mutation_batch.rs; stdout=verification/evidence/slice_observation_mutation_batch.verus.stdout(empty); stderr=verification/evidence/slice_observation_mutation_batch.verus.stderr(empty); static-contract-shape-check retained with executable declaration present,feedback-pipeline determinism: status=ok; R0=UNSAT; r0_z3=unsat; classification=complete; verus_rc=0; evidence=verification/evidence/slice_feedback_determinism/all-20260811T1415Z-select-nth-result-shape/core__slice__rotate_right/result.json; synthetic=verification/evidence/slice_feedback_determinism/all-20260811T1415Z-select-nth-result-shape/core__slice__rotate_right/synthetic_spec.rs; harness=verification/evidence/slice_feedback_determinism/all-20260811T1415Z-select-nth-result-shape/core__slice__rotate_right/det_harness.rs,target core::slice::rotate_right bound from inventory declaration core:61124 at core/src/slice/mod.rs:3936,signature mirrored from inventory row and source declaration,none,passed: generated relation uses shared Seq/View vocabulary and no banned vacuity fragment,"passed: source reference, signature, and generic bounds match inventory"
core::slice::rsplit,generated-new-real-relation-spec,iterator-splitting-and-chunking,covered: generated-new-real-relation-spec,verus-typecheck: pass; rc=0; command=/home/chentianyu/nanvix-rust-std-spec-survey/verus/source/target-verus/release/verus verification/harnesses/slice_splitting_iterator_batch.rs --no-verify; harness=verification/harnesses/slice_splitting_iterator_batch.rs; stdout=verification/evidence/slice_splitting_iterator_batch.verus.stdout(empty); stderr=verification/evidence/slice_splitting_iterator_batch.verus.stderr(empty); static-contract-shape-check retained with executable declaration present,"feedback-pipeline determinism: status=ok; R0=UNKNOWN; r0_z3=unknown; classification=ok_inconclusive; unknown_reason=iterator-or-subslice-state-boundary; unknown_review_reason=contract fixes source/remaining/subrange state, but the Rust iterator, chunk, split, or borrowed subslice value retains opaque runtime/lifetime state; verus_rc=1; evidence=verification/evidence/slice_feedback_determinism/all-20260811T1415Z-select-nth-result-shape/core__slice__rsplit/result.json; synthetic=verification/evidence/slice_feedback_determinism/all-20260811T1415Z-select-nth-result-shape/core__slice__rsplit/synthetic_spec.rs; harness=verification/evidence/slice_feedback_determinism/all-20260811T1415Z-select-nth-result-shape/core__slice__rsplit/det_harness.rs",target core::slice::rsplit bound from inventory declaration core:33558 at core/src/slice/mod.rs:2365,signature mirrored from inventory row and source declaration,"<F> F: FnMut(&T) -> bool,",passed: generated relation uses shared Seq/View vocabulary and no banned vacuity fragment,"passed: source reference, signature, and generic bounds match inventory"
core::slice::rsplit_mut,generated-new-real-relation-spec,iterator-splitting-and-chunking,covered: generated-new-real-relation-spec,verus-typecheck: pass; rc=0; command=/home/chentianyu/nanvix-rust-std-spec-survey/verus/source/target-verus/release/verus verification/harnesses/slice_splitting_iterator_batch.rs --no-verify; harness=verification/harnesses/slice_splitting_iterator_batch.rs; stdout=verification/evidence/slice_splitting_iterator_batch.verus.stdout(empty); stderr=verification/evidence/slice_splitting_iterator_batch.verus.stderr(empty); static-contract-shape-check retained with executable declaration present,"feedback-pipeline determinism: status=ok; R0=UNKNOWN; r0_z3=unknown; classification=ok_inconclusive; unknown_reason=iterator-or-subslice-state-boundary; unknown_review_reason=contract fixes source/remaining/subrange state, but the Rust iterator, chunk, split, or borrowed subslice value retains opaque runtime/lifetime state; verus_rc=1; evidence=verification/evidence/slice_feedback_determinism/all-20260811T1415Z-select-nth-result-shape/core__slice__rsplit_mut/result.json; synthetic=verification/evidence/slice_feedback_determinism/all-20260811T1415Z-select-nth-result-shape/core__slice__rsplit_mut/synthetic_spec.rs; harness=verification/evidence/slice_feedback_determinism/all-20260811T1415Z-select-nth-result-shape/core__slice__rsplit_mut/det_harness.rs",target core::slice::rsplit_mut bound from inventory declaration core:33569 at core/src/slice/mod.rs:2391,signature mirrored from inventory row and source declaration,"<F> F: FnMut(&T) -> bool,",passed: generated relation uses shared Seq/View vocabulary and no banned vacuity fragment,"passed: source reference, signature, and generic bounds match inventory"
core::slice::rsplitn,generated-new-real-relation-spec,iterator-splitting-and-chunking,covered: generated-new-real-relation-spec,verus-typecheck: pass; rc=0; command=/home/chentianyu/nanvix-rust-std-spec-survey/verus/source/target-verus/release/verus verification/harnesses/slice_splitting_iterator_batch.rs --no-verify; harness=verification/harnesses/slice_splitting_iterator_batch.rs; stdout=verification/evidence/slice_splitting_iterator_batch.verus.stdout(empty); stderr=verification/evidence/slice_splitting_iterator_batch.verus.stderr(empty); static-contract-shape-check retained with executable declaration present,"feedback-pipeline determinism: status=ok; R0=UNKNOWN; r0_z3=unknown; classification=ok_inconclusive; unknown_reason=iterator-or-subslice-state-boundary; unknown_review_reason=contract fixes source/remaining/subrange state, but the Rust iterator, chunk, split, or borrowed subslice value retains opaque runtime/lifetime state; verus_rc=1; evidence=verification/evidence/slice_feedback_determinism/all-20260811T1415Z-select-nth-result-shape/core__slice__rsplitn/result.json; synthetic=verification/evidence/slice_feedback_determinism/all-20260811T1415Z-select-nth-result-shape/core__slice__rsplitn/synthetic_spec.rs; harness=verification/evidence/slice_feedback_determinism/all-20260811T1415Z-select-nth-result-shape/core__slice__rsplitn/det_harness.rs",target core::slice::rsplitn bound from inventory declaration core:33589 at core/src/slice/mod.rs:2474,signature mirrored from inventory row and source declaration,"<F> F: FnMut(&T) -> bool,",passed: generated relation uses shared Seq/View vocabulary and no banned vacuity fragment,"passed: source reference, signature, and generic bounds match inventory"
core::slice::rsplitn_mut,generated-new-real-relation-spec,iterator-splitting-and-chunking,covered: generated-new-real-relation-spec,verus-typecheck: pass; rc=0; command=/home/chentianyu/nanvix-rust-std-spec-survey/verus/source/target-verus/release/verus verification/harnesses/slice_splitting_iterator_batch.rs --no-verify; harness=verification/harnesses/slice_splitting_iterator_batch.rs; stdout=verification/evidence/slice_splitting_iterator_batch.verus.stdout(empty); stderr=verification/evidence/slice_splitting_iterator_batch.verus.stderr(empty); static-contract-shape-check retained with executable declaration present,"feedback-pipeline determinism: status=ok; R0=UNKNOWN; r0_z3=unknown; classification=ok_inconclusive; unknown_reason=iterator-or-subslice-state-boundary; unknown_review_reason=contract fixes source/remaining/subrange state, but the Rust iterator, chunk, split, or borrowed subslice value retains opaque runtime/lifetime state; verus_rc=1; evidence=verification/evidence/slice_feedback_determinism/all-20260811T1415Z-select-nth-result-shape/core__slice__rsplitn_mut/result.json; synthetic=verification/evidence/slice_feedback_determinism/all-20260811T1415Z-select-nth-result-shape/core__slice__rsplitn_mut/synthetic_spec.rs; harness=verification/evidence/slice_feedback_determinism/all-20260811T1415Z-select-nth-result-shape/core__slice__rsplitn_mut/det_harness.rs",target core::slice::rsplitn_mut bound from inventory declaration core:33609 at core/src/slice/mod.rs:2501,signature mirrored from inventory row and source declaration,"<F> F: FnMut(&T) -> bool,",passed: generated relation uses shared Seq/View vocabulary and no banned vacuity fragment,"passed: source reference, signature, and generic bounds match inventory"
core::slice::select_nth_unstable,generated-new-real-relation-spec,sorting-and-selection,covered: generated-new-real-relation-spec,verus-typecheck: pass; rc=0; command=/home/chentianyu/nanvix-rust-std-spec-survey/verus/source/target-verus/release/verus verification/harnesses/slice_remaining_families_batch.rs --no-verify; harness=verification/harnesses/slice_remaining_families_batch.rs; stdout=verification/evidence/slice_remaining_families_batch.verus.stdout(empty); stderr=verification/evidence/slice_remaining_families_batch.verus.stderr(empty); executable declaration present,"feedback-pipeline determinism: status=ok; R0=UNKNOWN; r0_z3=unknown; classification=ok_inconclusive; unknown_reason=unstable-sort-or-selection-boundary; unknown_review_reason=unstable sort/select APIs guarantee ordering or partition plus permutation, not a unique permutation for equal keys or pivot-equivalent elements; verus_rc=1; evidence=verification/evidence/slice_feedback_determinism/all-20260811T1415Z-select-nth-result-shape/core__slice__select_nth_unstable/result.json; synthetic=verification/evidence/slice_feedback_determinism/all-20260811T1415Z-select-nth-result-shape/core__slice__select_nth_unstable/synthetic_spec.rs; harness=verification/evidence/slice_feedback_determinism/all-20260811T1415Z-select-nth-result-shape/core__slice__select_nth_unstable/det_harness.rs",target core::slice::select_nth_unstable bound from inventory declaration core:61117 at core/src/slice/mod.rs:3522,signature mirrored from inventory row and source declaration,"T: Ord,",passed: generated relation uses shared Seq/View vocabulary and no banned vacuity fragment,"passed: source reference, signature, and generic bounds match inventory"
core::slice::select_nth_unstable_by,generated-new-real-relation-spec,sorting-and-selection,covered: generated-new-real-relation-spec,verus-typecheck: pass; rc=0; command=/home/chentianyu/nanvix-rust-std-spec-survey/verus/source/target-verus/release/verus verification/harnesses/slice_remaining_families_batch.rs --no-verify; harness=verification/harnesses/slice_remaining_families_batch.rs; stdout=verification/evidence/slice_remaining_families_batch.verus.stdout(empty); stderr=verification/evidence/slice_remaining_families_batch.verus.stderr(empty); executable declaration present,"feedback-pipeline determinism: status=ok; R0=UNKNOWN; r0_z3=unknown; classification=ok_inconclusive; unknown_reason=unstable-sort-or-selection-boundary; unknown_review_reason=unstable sort/select APIs guarantee ordering or partition plus permutation, not a unique permutation for equal keys or pivot-equivalent elements; verus_rc=1; evidence=verification/evidence/slice_feedback_determinism/all-20260811T1415Z-select-nth-result-shape/core__slice__select_nth_unstable_by/result.json; synthetic=verification/evidence/slice_feedback_determinism/all-20260811T1415Z-select-nth-result-shape/core__slice__select_nth_unstable_by/synthetic_spec.rs; harness=verification/evidence/slice_feedback_determinism/all-20260811T1415Z-select-nth-result-shape/core__slice__select_nth_unstable_by/det_harness.rs",target core::slice::select_nth_unstable_by bound from inventory declaration core:61118 at core/src/slice/mod.rs:3587,signature mirrored from inventory row and source declaration,"<F> F: FnMut(&T, &T) -> Ordering,",passed: generated relation uses shared Seq/View vocabulary and no banned vacuity fragment,"passed: source reference, signature, and generic bounds match inventory"
core::slice::select_nth_unstable_by_key,generated-new-real-relation-spec,sorting-and-selection,covered: generated-new-real-relation-spec,verus-typecheck: pass; rc=0; command=/home/chentianyu/nanvix-rust-std-spec-survey/verus/source/target-verus/release/verus verification/harnesses/slice_remaining_families_batch.rs --no-verify; harness=verification/harnesses/slice_remaining_families_batch.rs; stdout=verification/evidence/slice_remaining_families_batch.verus.stdout(empty); stderr=verification/evidence/slice_remaining_families_batch.verus.stderr(empty); executable declaration present,"feedback-pipeline determinism: status=ok; R0=UNKNOWN; r0_z3=unknown; classification=ok_inconclusive; unknown_reason=unstable-sort-or-selection-boundary; unknown_review_reason=unstable sort/select APIs guarantee ordering or partition plus permutation, not a unique permutation for equal keys or pivot-equivalent elements; verus_rc=1; evidence=verification/evidence/slice_feedback_determinism/all-20260811T1415Z-select-nth-result-shape/core__slice__select_nth_unstable_by_key/result.json; synthetic=verification/evidence/slice_feedback_determinism/all-20260811T1415Z-select-nth-result-shape/core__slice__select_nth_unstable_by_key/synthetic_spec.rs; harness=verification/evidence/slice_feedback_determinism/all-20260811T1415Z-select-nth-result-shape/core__slice__select_nth_unstable_by_key/det_harness.rs",target core::slice::select_nth_unstable_by_key bound from inventory declaration core:61119 at core/src/slice/mod.rs:3654,signature mirrored from inventory row and source declaration,"<K, F> F: FnMut(&T) -> K, K: Ord,",passed: generated relation uses shared Seq/View vocabulary and no banned vacuity fragment,"passed: source reference, signature, and generic bounds match inventory"
core::slice::sort_unstable,generated-new-real-relation-spec,sorting-and-selection,covered: generated-new-real-relation-spec,verus-typecheck: pass; rc=0; command=/home/chentianyu/nanvix-rust-std-spec-survey/verus/source/target-verus/release/verus verification/harnesses/slice_remaining_families_batch.rs --no-verify; harness=verification/harnesses/slice_remaining_families_batch.rs; stdout=verification/evidence/slice_remaining_families_batch.verus.stdout(empty); stderr=verification/evidence/slice_remaining_families_batch.verus.stderr(empty); executable declaration present,"feedback-pipeline determinism: status=ok; R0=UNKNOWN; r0_z3=unknown; classification=ok_inconclusive; unknown_reason=unstable-sort-or-selection-boundary; unknown_review_reason=unstable sort/select APIs guarantee ordering or partition plus permutation, not a unique permutation for equal keys or pivot-equivalent elements; verus_rc=1; evidence=verification/evidence/slice_feedback_determinism/all-20260811T1415Z-select-nth-result-shape/core__slice__sort_unstable/result.json; synthetic=verification/evidence/slice_feedback_determinism/all-20260811T1415Z-select-nth-result-shape/core__slice__sort_unstable/synthetic_spec.rs; harness=verification/evidence/slice_feedback_determinism/all-20260811T1415Z-select-nth-result-shape/core__slice__sort_unstable/det_harness.rs",target core::slice::sort_unstable bound from inventory declaration core:61111 at core/src/slice/mod.rs:3139,signature mirrored from inventory row and source declaration,"T: Ord,",passed: generated relation uses shared Seq/View vocabulary and no banned vacuity fragment,"passed: source reference, signature, and generic bounds match inventory"
core::slice::sort_unstable_by,generated-new-real-relation-spec,sorting-and-selection,covered: generated-new-real-relation-spec,verus-typecheck: pass; rc=0; command=/home/chentianyu/nanvix-rust-std-spec-survey/verus/source/target-verus/release/verus verification/harnesses/slice_remaining_families_batch.rs --no-verify; harness=verification/harnesses/slice_remaining_families_batch.rs; stdout=verification/evidence/slice_remaining_families_batch.verus.stdout(empty); stderr=verification/evidence/slice_remaining_families_batch.verus.stderr(empty); executable declaration present,"feedback-pipeline determinism: status=ok; R0=UNKNOWN; r0_z3=unknown; classification=ok_inconclusive; unknown_reason=unstable-sort-or-selection-boundary; unknown_review_reason=unstable sort/select APIs guarantee ordering or partition plus permutation, not a unique permutation for equal keys or pivot-equivalent elements; verus_rc=1; evidence=verification/evidence/slice_feedback_determinism/all-20260811T1415Z-select-nth-result-shape/core__slice__sort_unstable_by/result.json; synthetic=verification/evidence/slice_feedback_determinism/all-20260811T1415Z-select-nth-result-shape/core__slice__sort_unstable_by/synthetic_spec.rs; harness=verification/evidence/slice_feedback_determinism/all-20260811T1415Z-select-nth-result-shape/core__slice__sort_unstable_by/det_harness.rs",target core::slice::sort_unstable_by bound from inventory declaration core:61112 at core/src/slice/mod.rs:3194,signature mirrored from inventory row and source declaration,"<F> F: FnMut(&T, &T) -> Ordering,",passed: generated relation uses shared Seq/View vocabulary and no banned vacuity fragment,"passed: source reference, signature, and generic bounds match inventory"
core::slice::sort_unstable_by_key,generated-new-real-relation-spec,sorting-and-selection,covered: generated-new-real-relation-spec,verus-typecheck: pass; rc=0; command=/home/chentianyu/nanvix-rust-std-spec-survey/verus/source/target-verus/release/verus verification/harnesses/slice_remaining_families_batch.rs --no-verify; harness=verification/harnesses/slice_remaining_families_batch.rs; stdout=verification/evidence/slice_remaining_families_batch.verus.stdout(empty); stderr=verification/evidence/slice_remaining_families_batch.verus.stderr(empty); executable declaration present,"feedback-pipeline determinism: status=ok; R0=UNKNOWN; r0_z3=unknown; classification=ok_inconclusive; unknown_reason=unstable-sort-or-selection-boundary; unknown_review_reason=unstable sort/select APIs guarantee ordering or partition plus permutation, not a unique permutation for equal keys or pivot-equivalent elements; verus_rc=1; evidence=verification/evidence/slice_feedback_determinism/all-20260811T1415Z-select-nth-result-shape/core__slice__sort_unstable_by_key/result.json; synthetic=verification/evidence/slice_feedback_determinism/all-20260811T1415Z-select-nth-result-shape/core__slice__sort_unstable_by_key/synthetic_spec.rs; harness=verification/evidence/slice_feedback_determinism/all-20260811T1415Z-select-nth-result-shape/core__slice__sort_unstable_by_key/det_harness.rs",target core::slice::sort_unstable_by_key bound from inventory declaration core:61113 at core/src/slice/mod.rs:3246,signature mirrored from inventory row and source declaration,"<K, F> F: FnMut(&T) -> K, K: Ord,",passed: generated relation uses shared Seq/View vocabulary and no banned vacuity fragment,"passed: source reference, signature, and generic bounds match inventory"
core::slice::split,generated-new-real-relation-spec,iterator-splitting-and-chunking,covered: generated-new-real-relation-spec,verus-typecheck: pass; rc=0; command=/home/chentianyu/nanvix-rust-std-spec-survey/verus/source/target-verus/release/verus verification/harnesses/slice_splitting_iterator_batch.rs --no-verify; harness=verification/harnesses/slice_splitting_iterator_batch.rs; stdout=verification/evidence/slice_splitting_iterator_batch.verus.stdout(empty); stderr=verification/evidence/slice_splitting_iterator_batch.verus.stderr(empty); static-contract-shape-check retained with executable declaration present,"feedback-pipeline determinism: status=ok; R0=UNKNOWN; r0_z3=unknown; classification=ok_inconclusive; unknown_reason=iterator-or-subslice-state-boundary; unknown_review_reason=contract fixes source/remaining/subrange state, but the Rust iterator, chunk, split, or borrowed subslice value retains opaque runtime/lifetime state; verus_rc=1; evidence=verification/evidence/slice_feedback_determinism/all-20260811T1415Z-select-nth-result-shape/core__slice__split/result.json; synthetic=verification/evidence/slice_feedback_determinism/all-20260811T1415Z-select-nth-result-shape/core__slice__split/synthetic_spec.rs; harness=verification/evidence/slice_feedback_determinism/all-20260811T1415Z-select-nth-result-shape/core__slice__split/det_harness.rs",target core::slice::split bound from inventory declaration core:33508 at core/src/slice/mod.rs:2247,signature mirrored from inventory row and source declaration,"<F> F: FnMut(&T) -> bool,",passed: generated relation uses shared Seq/View vocabulary and no banned vacuity fragment,"passed: source reference, signature, and generic bounds match inventory"
core::slice::split_at,existing-vstd,existing-vstd-baseline,covered: existing-vstd,static-contract-shape-check: passed; copied vstd excerpt available for Verus review,deterministic where vstd contract is deterministic; iterator relation uses existing vstd iterator law,target core::slice::split_at mapped to vstd-baseline/std_specs/slice.rs:194-200,signature mirrored from inventory row and source declaration,none,passed: exact existing vstd relation retained and no banned vacuity fragment,"passed: source reference, signature, and generic bounds match inventory"
core::slice::split_at_checked,generated-new-real-relation-spec,iterator-splitting-and-chunking,covered: generated-new-real-relation-spec,verus-typecheck: pass; rc=0; command=/home/chentianyu/nanvix-rust-std-spec-survey/verus/source/target-verus/release/verus verification/harnesses/slice_splitting_iterator_batch.rs --no-verify; harness=verification/harnesses/slice_splitting_iterator_batch.rs; stdout=verification/evidence/slice_splitting_iterator_batch.verus.stdout(empty); stderr=verification/evidence/slice_splitting_iterator_batch.verus.stderr(empty); static-contract-shape-check retained with executable declaration present,feedback-pipeline determinism: status=ok; R0=UNSAT; r0_z3=unsat; classification=complete; verus_rc=0; evidence=verification/evidence/slice_feedback_determinism/all-20260811T1415Z-select-nth-result-shape/core__slice__split_at_checked/result.json; synthetic=verification/evidence/slice_feedback_determinism/all-20260811T1415Z-select-nth-result-shape/core__slice__split_at_checked/synthetic_spec.rs; harness=verification/evidence/slice_feedback_determinism/all-20260811T1415Z-select-nth-result-shape/core__slice__split_at_checked/det_harness.rs,target core::slice::split_at_checked bound from inventory declaration core:61089 at core/src/slice/mod.rs:2156,signature mirrored from inventory row and source declaration,none,passed: generated relation uses shared Seq/View vocabulary and no banned vacuity fragment,"passed: source reference, signature, and generic bounds match inventory"
core::slice::split_at_mut,existing-vstd,existing-vstd-baseline,covered: existing-vstd,static-contract-shape-check: passed; copied vstd excerpt available for Verus review,deterministic where vstd contract is deterministic; iterator relation uses existing vstd iterator law,target core::slice::split_at_mut mapped to vstd-baseline/std_specs/slice.rs:202-210,signature mirrored from inventory row and source declaration,none,passed: exact existing vstd relation retained and no banned vacuity fragment,"passed: source reference, signature, and generic bounds match inventory"
core::slice::split_at_mut_checked,generated-new-real-relation-spec,iterator-splitting-and-chunking,covered: generated-new-real-relation-spec,verus-typecheck: pass; rc=0; command=/home/chentianyu/nanvix-rust-std-spec-survey/verus/source/target-verus/release/verus verification/harnesses/slice_splitting_iterator_batch.rs --no-verify; harness=verification/harnesses/slice_splitting_iterator_batch.rs; stdout=verification/evidence/slice_splitting_iterator_batch.verus.stdout(empty); stderr=verification/evidence/slice_splitting_iterator_batch.verus.stderr(empty); static-contract-shape-check retained with executable declaration present,"feedback-pipeline determinism: status=ok; R0=UNKNOWN; r0_z3=unknown; classification=ok_inconclusive; unknown_reason=iterator-or-subslice-state-boundary; unknown_review_reason=contract fixes source/remaining/subrange state, but the Rust iterator, chunk, split, or borrowed subslice value retains opaque runtime/lifetime state; verus_rc=1; evidence=verification/evidence/slice_feedback_determinism/all-20260811T1415Z-select-nth-result-shape/core__slice__split_at_mut_checked/result.json; synthetic=verification/evidence/slice_feedback_determinism/all-20260811T1415Z-select-nth-result-shape/core__slice__split_at_mut_checked/synthetic_spec.rs; harness=verification/evidence/slice_feedback_determinism/all-20260811T1415Z-select-nth-result-shape/core__slice__split_at_mut_checked/det_harness.rs",target core::slice::split_at_mut_checked bound from inventory declaration core:61091 at core/src/slice/mod.rs:2195,signature mirrored from inventory row and source declaration,none,passed: generated relation uses shared Seq/View vocabulary and no banned vacuity fragment,"passed: source reference, signature, and generic bounds match inventory"
core::slice::split_at_mut_unchecked,generated-new-real-relation-spec,iterator-splitting-and-chunking,covered: generated-new-real-relation-spec,verus-typecheck: pass; rc=0; command=/home/chentianyu/nanvix-rust-std-spec-survey/verus/source/target-verus/release/verus verification/harnesses/slice_splitting_iterator_batch.rs --no-verify; harness=verification/harnesses/slice_splitting_iterator_batch.rs; stdout=verification/evidence/slice_splitting_iterator_batch.verus.stdout(empty); stderr=verification/evidence/slice_splitting_iterator_batch.verus.stderr(empty); static-contract-shape-check retained with executable declaration present,"feedback-pipeline determinism: status=ok; R0=UNKNOWN; r0_z3=unknown; classification=ok_inconclusive; unknown_reason=iterator-or-subslice-state-boundary; unknown_review_reason=contract fixes source/remaining/subrange state, but the Rust iterator, chunk, split, or borrowed subslice value retains opaque runtime/lifetime state; verus_rc=1; evidence=verification/evidence/slice_feedback_determinism/all-20260811T1415Z-select-nth-result-shape/core__slice__split_at_mut_unchecked/result.json; synthetic=verification/evidence/slice_feedback_determinism/all-20260811T1415Z-select-nth-result-shape/core__slice__split_at_mut_unchecked/synthetic_spec.rs; harness=verification/evidence/slice_feedback_determinism/all-20260811T1415Z-select-nth-result-shape/core__slice__split_at_mut_unchecked/det_harness.rs",target core::slice::split_at_mut_unchecked bound from inventory declaration core:61094 at core/src/slice/mod.rs:2095,signature mirrored from inventory row and source declaration,none,passed: generated relation uses shared Seq/View vocabulary and no banned vacuity fragment,"passed: source reference, signature, and generic bounds match inventory"
core::slice::split_at_unchecked,generated-new-real-relation-spec,iterator-splitting-and-chunking,covered: generated-new-real-relation-spec,verus-typecheck: pass; rc=0; command=/home/chentianyu/nanvix-rust-std-spec-survey/verus/source/target-verus/release/verus verification/harnesses/slice_splitting_iterator_batch.rs --no-verify; harness=verification/harnesses/slice_splitting_iterator_batch.rs; stdout=verification/evidence/slice_splitting_iterator_batch.verus.stdout(empty); stderr=verification/evidence/slice_splitting_iterator_batch.verus.stderr(empty); static-contract-shape-check retained with executable declaration present,feedback-pipeline determinism: status=ok; R0=UNSAT; r0_z3=unsat; classification=complete; verus_rc=0; evidence=verification/evidence/slice_feedback_determinism/all-20260811T1415Z-select-nth-result-shape/core__slice__split_at_unchecked/result.json; synthetic=verification/evidence/slice_feedback_determinism/all-20260811T1415Z-select-nth-result-shape/core__slice__split_at_unchecked/synthetic_spec.rs; harness=verification/evidence/slice_feedback_determinism/all-20260811T1415Z-select-nth-result-shape/core__slice__split_at_unchecked/det_harness.rs,target core::slice::split_at_unchecked bound from inventory declaration core:61093 at core/src/slice/mod.rs:2041,signature mirrored from inventory row and source declaration,none,passed: generated relation uses shared Seq/View vocabulary and no banned vacuity fragment,"passed: source reference, signature, and generic bounds match inventory"
core::slice::split_first,generated-new-real-relation-spec,iterator-splitting-and-chunking,covered: generated-new-real-relation-spec,verus-typecheck: pass; rc=0; command=/home/chentianyu/nanvix-rust-std-spec-survey/verus/source/target-verus/release/verus verification/harnesses/slice_splitting_iterator_batch.rs --no-verify; harness=verification/harnesses/slice_splitting_iterator_batch.rs; stdout=verification/evidence/slice_splitting_iterator_batch.verus.stdout(empty); stderr=verification/evidence/slice_splitting_iterator_batch.verus.stderr(empty); static-contract-shape-check retained with executable declaration present,feedback-pipeline determinism: status=ok; R0=UNSAT; r0_z3=unsat; classification=complete; verus_rc=0; evidence=verification/evidence/slice_feedback_determinism/all-20260811T1415Z-select-nth-result-shape/core__slice__split_first/result.json; synthetic=verification/evidence/slice_feedback_determinism/all-20260811T1415Z-select-nth-result-shape/core__slice__split_first/synthetic_spec.rs; harness=verification/evidence/slice_feedback_determinism/all-20260811T1415Z-select-nth-result-shape/core__slice__split_first/det_harness.rs,target core::slice::split_first bound from inventory declaration core:61058 at core/src/slice/mod.rs:198,signature mirrored from inventory row and source declaration,none,passed: generated relation uses shared Seq/View vocabulary and no banned vacuity fragment,"passed: source reference, signature, and generic bounds match inventory"
core::slice::split_first_chunk,generated-new-real-relation-spec,iterator-splitting-and-chunking,covered: generated-new-real-relation-spec,verus-typecheck: pass; rc=0; command=/home/chentianyu/nanvix-rust-std-spec-survey/verus/source/target-verus/release/verus verification/harnesses/slice_splitting_iterator_batch.rs --no-verify; harness=verification/harnesses/slice_splitting_iterator_batch.rs; stdout=verification/evidence/slice_splitting_iterator_batch.verus.stdout(empty); stderr=verification/evidence/slice_splitting_iterator_batch.verus.stderr(empty); static-contract-shape-check retained with executable declaration present,feedback-pipeline determinism: status=ok; R0=UNSAT; r0_z3=unsat; classification=complete; verus_rc=0; evidence=verification/evidence/slice_feedback_determinism/all-20260811T1415Z-select-nth-result-shape/core__slice__split_first_chunk/result.json; synthetic=verification/evidence/slice_feedback_determinism/all-20260811T1415Z-select-nth-result-shape/core__slice__split_first_chunk/synthetic_spec.rs; harness=verification/evidence/slice_feedback_determinism/all-20260811T1415Z-select-nth-result-shape/core__slice__split_first_chunk/det_harness.rs,target core::slice::split_first_chunk bound from inventory declaration core:61066 at core/src/slice/mod.rs:387,signature mirrored from inventory row and source declaration,<const N: usize>,passed: generated relation uses shared Seq/View vocabulary and no banned vacuity fragment,"passed: source reference, signature, and generic bounds match inventory"
core::slice::split_first_chunk_mut,generated-new-real-relation-spec,iterator-splitting-and-chunking,covered: generated-new-real-relation-spec,verus-typecheck: pass; rc=0; command=/home/chentianyu/nanvix-rust-std-spec-survey/verus/source/target-verus/release/verus verification/harnesses/slice_splitting_iterator_batch.rs --no-verify; harness=verification/harnesses/slice_splitting_iterator_batch.rs; stdout=verification/evidence/slice_splitting_iterator_batch.verus.stdout(empty); stderr=verification/evidence/slice_splitting_iterator_batch.verus.stderr(empty); static-contract-shape-check retained with executable declaration present,"feedback-pipeline determinism: status=ok; R0=UNKNOWN; r0_z3=unknown; classification=ok_inconclusive; unknown_reason=iterator-or-subslice-state-boundary; unknown_review_reason=contract fixes source/remaining/subrange state, but the Rust iterator, chunk, split, or borrowed subslice value retains opaque runtime/lifetime state; verus_rc=1; evidence=verification/evidence/slice_feedback_determinism/all-20260811T1415Z-select-nth-result-shape/core__slice__split_first_chunk_mut/result.json; synthetic=verification/evidence/slice_feedback_determinism/all-20260811T1415Z-select-nth-result-shape/core__slice__split_first_chunk_mut/synthetic_spec.rs; harness=verification/evidence/slice_feedback_determinism/all-20260811T1415Z-select-nth-result-shape/core__slice__split_first_chunk_mut/det_harness.rs",target core::slice::split_first_chunk_mut bound from inventory declaration core:61067 at core/src/slice/mod.rs:417,signature mirrored from inventory row and source declaration,<const N: usize>,passed: generated relation uses shared Seq/View vocabulary and no banned vacuity fragment,"passed: source reference, signature, and generic bounds match inventory"
core::slice::split_first_mut,generated-new-real-relation-spec,iterator-splitting-and-chunking,covered: generated-new-real-relation-spec,verus-typecheck: pass; rc=0; command=/home/chentianyu/nanvix-rust-std-spec-survey/verus/source/target-verus/release/verus verification/harnesses/slice_splitting_iterator_batch.rs --no-verify; harness=verification/harnesses/slice_splitting_iterator_batch.rs; stdout=verification/evidence/slice_splitting_iterator_batch.verus.stdout(empty); stderr=verification/evidence/slice_splitting_iterator_batch.verus.stderr(empty); static-contract-shape-check retained with executable declaration present,"feedback-pipeline determinism: status=ok; R0=UNKNOWN; r0_z3=unknown; classification=ok_inconclusive; unknown_reason=iterator-or-subslice-state-boundary; unknown_review_reason=contract fixes source/remaining/subrange state, but the Rust iterator, chunk, split, or borrowed subslice value retains opaque runtime/lifetime state; verus_rc=1; evidence=verification/evidence/slice_feedback_determinism/all-20260811T1415Z-select-nth-result-shape/core__slice__split_first_mut/result.json; synthetic=verification/evidence/slice_feedback_determinism/all-20260811T1415Z-select-nth-result-shape/core__slice__split_first_mut/synthetic_spec.rs; harness=verification/evidence/slice_feedback_determinism/all-20260811T1415Z-select-nth-result-shape/core__slice__split_first_mut/det_harness.rs",target core::slice::split_first_mut bound from inventory declaration core:61059 at core/src/slice/mod.rs:220,signature mirrored from inventory row and source declaration,none,passed: generated relation uses shared Seq/View vocabulary and no banned vacuity fragment,"passed: source reference, signature, and generic bounds match inventory"
core::slice::split_inclusive,generated-new-real-relation-spec,iterator-splitting-and-chunking,covered: generated-new-real-relation-spec,verus-typecheck: pass; rc=0; command=/home/chentianyu/nanvix-rust-std-spec-survey/verus/source/target-verus/release/verus verification/harnesses/slice_splitting_iterator_batch.rs --no-verify; harness=verification/harnesses/slice_splitting_iterator_batch.rs; stdout=verification/evidence/slice_splitting_iterator_batch.verus.stdout(empty); stderr=verification/evidence/slice_splitting_iterator_batch.verus.stderr(empty); static-contract-shape-check retained with executable declaration present,"feedback-pipeline determinism: status=ok; R0=UNKNOWN; r0_z3=unknown; classification=ok_inconclusive; unknown_reason=iterator-or-subslice-state-boundary; unknown_review_reason=contract fixes source/remaining/subrange state, but the Rust iterator, chunk, split, or borrowed subslice value retains opaque runtime/lifetime state; verus_rc=1; evidence=verification/evidence/slice_feedback_determinism/all-20260811T1415Z-select-nth-result-shape/core__slice__split_inclusive/result.json; synthetic=verification/evidence/slice_feedback_determinism/all-20260811T1415Z-select-nth-result-shape/core__slice__split_inclusive/synthetic_spec.rs; harness=verification/evidence/slice_feedback_determinism/all-20260811T1415Z-select-nth-result-shape/core__slice__split_inclusive/det_harness.rs",target core::slice::split_inclusive bound from inventory declaration core:33523 at core/src/slice/mod.rs:2305,signature mirrored from inventory row and source declaration,"<F> F: FnMut(&T) -> bool,",passed: generated relation uses shared Seq/View vocabulary and no banned vacuity fragment,"passed: source reference, signature, and generic bounds match inventory"
core::slice::split_inclusive_mut,generated-new-real-relation-spec,iterator-splitting-and-chunking,covered: generated-new-real-relation-spec,verus-typecheck: pass; rc=0; command=/home/chentianyu/nanvix-rust-std-spec-survey/verus/source/target-verus/release/verus verification/harnesses/slice_splitting_iterator_batch.rs --no-verify; harness=verification/harnesses/slice_splitting_iterator_batch.rs; stdout=verification/evidence/slice_splitting_iterator_batch.verus.stdout(empty); stderr=verification/evidence/slice_splitting_iterator_batch.verus.stderr(empty); static-contract-shape-check retained with executable declaration present,"feedback-pipeline determinism: status=ok; R0=UNKNOWN; r0_z3=unknown; classification=ok_inconclusive; unknown_reason=iterator-or-subslice-state-boundary; unknown_review_reason=contract fixes source/remaining/subrange state, but the Rust iterator, chunk, split, or borrowed subslice value retains opaque runtime/lifetime state; verus_rc=1; evidence=verification/evidence/slice_feedback_determinism/all-20260811T1415Z-select-nth-result-shape/core__slice__split_inclusive_mut/result.json; synthetic=verification/evidence/slice_feedback_determinism/all-20260811T1415Z-select-nth-result-shape/core__slice__split_inclusive_mut/synthetic_spec.rs; harness=verification/evidence/slice_feedback_determinism/all-20260811T1415Z-select-nth-result-shape/core__slice__split_inclusive_mut/det_harness.rs",target core::slice::split_inclusive_mut bound from inventory declaration core:33548 at core/src/slice/mod.rs:2329,signature mirrored from inventory row and source declaration,"<F> F: FnMut(&T) -> bool,",passed: generated relation uses shared Seq/View vocabulary and no banned vacuity fragment,"passed: source reference, signature, and generic bounds match inventory"
core::slice::split_last,generated-new-real-relation-spec,iterator-splitting-and-chunking,covered: generated-new-real-relation-spec,verus-typecheck: pass; rc=0; command=/home/chentianyu/nanvix-rust-std-spec-survey/verus/source/target-verus/release/verus verification/harnesses/slice_splitting_iterator_batch.rs --no-verify; harness=verification/harnesses/slice_splitting_iterator_batch.rs; stdout=verification/evidence/slice_splitting_iterator_batch.verus.stdout(empty); stderr=verification/evidence/slice_splitting_iterator_batch.verus.stderr(empty); static-contract-shape-check retained with executable declaration present,feedback-pipeline determinism: status=ok; R0=UNSAT; r0_z3=unsat; classification=complete; verus_rc=0; evidence=verification/evidence/slice_feedback_determinism/all-20260811T1415Z-select-nth-result-shape/core__slice__split_last/result.json; synthetic=verification/evidence/slice_feedback_determinism/all-20260811T1415Z-select-nth-result-shape/core__slice__split_last/synthetic_spec.rs; harness=verification/evidence/slice_feedback_determinism/all-20260811T1415Z-select-nth-result-shape/core__slice__split_last/det_harness.rs,target core::slice::split_last bound from inventory declaration core:61060 at core/src/slice/mod.rs:240,signature mirrored from inventory row and source declaration,none,passed: generated relation uses shared Seq/View vocabulary and no banned vacuity fragment,"passed: source reference, signature, and generic bounds match inventory"
core::slice::split_last_chunk,generated-new-real-relation-spec,iterator-splitting-and-chunking,covered: generated-new-real-relation-spec,verus-typecheck: pass; rc=0; command=/home/chentianyu/nanvix-rust-std-spec-survey/verus/source/target-verus/release/verus verification/harnesses/slice_splitting_iterator_batch.rs --no-verify; harness=verification/harnesses/slice_splitting_iterator_batch.rs; stdout=verification/evidence/slice_splitting_iterator_batch.verus.stdout(empty); stderr=verification/evidence/slice_splitting_iterator_batch.verus.stderr(empty); static-contract-shape-check retained with executable declaration present,feedback-pipeline determinism: status=ok; R0=UNSAT; r0_z3=unsat; classification=complete; verus_rc=0; evidence=verification/evidence/slice_feedback_determinism/all-20260811T1415Z-select-nth-result-shape/core__slice__split_last_chunk/result.json; synthetic=verification/evidence/slice_feedback_determinism/all-20260811T1415Z-select-nth-result-shape/core__slice__split_last_chunk/synthetic_spec.rs; harness=verification/evidence/slice_feedback_determinism/all-20260811T1415Z-select-nth-result-shape/core__slice__split_last_chunk/det_harness.rs,target core::slice::split_last_chunk bound from inventory declaration core:61068 at core/src/slice/mod.rs:447,signature mirrored from inventory row and source declaration,<const N: usize>,passed: generated relation uses shared Seq/View vocabulary and no banned vacuity fragment,"passed: source reference, signature, and generic bounds match inventory"
core::slice::split_last_chunk_mut,generated-new-real-relation-spec,iterator-splitting-and-chunking,covered: generated-new-real-relation-spec,verus-typecheck: pass; rc=0; command=/home/chentianyu/nanvix-rust-std-spec-survey/verus/source/target-verus/release/verus verification/harnesses/slice_splitting_iterator_batch.rs --no-verify; harness=verification/harnesses/slice_splitting_iterator_batch.rs; stdout=verification/evidence/slice_splitting_iterator_batch.verus.stdout(empty); stderr=verification/evidence/slice_splitting_iterator_batch.verus.stderr(empty); static-contract-shape-check retained with executable declaration present,"feedback-pipeline determinism: status=ok; R0=UNKNOWN; r0_z3=unknown; classification=ok_inconclusive; unknown_reason=iterator-or-subslice-state-boundary; unknown_review_reason=contract fixes source/remaining/subrange state, but the Rust iterator, chunk, split, or borrowed subslice value retains opaque runtime/lifetime state; verus_rc=1; evidence=verification/evidence/slice_feedback_determinism/all-20260811T1415Z-select-nth-result-shape/core__slice__split_last_chunk_mut/result.json; synthetic=verification/evidence/slice_feedback_determinism/all-20260811T1415Z-select-nth-result-shape/core__slice__split_last_chunk_mut/synthetic_spec.rs; harness=verification/evidence/slice_feedback_determinism/all-20260811T1415Z-select-nth-result-shape/core__slice__split_last_chunk_mut/det_harness.rs",target core::slice::split_last_chunk_mut bound from inventory declaration core:61069 at core/src/slice/mod.rs:478,signature mirrored from inventory row and source declaration,<const N: usize>,passed: generated relation uses shared Seq/View vocabulary and no banned vacuity fragment,"passed: source reference, signature, and generic bounds match inventory"
core::slice::split_last_mut,generated-new-real-relation-spec,iterator-splitting-and-chunking,covered: generated-new-real-relation-spec,verus-typecheck: pass; rc=0; command=/home/chentianyu/nanvix-rust-std-spec-survey/verus/source/target-verus/release/verus verification/harnesses/slice_splitting_iterator_batch.rs --no-verify; harness=verification/harnesses/slice_splitting_iterator_batch.rs; stdout=verification/evidence/slice_splitting_iterator_batch.verus.stdout(empty); stderr=verification/evidence/slice_splitting_iterator_batch.verus.stderr(empty); static-contract-shape-check retained with executable declaration present,"feedback-pipeline determinism: status=ok; R0=UNKNOWN; r0_z3=unknown; classification=ok_inconclusive; unknown_reason=iterator-or-subslice-state-boundary; unknown_review_reason=contract fixes source/remaining/subrange state, but the Rust iterator, chunk, split, or borrowed subslice value retains opaque runtime/lifetime state; verus_rc=1; evidence=verification/evidence/slice_feedback_determinism/all-20260811T1415Z-select-nth-result-shape/core__slice__split_last_mut/result.json; synthetic=verification/evidence/slice_feedback_determinism/all-20260811T1415Z-select-nth-result-shape/core__slice__split_last_mut/synthetic_spec.rs; harness=verification/evidence/slice_feedback_determinism/all-20260811T1415Z-select-nth-result-shape/core__slice__split_last_mut/det_harness.rs",target core::slice::split_last_mut bound from inventory declaration core:61061 at core/src/slice/mod.rs:262,signature mirrored from inventory row and source declaration,none,passed: generated relation uses shared Seq/View vocabulary and no banned vacuity fragment,"passed: source reference, signature, and generic bounds match inventory"
core::slice::split_mut,generated-new-real-relation-spec,iterator-splitting-and-chunking,covered: generated-new-real-relation-spec,verus-typecheck: pass; rc=0; command=/home/chentianyu/nanvix-rust-std-spec-survey/verus/source/target-verus/release/verus verification/harnesses/slice_splitting_iterator_batch.rs --no-verify; harness=verification/harnesses/slice_splitting_iterator_batch.rs; stdout=verification/evidence/slice_splitting_iterator_batch.verus.stdout(empty); stderr=verification/evidence/slice_splitting_iterator_batch.verus.stderr(empty); static-contract-shape-check retained with executable declaration present,"feedback-pipeline determinism: status=ok; R0=UNKNOWN; r0_z3=unknown; classification=ok_inconclusive; unknown_reason=iterator-or-subslice-state-boundary; unknown_review_reason=contract fixes source/remaining/subrange state, but the Rust iterator, chunk, split, or borrowed subslice value retains opaque runtime/lifetime state; verus_rc=1; evidence=verification/evidence/slice_feedback_determinism/all-20260811T1415Z-select-nth-result-shape/core__slice__split_mut/result.json; synthetic=verification/evidence/slice_feedback_determinism/all-20260811T1415Z-select-nth-result-shape/core__slice__split_mut/synthetic_spec.rs; harness=verification/evidence/slice_feedback_determinism/all-20260811T1415Z-select-nth-result-shape/core__slice__split_mut/det_harness.rs",target core::slice::split_mut bound from inventory declaration core:33536 at core/src/slice/mod.rs:2269,signature mirrored from inventory row and source declaration,"<F> F: FnMut(&T) -> bool,",passed: generated relation uses shared Seq/View vocabulary and no banned vacuity fragment,"passed: source reference, signature, and generic bounds match inventory"
core::slice::split_off,generated-new-real-relation-spec,iterator-splitting-and-chunking,covered: generated-new-real-relation-spec,verus-typecheck: pass; rc=0; command=/home/chentianyu/nanvix-rust-std-spec-survey/verus/source/target-verus/release/verus verification/harnesses/slice_splitting_iterator_batch.rs --no-verify; harness=verification/harnesses/slice_splitting_iterator_batch.rs; stdout=verification/evidence/slice_splitting_iterator_batch.verus.stdout(empty); stderr=verification/evidence/slice_splitting_iterator_batch.verus.stderr(empty); static-contract-shape-check retained with executable declaration present,"feedback-pipeline determinism: status=ok; R0=UNKNOWN; r0_z3=unknown; classification=ok_inconclusive; unknown_reason=iterator-or-subslice-state-boundary; unknown_review_reason=contract fixes source/remaining/subrange state, but the Rust iterator, chunk, split, or borrowed subslice value retains opaque runtime/lifetime state; verus_rc=1; evidence=verification/evidence/slice_feedback_determinism/all-20260811T1415Z-select-nth-result-shape/core__slice__split_off/result.json; synthetic=verification/evidence/slice_feedback_determinism/all-20260811T1415Z-select-nth-result-shape/core__slice__split_off/synthetic_spec.rs; harness=verification/evidence/slice_feedback_determinism/all-20260811T1415Z-select-nth-result-shape/core__slice__split_off/det_harness.rs",target core::slice::split_off bound from inventory declaration core:61136 at core/src/slice/mod.rs:4913,signature mirrored from inventory row and source declaration,"<'a, R: OneSidedRange<usize>>",passed: generated relation uses shared Seq/View vocabulary and no banned vacuity fragment,"passed: source reference, signature, and generic bounds match inventory"
core::slice::split_off_first,generated-new-real-relation-spec,iterator-splitting-and-chunking,covered: generated-new-real-relation-spec,verus-typecheck: pass; rc=0; command=/home/chentianyu/nanvix-rust-std-spec-survey/verus/source/target-verus/release/verus verification/harnesses/slice_splitting_iterator_batch.rs --no-verify; harness=verification/harnesses/slice_splitting_iterator_batch.rs; stdout=verification/evidence/slice_splitting_iterator_batch.verus.stdout(empty); stderr=verification/evidence/slice_splitting_iterator_batch.verus.stderr(empty); static-contract-shape-check retained with executable declaration present,feedback-pipeline determinism: status=ok; R0=UNSAT; r0_z3=unsat; classification=complete; verus_rc=0; evidence=verification/evidence/slice_feedback_determinism/all-20260811T1415Z-select-nth-result-shape/core__slice__split_off_first/result.json; synthetic=verification/evidence/slice_feedback_determinism/all-20260811T1415Z-select-nth-result-shape/core__slice__split_off_first/synthetic_spec.rs; harness=verification/evidence/slice_feedback_determinism/all-20260811T1415Z-select-nth-result-shape/core__slice__split_off_first/det_harness.rs,target core::slice::split_off_first bound from inventory declaration core:61138 at core/src/slice/mod.rs:5017,signature mirrored from inventory row and source declaration,<'a>,passed: generated relation uses shared Seq/View vocabulary and no banned vacuity fragment,"passed: source reference, signature, and generic bounds match inventory"
core::slice::split_off_first_mut,generated-new-real-relation-spec,iterator-splitting-and-chunking,covered: generated-new-real-relation-spec,verus-typecheck: pass; rc=0; command=/home/chentianyu/nanvix-rust-std-spec-survey/verus/source/target-verus/release/verus verification/harnesses/slice_splitting_iterator_batch.rs --no-verify; harness=verification/harnesses/slice_splitting_iterator_batch.rs; stdout=verification/evidence/slice_splitting_iterator_batch.verus.stdout(empty); stderr=verification/evidence/slice_splitting_iterator_batch.verus.stderr(empty); static-contract-shape-check retained with executable declaration present,"feedback-pipeline determinism: status=ok; R0=UNKNOWN; r0_z3=unknown; classification=ok_inconclusive; unknown_reason=iterator-or-subslice-state-boundary; unknown_review_reason=contract fixes source/remaining/subrange state, but the Rust iterator, chunk, split, or borrowed subslice value retains opaque runtime/lifetime state; verus_rc=1; evidence=verification/evidence/slice_feedback_determinism/all-20260811T1415Z-select-nth-result-shape/core__slice__split_off_first_mut/result.json; synthetic=verification/evidence/slice_feedback_determinism/all-20260811T1415Z-select-nth-result-shape/core__slice__split_off_first_mut/synthetic_spec.rs; harness=verification/evidence/slice_feedback_determinism/all-20260811T1415Z-select-nth-result-shape/core__slice__split_off_first_mut/det_harness.rs",target core::slice::split_off_first_mut bound from inventory declaration core:61139 at core/src/slice/mod.rs:5042,signature mirrored from inventory row and source declaration,<'a>,passed: generated relation uses shared Seq/View vocabulary and no banned vacuity fragment,"passed: source reference, signature, and generic bounds match inventory"
core::slice::split_off_last,generated-new-real-relation-spec,iterator-splitting-and-chunking,covered: generated-new-real-relation-spec,verus-typecheck: pass; rc=0; command=/home/chentianyu/nanvix-rust-std-spec-survey/verus/source/target-verus/release/verus verification/harnesses/slice_splitting_iterator_batch.rs --no-verify; harness=verification/harnesses/slice_splitting_iterator_batch.rs; stdout=verification/evidence/slice_splitting_iterator_batch.verus.stdout(empty); stderr=verification/evidence/slice_splitting_iterator_batch.verus.stderr(empty); static-contract-shape-check retained with executable declaration present,feedback-pipeline determinism: status=ok; R0=UNSAT; r0_z3=unsat; classification=complete; verus_rc=0; evidence=verification/evidence/slice_feedback_determinism/all-20260811T1415Z-select-nth-result-shape/core__slice__split_off_last/result.json; synthetic=verification/evidence/slice_feedback_determinism/all-20260811T1415Z-select-nth-result-shape/core__slice__split_off_last/synthetic_spec.rs; harness=verification/evidence/slice_feedback_determinism/all-20260811T1415Z-select-nth-result-shape/core__slice__split_off_last/det_harness.rs,target core::slice::split_off_last bound from inventory declaration core:61140 at core/src/slice/mod.rs:5067,signature mirrored from inventory row and source declaration,<'a>,passed: generated relation uses shared Seq/View vocabulary and no banned vacuity fragment,"passed: source reference, signature, and generic bounds match inventory"
core::slice::split_off_last_mut,generated-new-real-relation-spec,iterator-splitting-and-chunking,covered: generated-new-real-relation-spec,verus-typecheck: pass; rc=0; command=/home/chentianyu/nanvix-rust-std-spec-survey/verus/source/target-verus/release/verus verification/harnesses/slice_splitting_iterator_batch.rs --no-verify; harness=verification/harnesses/slice_splitting_iterator_batch.rs; stdout=verification/evidence/slice_splitting_iterator_batch.verus.stdout(empty); stderr=verification/evidence/slice_splitting_iterator_batch.verus.stderr(empty); static-contract-shape-check retained with executable declaration present,"feedback-pipeline determinism: status=ok; R0=UNKNOWN; r0_z3=unknown; classification=ok_inconclusive; unknown_reason=iterator-or-subslice-state-boundary; unknown_review_reason=contract fixes source/remaining/subrange state, but the Rust iterator, chunk, split, or borrowed subslice value retains opaque runtime/lifetime state; verus_rc=1; evidence=verification/evidence/slice_feedback_determinism/all-20260811T1415Z-select-nth-result-shape/core__slice__split_off_last_mut/result.json; synthetic=verification/evidence/slice_feedback_determinism/all-20260811T1415Z-select-nth-result-shape/core__slice__split_off_last_mut/synthetic_spec.rs; harness=verification/evidence/slice_feedback_determinism/all-20260811T1415Z-select-nth-result-shape/core__slice__split_off_last_mut/det_harness.rs",target core::slice::split_off_last_mut bound from inventory declaration core:61141 at core/src/slice/mod.rs:5092,signature mirrored from inventory row and source declaration,<'a>,passed: generated relation uses shared Seq/View vocabulary and no banned vacuity fragment,"passed: source reference, signature, and generic bounds match inventory"
core::slice::split_off_mut,generated-new-real-relation-spec,iterator-splitting-and-chunking,covered: generated-new-real-relation-spec,verus-typecheck: pass; rc=0; command=/home/chentianyu/nanvix-rust-std-spec-survey/verus/source/target-verus/release/verus verification/harnesses/slice_splitting_iterator_batch.rs --no-verify; harness=verification/harnesses/slice_splitting_iterator_batch.rs; stdout=verification/evidence/slice_splitting_iterator_batch.verus.stdout(empty); stderr=verification/evidence/slice_splitting_iterator_batch.verus.stderr(empty); static-contract-shape-check retained with executable declaration present,"feedback-pipeline determinism: status=ok; R0=UNKNOWN; r0_z3=unknown; classification=ok_inconclusive; unknown_reason=iterator-or-subslice-state-boundary; unknown_review_reason=contract fixes source/remaining/subrange state, but the Rust iterator, chunk, split, or borrowed subslice value retains opaque runtime/lifetime state; verus_rc=1; evidence=verification/evidence/slice_feedback_determinism/all-20260811T1415Z-select-nth-result-shape/core__slice__split_off_mut/result.json; synthetic=verification/evidence/slice_feedback_determinism/all-20260811T1415Z-select-nth-result-shape/core__slice__split_off_mut/synthetic_spec.rs; harness=verification/evidence/slice_feedback_determinism/all-20260811T1415Z-select-nth-result-shape/core__slice__split_off_mut/det_harness.rs",target core::slice::split_off_mut bound from inventory declaration core:61137 at core/src/slice/mod.rs:4979,signature mirrored from inventory row and source declaration,"<'a, R: OneSidedRange<usize>>",passed: generated relation uses shared Seq/View vocabulary and no banned vacuity fragment,"passed: source reference, signature, and generic bounds match inventory"
core::slice::splitn,generated-new-real-relation-spec,iterator-splitting-and-chunking,covered: generated-new-real-relation-spec,verus-typecheck: pass; rc=0; command=/home/chentianyu/nanvix-rust-std-spec-survey/verus/source/target-verus/release/verus verification/harnesses/slice_splitting_iterator_batch.rs --no-verify; harness=verification/harnesses/slice_splitting_iterator_batch.rs; stdout=verification/evidence/slice_splitting_iterator_batch.verus.stdout(empty); stderr=verification/evidence/slice_splitting_iterator_batch.verus.stderr(empty); static-contract-shape-check retained with executable declaration present,"feedback-pipeline determinism: status=ok; R0=UNKNOWN; r0_z3=unknown; classification=ok_inconclusive; unknown_reason=iterator-or-subslice-state-boundary; unknown_review_reason=contract fixes source/remaining/subrange state, but the Rust iterator, chunk, split, or borrowed subslice value retains opaque runtime/lifetime state; verus_rc=1; evidence=verification/evidence/slice_feedback_determinism/all-20260811T1415Z-select-nth-result-shape/core__slice__splitn/result.json; synthetic=verification/evidence/slice_feedback_determinism/all-20260811T1415Z-select-nth-result-shape/core__slice__splitn/synthetic_spec.rs; harness=verification/evidence/slice_feedback_determinism/all-20260811T1415Z-select-nth-result-shape/core__slice__splitn/det_harness.rs",target core::slice::splitn bound from inventory declaration core:33579 at core/src/slice/mod.rs:2419,signature mirrored from inventory row and source declaration,"<F> F: FnMut(&T) -> bool,",passed: generated relation uses shared Seq/View vocabulary and no banned vacuity fragment,"passed: source reference, signature, and generic bounds match inventory"
core::slice::splitn_mut,generated-new-real-relation-spec,iterator-splitting-and-chunking,covered: generated-new-real-relation-spec,verus-typecheck: pass; rc=0; command=/home/chentianyu/nanvix-rust-std-spec-survey/verus/source/target-verus/release/verus verification/harnesses/slice_splitting_iterator_batch.rs --no-verify; harness=verification/harnesses/slice_splitting_iterator_batch.rs; stdout=verification/evidence/slice_splitting_iterator_batch.verus.stdout(empty); stderr=verification/evidence/slice_splitting_iterator_batch.verus.stderr(empty); static-contract-shape-check retained with executable declaration present,"feedback-pipeline determinism: status=ok; R0=UNKNOWN; r0_z3=unknown; classification=ok_inconclusive; unknown_reason=iterator-or-subslice-state-boundary; unknown_review_reason=contract fixes source/remaining/subrange state, but the Rust iterator, chunk, split, or borrowed subslice value retains opaque runtime/lifetime state; verus_rc=1; evidence=verification/evidence/slice_feedback_determinism/all-20260811T1415Z-select-nth-result-shape/core__slice__splitn_mut/result.json; synthetic=verification/evidence/slice_feedback_determinism/all-20260811T1415Z-select-nth-result-shape/core__slice__splitn_mut/synthetic_spec.rs; harness=verification/evidence/slice_feedback_determinism/all-20260811T1415Z-select-nth-result-shape/core__slice__splitn_mut/det_harness.rs",target core::slice::splitn_mut bound from inventory declaration core:33599 at core/src/slice/mod.rs:2445,signature mirrored from inventory row and source declaration,"<F> F: FnMut(&T) -> bool,",passed: generated relation uses shared Seq/View vocabulary and no banned vacuity fragment,"passed: source reference, signature, and generic bounds match inventory"
core::slice::starts_with,generated-new-real-relation-spec,search-prefix-suffix-ordering,covered: generated-new-real-relation-spec,verus-typecheck: pass; rc=0; command=/home/chentianyu/nanvix-rust-std-spec-survey/verus/source/target-verus/release/verus verification/harnesses/slice_observation_mutation_batch.rs --no-verify; harness=verification/harnesses/slice_observation_mutation_batch.rs; stdout=verification/evidence/slice_observation_mutation_batch.verus.stdout(empty); stderr=verification/evidence/slice_observation_mutation_batch.verus.stderr(empty); static-contract-shape-check retained with executable declaration present,feedback-pipeline determinism: status=ok; R0=UNSAT; r0_z3=unsat; classification=complete; verus_rc=0; evidence=verification/evidence/slice_feedback_determinism/all-20260811T1415Z-select-nth-result-shape/core__slice__starts_with/result.json; synthetic=verification/evidence/slice_feedback_determinism/all-20260811T1415Z-select-nth-result-shape/core__slice__starts_with/synthetic_spec.rs; harness=verification/evidence/slice_feedback_determinism/all-20260811T1415Z-select-nth-result-shape/core__slice__starts_with/det_harness.rs,target core::slice::starts_with bound from inventory declaration core:61099 at core/src/slice/mod.rs:2624,signature mirrored from inventory row and source declaration,"T: PartialEq,",passed: generated relation uses shared Seq/View vocabulary and no banned vacuity fragment,"passed: source reference, signature, and generic bounds match inventory"
core::slice::strip_circumfix,generated-new-real-relation-spec,search-prefix-suffix-ordering,covered: generated-new-real-relation-spec,verus-typecheck: pass; rc=0; command=/home/chentianyu/nanvix-rust-std-spec-survey/verus/source/target-verus/release/verus verification/harnesses/slice_remaining_families_batch.rs --no-verify; harness=verification/harnesses/slice_remaining_families_batch.rs; stdout=verification/evidence/slice_remaining_families_batch.verus.stdout(empty); stderr=verification/evidence/slice_remaining_families_batch.verus.stderr(empty); executable declaration present,feedback-pipeline determinism: status=ok; R0=UNSAT; r0_z3=unsat; classification=complete; verus_rc=0; evidence=verification/evidence/slice_feedback_determinism/all-20260811T1415Z-select-nth-result-shape/core__slice__strip_circumfix/result.json; synthetic=verification/evidence/slice_feedback_determinism/all-20260811T1415Z-select-nth-result-shape/core__slice__strip_circumfix/synthetic_spec.rs; harness=verification/evidence/slice_feedback_determinism/all-20260811T1415Z-select-nth-result-shape/core__slice__strip_circumfix/det_harness.rs,target core::slice::strip_circumfix bound from inventory declaration core:61103 at core/src/slice/mod.rs:2763,signature mirrored from inventory row and source declaration,"<S, P> T: PartialEq, S: SlicePattern<Item = T> + ?Sized, P: SlicePattern<Item = T> + ?Sized,",passed: generated relation uses shared Seq/View vocabulary and no banned vacuity fragment,"passed: source reference, signature, and generic bounds match inventory"
core::slice::strip_prefix,generated-new-real-relation-spec,search-prefix-suffix-ordering,covered: generated-new-real-relation-spec,verus-typecheck: pass; rc=0; command=/home/chentianyu/nanvix-rust-std-spec-survey/verus/source/target-verus/release/verus verification/harnesses/slice_remaining_families_batch.rs --no-verify; harness=verification/harnesses/slice_remaining_families_batch.rs; stdout=verification/evidence/slice_remaining_families_batch.verus.stdout(empty); stderr=verification/evidence/slice_remaining_families_batch.verus.stderr(empty); executable declaration present,feedback-pipeline determinism: status=ok; R0=UNSAT; r0_z3=unsat; classification=complete; verus_rc=0; evidence=verification/evidence/slice_feedback_determinism/all-20260811T1415Z-select-nth-result-shape/core__slice__strip_prefix/result.json; synthetic=verification/evidence/slice_feedback_determinism/all-20260811T1415Z-select-nth-result-shape/core__slice__strip_prefix/synthetic_spec.rs; harness=verification/evidence/slice_feedback_determinism/all-20260811T1415Z-select-nth-result-shape/core__slice__strip_prefix/det_harness.rs,target core::slice::strip_prefix bound from inventory declaration core:61101 at core/src/slice/mod.rs:2687,signature mirrored from inventory row and source declaration,"<P: SlicePattern<Item = T> + ?Sized> T: PartialEq,",passed: generated relation uses shared Seq/View vocabulary and no banned vacuity fragment,"passed: source reference, signature, and generic bounds match inventory"
core::slice::strip_suffix,generated-new-real-relation-spec,search-prefix-suffix-ordering,covered: generated-new-real-relation-spec,verus-typecheck: pass; rc=0; command=/home/chentianyu/nanvix-rust-std-spec-survey/verus/source/target-verus/release/verus verification/harnesses/slice_remaining_families_batch.rs --no-verify; harness=verification/harnesses/slice_remaining_families_batch.rs; stdout=verification/evidence/slice_remaining_families_batch.verus.stdout(empty); stderr=verification/evidence/slice_remaining_families_batch.verus.stderr(empty); executable declaration present,feedback-pipeline determinism: status=ok; R0=UNSAT; r0_z3=unsat; classification=complete; verus_rc=0; evidence=verification/evidence/slice_feedback_determinism/all-20260811T1415Z-select-nth-result-shape/core__slice__strip_suffix/result.json; synthetic=verification/evidence/slice_feedback_determinism/all-20260811T1415Z-select-nth-result-shape/core__slice__strip_suffix/synthetic_spec.rs; harness=verification/evidence/slice_feedback_determinism/all-20260811T1415Z-select-nth-result-shape/core__slice__strip_suffix/det_harness.rs,target core::slice::strip_suffix bound from inventory declaration core:61102 at core/src/slice/mod.rs:2723,signature mirrored from inventory row and source declaration,"<P: SlicePattern<Item = T> + ?Sized> T: PartialEq,",passed: generated relation uses shared Seq/View vocabulary and no banned vacuity fragment,"passed: source reference, signature, and generic bounds match inventory"
core::slice::subslice_range,generated-new-real-relation-spec,raw-pointer-and-provenance,covered: generated-new-real-relation-spec,verus-typecheck: pass; rc=0; command=/home/chentianyu/nanvix-rust-std-spec-survey/verus/source/target-verus/release/verus verification/harnesses/slice_remaining_families_batch.rs --no-verify; harness=verification/harnesses/slice_remaining_families_batch.rs; stdout=verification/evidence/slice_remaining_families_batch.verus.stdout(empty); stderr=verification/evidence/slice_remaining_families_batch.verus.stderr(empty); executable declaration present,"feedback-pipeline determinism: status=ok; R0=UNKNOWN; r0_z3=unknown; classification=ok_inconclusive; unknown_reason=raw-pointer-provenance-boundary; unknown_review_reason=pointer address, provenance, alignment, or layout state is source-observable but not uniquely recoverable from the pure slice Seq view; verus_rc=1; evidence=verification/evidence/slice_feedback_determinism/all-20260811T1415Z-select-nth-result-shape/core__slice__subslice_range/result.json; synthetic=verification/evidence/slice_feedback_determinism/all-20260811T1415Z-select-nth-result-shape/core__slice__subslice_range/synthetic_spec.rs; harness=verification/evidence/slice_feedback_determinism/all-20260811T1415Z-select-nth-result-shape/core__slice__subslice_range/det_harness.rs",target core::slice::subslice_range bound from inventory declaration core:61144 at core/src/slice/mod.rs:5321,signature mirrored from inventory row and source declaration,none,passed: generated relation uses shared Seq/View vocabulary and no banned vacuity fragment,"passed: source reference, signature, and generic bounds match inventory"
core::slice::swap,generated-new-real-relation-spec,mutation-frame-and-permutation,covered: generated-new-real-relation-spec,verus-typecheck: pass; rc=0; command=/home/chentianyu/nanvix-rust-std-spec-survey/verus/source/target-verus/release/verus verification/harnesses/slice_observation_mutation_batch.rs --no-verify; harness=verification/harnesses/slice_observation_mutation_batch.rs; stdout=verification/evidence/slice_observation_mutation_batch.verus.stdout(empty); stderr=verification/evidence/slice_observation_mutation_batch.verus.stderr(empty); static-contract-shape-check retained with executable declaration present,feedback-pipeline determinism: status=ok; R0=UNSAT; r0_z3=unsat; classification=complete; verus_rc=0; evidence=verification/evidence/slice_feedback_determinism/all-20260811T1415Z-select-nth-result-shape/core__slice__swap/result.json; synthetic=verification/evidence/slice_feedback_determinism/all-20260811T1415Z-select-nth-result-shape/core__slice__swap/synthetic_spec.rs; harness=verification/evidence/slice_feedback_determinism/all-20260811T1415Z-select-nth-result-shape/core__slice__swap/det_harness.rs,target core::slice::swap bound from inventory declaration core:61078 at core/src/slice/mod.rs:908,signature mirrored from inventory row and source declaration,none,passed: generated relation uses shared Seq/View vocabulary and no banned vacuity fragment,"passed: source reference, signature, and generic bounds match inventory"
core::slice::swap_with_slice,generated-new-real-relation-spec,mutation-frame-and-permutation,covered: generated-new-real-relation-spec,verus-typecheck: pass; rc=0; command=/home/chentianyu/nanvix-rust-std-spec-survey/verus/source/target-verus/release/verus verification/harnesses/slice_observation_mutation_batch.rs --no-verify; harness=verification/harnesses/slice_observation_mutation_batch.rs; stdout=verification/evidence/slice_observation_mutation_batch.verus.stdout(empty); stderr=verification/evidence/slice_observation_mutation_batch.verus.stderr(empty); static-contract-shape-check retained with executable declaration present,feedback-pipeline determinism: status=ok; R0=UNSAT; r0_z3=unsat; classification=complete; verus_rc=0; evidence=verification/evidence/slice_feedback_determinism/all-20260811T1415Z-select-nth-result-shape/core__slice__swap_with_slice/result.json; synthetic=verification/evidence/slice_feedback_determinism/all-20260811T1415Z-select-nth-result-shape/core__slice__swap_with_slice/synthetic_spec.rs; harness=verification/evidence/slice_feedback_determinism/all-20260811T1415Z-select-nth-result-shape/core__slice__swap_with_slice/det_harness.rs,target core::slice::swap_with_slice bound from inventory declaration core:61129 at core/src/slice/mod.rs:4429,signature mirrored from inventory row and source declaration,none,passed: generated relation uses shared Seq/View vocabulary and no banned vacuity fragment,"passed: source reference, signature, and generic bounds match inventory"
core::slice::trim_ascii,generated-new-real-relation-spec,ascii-byte-sequence,covered: generated-new-real-relation-spec,verus-typecheck: pass; rc=0; command=/home/chentianyu/nanvix-rust-std-spec-survey/verus/source/target-verus/release/verus verification/harnesses/slice_remaining_families_batch.rs --no-verify; harness=verification/harnesses/slice_remaining_families_batch.rs; stdout=verification/evidence/slice_remaining_families_batch.verus.stdout(empty); stderr=verification/evidence/slice_remaining_families_batch.verus.stderr(empty); executable declaration present,feedback-pipeline determinism: status=ok; R0=UNSAT; r0_z3=unsat; classification=complete; verus_rc=0; evidence=verification/evidence/slice_feedback_determinism/all-20260811T1415Z-select-nth-result-shape/core__slice__trim_ascii/result.json; synthetic=verification/evidence/slice_feedback_determinism/all-20260811T1415Z-select-nth-result-shape/core__slice__trim_ascii/synthetic_spec.rs; harness=verification/evidence/slice_feedback_determinism/all-20260811T1415Z-select-nth-result-shape/core__slice__trim_ascii/det_harness.rs,target core::slice::trim_ascii bound from inventory declaration core:61054 at core/src/slice/ascii.rs:308,signature mirrored from inventory row and source declaration,none,passed: generated relation uses shared Seq/View vocabulary and no banned vacuity fragment,"passed: source reference, signature, and generic bounds match inventory"
core::slice::trim_ascii_end,generated-new-real-relation-spec,ascii-byte-sequence,covered: generated-new-real-relation-spec,verus-typecheck: pass; rc=0; command=/home/chentianyu/nanvix-rust-std-spec-survey/verus/source/target-verus/release/verus verification/harnesses/slice_remaining_families_batch.rs --no-verify; harness=verification/harnesses/slice_remaining_families_batch.rs; stdout=verification/evidence/slice_remaining_families_batch.verus.stdout(empty); stderr=verification/evidence/slice_remaining_families_batch.verus.stderr(empty); executable declaration present,feedback-pipeline determinism: status=ok; R0=UNSAT; r0_z3=unsat; classification=complete; verus_rc=0; evidence=verification/evidence/slice_feedback_determinism/all-20260811T1415Z-select-nth-result-shape/core__slice__trim_ascii_end/result.json; synthetic=verification/evidence/slice_feedback_determinism/all-20260811T1415Z-select-nth-result-shape/core__slice__trim_ascii_end/synthetic_spec.rs; harness=verification/evidence/slice_feedback_determinism/all-20260811T1415Z-select-nth-result-shape/core__slice__trim_ascii_end/det_harness.rs,target core::slice::trim_ascii_end bound from inventory declaration core:61053 at core/src/slice/ascii.rs:274,signature mirrored from inventory row and source declaration,none,passed: generated relation uses shared Seq/View vocabulary and no banned vacuity fragment,"passed: source reference, signature, and generic bounds match inventory"
core::slice::trim_ascii_start,generated-new-real-relation-spec,ascii-byte-sequence,covered: generated-new-real-relation-spec,verus-typecheck: pass; rc=0; command=/home/chentianyu/nanvix-rust-std-spec-survey/verus/source/target-verus/release/verus verification/harnesses/slice_remaining_families_batch.rs --no-verify; harness=verification/harnesses/slice_remaining_families_batch.rs; stdout=verification/evidence/slice_remaining_families_batch.verus.stdout(empty); stderr=verification/evidence/slice_remaining_families_batch.verus.stderr(empty); executable declaration present,feedback-pipeline determinism: status=ok; R0=UNSAT; r0_z3=unsat; classification=complete; verus_rc=0; evidence=verification/evidence/slice_feedback_determinism/all-20260811T1415Z-select-nth-result-shape/core__slice__trim_ascii_start/result.json; synthetic=verification/evidence/slice_feedback_determinism/all-20260811T1415Z-select-nth-result-shape/core__slice__trim_ascii_start/synthetic_spec.rs; harness=verification/evidence/slice_feedback_determinism/all-20260811T1415Z-select-nth-result-shape/core__slice__trim_ascii_start/det_harness.rs,target core::slice::trim_ascii_start bound from inventory declaration core:61051 at core/src/slice/ascii.rs:241,signature mirrored from inventory row and source declaration,none,passed: generated relation uses shared Seq/View vocabulary and no banned vacuity fragment,"passed: source reference, signature, and generic bounds match inventory"
core::slice::utf8_chunks,generated-new-real-relation-spec,iterator-splitting-and-chunking,covered: generated-new-real-relation-spec,verus-typecheck: pass; rc=0; command=/home/chentianyu/nanvix-rust-std-spec-survey/verus/source/target-verus/release/verus verification/harnesses/slice_splitting_iterator_batch.rs --no-verify; harness=verification/harnesses/slice_splitting_iterator_batch.rs; stdout=verification/evidence/slice_splitting_iterator_batch.verus.stdout(empty); stderr=verification/evidence/slice_splitting_iterator_batch.verus.stderr(empty); static-contract-shape-check retained with executable declaration present,"feedback-pipeline determinism: status=ok; R0=UNKNOWN; r0_z3=unknown; classification=ok_inconclusive; unknown_reason=iterator-or-subslice-state-boundary; unknown_review_reason=contract fixes source/remaining/subrange state, but the Rust iterator, chunk, split, or borrowed subslice value retains opaque runtime/lifetime state; verus_rc=1; evidence=verification/evidence/slice_feedback_determinism/all-20260811T1415Z-select-nth-result-shape/core__slice__utf8_chunks/result.json; synthetic=verification/evidence/slice_feedback_determinism/all-20260811T1415Z-select-nth-result-shape/core__slice__utf8_chunks/synthetic_spec.rs; harness=verification/evidence/slice_feedback_determinism/all-20260811T1415Z-select-nth-result-shape/core__slice__utf8_chunks/det_harness.rs",target core::slice::utf8_chunks bound from inventory declaration core:34438 at core/src/str/lossy.rs:45,signature mirrored from inventory row and source declaration,none,passed: generated relation uses shared Seq/View vocabulary and no banned vacuity fragment,"passed: source reference, signature, and generic bounds match inventory"
core::slice::windows,generated-new-real-relation-spec,iterator-splitting-and-chunking,covered: generated-new-real-relation-spec,verus-typecheck: pass; rc=0; command=/home/chentianyu/nanvix-rust-std-spec-survey/verus/source/target-verus/release/verus verification/harnesses/slice_splitting_iterator_batch.rs --no-verify; harness=verification/harnesses/slice_splitting_iterator_batch.rs; stdout=verification/evidence/slice_splitting_iterator_batch.verus.stdout(empty); stderr=verification/evidence/slice_splitting_iterator_batch.verus.stderr(empty); static-contract-shape-check retained with executable declaration present,"feedback-pipeline determinism: status=ok; R0=UNKNOWN; r0_z3=unknown; classification=ok_inconclusive; unknown_reason=iterator-or-subslice-state-boundary; unknown_review_reason=contract fixes source/remaining/subrange state, but the Rust iterator, chunk, split, or borrowed subslice value retains opaque runtime/lifetime state; verus_rc=1; evidence=verification/evidence/slice_feedback_determinism/all-20260811T1415Z-select-nth-result-shape/core__slice__windows/result.json; synthetic=verification/evidence/slice_feedback_determinism/all-20260811T1415Z-select-nth-result-shape/core__slice__windows/synthetic_spec.rs; harness=verification/evidence/slice_feedback_determinism/all-20260811T1415Z-select-nth-result-shape/core__slice__windows/det_harness.rs",target core::slice::windows bound from inventory declaration core:29161 at core/src/slice/mod.rs:1118,signature mirrored from inventory row and source declaration,none,passed: generated relation uses shared Seq/View vocabulary and no banned vacuity fragment,"passed: source reference, signature, and generic bounds match inventory"
core::slice::write_clone_of_slice,generated-new-real-relation-spec,maybe-uninit-slice-storage,covered: generated-new-real-relation-spec,verus-typecheck: pass; rc=0; command=/home/chentianyu/nanvix-rust-std-spec-survey/verus/source/target-verus/release/verus verification/harnesses/slice_remaining_families_batch.rs --no-verify; harness=verification/harnesses/slice_remaining_families_batch.rs; stdout=verification/evidence/slice_remaining_families_batch.verus.stdout(empty); stderr=verification/evidence/slice_remaining_families_batch.verus.stderr(empty); executable declaration present,feedback-pipeline determinism: status=ok; R0=UNKNOWN; r0_z3=unknown; classification=ok_inconclusive; unknown_reason=maybeuninit-storage-boundary; unknown_review_reason=MaybeUninit initialization/storage state is modeled relationally through a raw-storage view and cannot be collapsed to one unique concrete value; verus_rc=1; evidence=verification/evidence/slice_feedback_determinism/all-20260811T1415Z-select-nth-result-shape/core__slice__write_clone_of_slice/result.json; synthetic=verification/evidence/slice_feedback_determinism/all-20260811T1415Z-select-nth-result-shape/core__slice__write_clone_of_slice/synthetic_spec.rs; harness=verification/evidence/slice_feedback_determinism/all-20260811T1415Z-select-nth-result-shape/core__slice__write_clone_of_slice/det_harness.rs,target core::slice::write_clone_of_slice bound from inventory declaration core:61027 at core/src/mem/maybe_uninit.rs:1223,signature mirrored from inventory row and source declaration,"T: Clone,",passed: generated relation uses shared Seq/View vocabulary and no banned vacuity fragment,"passed: source reference, signature, and generic bounds match inventory"
core::slice::write_copy_of_slice,generated-new-real-relation-spec,maybe-uninit-slice-storage,covered: generated-new-real-relation-spec,verus-typecheck: pass; rc=0; command=/home/chentianyu/nanvix-rust-std-spec-survey/verus/source/target-verus/release/verus verification/harnesses/slice_remaining_families_batch.rs --no-verify; harness=verification/harnesses/slice_remaining_families_batch.rs; stdout=verification/evidence/slice_remaining_families_batch.verus.stdout(empty); stderr=verification/evidence/slice_remaining_families_batch.verus.stderr(empty); executable declaration present,feedback-pipeline determinism: status=ok; R0=UNKNOWN; r0_z3=unknown; classification=ok_inconclusive; unknown_reason=maybeuninit-storage-boundary; unknown_review_reason=MaybeUninit initialization/storage state is modeled relationally through a raw-storage view and cannot be collapsed to one unique concrete value; verus_rc=1; evidence=verification/evidence/slice_feedback_determinism/all-20260811T1415Z-select-nth-result-shape/core__slice__write_copy_of_slice/result.json; synthetic=verification/evidence/slice_feedback_determinism/all-20260811T1415Z-select-nth-result-shape/core__slice__write_copy_of_slice/synthetic_spec.rs; harness=verification/evidence/slice_feedback_determinism/all-20260811T1415Z-select-nth-result-shape/core__slice__write_copy_of_slice/det_harness.rs,target core::slice::write_copy_of_slice bound from inventory declaration core:61029 at core/src/mem/maybe_uninit.rs:1163,signature mirrored from inventory row and source declaration,"T: Copy,",passed: generated relation uses shared Seq/View vocabulary and no banned vacuity fragment,"passed: source reference, signature, and generic bounds match inventory"
